run_id,scenario,trial,position,guard_tier,rtt_bound_s,arm,strategy,hold_s,response_delay_s,true_age_at_commit_s,platform_observable_age_s,round_trip_s,admitted,value_admitted,true_value_at_commit,stale_admitted,integrity_failure,availability_failure,modelled_device_binding,reason,notes
e2-20260813,E2_nonce_bound_affirmation,0,A0,none,0.001,benign,none,0.0,0.0,0.0089,0.0089,0.008926,True,closed,closed,False,False,False,False,no challenge (v1 timestamp trust),upstream of the hub stamp; the hub re-stamps at receipt
e2-20260813,E2_nonce_bound_affirmation,1,A0,none,0.001,benign,none,0.0,0.0,0.0031,0.0031,0.00308,True,closed,closed,False,False,False,False,no challenge (v1 timestamp trust),upstream of the hub stamp; the hub re-stamps at receipt
e2-20260813,E2_nonce_bound_affirmation,2,A0,none,0.001,benign,none,0.0,0.0,0.0081,0.0081,0.008119,True,closed,closed,False,False,False,False,no challenge (v1 timestamp trust),upstream of the hub stamp; the hub re-stamps at receipt
e2-20260813,E2_nonce_bound_affirmation,3,A0,none,0.001,benign,none,0.0,0.0,0.0045,0.0045,0.004513,True,closed,closed,False,False,False,False,no challenge (v1 timestamp trust),upstream of the hub stamp; the hub re-stamps at receipt
e2-20260813,E2_nonce_bound_affirmation,4,A0,none,0.001,benign,none,0.0,0.0,0.0019,0.0019,0.001912,True,closed,closed,False,False,False,False,no challenge (v1 timestamp trust),upstream of the hub stamp; the hub re-stamps at receipt
e2-20260813,E2_nonce_bound_affirmation,5,A0,none,0.001,benign,none,0.0,0.0,0.0017,0.0017,0.001694,True,closed,closed,False,False,False,False,no challenge (v1 timestamp trust),upstream of the hub stamp; the hub re-stamps at receipt
e2-20260813,E2_nonce_bound_affirmation,6,A0,none,0.001,benign,none,0.0,0.0,0.0075,0.0075,0.007525,True,closed,closed,False,False,False,False,no challenge (v1 timestamp trust),upstream of the hub stamp; the hub re-stamps at receipt
e2-20260813,E2_nonce_bound_affirmation,7,A0,none,0.001,benign,none,0.0,0.0,0.0043,0.0043,0.004328,True,closed,closed,False,False,False,False,no challenge (v1 timestamp trust),upstream of the hub stamp; the hub re-stamps at receipt
e2-20260813,E2_nonce_bound_affirmation,8,A0,none,0.001,benign,none,0.0,0.0,0.0086,0.0086,0.008586,True,closed,closed,False,False,False,False,no challenge (v1 timestamp trust),upstream of the hub stamp; the hub re-stamps at receipt
e2-20260813,E2_nonce_bound_affirmation,9,A0,none,0.001,benign,none,0.0,0.0,0.009,0.009,0.008984,True,closed,closed,False,False,False,False,no challenge (v1 timestamp trust),upstream of the hub stamp; the hub re-stamps at receipt
e2-20260813,E2_nonce_bound_affirmation,10,A0,none,0.001,benign,none,0.0,0.0,0.006,0.006,0.005977,True,closed,closed,False,False,False,False,no challenge (v1 timestamp trust),upstream of the hub stamp; the hub re-stamps at receipt
e2-20260813,E2_nonce_bound_affirmation,11,A0,none,0.001,benign,none,0.0,0.0,0.0034,0.0034,0.003354,True,closed,closed,False,False,False,False,no challenge (v1 timestamp trust),upstream of the hub stamp; the hub re-stamps at receipt
e2-20260813,E2_nonce_bound_affirmation,12,A0,none,0.001,benign,none,0.0,0.0,0.0053,0.0053,0.005297,True,closed,closed,False,False,False,False,no challenge (v1 timestamp trust),upstream of the hub stamp; the hub re-stamps at receipt
e2-20260813,E2_nonce_bound_affirmation,13,A0,none,0.001,benign,none,0.0,0.0,0.0073,0.0073,0.007278,True,closed,closed,False,False,False,False,no challenge (v1 timestamp trust),upstream of the hub stamp; the hub re-stamps at receipt
e2-20260813,E2_nonce_bound_affirmation,14,A0,none,0.001,benign,none,0.0,0.0,0.0038,0.0038,0.003834,True,closed,closed,False,False,False,False,no challenge (v1 timestamp trust),upstream of the hub stamp; the hub re-stamps at receipt
e2-20260813,E2_nonce_bound_affirmation,15,A0,none,0.001,benign,none,0.0,0.0,0.0065,0.0065,0.006451,True,closed,closed,False,False,False,False,no challenge (v1 timestamp trust),upstream of the hub stamp; the hub re-stamps at receipt
e2-20260813,E2_nonce_bound_affirmation,16,A0,none,0.001,benign,none,0.0,0.0,0.0028,0.0028,0.002814,True,closed,closed,False,False,False,False,no challenge (v1 timestamp trust),upstream of the hub stamp; the hub re-stamps at receipt
e2-20260813,E2_nonce_bound_affirmation,17,A0,none,0.001,benign,none,0.0,0.0,0.0081,0.0081,0.008068,True,closed,closed,False,False,False,False,no challenge (v1 timestamp trust),upstream of the hub stamp; the hub re-stamps at receipt
e2-20260813,E2_nonce_bound_affirmation,18,A0,none,0.001,benign,none,0.0,0.0,0.0033,0.0033,0.003346,True,closed,closed,False,False,False,False,no challenge (v1 timestamp trust),upstream of the hub stamp; the hub re-stamps at receipt
e2-20260813,E2_nonce_bound_affirmation,19,A0,none,0.001,benign,none,0.0,0.0,0.0027,0.0027,0.002672,True,closed,closed,False,False,False,False,no challenge (v1 timestamp trust),upstream of the hub stamp; the hub re-stamps at receipt
e2-20260813,E2_nonce_bound_affirmation,0,A0,none,0.001,attack,release_held,6.0,0.0,6.0044,0.0044,0.004447,True,closed,open,True,True,False,False,no challenge (v1 timestamp trust),upstream of the hub stamp; the hub re-stamps at receipt
e2-20260813,E2_nonce_bound_affirmation,1,A0,none,0.001,attack,release_held,6.0,0.0,6.0066,0.0066,0.006644,True,closed,open,True,True,False,False,no challenge (v1 timestamp trust),upstream of the hub stamp; the hub re-stamps at receipt
e2-20260813,E2_nonce_bound_affirmation,2,A0,none,0.001,attack,release_held,6.0,0.0,6.0042,0.0042,0.004199,True,closed,open,True,True,False,False,no challenge (v1 timestamp trust),upstream of the hub stamp; the hub re-stamps at receipt
e2-20260813,E2_nonce_bound_affirmation,3,A0,none,0.001,attack,release_held,6.0,0.0,6.0045,0.0045,0.004505,True,closed,open,True,True,False,False,no challenge (v1 timestamp trust),upstream of the hub stamp; the hub re-stamps at receipt
e2-20260813,E2_nonce_bound_affirmation,4,A0,none,0.001,attack,release_held,6.0,0.0,6.0085,0.0085,0.008457,True,closed,open,True,True,False,False,no challenge (v1 timestamp trust),upstream of the hub stamp; the hub re-stamps at receipt
e2-20260813,E2_nonce_bound_affirmation,5,A0,none,0.001,attack,release_held,6.0,0.0,6.0071,0.0071,0.007132,True,closed,open,True,True,False,False,no challenge (v1 timestamp trust),upstream of the hub stamp; the hub re-stamps at receipt
e2-20260813,E2_nonce_bound_affirmation,6,A0,none,0.001,attack,release_held,6.0,0.0,6.0038,0.0038,0.003812,True,closed,open,True,True,False,False,no challenge (v1 timestamp trust),upstream of the hub stamp; the hub re-stamps at receipt
e2-20260813,E2_nonce_bound_affirmation,7,A0,none,0.001,attack,release_held,6.0,0.0,6.0084,0.0084,0.008392,True,closed,open,True,True,False,False,no challenge (v1 timestamp trust),upstream of the hub stamp; the hub re-stamps at receipt
e2-20260813,E2_nonce_bound_affirmation,8,A0,none,0.001,attack,release_held,6.0,0.0,6.002,0.002,0.001974,True,closed,open,True,True,False,False,no challenge (v1 timestamp trust),upstream of the hub stamp; the hub re-stamps at receipt
e2-20260813,E2_nonce_bound_affirmation,9,A0,none,0.001,attack,release_held,6.0,0.0,6.0045,0.0045,0.004473,True,closed,open,True,True,False,False,no challenge (v1 timestamp trust),upstream of the hub stamp; the hub re-stamps at receipt
e2-20260813,E2_nonce_bound_affirmation,10,A0,none,0.001,attack,release_held,6.0,0.0,6.0083,0.0083,0.008295,True,closed,open,True,True,False,False,no challenge (v1 timestamp trust),upstream of the hub stamp; the hub re-stamps at receipt
e2-20260813,E2_nonce_bound_affirmation,11,A0,none,0.001,attack,release_held,6.0,0.0,6.0084,0.0084,0.008395,True,closed,open,True,True,False,False,no challenge (v1 timestamp trust),upstream of the hub stamp; the hub re-stamps at receipt
e2-20260813,E2_nonce_bound_affirmation,12,A0,none,0.001,attack,release_held,6.0,0.0,6.0057,0.0057,0.005662,True,closed,open,True,True,False,False,no challenge (v1 timestamp trust),upstream of the hub stamp; the hub re-stamps at receipt
e2-20260813,E2_nonce_bound_affirmation,13,A0,none,0.001,attack,release_held,6.0,0.0,6.0033,0.0033,0.003317,True,closed,open,True,True,False,False,no challenge (v1 timestamp trust),upstream of the hub stamp; the hub re-stamps at receipt
e2-20260813,E2_nonce_bound_affirmation,14,A0,none,0.001,attack,release_held,6.0,0.0,6.0087,0.0087,0.00866,True,closed,open,True,True,False,False,no challenge (v1 timestamp trust),upstream of the hub stamp; the hub re-stamps at receipt
e2-20260813,E2_nonce_bound_affirmation,15,A0,none,0.001,attack,release_held,6.0,0.0,6.0027,0.0027,0.002703,True,closed,open,True,True,False,False,no challenge (v1 timestamp trust),upstream of the hub stamp; the hub re-stamps at receipt
e2-20260813,E2_nonce_bound_affirmation,16,A0,none,0.001,attack,release_held,6.0,0.0,6.0038,0.0038,0.003803,True,closed,open,True,True,False,False,no challenge (v1 timestamp trust),upstream of the hub stamp; the hub re-stamps at receipt
e2-20260813,E2_nonce_bound_affirmation,17,A0,none,0.001,attack,release_held,6.0,0.0,6.0038,0.0038,0.003814,True,closed,open,True,True,False,False,no challenge (v1 timestamp trust),upstream of the hub stamp; the hub re-stamps at receipt
e2-20260813,E2_nonce_bound_affirmation,18,A0,none,0.001,attack,release_held,6.0,0.0,6.0078,0.0078,0.007843,True,closed,open,True,True,False,False,no challenge (v1 timestamp trust),upstream of the hub stamp; the hub re-stamps at receipt
e2-20260813,E2_nonce_bound_affirmation,19,A0,none,0.001,attack,release_held,6.0,0.0,6.0038,0.0038,0.003835,True,closed,open,True,True,False,False,no challenge (v1 timestamp trust),upstream of the hub stamp; the hub re-stamps at receipt
e2-20260813,E2_nonce_bound_affirmation,0,A0,none,0.001,attack,delay_response,0.0,6.0,6.0032,6.0032,6.003237,False,closed,open,False,False,False,False,observable age exceeds the freshness budget,upstream of the hub stamp; the hub re-stamps at receipt
e2-20260813,E2_nonce_bound_affirmation,1,A0,none,0.001,attack,delay_response,0.0,6.0,6.0089,6.0089,6.008918,False,closed,open,False,False,False,False,observable age exceeds the freshness budget,upstream of the hub stamp; the hub re-stamps at receipt
e2-20260813,E2_nonce_bound_affirmation,2,A0,none,0.001,attack,delay_response,0.0,6.0,6.0087,6.0087,6.008729,False,closed,open,False,False,False,False,observable age exceeds the freshness budget,upstream of the hub stamp; the hub re-stamps at receipt
e2-20260813,E2_nonce_bound_affirmation,3,A0,none,0.001,attack,delay_response,0.0,6.0,6.0067,6.0067,6.006681,False,closed,open,False,False,False,False,observable age exceeds the freshness budget,upstream of the hub stamp; the hub re-stamps at receipt
e2-20260813,E2_nonce_bound_affirmation,4,A0,none,0.001,attack,delay_response,0.0,6.0,6.0081,6.0081,6.008099,False,closed,open,False,False,False,False,observable age exceeds the freshness budget,upstream of the hub stamp; the hub re-stamps at receipt
e2-20260813,E2_nonce_bound_affirmation,5,A0,none,0.001,attack,delay_response,0.0,6.0,6.0034,6.0034,6.003356,False,closed,open,False,False,False,False,observable age exceeds the freshness budget,upstream of the hub stamp; the hub re-stamps at receipt
e2-20260813,E2_nonce_bound_affirmation,6,A0,none,0.001,attack,delay_response,0.0,6.0,6.0016,6.0016,6.001638,False,closed,open,False,False,False,False,observable age exceeds the freshness budget,upstream of the hub stamp; the hub re-stamps at receipt
e2-20260813,E2_nonce_bound_affirmation,7,A0,none,0.001,attack,delay_response,0.0,6.0,6.0086,6.0086,6.008601,False,closed,open,False,False,False,False,observable age exceeds the freshness budget,upstream of the hub stamp; the hub re-stamps at receipt
e2-20260813,E2_nonce_bound_affirmation,8,A0,none,0.001,attack,delay_response,0.0,6.0,6.0048,6.0048,6.004804,False,closed,open,False,False,False,False,observable age exceeds the freshness budget,upstream of the hub stamp; the hub re-stamps at receipt
e2-20260813,E2_nonce_bound_affirmation,9,A0,none,0.001,attack,delay_response,0.0,6.0,6.006,6.006,6.006022,False,closed,open,False,False,False,False,observable age exceeds the freshness budget,upstream of the hub stamp; the hub re-stamps at receipt
e2-20260813,E2_nonce_bound_affirmation,10,A0,none,0.001,attack,delay_response,0.0,6.0,6.0025,6.0025,6.002496,False,closed,open,False,False,False,False,observable age exceeds the freshness budget,upstream of the hub stamp; the hub re-stamps at receipt
e2-20260813,E2_nonce_bound_affirmation,11,A0,none,0.001,attack,delay_response,0.0,6.0,6.0045,6.0045,6.004461,False,closed,open,False,False,False,False,observable age exceeds the freshness budget,upstream of the hub stamp; the hub re-stamps at receipt
e2-20260813,E2_nonce_bound_affirmation,12,A0,none,0.001,attack,delay_response,0.0,6.0,6.0081,6.0081,6.008064,False,closed,open,False,False,False,False,observable age exceeds the freshness budget,upstream of the hub stamp; the hub re-stamps at receipt
e2-20260813,E2_nonce_bound_affirmation,13,A0,none,0.001,attack,delay_response,0.0,6.0,6.0038,6.0038,6.003823,False,closed,open,False,False,False,False,observable age exceeds the freshness budget,upstream of the hub stamp; the hub re-stamps at receipt
e2-20260813,E2_nonce_bound_affirmation,14,A0,none,0.001,attack,delay_response,0.0,6.0,6.0041,6.0041,6.004133,False,closed,open,False,False,False,False,observable age exceeds the freshness budget,upstream of the hub stamp; the hub re-stamps at receipt
e2-20260813,E2_nonce_bound_affirmation,15,A0,none,0.001,attack,delay_response,0.0,6.0,6.0074,6.0074,6.007447,False,closed,open,False,False,False,False,observable age exceeds the freshness budget,upstream of the hub stamp; the hub re-stamps at receipt
e2-20260813,E2_nonce_bound_affirmation,16,A0,none,0.001,attack,delay_response,0.0,6.0,6.0016,6.0016,6.00156,False,closed,open,False,False,False,False,observable age exceeds the freshness budget,upstream of the hub stamp; the hub re-stamps at receipt
e2-20260813,E2_nonce_bound_affirmation,17,A0,none,0.001,attack,delay_response,0.0,6.0,6.0056,6.0056,6.005625,False,closed,open,False,False,False,False,observable age exceeds the freshness budget,upstream of the hub stamp; the hub re-stamps at receipt
e2-20260813,E2_nonce_bound_affirmation,18,A0,none,0.001,attack,delay_response,0.0,6.0,6.0026,6.0026,6.002643,False,closed,open,False,False,False,False,observable age exceeds the freshness budget,upstream of the hub stamp; the hub re-stamps at receipt
e2-20260813,E2_nonce_bound_affirmation,19,A0,none,0.001,attack,delay_response,0.0,6.0,6.0026,6.0026,6.002619,False,closed,open,False,False,False,False,observable age exceeds the freshness budget,upstream of the hub stamp; the hub re-stamps at receipt
e2-20260813,E2_nonce_bound_affirmation,0,A0,none,0.002,benign,none,0.0,0.0,0.0024,0.0024,0.002404,True,closed,closed,False,False,False,False,no challenge (v1 timestamp trust),upstream of the hub stamp; the hub re-stamps at receipt
e2-20260813,E2_nonce_bound_affirmation,1,A0,none,0.002,benign,none,0.0,0.0,0.0052,0.0052,0.005207,True,closed,closed,False,False,False,False,no challenge (v1 timestamp trust),upstream of the hub stamp; the hub re-stamps at receipt
e2-20260813,E2_nonce_bound_affirmation,2,A0,none,0.002,benign,none,0.0,0.0,0.0063,0.0063,0.006332,True,closed,closed,False,False,False,False,no challenge (v1 timestamp trust),upstream of the hub stamp; the hub re-stamps at receipt
e2-20260813,E2_nonce_bound_affirmation,3,A0,none,0.002,benign,none,0.0,0.0,0.0031,0.0031,0.003062,True,closed,closed,False,False,False,False,no challenge (v1 timestamp trust),upstream of the hub stamp; the hub re-stamps at receipt
e2-20260813,E2_nonce_bound_affirmation,4,A0,none,0.002,benign,none,0.0,0.0,0.0037,0.0037,0.003689,True,closed,closed,False,False,False,False,no challenge (v1 timestamp trust),upstream of the hub stamp; the hub re-stamps at receipt
e2-20260813,E2_nonce_bound_affirmation,5,A0,none,0.002,benign,none,0.0,0.0,0.0089,0.0089,0.00888,True,closed,closed,False,False,False,False,no challenge (v1 timestamp trust),upstream of the hub stamp; the hub re-stamps at receipt
e2-20260813,E2_nonce_bound_affirmation,6,A0,none,0.002,benign,none,0.0,0.0,0.0062,0.0062,0.006193,True,closed,closed,False,False,False,False,no challenge (v1 timestamp trust),upstream of the hub stamp; the hub re-stamps at receipt
e2-20260813,E2_nonce_bound_affirmation,7,A0,none,0.002,benign,none,0.0,0.0,0.0047,0.0047,0.004727,True,closed,closed,False,False,False,False,no challenge (v1 timestamp trust),upstream of the hub stamp; the hub re-stamps at receipt
e2-20260813,E2_nonce_bound_affirmation,8,A0,none,0.002,benign,none,0.0,0.0,0.005,0.005,0.005031,True,closed,closed,False,False,False,False,no challenge (v1 timestamp trust),upstream of the hub stamp; the hub re-stamps at receipt
e2-20260813,E2_nonce_bound_affirmation,9,A0,none,0.002,benign,none,0.0,0.0,0.0021,0.0021,0.002111,True,closed,closed,False,False,False,False,no challenge (v1 timestamp trust),upstream of the hub stamp; the hub re-stamps at receipt
e2-20260813,E2_nonce_bound_affirmation,10,A0,none,0.002,benign,none,0.0,0.0,0.004,0.004,0.004019,True,closed,closed,False,False,False,False,no challenge (v1 timestamp trust),upstream of the hub stamp; the hub re-stamps at receipt
e2-20260813,E2_nonce_bound_affirmation,11,A0,none,0.002,benign,none,0.0,0.0,0.0052,0.0052,0.005165,True,closed,closed,False,False,False,False,no challenge (v1 timestamp trust),upstream of the hub stamp; the hub re-stamps at receipt
e2-20260813,E2_nonce_bound_affirmation,12,A0,none,0.002,benign,none,0.0,0.0,0.0051,0.0051,0.005146,True,closed,closed,False,False,False,False,no challenge (v1 timestamp trust),upstream of the hub stamp; the hub re-stamps at receipt
e2-20260813,E2_nonce_bound_affirmation,13,A0,none,0.002,benign,none,0.0,0.0,0.0015,0.0015,0.001486,True,closed,closed,False,False,False,False,no challenge (v1 timestamp trust),upstream of the hub stamp; the hub re-stamps at receipt
e2-20260813,E2_nonce_bound_affirmation,14,A0,none,0.002,benign,none,0.0,0.0,0.0074,0.0074,0.007423,True,closed,closed,False,False,False,False,no challenge (v1 timestamp trust),upstream of the hub stamp; the hub re-stamps at receipt
e2-20260813,E2_nonce_bound_affirmation,15,A0,none,0.002,benign,none,0.0,0.0,0.001,0.001,0.001002,True,closed,closed,False,False,False,False,no challenge (v1 timestamp trust),upstream of the hub stamp; the hub re-stamps at receipt
e2-20260813,E2_nonce_bound_affirmation,16,A0,none,0.002,benign,none,0.0,0.0,0.0076,0.0076,0.007609,True,closed,closed,False,False,False,False,no challenge (v1 timestamp trust),upstream of the hub stamp; the hub re-stamps at receipt
e2-20260813,E2_nonce_bound_affirmation,17,A0,none,0.002,benign,none,0.0,0.0,0.0073,0.0073,0.00733,True,closed,closed,False,False,False,False,no challenge (v1 timestamp trust),upstream of the hub stamp; the hub re-stamps at receipt
e2-20260813,E2_nonce_bound_affirmation,18,A0,none,0.002,benign,none,0.0,0.0,0.0013,0.0013,0.001315,True,closed,closed,False,False,False,False,no challenge (v1 timestamp trust),upstream of the hub stamp; the hub re-stamps at receipt
e2-20260813,E2_nonce_bound_affirmation,19,A0,none,0.002,benign,none,0.0,0.0,0.0011,0.0011,0.001083,True,closed,closed,False,False,False,False,no challenge (v1 timestamp trust),upstream of the hub stamp; the hub re-stamps at receipt
e2-20260813,E2_nonce_bound_affirmation,0,A0,none,0.002,attack,release_held,6.0,0.0,6.0068,0.0068,0.006755,True,closed,open,True,True,False,False,no challenge (v1 timestamp trust),upstream of the hub stamp; the hub re-stamps at receipt
e2-20260813,E2_nonce_bound_affirmation,1,A0,none,0.002,attack,release_held,6.0,0.0,6.0048,0.0048,0.004824,True,closed,open,True,True,False,False,no challenge (v1 timestamp trust),upstream of the hub stamp; the hub re-stamps at receipt
e2-20260813,E2_nonce_bound_affirmation,2,A0,none,0.002,attack,release_held,6.0,0.0,6.0025,0.0025,0.002532,True,closed,open,True,True,False,False,no challenge (v1 timestamp trust),upstream of the hub stamp; the hub re-stamps at receipt
e2-20260813,E2_nonce_bound_affirmation,3,A0,none,0.002,attack,release_held,6.0,0.0,6.0031,0.0031,0.003065,True,closed,open,True,True,False,False,no challenge (v1 timestamp trust),upstream of the hub stamp; the hub re-stamps at receipt
e2-20260813,E2_nonce_bound_affirmation,4,A0,none,0.002,attack,release_held,6.0,0.0,6.0062,0.0062,0.00624,True,closed,open,True,True,False,False,no challenge (v1 timestamp trust),upstream of the hub stamp; the hub re-stamps at receipt
e2-20260813,E2_nonce_bound_affirmation,5,A0,none,0.002,attack,release_held,6.0,0.0,6.0014,0.0014,0.001353,True,closed,open,True,True,False,False,no challenge (v1 timestamp trust),upstream of the hub stamp; the hub re-stamps at receipt
e2-20260813,E2_nonce_bound_affirmation,6,A0,none,0.002,attack,release_held,6.0,0.0,6.001,0.001,0.000983,True,closed,open,True,True,False,False,no challenge (v1 timestamp trust),upstream of the hub stamp; the hub re-stamps at receipt
e2-20260813,E2_nonce_bound_affirmation,7,A0,none,0.002,attack,release_held,6.0,0.0,6.0047,0.0047,0.004676,True,closed,open,True,True,False,False,no challenge (v1 timestamp trust),upstream of the hub stamp; the hub re-stamps at receipt
e2-20260813,E2_nonce_bound_affirmation,8,A0,none,0.002,attack,release_held,6.0,0.0,6.0069,0.0069,0.00693,True,closed,open,True,True,False,False,no challenge (v1 timestamp trust),upstream of the hub stamp; the hub re-stamps at receipt
e2-20260813,E2_nonce_bound_affirmation,9,A0,none,0.002,attack,release_held,6.0,0.0,6.0041,0.0041,0.004116,True,closed,open,True,True,False,False,no challenge (v1 timestamp trust),upstream of the hub stamp; the hub re-stamps at receipt
e2-20260813,E2_nonce_bound_affirmation,10,A0,none,0.002,attack,release_held,6.0,0.0,6.0015,0.0015,0.001535,True,closed,open,True,True,False,False,no challenge (v1 timestamp trust),upstream of the hub stamp; the hub re-stamps at receipt
e2-20260813,E2_nonce_bound_affirmation,11,A0,none,0.002,attack,release_held,6.0,0.0,6.0075,0.0075,0.007472,True,closed,open,True,True,False,False,no challenge (v1 timestamp trust),upstream of the hub stamp; the hub re-stamps at receipt
e2-20260813,E2_nonce_bound_affirmation,12,A0,none,0.002,attack,release_held,6.0,0.0,6.003,0.003,0.002964,True,closed,open,True,True,False,False,no challenge (v1 timestamp trust),upstream of the hub stamp; the hub re-stamps at receipt
e2-20260813,E2_nonce_bound_affirmation,13,A0,none,0.002,attack,release_held,6.0,0.0,6.0056,0.0056,0.0056,True,closed,open,True,True,False,False,no challenge (v1 timestamp trust),upstream of the hub stamp; the hub re-stamps at receipt
e2-20260813,E2_nonce_bound_affirmation,14,A0,none,0.002,attack,release_held,6.0,0.0,6.0064,0.0064,0.006434,True,closed,open,True,True,False,False,no challenge (v1 timestamp trust),upstream of the hub stamp; the hub re-stamps at receipt
e2-20260813,E2_nonce_bound_affirmation,15,A0,none,0.002,attack,release_held,6.0,0.0,6.0046,0.0046,0.004572,True,closed,open,True,True,False,False,no challenge (v1 timestamp trust),upstream of the hub stamp; the hub re-stamps at receipt
e2-20260813,E2_nonce_bound_affirmation,16,A0,none,0.002,attack,release_held,6.0,0.0,6.0088,0.0088,0.008777,True,closed,open,True,True,False,False,no challenge (v1 timestamp trust),upstream of the hub stamp; the hub re-stamps at receipt
e2-20260813,E2_nonce_bound_affirmation,17,A0,none,0.002,attack,release_held,6.0,0.0,6.0059,0.0059,0.005948,True,closed,open,True,True,False,False,no challenge (v1 timestamp trust),upstream of the hub stamp; the hub re-stamps at receipt
e2-20260813,E2_nonce_bound_affirmation,18,A0,none,0.002,attack,release_held,6.0,0.0,6.0074,0.0074,0.007401,True,closed,open,True,True,False,False,no challenge (v1 timestamp trust),upstream of the hub stamp; the hub re-stamps at receipt
e2-20260813,E2_nonce_bound_affirmation,19,A0,none,0.002,attack,release_held,6.0,0.0,6.0022,0.0022,0.002217,True,closed,open,True,True,False,False,no challenge (v1 timestamp trust),upstream of the hub stamp; the hub re-stamps at receipt
e2-20260813,E2_nonce_bound_affirmation,0,A0,none,0.002,attack,delay_response,0.0,6.0,6.0071,6.0071,6.007093,False,closed,open,False,False,False,False,observable age exceeds the freshness budget,upstream of the hub stamp; the hub re-stamps at receipt
e2-20260813,E2_nonce_bound_affirmation,1,A0,none,0.002,attack,delay_response,0.0,6.0,6.001,6.001,6.001038,False,closed,open,False,False,False,False,observable age exceeds the freshness budget,upstream of the hub stamp; the hub re-stamps at receipt
e2-20260813,E2_nonce_bound_affirmation,2,A0,none,0.002,attack,delay_response,0.0,6.0,6.0086,6.0086,6.008566,False,closed,open,False,False,False,False,observable age exceeds the freshness budget,upstream of the hub stamp; the hub re-stamps at receipt
e2-20260813,E2_nonce_bound_affirmation,3,A0,none,0.002,attack,delay_response,0.0,6.0,6.008,6.008,6.00802,False,closed,open,False,False,False,False,observable age exceeds the freshness budget,upstream of the hub stamp; the hub re-stamps at receipt
e2-20260813,E2_nonce_bound_affirmation,4,A0,none,0.002,attack,delay_response,0.0,6.0,6.0051,6.0051,6.005106,False,closed,open,False,False,False,False,observable age exceeds the freshness budget,upstream of the hub stamp; the hub re-stamps at receipt
e2-20260813,E2_nonce_bound_affirmation,5,A0,none,0.002,attack,delay_response,0.0,6.0,6.0044,6.0044,6.004368,False,closed,open,False,False,False,False,observable age exceeds the freshness budget,upstream of the hub stamp; the hub re-stamps at receipt
e2-20260813,E2_nonce_bound_affirmation,6,A0,none,0.002,attack,delay_response,0.0,6.0,6.0053,6.0053,6.00532,False,closed,open,False,False,False,False,observable age exceeds the freshness budget,upstream of the hub stamp; the hub re-stamps at receipt
e2-20260813,E2_nonce_bound_affirmation,7,A0,none,0.002,attack,delay_response,0.0,6.0,6.007,6.007,6.00695,False,closed,open,False,False,False,False,observable age exceeds the freshness budget,upstream of the hub stamp; the hub re-stamps at receipt
e2-20260813,E2_nonce_bound_affirmation,8,A0,none,0.002,attack,delay_response,0.0,6.0,6.0017,6.0017,6.001673,False,closed,open,False,False,False,False,observable age exceeds the freshness budget,upstream of the hub stamp; the hub re-stamps at receipt
e2-20260813,E2_nonce_bound_affirmation,9,A0,none,0.002,attack,delay_response,0.0,6.0,6.0056,6.0056,6.005603,False,closed,open,False,False,False,False,observable age exceeds the freshness budget,upstream of the hub stamp; the hub re-stamps at receipt
e2-20260813,E2_nonce_bound_affirmation,10,A0,none,0.002,attack,delay_response,0.0,6.0,6.0035,6.0035,6.003527,False,closed,open,False,False,False,False,observable age exceeds the freshness budget,upstream of the hub stamp; the hub re-stamps at receipt
e2-20260813,E2_nonce_bound_affirmation,11,A0,none,0.002,attack,delay_response,0.0,6.0,6.0012,6.0012,6.001229,False,closed,open,False,False,False,False,observable age exceeds the freshness budget,upstream of the hub stamp; the hub re-stamps at receipt
e2-20260813,E2_nonce_bound_affirmation,12,A0,none,0.002,attack,delay_response,0.0,6.0,6.0032,6.0032,6.00316,False,closed,open,False,False,False,False,observable age exceeds the freshness budget,upstream of the hub stamp; the hub re-stamps at receipt
e2-20260813,E2_nonce_bound_affirmation,13,A0,none,0.002,attack,delay_response,0.0,6.0,6.0055,6.0055,6.005508,False,closed,open,False,False,False,False,observable age exceeds the freshness budget,upstream of the hub stamp; the hub re-stamps at receipt
e2-20260813,E2_nonce_bound_affirmation,14,A0,none,0.002,attack,delay_response,0.0,6.0,6.0056,6.0056,6.005639,False,closed,open,False,False,False,False,observable age exceeds the freshness budget,upstream of the hub stamp; the hub re-stamps at receipt
e2-20260813,E2_nonce_bound_affirmation,15,A0,none,0.002,attack,delay_response,0.0,6.0,6.0073,6.0073,6.007348,False,closed,open,False,False,False,False,observable age exceeds the freshness budget,upstream of the hub stamp; the hub re-stamps at receipt
e2-20260813,E2_nonce_bound_affirmation,16,A0,none,0.002,attack,delay_response,0.0,6.0,6.0074,6.0074,6.007448,False,closed,open,False,False,False,False,observable age exceeds the freshness budget,upstream of the hub stamp; the hub re-stamps at receipt
e2-20260813,E2_nonce_bound_affirmation,17,A0,none,0.002,attack,delay_response,0.0,6.0,6.0024,6.0024,6.002448,False,closed,open,False,False,False,False,observable age exceeds the freshness budget,upstream of the hub stamp; the hub re-stamps at receipt
e2-20260813,E2_nonce_bound_affirmation,18,A0,none,0.002,attack,delay_response,0.0,6.0,6.0064,6.0064,6.006391,False,closed,open,False,False,False,False,observable age exceeds the freshness budget,upstream of the hub stamp; the hub re-stamps at receipt
e2-20260813,E2_nonce_bound_affirmation,19,A0,none,0.002,attack,delay_response,0.0,6.0,6.0072,6.0072,6.007224,False,closed,open,False,False,False,False,observable age exceeds the freshness budget,upstream of the hub stamp; the hub re-stamps at receipt
e2-20260813,E2_nonce_bound_affirmation,0,A0,none,0.005,benign,none,0.0,0.0,0.0063,0.0063,0.006276,True,closed,closed,False,False,False,False,no challenge (v1 timestamp trust),upstream of the hub stamp; the hub re-stamps at receipt
e2-20260813,E2_nonce_bound_affirmation,1,A0,none,0.005,benign,none,0.0,0.0,0.0044,0.0044,0.004378,True,closed,closed,False,False,False,False,no challenge (v1 timestamp trust),upstream of the hub stamp; the hub re-stamps at receipt
e2-20260813,E2_nonce_bound_affirmation,2,A0,none,0.005,benign,none,0.0,0.0,0.0018,0.0018,0.001786,True,closed,closed,False,False,False,False,no challenge (v1 timestamp trust),upstream of the hub stamp; the hub re-stamps at receipt
e2-20260813,E2_nonce_bound_affirmation,3,A0,none,0.005,benign,none,0.0,0.0,0.0014,0.0014,0.001356,True,closed,closed,False,False,False,False,no challenge (v1 timestamp trust),upstream of the hub stamp; the hub re-stamps at receipt
e2-20260813,E2_nonce_bound_affirmation,4,A0,none,0.005,benign,none,0.0,0.0,0.006,0.006,0.006046,True,closed,closed,False,False,False,False,no challenge (v1 timestamp trust),upstream of the hub stamp; the hub re-stamps at receipt
e2-20260813,E2_nonce_bound_affirmation,5,A0,none,0.005,benign,none,0.0,0.0,0.0055,0.0055,0.005491,True,closed,closed,False,False,False,False,no challenge (v1 timestamp trust),upstream of the hub stamp; the hub re-stamps at receipt
e2-20260813,E2_nonce_bound_affirmation,6,A0,none,0.005,benign,none,0.0,0.0,0.0084,0.0084,0.008369,True,closed,closed,False,False,False,False,no challenge (v1 timestamp trust),upstream of the hub stamp; the hub re-stamps at receipt
e2-20260813,E2_nonce_bound_affirmation,7,A0,none,0.005,benign,none,0.0,0.0,0.0069,0.0069,0.006942,True,closed,closed,False,False,False,False,no challenge (v1 timestamp trust),upstream of the hub stamp; the hub re-stamps at receipt
e2-20260813,E2_nonce_bound_affirmation,8,A0,none,0.005,benign,none,0.0,0.0,0.007,0.007,0.006969,True,closed,closed,False,False,False,False,no challenge (v1 timestamp trust),upstream of the hub stamp; the hub re-stamps at receipt
e2-20260813,E2_nonce_bound_affirmation,9,A0,none,0.005,benign,none,0.0,0.0,0.0042,0.0042,0.00419,True,closed,closed,False,False,False,False,no challenge (v1 timestamp trust),upstream of the hub stamp; the hub re-stamps at receipt
e2-20260813,E2_nonce_bound_affirmation,10,A0,none,0.005,benign,none,0.0,0.0,0.008,0.008,0.007995,True,closed,closed,False,False,False,False,no challenge (v1 timestamp trust),upstream of the hub stamp; the hub re-stamps at receipt
e2-20260813,E2_nonce_bound_affirmation,11,A0,none,0.005,benign,none,0.0,0.0,0.0071,0.0071,0.00713,True,closed,closed,False,False,False,False,no challenge (v1 timestamp trust),upstream of the hub stamp; the hub re-stamps at receipt
e2-20260813,E2_nonce_bound_affirmation,12,A0,none,0.005,benign,none,0.0,0.0,0.0021,0.0021,0.002112,True,closed,closed,False,False,False,False,no challenge (v1 timestamp trust),upstream of the hub stamp; the hub re-stamps at receipt
e2-20260813,E2_nonce_bound_affirmation,13,A0,none,0.005,benign,none,0.0,0.0,0.0061,0.0061,0.006062,True,closed,closed,False,False,False,False,no challenge (v1 timestamp trust),upstream of the hub stamp; the hub re-stamps at receipt
e2-20260813,E2_nonce_bound_affirmation,14,A0,none,0.005,benign,none,0.0,0.0,0.0009,0.0009,0.000912,True,closed,closed,False,False,False,False,no challenge (v1 timestamp trust),upstream of the hub stamp; the hub re-stamps at receipt
e2-20260813,E2_nonce_bound_affirmation,15,A0,none,0.005,benign,none,0.0,0.0,0.0062,0.0062,0.006245,True,closed,closed,False,False,False,False,no challenge (v1 timestamp trust),upstream of the hub stamp; the hub re-stamps at receipt
e2-20260813,E2_nonce_bound_affirmation,16,A0,none,0.005,benign,none,0.0,0.0,0.0037,0.0037,0.003731,True,closed,closed,False,False,False,False,no challenge (v1 timestamp trust),upstream of the hub stamp; the hub re-stamps at receipt
e2-20260813,E2_nonce_bound_affirmation,17,A0,none,0.005,benign,none,0.0,0.0,0.0033,0.0033,0.003326,True,closed,closed,False,False,False,False,no challenge (v1 timestamp trust),upstream of the hub stamp; the hub re-stamps at receipt
e2-20260813,E2_nonce_bound_affirmation,18,A0,none,0.005,benign,none,0.0,0.0,0.0077,0.0077,0.00767,True,closed,closed,False,False,False,False,no challenge (v1 timestamp trust),upstream of the hub stamp; the hub re-stamps at receipt
e2-20260813,E2_nonce_bound_affirmation,19,A0,none,0.005,benign,none,0.0,0.0,0.0089,0.0089,0.008942,True,closed,closed,False,False,False,False,no challenge (v1 timestamp trust),upstream of the hub stamp; the hub re-stamps at receipt
e2-20260813,E2_nonce_bound_affirmation,0,A0,none,0.005,attack,release_held,6.0,0.0,6.0019,0.0019,0.001939,True,closed,open,True,True,False,False,no challenge (v1 timestamp trust),upstream of the hub stamp; the hub re-stamps at receipt
e2-20260813,E2_nonce_bound_affirmation,1,A0,none,0.005,attack,release_held,6.0,0.0,6.0059,0.0059,0.005928,True,closed,open,True,True,False,False,no challenge (v1 timestamp trust),upstream of the hub stamp; the hub re-stamps at receipt
e2-20260813,E2_nonce_bound_affirmation,2,A0,none,0.005,attack,release_held,6.0,0.0,6.0039,0.0039,0.00387,True,closed,open,True,True,False,False,no challenge (v1 timestamp trust),upstream of the hub stamp; the hub re-stamps at receipt
e2-20260813,E2_nonce_bound_affirmation,3,A0,none,0.005,attack,release_held,6.0,0.0,6.0085,0.0085,0.008475,True,closed,open,True,True,False,False,no challenge (v1 timestamp trust),upstream of the hub stamp; the hub re-stamps at receipt
e2-20260813,E2_nonce_bound_affirmation,4,A0,none,0.005,attack,release_held,6.0,0.0,6.0081,0.0081,0.008124,True,closed,open,True,True,False,False,no challenge (v1 timestamp trust),upstream of the hub stamp; the hub re-stamps at receipt
e2-20260813,E2_nonce_bound_affirmation,5,A0,none,0.005,attack,release_held,6.0,0.0,6.007,0.007,0.007045,True,closed,open,True,True,False,False,no challenge (v1 timestamp trust),upstream of the hub stamp; the hub re-stamps at receipt
e2-20260813,E2_nonce_bound_affirmation,6,A0,none,0.005,attack,release_held,6.0,0.0,6.001,0.001,0.001034,True,closed,open,True,True,False,False,no challenge (v1 timestamp trust),upstream of the hub stamp; the hub re-stamps at receipt
e2-20260813,E2_nonce_bound_affirmation,7,A0,none,0.005,attack,release_held,6.0,0.0,6.0075,0.0075,0.007487,True,closed,open,True,True,False,False,no challenge (v1 timestamp trust),upstream of the hub stamp; the hub re-stamps at receipt
e2-20260813,E2_nonce_bound_affirmation,8,A0,none,0.005,attack,release_held,6.0,0.0,6.0019,0.0019,0.001932,True,closed,open,True,True,False,False,no challenge (v1 timestamp trust),upstream of the hub stamp; the hub re-stamps at receipt
e2-20260813,E2_nonce_bound_affirmation,9,A0,none,0.005,attack,release_held,6.0,0.0,6.0064,0.0064,0.00638,True,closed,open,True,True,False,False,no challenge (v1 timestamp trust),upstream of the hub stamp; the hub re-stamps at receipt
e2-20260813,E2_nonce_bound_affirmation,10,A0,none,0.005,attack,release_held,6.0,0.0,6.0047,0.0047,0.004655,True,closed,open,True,True,False,False,no challenge (v1 timestamp trust),upstream of the hub stamp; the hub re-stamps at receipt
e2-20260813,E2_nonce_bound_affirmation,11,A0,none,0.005,attack,release_held,6.0,0.0,6.0048,0.0048,0.004792,True,closed,open,True,True,False,False,no challenge (v1 timestamp trust),upstream of the hub stamp; the hub re-stamps at receipt
e2-20260813,E2_nonce_bound_affirmation,12,A0,none,0.005,attack,release_held,6.0,0.0,6.006,0.006,0.006006,True,closed,open,True,True,False,False,no challenge (v1 timestamp trust),upstream of the hub stamp; the hub re-stamps at receipt
e2-20260813,E2_nonce_bound_affirmation,13,A0,none,0.005,attack,release_held,6.0,0.0,6.0012,0.0012,0.001249,True,closed,open,True,True,False,False,no challenge (v1 timestamp trust),upstream of the hub stamp; the hub re-stamps at receipt
e2-20260813,E2_nonce_bound_affirmation,14,A0,none,0.005,attack,release_held,6.0,0.0,6.0071,0.0071,0.007126,True,closed,open,True,True,False,False,no challenge (v1 timestamp trust),upstream of the hub stamp; the hub re-stamps at receipt
e2-20260813,E2_nonce_bound_affirmation,15,A0,none,0.005,attack,release_held,6.0,0.0,6.009,0.009,0.008966,True,closed,open,True,True,False,False,no challenge (v1 timestamp trust),upstream of the hub stamp; the hub re-stamps at receipt
e2-20260813,E2_nonce_bound_affirmation,16,A0,none,0.005,attack,release_held,6.0,0.0,6.0062,0.0062,0.006155,True,closed,open,True,True,False,False,no challenge (v1 timestamp trust),upstream of the hub stamp; the hub re-stamps at receipt
e2-20260813,E2_nonce_bound_affirmation,17,A0,none,0.005,attack,release_held,6.0,0.0,6.0079,0.0079,0.007881,True,closed,open,True,True,False,False,no challenge (v1 timestamp trust),upstream of the hub stamp; the hub re-stamps at receipt
e2-20260813,E2_nonce_bound_affirmation,18,A0,none,0.005,attack,release_held,6.0,0.0,6.0066,0.0066,0.00664,True,closed,open,True,True,False,False,no challenge (v1 timestamp trust),upstream of the hub stamp; the hub re-stamps at receipt
e2-20260813,E2_nonce_bound_affirmation,19,A0,none,0.005,attack,release_held,6.0,0.0,6.0074,0.0074,0.007372,True,closed,open,True,True,False,False,no challenge (v1 timestamp trust),upstream of the hub stamp; the hub re-stamps at receipt
e2-20260813,E2_nonce_bound_affirmation,0,A0,none,0.005,attack,delay_response,0.0,6.0,6.0069,6.0069,6.00689,False,closed,open,False,False,False,False,observable age exceeds the freshness budget,upstream of the hub stamp; the hub re-stamps at receipt
e2-20260813,E2_nonce_bound_affirmation,1,A0,none,0.005,attack,delay_response,0.0,6.0,6.0011,6.0011,6.001069,False,closed,open,False,False,False,False,observable age exceeds the freshness budget,upstream of the hub stamp; the hub re-stamps at receipt
e2-20260813,E2_nonce_bound_affirmation,2,A0,none,0.005,attack,delay_response,0.0,6.0,6.0016,6.0016,6.001563,False,closed,open,False,False,False,False,observable age exceeds the freshness budget,upstream of the hub stamp; the hub re-stamps at receipt
e2-20260813,E2_nonce_bound_affirmation,3,A0,none,0.005,attack,delay_response,0.0,6.0,6.0088,6.0088,6.008797,False,closed,open,False,False,False,False,observable age exceeds the freshness budget,upstream of the hub stamp; the hub re-stamps at receipt
e2-20260813,E2_nonce_bound_affirmation,4,A0,none,0.005,attack,delay_response,0.0,6.0,6.0016,6.0016,6.001591,False,closed,open,False,False,False,False,observable age exceeds the freshness budget,upstream of the hub stamp; the hub re-stamps at receipt
e2-20260813,E2_nonce_bound_affirmation,5,A0,none,0.005,attack,delay_response,0.0,6.0,6.0058,6.0058,6.005775,False,closed,open,False,False,False,False,observable age exceeds the freshness budget,upstream of the hub stamp; the hub re-stamps at receipt
e2-20260813,E2_nonce_bound_affirmation,6,A0,none,0.005,attack,delay_response,0.0,6.0,6.0031,6.0031,6.003058,False,closed,open,False,False,False,False,observable age exceeds the freshness budget,upstream of the hub stamp; the hub re-stamps at receipt
e2-20260813,E2_nonce_bound_affirmation,7,A0,none,0.005,attack,delay_response,0.0,6.0,6.0074,6.0074,6.007444,False,closed,open,False,False,False,False,observable age exceeds the freshness budget,upstream of the hub stamp; the hub re-stamps at receipt
e2-20260813,E2_nonce_bound_affirmation,8,A0,none,0.005,attack,delay_response,0.0,6.0,6.0013,6.0013,6.001348,False,closed,open,False,False,False,False,observable age exceeds the freshness budget,upstream of the hub stamp; the hub re-stamps at receipt
e2-20260813,E2_nonce_bound_affirmation,9,A0,none,0.005,attack,delay_response,0.0,6.0,6.001,6.001,6.000992,False,closed,open,False,False,False,False,observable age exceeds the freshness budget,upstream of the hub stamp; the hub re-stamps at receipt
e2-20260813,E2_nonce_bound_affirmation,10,A0,none,0.005,attack,delay_response,0.0,6.0,6.0064,6.0064,6.006418,False,closed,open,False,False,False,False,observable age exceeds the freshness budget,upstream of the hub stamp; the hub re-stamps at receipt
e2-20260813,E2_nonce_bound_affirmation,11,A0,none,0.005,attack,delay_response,0.0,6.0,6.0084,6.0084,6.008416,False,closed,open,False,False,False,False,observable age exceeds the freshness budget,upstream of the hub stamp; the hub re-stamps at receipt
e2-20260813,E2_nonce_bound_affirmation,12,A0,none,0.005,attack,delay_response,0.0,6.0,6.0047,6.0047,6.004695,False,closed,open,False,False,False,False,observable age exceeds the freshness budget,upstream of the hub stamp; the hub re-stamps at receipt
e2-20260813,E2_nonce_bound_affirmation,13,A0,none,0.005,attack,delay_response,0.0,6.0,6.0064,6.0064,6.006418,False,closed,open,False,False,False,False,observable age exceeds the freshness budget,upstream of the hub stamp; the hub re-stamps at receipt
e2-20260813,E2_nonce_bound_affirmation,14,A0,none,0.005,attack,delay_response,0.0,6.0,6.0084,6.0084,6.008435,False,closed,open,False,False,False,False,observable age exceeds the freshness budget,upstream of the hub stamp; the hub re-stamps at receipt
e2-20260813,E2_nonce_bound_affirmation,15,A0,none,0.005,attack,delay_response,0.0,6.0,6.0062,6.0062,6.00616,False,closed,open,False,False,False,False,observable age exceeds the freshness budget,upstream of the hub stamp; the hub re-stamps at receipt
e2-20260813,E2_nonce_bound_affirmation,16,A0,none,0.005,attack,delay_response,0.0,6.0,6.0009,6.0009,6.000853,False,closed,open,False,False,False,False,observable age exceeds the freshness budget,upstream of the hub stamp; the hub re-stamps at receipt
e2-20260813,E2_nonce_bound_affirmation,17,A0,none,0.005,attack,delay_response,0.0,6.0,6.002,6.002,6.00203,False,closed,open,False,False,False,False,observable age exceeds the freshness budget,upstream of the hub stamp; the hub re-stamps at receipt
e2-20260813,E2_nonce_bound_affirmation,18,A0,none,0.005,attack,delay_response,0.0,6.0,6.0035,6.0035,6.003467,False,closed,open,False,False,False,False,observable age exceeds the freshness budget,upstream of the hub stamp; the hub re-stamps at receipt
e2-20260813,E2_nonce_bound_affirmation,19,A0,none,0.005,attack,delay_response,0.0,6.0,6.0058,6.0058,6.005751,False,closed,open,False,False,False,False,observable age exceeds the freshness budget,upstream of the hub stamp; the hub re-stamps at receipt
e2-20260813,E2_nonce_bound_affirmation,0,A0,none,0.025,benign,none,0.0,0.0,0.0088,0.0088,0.00884,True,closed,closed,False,False,False,False,no challenge (v1 timestamp trust),upstream of the hub stamp; the hub re-stamps at receipt
e2-20260813,E2_nonce_bound_affirmation,1,A0,none,0.025,benign,none,0.0,0.0,0.0062,0.0062,0.00623,True,closed,closed,False,False,False,False,no challenge (v1 timestamp trust),upstream of the hub stamp; the hub re-stamps at receipt
e2-20260813,E2_nonce_bound_affirmation,2,A0,none,0.025,benign,none,0.0,0.0,0.0041,0.0041,0.004075,True,closed,closed,False,False,False,False,no challenge (v1 timestamp trust),upstream of the hub stamp; the hub re-stamps at receipt
e2-20260813,E2_nonce_bound_affirmation,3,A0,none,0.025,benign,none,0.0,0.0,0.0012,0.0012,0.001157,True,closed,closed,False,False,False,False,no challenge (v1 timestamp trust),upstream of the hub stamp; the hub re-stamps at receipt
e2-20260813,E2_nonce_bound_affirmation,4,A0,none,0.025,benign,none,0.0,0.0,0.0043,0.0043,0.004322,True,closed,closed,False,False,False,False,no challenge (v1 timestamp trust),upstream of the hub stamp; the hub re-stamps at receipt
e2-20260813,E2_nonce_bound_affirmation,5,A0,none,0.025,benign,none,0.0,0.0,0.0016,0.0016,0.001635,True,closed,closed,False,False,False,False,no challenge (v1 timestamp trust),upstream of the hub stamp; the hub re-stamps at receipt
e2-20260813,E2_nonce_bound_affirmation,6,A0,none,0.025,benign,none,0.0,0.0,0.007,0.007,0.00695,True,closed,closed,False,False,False,False,no challenge (v1 timestamp trust),upstream of the hub stamp; the hub re-stamps at receipt
e2-20260813,E2_nonce_bound_affirmation,7,A0,none,0.025,benign,none,0.0,0.0,0.0041,0.0041,0.004092,True,closed,closed,False,False,False,False,no challenge (v1 timestamp trust),upstream of the hub stamp; the hub re-stamps at receipt
e2-20260813,E2_nonce_bound_affirmation,8,A0,none,0.025,benign,none,0.0,0.0,0.0057,0.0057,0.005723,True,closed,closed,False,False,False,False,no challenge (v1 timestamp trust),upstream of the hub stamp; the hub re-stamps at receipt
e2-20260813,E2_nonce_bound_affirmation,9,A0,none,0.025,benign,none,0.0,0.0,0.0016,0.0016,0.001569,True,closed,closed,False,False,False,False,no challenge (v1 timestamp trust),upstream of the hub stamp; the hub re-stamps at receipt
e2-20260813,E2_nonce_bound_affirmation,10,A0,none,0.025,benign,none,0.0,0.0,0.0078,0.0078,0.007841,True,closed,closed,False,False,False,False,no challenge (v1 timestamp trust),upstream of the hub stamp; the hub re-stamps at receipt
e2-20260813,E2_nonce_bound_affirmation,11,A0,none,0.025,benign,none,0.0,0.0,0.0085,0.0085,0.008547,True,closed,closed,False,False,False,False,no challenge (v1 timestamp trust),upstream of the hub stamp; the hub re-stamps at receipt
e2-20260813,E2_nonce_bound_affirmation,12,A0,none,0.025,benign,none,0.0,0.0,0.0023,0.0023,0.002282,True,closed,closed,False,False,False,False,no challenge (v1 timestamp trust),upstream of the hub stamp; the hub re-stamps at receipt
e2-20260813,E2_nonce_bound_affirmation,13,A0,none,0.025,benign,none,0.0,0.0,0.0034,0.0034,0.003377,True,closed,closed,False,False,False,False,no challenge (v1 timestamp trust),upstream of the hub stamp; the hub re-stamps at receipt
e2-20260813,E2_nonce_bound_affirmation,14,A0,none,0.025,benign,none,0.0,0.0,0.0019,0.0019,0.00192,True,closed,closed,False,False,False,False,no challenge (v1 timestamp trust),upstream of the hub stamp; the hub re-stamps at receipt
e2-20260813,E2_nonce_bound_affirmation,15,A0,none,0.025,benign,none,0.0,0.0,0.002,0.002,0.001976,True,closed,closed,False,False,False,False,no challenge (v1 timestamp trust),upstream of the hub stamp; the hub re-stamps at receipt
e2-20260813,E2_nonce_bound_affirmation,16,A0,none,0.025,benign,none,0.0,0.0,0.0025,0.0025,0.002519,True,closed,closed,False,False,False,False,no challenge (v1 timestamp trust),upstream of the hub stamp; the hub re-stamps at receipt
e2-20260813,E2_nonce_bound_affirmation,17,A0,none,0.025,benign,none,0.0,0.0,0.0067,0.0067,0.006732,True,closed,closed,False,False,False,False,no challenge (v1 timestamp trust),upstream of the hub stamp; the hub re-stamps at receipt
e2-20260813,E2_nonce_bound_affirmation,18,A0,none,0.025,benign,none,0.0,0.0,0.0065,0.0065,0.006465,True,closed,closed,False,False,False,False,no challenge (v1 timestamp trust),upstream of the hub stamp; the hub re-stamps at receipt
e2-20260813,E2_nonce_bound_affirmation,19,A0,none,0.025,benign,none,0.0,0.0,0.0057,0.0057,0.005747,True,closed,closed,False,False,False,False,no challenge (v1 timestamp trust),upstream of the hub stamp; the hub re-stamps at receipt
e2-20260813,E2_nonce_bound_affirmation,0,A0,none,0.025,attack,release_held,6.0,0.0,6.0016,0.0016,0.00161,True,closed,open,True,True,False,False,no challenge (v1 timestamp trust),upstream of the hub stamp; the hub re-stamps at receipt
e2-20260813,E2_nonce_bound_affirmation,1,A0,none,0.025,attack,release_held,6.0,0.0,6.0058,0.0058,0.005794,True,closed,open,True,True,False,False,no challenge (v1 timestamp trust),upstream of the hub stamp; the hub re-stamps at receipt
e2-20260813,E2_nonce_bound_affirmation,2,A0,none,0.025,attack,release_held,6.0,0.0,6.0049,0.0049,0.004931,True,closed,open,True,True,False,False,no challenge (v1 timestamp trust),upstream of the hub stamp; the hub re-stamps at receipt
e2-20260813,E2_nonce_bound_affirmation,3,A0,none,0.025,attack,release_held,6.0,0.0,6.0055,0.0055,0.005532,True,closed,open,True,True,False,False,no challenge (v1 timestamp trust),upstream of the hub stamp; the hub re-stamps at receipt
e2-20260813,E2_nonce_bound_affirmation,4,A0,none,0.025,attack,release_held,6.0,0.0,6.0071,0.0071,0.007083,True,closed,open,True,True,False,False,no challenge (v1 timestamp trust),upstream of the hub stamp; the hub re-stamps at receipt
e2-20260813,E2_nonce_bound_affirmation,5,A0,none,0.025,attack,release_held,6.0,0.0,6.0082,0.0082,0.00815,True,closed,open,True,True,False,False,no challenge (v1 timestamp trust),upstream of the hub stamp; the hub re-stamps at receipt
e2-20260813,E2_nonce_bound_affirmation,6,A0,none,0.025,attack,release_held,6.0,0.0,6.0063,0.0063,0.006303,True,closed,open,True,True,False,False,no challenge (v1 timestamp trust),upstream of the hub stamp; the hub re-stamps at receipt
e2-20260813,E2_nonce_bound_affirmation,7,A0,none,0.025,attack,release_held,6.0,0.0,6.0031,0.0031,0.003088,True,closed,open,True,True,False,False,no challenge (v1 timestamp trust),upstream of the hub stamp; the hub re-stamps at receipt
e2-20260813,E2_nonce_bound_affirmation,8,A0,none,0.025,attack,release_held,6.0,0.0,6.0082,0.0082,0.008168,True,closed,open,True,True,False,False,no challenge (v1 timestamp trust),upstream of the hub stamp; the hub re-stamps at receipt
e2-20260813,E2_nonce_bound_affirmation,9,A0,none,0.025,attack,release_held,6.0,0.0,6.0065,0.0065,0.006545,True,closed,open,True,True,False,False,no challenge (v1 timestamp trust),upstream of the hub stamp; the hub re-stamps at receipt
e2-20260813,E2_nonce_bound_affirmation,10,A0,none,0.025,attack,release_held,6.0,0.0,6.0076,0.0076,0.007618,True,closed,open,True,True,False,False,no challenge (v1 timestamp trust),upstream of the hub stamp; the hub re-stamps at receipt
e2-20260813,E2_nonce_bound_affirmation,11,A0,none,0.025,attack,release_held,6.0,0.0,6.0011,0.0011,0.001075,True,closed,open,True,True,False,False,no challenge (v1 timestamp trust),upstream of the hub stamp; the hub re-stamps at receipt
e2-20260813,E2_nonce_bound_affirmation,12,A0,none,0.025,attack,release_held,6.0,0.0,6.004,0.004,0.003972,True,closed,open,True,True,False,False,no challenge (v1 timestamp trust),upstream of the hub stamp; the hub re-stamps at receipt
e2-20260813,E2_nonce_bound_affirmation,13,A0,none,0.025,attack,release_held,6.0,0.0,6.0087,0.0087,0.008743,True,closed,open,True,True,False,False,no challenge (v1 timestamp trust),upstream of the hub stamp; the hub re-stamps at receipt
e2-20260813,E2_nonce_bound_affirmation,14,A0,none,0.025,attack,release_held,6.0,0.0,6.0044,0.0044,0.004404,True,closed,open,True,True,False,False,no challenge (v1 timestamp trust),upstream of the hub stamp; the hub re-stamps at receipt
e2-20260813,E2_nonce_bound_affirmation,15,A0,none,0.025,attack,release_held,6.0,0.0,6.008,0.008,0.007973,True,closed,open,True,True,False,False,no challenge (v1 timestamp trust),upstream of the hub stamp; the hub re-stamps at receipt
e2-20260813,E2_nonce_bound_affirmation,16,A0,none,0.025,attack,release_held,6.0,0.0,6.0061,0.0061,0.006108,True,closed,open,True,True,False,False,no challenge (v1 timestamp trust),upstream of the hub stamp; the hub re-stamps at receipt
e2-20260813,E2_nonce_bound_affirmation,17,A0,none,0.025,attack,release_held,6.0,0.0,6.0083,0.0083,0.00826,True,closed,open,True,True,False,False,no challenge (v1 timestamp trust),upstream of the hub stamp; the hub re-stamps at receipt
e2-20260813,E2_nonce_bound_affirmation,18,A0,none,0.025,attack,release_held,6.0,0.0,6.0021,0.0021,0.002057,True,closed,open,True,True,False,False,no challenge (v1 timestamp trust),upstream of the hub stamp; the hub re-stamps at receipt
e2-20260813,E2_nonce_bound_affirmation,19,A0,none,0.025,attack,release_held,6.0,0.0,6.005,0.005,0.005042,True,closed,open,True,True,False,False,no challenge (v1 timestamp trust),upstream of the hub stamp; the hub re-stamps at receipt
e2-20260813,E2_nonce_bound_affirmation,0,A0,none,0.025,attack,delay_response,0.0,6.0,6.0081,6.0081,6.008053,False,closed,open,False,False,False,False,observable age exceeds the freshness budget,upstream of the hub stamp; the hub re-stamps at receipt
e2-20260813,E2_nonce_bound_affirmation,1,A0,none,0.025,attack,delay_response,0.0,6.0,6.0042,6.0042,6.004219,False,closed,open,False,False,False,False,observable age exceeds the freshness budget,upstream of the hub stamp; the hub re-stamps at receipt
e2-20260813,E2_nonce_bound_affirmation,2,A0,none,0.025,attack,delay_response,0.0,6.0,6.0075,6.0075,6.007499,False,closed,open,False,False,False,False,observable age exceeds the freshness budget,upstream of the hub stamp; the hub re-stamps at receipt
e2-20260813,E2_nonce_bound_affirmation,3,A0,none,0.025,attack,delay_response,0.0,6.0,6.0046,6.0046,6.004562,False,closed,open,False,False,False,False,observable age exceeds the freshness budget,upstream of the hub stamp; the hub re-stamps at receipt
e2-20260813,E2_nonce_bound_affirmation,4,A0,none,0.025,attack,delay_response,0.0,6.0,6.0073,6.0073,6.007303,False,closed,open,False,False,False,False,observable age exceeds the freshness budget,upstream of the hub stamp; the hub re-stamps at receipt
e2-20260813,E2_nonce_bound_affirmation,5,A0,none,0.025,attack,delay_response,0.0,6.0,6.0075,6.0075,6.007453,False,closed,open,False,False,False,False,observable age exceeds the freshness budget,upstream of the hub stamp; the hub re-stamps at receipt
e2-20260813,E2_nonce_bound_affirmation,6,A0,none,0.025,attack,delay_response,0.0,6.0,6.0018,6.0018,6.00184,False,closed,open,False,False,False,False,observable age exceeds the freshness budget,upstream of the hub stamp; the hub re-stamps at receipt
e2-20260813,E2_nonce_bound_affirmation,7,A0,none,0.025,attack,delay_response,0.0,6.0,6.0016,6.0016,6.001581,False,closed,open,False,False,False,False,observable age exceeds the freshness budget,upstream of the hub stamp; the hub re-stamps at receipt
e2-20260813,E2_nonce_bound_affirmation,8,A0,none,0.025,attack,delay_response,0.0,6.0,6.0052,6.0052,6.005155,False,closed,open,False,False,False,False,observable age exceeds the freshness budget,upstream of the hub stamp; the hub re-stamps at receipt
e2-20260813,E2_nonce_bound_affirmation,9,A0,none,0.025,attack,delay_response,0.0,6.0,6.0036,6.0036,6.003604,False,closed,open,False,False,False,False,observable age exceeds the freshness budget,upstream of the hub stamp; the hub re-stamps at receipt
e2-20260813,E2_nonce_bound_affirmation,10,A0,none,0.025,attack,delay_response,0.0,6.0,6.0073,6.0073,6.007283,False,closed,open,False,False,False,False,observable age exceeds the freshness budget,upstream of the hub stamp; the hub re-stamps at receipt
e2-20260813,E2_nonce_bound_affirmation,11,A0,none,0.025,attack,delay_response,0.0,6.0,6.0053,6.0053,6.005308,False,closed,open,False,False,False,False,observable age exceeds the freshness budget,upstream of the hub stamp; the hub re-stamps at receipt
e2-20260813,E2_nonce_bound_affirmation,12,A0,none,0.025,attack,delay_response,0.0,6.0,6.006,6.006,6.005983,False,closed,open,False,False,False,False,observable age exceeds the freshness budget,upstream of the hub stamp; the hub re-stamps at receipt
e2-20260813,E2_nonce_bound_affirmation,13,A0,none,0.025,attack,delay_response,0.0,6.0,6.0041,6.0041,6.00412,False,closed,open,False,False,False,False,observable age exceeds the freshness budget,upstream of the hub stamp; the hub re-stamps at receipt
e2-20260813,E2_nonce_bound_affirmation,14,A0,none,0.025,attack,delay_response,0.0,6.0,6.0009,6.0009,6.000879,False,closed,open,False,False,False,False,observable age exceeds the freshness budget,upstream of the hub stamp; the hub re-stamps at receipt
e2-20260813,E2_nonce_bound_affirmation,15,A0,none,0.025,attack,delay_response,0.0,6.0,6.0038,6.0038,6.003782,False,closed,open,False,False,False,False,observable age exceeds the freshness budget,upstream of the hub stamp; the hub re-stamps at receipt
e2-20260813,E2_nonce_bound_affirmation,16,A0,none,0.025,attack,delay_response,0.0,6.0,6.0083,6.0083,6.008337,False,closed,open,False,False,False,False,observable age exceeds the freshness budget,upstream of the hub stamp; the hub re-stamps at receipt
e2-20260813,E2_nonce_bound_affirmation,17,A0,none,0.025,attack,delay_response,0.0,6.0,6.0076,6.0076,6.007648,False,closed,open,False,False,False,False,observable age exceeds the freshness budget,upstream of the hub stamp; the hub re-stamps at receipt
e2-20260813,E2_nonce_bound_affirmation,18,A0,none,0.025,attack,delay_response,0.0,6.0,6.0088,6.0088,6.008849,False,closed,open,False,False,False,False,observable age exceeds the freshness budget,upstream of the hub stamp; the hub re-stamps at receipt
e2-20260813,E2_nonce_bound_affirmation,19,A0,none,0.025,attack,delay_response,0.0,6.0,6.0016,6.0016,6.001622,False,closed,open,False,False,False,False,observable age exceeds the freshness budget,upstream of the hub stamp; the hub re-stamps at receipt
e2-20260813,E2_nonce_bound_affirmation,0,A0,none,0.1,benign,none,0.0,0.0,0.006,0.006,0.005979,True,closed,closed,False,False,False,False,no challenge (v1 timestamp trust),upstream of the hub stamp; the hub re-stamps at receipt
e2-20260813,E2_nonce_bound_affirmation,1,A0,none,0.1,benign,none,0.0,0.0,0.0011,0.0011,0.00112,True,closed,closed,False,False,False,False,no challenge (v1 timestamp trust),upstream of the hub stamp; the hub re-stamps at receipt
e2-20260813,E2_nonce_bound_affirmation,2,A0,none,0.1,benign,none,0.0,0.0,0.0066,0.0066,0.006625,True,closed,closed,False,False,False,False,no challenge (v1 timestamp trust),upstream of the hub stamp; the hub re-stamps at receipt
e2-20260813,E2_nonce_bound_affirmation,3,A0,none,0.1,benign,none,0.0,0.0,0.0029,0.0029,0.002908,True,closed,closed,False,False,False,False,no challenge (v1 timestamp trust),upstream of the hub stamp; the hub re-stamps at receipt
e2-20260813,E2_nonce_bound_affirmation,4,A0,none,0.1,benign,none,0.0,0.0,0.0044,0.0044,0.00436,True,closed,closed,False,False,False,False,no challenge (v1 timestamp trust),upstream of the hub stamp; the hub re-stamps at receipt
e2-20260813,E2_nonce_bound_affirmation,5,A0,none,0.1,benign,none,0.0,0.0,0.0016,0.0016,0.001595,True,closed,closed,False,False,False,False,no challenge (v1 timestamp trust),upstream of the hub stamp; the hub re-stamps at receipt
e2-20260813,E2_nonce_bound_affirmation,6,A0,none,0.1,benign,none,0.0,0.0,0.0078,0.0078,0.007818,True,closed,closed,False,False,False,False,no challenge (v1 timestamp trust),upstream of the hub stamp; the hub re-stamps at receipt
e2-20260813,E2_nonce_bound_affirmation,7,A0,none,0.1,benign,none,0.0,0.0,0.0011,0.0011,0.001136,True,closed,closed,False,False,False,False,no challenge (v1 timestamp trust),upstream of the hub stamp; the hub re-stamps at receipt
e2-20260813,E2_nonce_bound_affirmation,8,A0,none,0.1,benign,none,0.0,0.0,0.0018,0.0018,0.001825,True,closed,closed,False,False,False,False,no challenge (v1 timestamp trust),upstream of the hub stamp; the hub re-stamps at receipt
e2-20260813,E2_nonce_bound_affirmation,9,A0,none,0.1,benign,none,0.0,0.0,0.0014,0.0014,0.001352,True,closed,closed,False,False,False,False,no challenge (v1 timestamp trust),upstream of the hub stamp; the hub re-stamps at receipt
e2-20260813,E2_nonce_bound_affirmation,10,A0,none,0.1,benign,none,0.0,0.0,0.0048,0.0048,0.004832,True,closed,closed,False,False,False,False,no challenge (v1 timestamp trust),upstream of the hub stamp; the hub re-stamps at receipt
e2-20260813,E2_nonce_bound_affirmation,11,A0,none,0.1,benign,none,0.0,0.0,0.0087,0.0087,0.008675,True,closed,closed,False,False,False,False,no challenge (v1 timestamp trust),upstream of the hub stamp; the hub re-stamps at receipt
e2-20260813,E2_nonce_bound_affirmation,12,A0,none,0.1,benign,none,0.0,0.0,0.0077,0.0077,0.007673,True,closed,closed,False,False,False,False,no challenge (v1 timestamp trust),upstream of the hub stamp; the hub re-stamps at receipt
e2-20260813,E2_nonce_bound_affirmation,13,A0,none,0.1,benign,none,0.0,0.0,0.0087,0.0087,0.008734,True,closed,closed,False,False,False,False,no challenge (v1 timestamp trust),upstream of the hub stamp; the hub re-stamps at receipt
e2-20260813,E2_nonce_bound_affirmation,14,A0,none,0.1,benign,none,0.0,0.0,0.0056,0.0056,0.005641,True,closed,closed,False,False,False,False,no challenge (v1 timestamp trust),upstream of the hub stamp; the hub re-stamps at receipt
e2-20260813,E2_nonce_bound_affirmation,15,A0,none,0.1,benign,none,0.0,0.0,0.0009,0.0009,0.000948,True,closed,closed,False,False,False,False,no challenge (v1 timestamp trust),upstream of the hub stamp; the hub re-stamps at receipt
e2-20260813,E2_nonce_bound_affirmation,16,A0,none,0.1,benign,none,0.0,0.0,0.0089,0.0089,0.008872,True,closed,closed,False,False,False,False,no challenge (v1 timestamp trust),upstream of the hub stamp; the hub re-stamps at receipt
e2-20260813,E2_nonce_bound_affirmation,17,A0,none,0.1,benign,none,0.0,0.0,0.006,0.006,0.006028,True,closed,closed,False,False,False,False,no challenge (v1 timestamp trust),upstream of the hub stamp; the hub re-stamps at receipt
e2-20260813,E2_nonce_bound_affirmation,18,A0,none,0.1,benign,none,0.0,0.0,0.002,0.002,0.002007,True,closed,closed,False,False,False,False,no challenge (v1 timestamp trust),upstream of the hub stamp; the hub re-stamps at receipt
e2-20260813,E2_nonce_bound_affirmation,19,A0,none,0.1,benign,none,0.0,0.0,0.0086,0.0086,0.008608,True,closed,closed,False,False,False,False,no challenge (v1 timestamp trust),upstream of the hub stamp; the hub re-stamps at receipt
e2-20260813,E2_nonce_bound_affirmation,0,A0,none,0.1,attack,release_held,6.0,0.0,6.0033,0.0033,0.00328,True,closed,open,True,True,False,False,no challenge (v1 timestamp trust),upstream of the hub stamp; the hub re-stamps at receipt
e2-20260813,E2_nonce_bound_affirmation,1,A0,none,0.1,attack,release_held,6.0,0.0,6.0062,0.0062,0.00617,True,closed,open,True,True,False,False,no challenge (v1 timestamp trust),upstream of the hub stamp; the hub re-stamps at receipt
e2-20260813,E2_nonce_bound_affirmation,2,A0,none,0.1,attack,release_held,6.0,0.0,6.0036,0.0036,0.003613,True,closed,open,True,True,False,False,no challenge (v1 timestamp trust),upstream of the hub stamp; the hub re-stamps at receipt
e2-20260813,E2_nonce_bound_affirmation,3,A0,none,0.1,attack,release_held,6.0,0.0,6.0031,0.0031,0.00306,True,closed,open,True,True,False,False,no challenge (v1 timestamp trust),upstream of the hub stamp; the hub re-stamps at receipt
e2-20260813,E2_nonce_bound_affirmation,4,A0,none,0.1,attack,release_held,6.0,0.0,6.0041,0.0041,0.004113,True,closed,open,True,True,False,False,no challenge (v1 timestamp trust),upstream of the hub stamp; the hub re-stamps at receipt
e2-20260813,E2_nonce_bound_affirmation,5,A0,none,0.1,attack,release_held,6.0,0.0,6.0064,0.0064,0.006398,True,closed,open,True,True,False,False,no challenge (v1 timestamp trust),upstream of the hub stamp; the hub re-stamps at receipt
e2-20260813,E2_nonce_bound_affirmation,6,A0,none,0.1,attack,release_held,6.0,0.0,6.0031,0.0031,0.003087,True,closed,open,True,True,False,False,no challenge (v1 timestamp trust),upstream of the hub stamp; the hub re-stamps at receipt
e2-20260813,E2_nonce_bound_affirmation,7,A0,none,0.1,attack,release_held,6.0,0.0,6.0012,0.0012,0.001167,True,closed,open,True,True,False,False,no challenge (v1 timestamp trust),upstream of the hub stamp; the hub re-stamps at receipt
e2-20260813,E2_nonce_bound_affirmation,8,A0,none,0.1,attack,release_held,6.0,0.0,6.005,0.005,0.004951,True,closed,open,True,True,False,False,no challenge (v1 timestamp trust),upstream of the hub stamp; the hub re-stamps at receipt
e2-20260813,E2_nonce_bound_affirmation,9,A0,none,0.1,attack,release_held,6.0,0.0,6.0071,0.0071,0.007139,True,closed,open,True,True,False,False,no challenge (v1 timestamp trust),upstream of the hub stamp; the hub re-stamps at receipt
e2-20260813,E2_nonce_bound_affirmation,10,A0,none,0.1,attack,release_held,6.0,0.0,6.0011,0.0011,0.00113,True,closed,open,True,True,False,False,no challenge (v1 timestamp trust),upstream of the hub stamp; the hub re-stamps at receipt
e2-20260813,E2_nonce_bound_affirmation,11,A0,none,0.1,attack,release_held,6.0,0.0,6.0037,0.0037,0.003734,True,closed,open,True,True,False,False,no challenge (v1 timestamp trust),upstream of the hub stamp; the hub re-stamps at receipt
e2-20260813,E2_nonce_bound_affirmation,12,A0,none,0.1,attack,release_held,6.0,0.0,6.0065,0.0065,0.006497,True,closed,open,True,True,False,False,no challenge (v1 timestamp trust),upstream of the hub stamp; the hub re-stamps at receipt
e2-20260813,E2_nonce_bound_affirmation,13,A0,none,0.1,attack,release_held,6.0,0.0,6.0033,0.0033,0.003299,True,closed,open,True,True,False,False,no challenge (v1 timestamp trust),upstream of the hub stamp; the hub re-stamps at receipt
e2-20260813,E2_nonce_bound_affirmation,14,A0,none,0.1,attack,release_held,6.0,0.0,6.0015,0.0015,0.00151,True,closed,open,True,True,False,False,no challenge (v1 timestamp trust),upstream of the hub stamp; the hub re-stamps at receipt
e2-20260813,E2_nonce_bound_affirmation,15,A0,none,0.1,attack,release_held,6.0,0.0,6.002,0.002,0.002021,True,closed,open,True,True,False,False,no challenge (v1 timestamp trust),upstream of the hub stamp; the hub re-stamps at receipt
e2-20260813,E2_nonce_bound_affirmation,16,A0,none,0.1,attack,release_held,6.0,0.0,6.0079,0.0079,0.007881,True,closed,open,True,True,False,False,no challenge (v1 timestamp trust),upstream of the hub stamp; the hub re-stamps at receipt
e2-20260813,E2_nonce_bound_affirmation,17,A0,none,0.1,attack,release_held,6.0,0.0,6.001,0.001,0.001026,True,closed,open,True,True,False,False,no challenge (v1 timestamp trust),upstream of the hub stamp; the hub re-stamps at receipt
e2-20260813,E2_nonce_bound_affirmation,18,A0,none,0.1,attack,release_held,6.0,0.0,6.0029,0.0029,0.002895,True,closed,open,True,True,False,False,no challenge (v1 timestamp trust),upstream of the hub stamp; the hub re-stamps at receipt
e2-20260813,E2_nonce_bound_affirmation,19,A0,none,0.1,attack,release_held,6.0,0.0,6.0065,0.0065,0.006536,True,closed,open,True,True,False,False,no challenge (v1 timestamp trust),upstream of the hub stamp; the hub re-stamps at receipt
e2-20260813,E2_nonce_bound_affirmation,0,A0,none,0.1,attack,delay_response,0.0,6.0,6.0083,6.0083,6.008327,False,closed,open,False,False,False,False,observable age exceeds the freshness budget,upstream of the hub stamp; the hub re-stamps at receipt
e2-20260813,E2_nonce_bound_affirmation,1,A0,none,0.1,attack,delay_response,0.0,6.0,6.0067,6.0067,6.006681,False,closed,open,False,False,False,False,observable age exceeds the freshness budget,upstream of the hub stamp; the hub re-stamps at receipt
e2-20260813,E2_nonce_bound_affirmation,2,A0,none,0.1,attack,delay_response,0.0,6.0,6.0011,6.0011,6.001139,False,closed,open,False,False,False,False,observable age exceeds the freshness budget,upstream of the hub stamp; the hub re-stamps at receipt
e2-20260813,E2_nonce_bound_affirmation,3,A0,none,0.1,attack,delay_response,0.0,6.0,6.002,6.002,6.002032,False,closed,open,False,False,False,False,observable age exceeds the freshness budget,upstream of the hub stamp; the hub re-stamps at receipt
e2-20260813,E2_nonce_bound_affirmation,4,A0,none,0.1,attack,delay_response,0.0,6.0,6.0082,6.0082,6.008248,False,closed,open,False,False,False,False,observable age exceeds the freshness budget,upstream of the hub stamp; the hub re-stamps at receipt
e2-20260813,E2_nonce_bound_affirmation,5,A0,none,0.1,attack,delay_response,0.0,6.0,6.0009,6.0009,6.000866,False,closed,open,False,False,False,False,observable age exceeds the freshness budget,upstream of the hub stamp; the hub re-stamps at receipt
e2-20260813,E2_nonce_bound_affirmation,6,A0,none,0.1,attack,delay_response,0.0,6.0,6.0011,6.0011,6.00111,False,closed,open,False,False,False,False,observable age exceeds the freshness budget,upstream of the hub stamp; the hub re-stamps at receipt
e2-20260813,E2_nonce_bound_affirmation,7,A0,none,0.1,attack,delay_response,0.0,6.0,6.0083,6.0083,6.008273,False,closed,open,False,False,False,False,observable age exceeds the freshness budget,upstream of the hub stamp; the hub re-stamps at receipt
e2-20260813,E2_nonce_bound_affirmation,8,A0,none,0.1,attack,delay_response,0.0,6.0,6.0056,6.0056,6.005581,False,closed,open,False,False,False,False,observable age exceeds the freshness budget,upstream of the hub stamp; the hub re-stamps at receipt
e2-20260813,E2_nonce_bound_affirmation,9,A0,none,0.1,attack,delay_response,0.0,6.0,6.0016,6.0016,6.001608,False,closed,open,False,False,False,False,observable age exceeds the freshness budget,upstream of the hub stamp; the hub re-stamps at receipt
e2-20260813,E2_nonce_bound_affirmation,10,A0,none,0.1,attack,delay_response,0.0,6.0,6.0089,6.0089,6.008894,False,closed,open,False,False,False,False,observable age exceeds the freshness budget,upstream of the hub stamp; the hub re-stamps at receipt
e2-20260813,E2_nonce_bound_affirmation,11,A0,none,0.1,attack,delay_response,0.0,6.0,6.0045,6.0045,6.00446,False,closed,open,False,False,False,False,observable age exceeds the freshness budget,upstream of the hub stamp; the hub re-stamps at receipt
e2-20260813,E2_nonce_bound_affirmation,12,A0,none,0.1,attack,delay_response,0.0,6.0,6.008,6.008,6.007984,False,closed,open,False,False,False,False,observable age exceeds the freshness budget,upstream of the hub stamp; the hub re-stamps at receipt
e2-20260813,E2_nonce_bound_affirmation,13,A0,none,0.1,attack,delay_response,0.0,6.0,6.0065,6.0065,6.006495,False,closed,open,False,False,False,False,observable age exceeds the freshness budget,upstream of the hub stamp; the hub re-stamps at receipt
e2-20260813,E2_nonce_bound_affirmation,14,A0,none,0.1,attack,delay_response,0.0,6.0,6.0029,6.0029,6.002897,False,closed,open,False,False,False,False,observable age exceeds the freshness budget,upstream of the hub stamp; the hub re-stamps at receipt
e2-20260813,E2_nonce_bound_affirmation,15,A0,none,0.1,attack,delay_response,0.0,6.0,6.0044,6.0044,6.004434,False,closed,open,False,False,False,False,observable age exceeds the freshness budget,upstream of the hub stamp; the hub re-stamps at receipt
e2-20260813,E2_nonce_bound_affirmation,16,A0,none,0.1,attack,delay_response,0.0,6.0,6.0044,6.0044,6.004374,False,closed,open,False,False,False,False,observable age exceeds the freshness budget,upstream of the hub stamp; the hub re-stamps at receipt
e2-20260813,E2_nonce_bound_affirmation,17,A0,none,0.1,attack,delay_response,0.0,6.0,6.006,6.006,6.005991,False,closed,open,False,False,False,False,observable age exceeds the freshness budget,upstream of the hub stamp; the hub re-stamps at receipt
e2-20260813,E2_nonce_bound_affirmation,18,A0,none,0.1,attack,delay_response,0.0,6.0,6.005,6.005,6.004958,False,closed,open,False,False,False,False,observable age exceeds the freshness budget,upstream of the hub stamp; the hub re-stamps at receipt
e2-20260813,E2_nonce_bound_affirmation,19,A0,none,0.1,attack,delay_response,0.0,6.0,6.0061,6.0061,6.006101,False,closed,open,False,False,False,False,observable age exceeds the freshness budget,upstream of the hub stamp; the hub re-stamps at receipt
e2-20260813,E2_nonce_bound_affirmation,0,A0,none,0.5,benign,none,0.0,0.0,0.0068,0.0068,0.006825,True,closed,closed,False,False,False,False,no challenge (v1 timestamp trust),upstream of the hub stamp; the hub re-stamps at receipt
e2-20260813,E2_nonce_bound_affirmation,1,A0,none,0.5,benign,none,0.0,0.0,0.0014,0.0014,0.001419,True,closed,closed,False,False,False,False,no challenge (v1 timestamp trust),upstream of the hub stamp; the hub re-stamps at receipt
e2-20260813,E2_nonce_bound_affirmation,2,A0,none,0.5,benign,none,0.0,0.0,0.0075,0.0075,0.007521,True,closed,closed,False,False,False,False,no challenge (v1 timestamp trust),upstream of the hub stamp; the hub re-stamps at receipt
e2-20260813,E2_nonce_bound_affirmation,3,A0,none,0.5,benign,none,0.0,0.0,0.0053,0.0053,0.005294,True,closed,closed,False,False,False,False,no challenge (v1 timestamp trust),upstream of the hub stamp; the hub re-stamps at receipt
e2-20260813,E2_nonce_bound_affirmation,4,A0,none,0.5,benign,none,0.0,0.0,0.0051,0.0051,0.005104,True,closed,closed,False,False,False,False,no challenge (v1 timestamp trust),upstream of the hub stamp; the hub re-stamps at receipt
e2-20260813,E2_nonce_bound_affirmation,5,A0,none,0.5,benign,none,0.0,0.0,0.0041,0.0041,0.004063,True,closed,closed,False,False,False,False,no challenge (v1 timestamp trust),upstream of the hub stamp; the hub re-stamps at receipt
e2-20260813,E2_nonce_bound_affirmation,6,A0,none,0.5,benign,none,0.0,0.0,0.0019,0.0019,0.001882,True,closed,closed,False,False,False,False,no challenge (v1 timestamp trust),upstream of the hub stamp; the hub re-stamps at receipt
e2-20260813,E2_nonce_bound_affirmation,7,A0,none,0.5,benign,none,0.0,0.0,0.0043,0.0043,0.004333,True,closed,closed,False,False,False,False,no challenge (v1 timestamp trust),upstream of the hub stamp; the hub re-stamps at receipt
e2-20260813,E2_nonce_bound_affirmation,8,A0,none,0.5,benign,none,0.0,0.0,0.0076,0.0076,0.007641,True,closed,closed,False,False,False,False,no challenge (v1 timestamp trust),upstream of the hub stamp; the hub re-stamps at receipt
e2-20260813,E2_nonce_bound_affirmation,9,A0,none,0.5,benign,none,0.0,0.0,0.0043,0.0043,0.004257,True,closed,closed,False,False,False,False,no challenge (v1 timestamp trust),upstream of the hub stamp; the hub re-stamps at receipt
e2-20260813,E2_nonce_bound_affirmation,10,A0,none,0.5,benign,none,0.0,0.0,0.0072,0.0072,0.007179,True,closed,closed,False,False,False,False,no challenge (v1 timestamp trust),upstream of the hub stamp; the hub re-stamps at receipt
e2-20260813,E2_nonce_bound_affirmation,11,A0,none,0.5,benign,none,0.0,0.0,0.006,0.006,0.006023,True,closed,closed,False,False,False,False,no challenge (v1 timestamp trust),upstream of the hub stamp; the hub re-stamps at receipt
e2-20260813,E2_nonce_bound_affirmation,12,A0,none,0.5,benign,none,0.0,0.0,0.0086,0.0086,0.008607,True,closed,closed,False,False,False,False,no challenge (v1 timestamp trust),upstream of the hub stamp; the hub re-stamps at receipt
e2-20260813,E2_nonce_bound_affirmation,13,A0,none,0.5,benign,none,0.0,0.0,0.0012,0.0012,0.001208,True,closed,closed,False,False,False,False,no challenge (v1 timestamp trust),upstream of the hub stamp; the hub re-stamps at receipt
e2-20260813,E2_nonce_bound_affirmation,14,A0,none,0.5,benign,none,0.0,0.0,0.0031,0.0031,0.003106,True,closed,closed,False,False,False,False,no challenge (v1 timestamp trust),upstream of the hub stamp; the hub re-stamps at receipt
e2-20260813,E2_nonce_bound_affirmation,15,A0,none,0.5,benign,none,0.0,0.0,0.008,0.008,0.008033,True,closed,closed,False,False,False,False,no challenge (v1 timestamp trust),upstream of the hub stamp; the hub re-stamps at receipt
e2-20260813,E2_nonce_bound_affirmation,16,A0,none,0.5,benign,none,0.0,0.0,0.0021,0.0021,0.002111,True,closed,closed,False,False,False,False,no challenge (v1 timestamp trust),upstream of the hub stamp; the hub re-stamps at receipt
e2-20260813,E2_nonce_bound_affirmation,17,A0,none,0.5,benign,none,0.0,0.0,0.0016,0.0016,0.001578,True,closed,closed,False,False,False,False,no challenge (v1 timestamp trust),upstream of the hub stamp; the hub re-stamps at receipt
e2-20260813,E2_nonce_bound_affirmation,18,A0,none,0.5,benign,none,0.0,0.0,0.0083,0.0083,0.008277,True,closed,closed,False,False,False,False,no challenge (v1 timestamp trust),upstream of the hub stamp; the hub re-stamps at receipt
e2-20260813,E2_nonce_bound_affirmation,19,A0,none,0.5,benign,none,0.0,0.0,0.0039,0.0039,0.00395,True,closed,closed,False,False,False,False,no challenge (v1 timestamp trust),upstream of the hub stamp; the hub re-stamps at receipt
e2-20260813,E2_nonce_bound_affirmation,0,A0,none,0.5,attack,release_held,6.0,0.0,6.006,0.006,0.006012,True,closed,open,True,True,False,False,no challenge (v1 timestamp trust),upstream of the hub stamp; the hub re-stamps at receipt
e2-20260813,E2_nonce_bound_affirmation,1,A0,none,0.5,attack,release_held,6.0,0.0,6.001,0.001,0.001036,True,closed,open,True,True,False,False,no challenge (v1 timestamp trust),upstream of the hub stamp; the hub re-stamps at receipt
e2-20260813,E2_nonce_bound_affirmation,2,A0,none,0.5,attack,release_held,6.0,0.0,6.0025,0.0025,0.002461,True,closed,open,True,True,False,False,no challenge (v1 timestamp trust),upstream of the hub stamp; the hub re-stamps at receipt
e2-20260813,E2_nonce_bound_affirmation,3,A0,none,0.5,attack,release_held,6.0,0.0,6.0024,0.0024,0.002441,True,closed,open,True,True,False,False,no challenge (v1 timestamp trust),upstream of the hub stamp; the hub re-stamps at receipt
e2-20260813,E2_nonce_bound_affirmation,4,A0,none,0.5,attack,release_held,6.0,0.0,6.009,0.009,0.008996,True,closed,open,True,True,False,False,no challenge (v1 timestamp trust),upstream of the hub stamp; the hub re-stamps at receipt
e2-20260813,E2_nonce_bound_affirmation,5,A0,none,0.5,attack,release_held,6.0,0.0,6.0042,0.0042,0.004212,True,closed,open,True,True,False,False,no challenge (v1 timestamp trust),upstream of the hub stamp; the hub re-stamps at receipt
e2-20260813,E2_nonce_bound_affirmation,6,A0,none,0.5,attack,release_held,6.0,0.0,6.0081,0.0081,0.008144,True,closed,open,True,True,False,False,no challenge (v1 timestamp trust),upstream of the hub stamp; the hub re-stamps at receipt
e2-20260813,E2_nonce_bound_affirmation,7,A0,none,0.5,attack,release_held,6.0,0.0,6.0089,0.0089,0.008874,True,closed,open,True,True,False,False,no challenge (v1 timestamp trust),upstream of the hub stamp; the hub re-stamps at receipt
e2-20260813,E2_nonce_bound_affirmation,8,A0,none,0.5,attack,release_held,6.0,0.0,6.009,0.009,0.008955,True,closed,open,True,True,False,False,no challenge (v1 timestamp trust),upstream of the hub stamp; the hub re-stamps at receipt
e2-20260813,E2_nonce_bound_affirmation,9,A0,none,0.5,attack,release_held,6.0,0.0,6.0009,0.0009,0.000915,True,closed,open,True,True,False,False,no challenge (v1 timestamp trust),upstream of the hub stamp; the hub re-stamps at receipt
e2-20260813,E2_nonce_bound_affirmation,10,A0,none,0.5,attack,release_held,6.0,0.0,6.0065,0.0065,0.006511,True,closed,open,True,True,False,False,no challenge (v1 timestamp trust),upstream of the hub stamp; the hub re-stamps at receipt
e2-20260813,E2_nonce_bound_affirmation,11,A0,none,0.5,attack,release_held,6.0,0.0,6.0025,0.0025,0.002456,True,closed,open,True,True,False,False,no challenge (v1 timestamp trust),upstream of the hub stamp; the hub re-stamps at receipt
e2-20260813,E2_nonce_bound_affirmation,12,A0,none,0.5,attack,release_held,6.0,0.0,6.0063,0.0063,0.006277,True,closed,open,True,True,False,False,no challenge (v1 timestamp trust),upstream of the hub stamp; the hub re-stamps at receipt
e2-20260813,E2_nonce_bound_affirmation,13,A0,none,0.5,attack,release_held,6.0,0.0,6.0019,0.0019,0.001909,True,closed,open,True,True,False,False,no challenge (v1 timestamp trust),upstream of the hub stamp; the hub re-stamps at receipt
e2-20260813,E2_nonce_bound_affirmation,14,A0,none,0.5,attack,release_held,6.0,0.0,6.0072,0.0072,0.007241,True,closed,open,True,True,False,False,no challenge (v1 timestamp trust),upstream of the hub stamp; the hub re-stamps at receipt
e2-20260813,E2_nonce_bound_affirmation,15,A0,none,0.5,attack,release_held,6.0,0.0,6.0073,0.0073,0.007326,True,closed,open,True,True,False,False,no challenge (v1 timestamp trust),upstream of the hub stamp; the hub re-stamps at receipt
e2-20260813,E2_nonce_bound_affirmation,16,A0,none,0.5,attack,release_held,6.0,0.0,6.0086,0.0086,0.008572,True,closed,open,True,True,False,False,no challenge (v1 timestamp trust),upstream of the hub stamp; the hub re-stamps at receipt
e2-20260813,E2_nonce_bound_affirmation,17,A0,none,0.5,attack,release_held,6.0,0.0,6.001,0.001,0.00097,True,closed,open,True,True,False,False,no challenge (v1 timestamp trust),upstream of the hub stamp; the hub re-stamps at receipt
e2-20260813,E2_nonce_bound_affirmation,18,A0,none,0.5,attack,release_held,6.0,0.0,6.0068,0.0068,0.006824,True,closed,open,True,True,False,False,no challenge (v1 timestamp trust),upstream of the hub stamp; the hub re-stamps at receipt
e2-20260813,E2_nonce_bound_affirmation,19,A0,none,0.5,attack,release_held,6.0,0.0,6.0065,0.0065,0.006489,True,closed,open,True,True,False,False,no challenge (v1 timestamp trust),upstream of the hub stamp; the hub re-stamps at receipt
e2-20260813,E2_nonce_bound_affirmation,0,A0,none,0.5,attack,delay_response,0.0,6.0,6.0082,6.0082,6.008227,False,closed,open,False,False,False,False,observable age exceeds the freshness budget,upstream of the hub stamp; the hub re-stamps at receipt
e2-20260813,E2_nonce_bound_affirmation,1,A0,none,0.5,attack,delay_response,0.0,6.0,6.0008,6.0008,6.000808,False,closed,open,False,False,False,False,observable age exceeds the freshness budget,upstream of the hub stamp; the hub re-stamps at receipt
e2-20260813,E2_nonce_bound_affirmation,2,A0,none,0.5,attack,delay_response,0.0,6.0,6.0027,6.0027,6.002654,False,closed,open,False,False,False,False,observable age exceeds the freshness budget,upstream of the hub stamp; the hub re-stamps at receipt
e2-20260813,E2_nonce_bound_affirmation,3,A0,none,0.5,attack,delay_response,0.0,6.0,6.0014,6.0014,6.00137,False,closed,open,False,False,False,False,observable age exceeds the freshness budget,upstream of the hub stamp; the hub re-stamps at receipt
e2-20260813,E2_nonce_bound_affirmation,4,A0,none,0.5,attack,delay_response,0.0,6.0,6.0017,6.0017,6.001729,False,closed,open,False,False,False,False,observable age exceeds the freshness budget,upstream of the hub stamp; the hub re-stamps at receipt
e2-20260813,E2_nonce_bound_affirmation,5,A0,none,0.5,attack,delay_response,0.0,6.0,6.0033,6.0033,6.003298,False,closed,open,False,False,False,False,observable age exceeds the freshness budget,upstream of the hub stamp; the hub re-stamps at receipt
e2-20260813,E2_nonce_bound_affirmation,6,A0,none,0.5,attack,delay_response,0.0,6.0,6.0043,6.0043,6.004254,False,closed,open,False,False,False,False,observable age exceeds the freshness budget,upstream of the hub stamp; the hub re-stamps at receipt
e2-20260813,E2_nonce_bound_affirmation,7,A0,none,0.5,attack,delay_response,0.0,6.0,6.0065,6.0065,6.006513,False,closed,open,False,False,False,False,observable age exceeds the freshness budget,upstream of the hub stamp; the hub re-stamps at receipt
e2-20260813,E2_nonce_bound_affirmation,8,A0,none,0.5,attack,delay_response,0.0,6.0,6.0018,6.0018,6.001832,False,closed,open,False,False,False,False,observable age exceeds the freshness budget,upstream of the hub stamp; the hub re-stamps at receipt
e2-20260813,E2_nonce_bound_affirmation,9,A0,none,0.5,attack,delay_response,0.0,6.0,6.008,6.008,6.007995,False,closed,open,False,False,False,False,observable age exceeds the freshness budget,upstream of the hub stamp; the hub re-stamps at receipt
e2-20260813,E2_nonce_bound_affirmation,10,A0,none,0.5,attack,delay_response,0.0,6.0,6.0035,6.0035,6.003523,False,closed,open,False,False,False,False,observable age exceeds the freshness budget,upstream of the hub stamp; the hub re-stamps at receipt
e2-20260813,E2_nonce_bound_affirmation,11,A0,none,0.5,attack,delay_response,0.0,6.0,6.0039,6.0039,6.003938,False,closed,open,False,False,False,False,observable age exceeds the freshness budget,upstream of the hub stamp; the hub re-stamps at receipt
e2-20260813,E2_nonce_bound_affirmation,12,A0,none,0.5,attack,delay_response,0.0,6.0,6.002,6.002,6.002019,False,closed,open,False,False,False,False,observable age exceeds the freshness budget,upstream of the hub stamp; the hub re-stamps at receipt
e2-20260813,E2_nonce_bound_affirmation,13,A0,none,0.5,attack,delay_response,0.0,6.0,6.0037,6.0037,6.003735,False,closed,open,False,False,False,False,observable age exceeds the freshness budget,upstream of the hub stamp; the hub re-stamps at receipt
e2-20260813,E2_nonce_bound_affirmation,14,A0,none,0.5,attack,delay_response,0.0,6.0,6.0053,6.0053,6.005262,False,closed,open,False,False,False,False,observable age exceeds the freshness budget,upstream of the hub stamp; the hub re-stamps at receipt
e2-20260813,E2_nonce_bound_affirmation,15,A0,none,0.5,attack,delay_response,0.0,6.0,6.0047,6.0047,6.004735,False,closed,open,False,False,False,False,observable age exceeds the freshness budget,upstream of the hub stamp; the hub re-stamps at receipt
e2-20260813,E2_nonce_bound_affirmation,16,A0,none,0.5,attack,delay_response,0.0,6.0,6.008,6.008,6.007994,False,closed,open,False,False,False,False,observable age exceeds the freshness budget,upstream of the hub stamp; the hub re-stamps at receipt
e2-20260813,E2_nonce_bound_affirmation,17,A0,none,0.5,attack,delay_response,0.0,6.0,6.008,6.008,6.008039,False,closed,open,False,False,False,False,observable age exceeds the freshness budget,upstream of the hub stamp; the hub re-stamps at receipt
e2-20260813,E2_nonce_bound_affirmation,18,A0,none,0.5,attack,delay_response,0.0,6.0,6.0044,6.0044,6.004434,False,closed,open,False,False,False,False,observable age exceeds the freshness budget,upstream of the hub stamp; the hub re-stamps at receipt
e2-20260813,E2_nonce_bound_affirmation,19,A0,none,0.5,attack,delay_response,0.0,6.0,6.0083,6.0083,6.008284,False,closed,open,False,False,False,False,observable age exceeds the freshness budget,upstream of the hub stamp; the hub re-stamps at receipt
e2-20260813,E2_nonce_bound_affirmation,0,A0,deployable,0.001,benign,none,0.0,0.0,0.0089,0.0089,0.008949,False,closed,closed,False,False,True,False,round trip 0.009s > bound 0.001s,upstream of the hub stamp; the hub re-stamps at receipt
e2-20260813,E2_nonce_bound_affirmation,1,A0,deployable,0.001,benign,none,0.0,0.0,0.0081,0.0081,0.008052,False,closed,closed,False,False,True,False,round trip 0.008s > bound 0.001s,upstream of the hub stamp; the hub re-stamps at receipt
e2-20260813,E2_nonce_bound_affirmation,2,A0,deployable,0.001,benign,none,0.0,0.0,0.0046,0.0046,0.004629,False,closed,closed,False,False,True,False,round trip 0.005s > bound 0.001s,upstream of the hub stamp; the hub re-stamps at receipt
e2-20260813,E2_nonce_bound_affirmation,3,A0,deployable,0.001,benign,none,0.0,0.0,0.0044,0.0044,0.00439,False,closed,closed,False,False,True,False,round trip 0.004s > bound 0.001s,upstream of the hub stamp; the hub re-stamps at receipt
e2-20260813,E2_nonce_bound_affirmation,4,A0,deployable,0.001,benign,none,0.0,0.0,0.0058,0.0058,0.00581,False,closed,closed,False,False,True,False,round trip 0.006s > bound 0.001s,upstream of the hub stamp; the hub re-stamps at receipt
e2-20260813,E2_nonce_bound_affirmation,5,A0,deployable,0.001,benign,none,0.0,0.0,0.006,0.006,0.006013,False,closed,closed,False,False,True,False,round trip 0.006s > bound 0.001s,upstream of the hub stamp; the hub re-stamps at receipt
e2-20260813,E2_nonce_bound_affirmation,6,A0,deployable,0.001,benign,none,0.0,0.0,0.0011,0.0011,0.001129,False,closed,closed,False,False,True,False,round trip 0.001s > bound 0.001s,upstream of the hub stamp; the hub re-stamps at receipt
e2-20260813,E2_nonce_bound_affirmation,7,A0,deployable,0.001,benign,none,0.0,0.0,0.0061,0.0061,0.006059,False,closed,closed,False,False,True,False,round trip 0.006s > bound 0.001s,upstream of the hub stamp; the hub re-stamps at receipt
e2-20260813,E2_nonce_bound_affirmation,8,A0,deployable,0.001,benign,none,0.0,0.0,0.0013,0.0013,0.001274,False,closed,closed,False,False,True,False,round trip 0.001s > bound 0.001s,upstream of the hub stamp; the hub re-stamps at receipt
e2-20260813,E2_nonce_bound_affirmation,9,A0,deployable,0.001,benign,none,0.0,0.0,0.0038,0.0038,0.003818,False,closed,closed,False,False,True,False,round trip 0.004s > bound 0.001s,upstream of the hub stamp; the hub re-stamps at receipt
e2-20260813,E2_nonce_bound_affirmation,10,A0,deployable,0.001,benign,none,0.0,0.0,0.0058,0.0058,0.005757,False,closed,closed,False,False,True,False,round trip 0.006s > bound 0.001s,upstream of the hub stamp; the hub re-stamps at receipt
e2-20260813,E2_nonce_bound_affirmation,11,A0,deployable,0.001,benign,none,0.0,0.0,0.0049,0.0049,0.004947,False,closed,closed,False,False,True,False,round trip 0.005s > bound 0.001s,upstream of the hub stamp; the hub re-stamps at receipt
e2-20260813,E2_nonce_bound_affirmation,12,A0,deployable,0.001,benign,none,0.0,0.0,0.0012,0.0012,0.001154,False,closed,closed,False,False,True,False,round trip 0.001s > bound 0.001s,upstream of the hub stamp; the hub re-stamps at receipt
e2-20260813,E2_nonce_bound_affirmation,13,A0,deployable,0.001,benign,none,0.0,0.0,0.0083,0.0083,0.008283,False,closed,closed,False,False,True,False,round trip 0.008s > bound 0.001s,upstream of the hub stamp; the hub re-stamps at receipt
e2-20260813,E2_nonce_bound_affirmation,14,A0,deployable,0.001,benign,none,0.0,0.0,0.0087,0.0087,0.008731,False,closed,closed,False,False,True,False,round trip 0.009s > bound 0.001s,upstream of the hub stamp; the hub re-stamps at receipt
e2-20260813,E2_nonce_bound_affirmation,15,A0,deployable,0.001,benign,none,0.0,0.0,0.0039,0.0039,0.003863,False,closed,closed,False,False,True,False,round trip 0.004s > bound 0.001s,upstream of the hub stamp; the hub re-stamps at receipt
e2-20260813,E2_nonce_bound_affirmation,16,A0,deployable,0.001,benign,none,0.0,0.0,0.0044,0.0044,0.004441,False,closed,closed,False,False,True,False,round trip 0.004s > bound 0.001s,upstream of the hub stamp; the hub re-stamps at receipt
e2-20260813,E2_nonce_bound_affirmation,17,A0,deployable,0.001,benign,none,0.0,0.0,0.0024,0.0024,0.002426,False,closed,closed,False,False,True,False,round trip 0.002s > bound 0.001s,upstream of the hub stamp; the hub re-stamps at receipt
e2-20260813,E2_nonce_bound_affirmation,18,A0,deployable,0.001,benign,none,0.0,0.0,0.0071,0.0071,0.007072,False,closed,closed,False,False,True,False,round trip 0.007s > bound 0.001s,upstream of the hub stamp; the hub re-stamps at receipt
e2-20260813,E2_nonce_bound_affirmation,19,A0,deployable,0.001,benign,none,0.0,0.0,0.0076,0.0076,0.007601,False,closed,closed,False,False,True,False,round trip 0.008s > bound 0.001s,upstream of the hub stamp; the hub re-stamps at receipt
e2-20260813,E2_nonce_bound_affirmation,0,A0,deployable,0.001,attack,release_held,6.0,0.0,6.0083,0.0083,0.008337,False,closed,open,False,False,False,False,round trip 0.008s > bound 0.001s,upstream of the hub stamp; the hub re-stamps at receipt
e2-20260813,E2_nonce_bound_affirmation,1,A0,deployable,0.001,attack,release_held,6.0,0.0,6.0029,0.0029,0.002861,False,closed,open,False,False,False,False,round trip 0.003s > bound 0.001s,upstream of the hub stamp; the hub re-stamps at receipt
e2-20260813,E2_nonce_bound_affirmation,2,A0,deployable,0.001,attack,release_held,6.0,0.0,6.004,0.004,0.004,False,closed,open,False,False,False,False,round trip 0.004s > bound 0.001s,upstream of the hub stamp; the hub re-stamps at receipt
e2-20260813,E2_nonce_bound_affirmation,3,A0,deployable,0.001,attack,release_held,6.0,0.0,6.008,0.008,0.008033,False,closed,open,False,False,False,False,round trip 0.008s > bound 0.001s,upstream of the hub stamp; the hub re-stamps at receipt
e2-20260813,E2_nonce_bound_affirmation,4,A0,deployable,0.001,attack,release_held,6.0,0.0,6.0034,0.0034,0.003399,False,closed,open,False,False,False,False,round trip 0.003s > bound 0.001s,upstream of the hub stamp; the hub re-stamps at receipt
e2-20260813,E2_nonce_bound_affirmation,5,A0,deployable,0.001,attack,release_held,6.0,0.0,6.0052,0.0052,0.005249,False,closed,open,False,False,False,False,round trip 0.005s > bound 0.001s,upstream of the hub stamp; the hub re-stamps at receipt
e2-20260813,E2_nonce_bound_affirmation,6,A0,deployable,0.001,attack,release_held,6.0,0.0,6.0088,0.0088,0.00876,False,closed,open,False,False,False,False,round trip 0.009s > bound 0.001s,upstream of the hub stamp; the hub re-stamps at receipt
e2-20260813,E2_nonce_bound_affirmation,7,A0,deployable,0.001,attack,release_held,6.0,0.0,6.0072,0.0072,0.0072,False,closed,open,False,False,False,False,round trip 0.007s > bound 0.001s,upstream of the hub stamp; the hub re-stamps at receipt
e2-20260813,E2_nonce_bound_affirmation,8,A0,deployable,0.001,attack,release_held,6.0,0.0,6.0045,0.0045,0.004465,False,closed,open,False,False,False,False,round trip 0.004s > bound 0.001s,upstream of the hub stamp; the hub re-stamps at receipt
e2-20260813,E2_nonce_bound_affirmation,9,A0,deployable,0.001,attack,release_held,6.0,0.0,6.0025,0.0025,0.002486,False,closed,open,False,False,False,False,round trip 0.002s > bound 0.001s,upstream of the hub stamp; the hub re-stamps at receipt
e2-20260813,E2_nonce_bound_affirmation,10,A0,deployable,0.001,attack,release_held,6.0,0.0,6.005,0.005,0.00498,False,closed,open,False,False,False,False,round trip 0.005s > bound 0.001s,upstream of the hub stamp; the hub re-stamps at receipt
e2-20260813,E2_nonce_bound_affirmation,11,A0,deployable,0.001,attack,release_held,6.0,0.0,6.0035,0.0035,0.003534,False,closed,open,False,False,False,False,round trip 0.004s > bound 0.001s,upstream of the hub stamp; the hub re-stamps at receipt
e2-20260813,E2_nonce_bound_affirmation,12,A0,deployable,0.001,attack,release_held,6.0,0.0,6.003,0.003,0.002995,False,closed,open,False,False,False,False,round trip 0.003s > bound 0.001s,upstream of the hub stamp; the hub re-stamps at receipt
e2-20260813,E2_nonce_bound_affirmation,13,A0,deployable,0.001,attack,release_held,6.0,0.0,6.0045,0.0045,0.004517,False,closed,open,False,False,False,False,round trip 0.005s > bound 0.001s,upstream of the hub stamp; the hub re-stamps at receipt
e2-20260813,E2_nonce_bound_affirmation,14,A0,deployable,0.001,attack,release_held,6.0,0.0,6.0028,0.0028,0.002839,False,closed,open,False,False,False,False,round trip 0.003s > bound 0.001s,upstream of the hub stamp; the hub re-stamps at receipt
e2-20260813,E2_nonce_bound_affirmation,15,A0,deployable,0.001,attack,release_held,6.0,0.0,6.008,0.008,0.008013,False,closed,open,False,False,False,False,round trip 0.008s > bound 0.001s,upstream of the hub stamp; the hub re-stamps at receipt
e2-20260813,E2_nonce_bound_affirmation,16,A0,deployable,0.001,attack,release_held,6.0,0.0,6.0078,0.0078,0.00781,False,closed,open,False,False,False,False,round trip 0.008s > bound 0.001s,upstream of the hub stamp; the hub re-stamps at receipt
e2-20260813,E2_nonce_bound_affirmation,17,A0,deployable,0.001,attack,release_held,6.0,0.0,6.0027,0.0027,0.002695,False,closed,open,False,False,False,False,round trip 0.003s > bound 0.001s,upstream of the hub stamp; the hub re-stamps at receipt
e2-20260813,E2_nonce_bound_affirmation,18,A0,deployable,0.001,attack,release_held,6.0,0.0,6.0033,0.0033,0.003276,False,closed,open,False,False,False,False,round trip 0.003s > bound 0.001s,upstream of the hub stamp; the hub re-stamps at receipt
e2-20260813,E2_nonce_bound_affirmation,19,A0,deployable,0.001,attack,release_held,6.0,0.0,6.0023,0.0023,0.002307,False,closed,open,False,False,False,False,round trip 0.002s > bound 0.001s,upstream of the hub stamp; the hub re-stamps at receipt
e2-20260813,E2_nonce_bound_affirmation,0,A0,deployable,0.001,attack,delay_response,0.0,6.0,6.003,6.003,6.003047,False,closed,open,False,False,False,False,observable age exceeds the freshness budget,upstream of the hub stamp; the hub re-stamps at receipt
e2-20260813,E2_nonce_bound_affirmation,1,A0,deployable,0.001,attack,delay_response,0.0,6.0,6.0043,6.0043,6.004277,False,closed,open,False,False,False,False,observable age exceeds the freshness budget,upstream of the hub stamp; the hub re-stamps at receipt
e2-20260813,E2_nonce_bound_affirmation,2,A0,deployable,0.001,attack,delay_response,0.0,6.0,6.0071,6.0071,6.007136,False,closed,open,False,False,False,False,observable age exceeds the freshness budget,upstream of the hub stamp; the hub re-stamps at receipt
e2-20260813,E2_nonce_bound_affirmation,3,A0,deployable,0.001,attack,delay_response,0.0,6.0,6.009,6.009,6.008961,False,closed,open,False,False,False,False,observable age exceeds the freshness budget,upstream of the hub stamp; the hub re-stamps at receipt
e2-20260813,E2_nonce_bound_affirmation,4,A0,deployable,0.001,attack,delay_response,0.0,6.0,6.0057,6.0057,6.005699,False,closed,open,False,False,False,False,observable age exceeds the freshness budget,upstream of the hub stamp; the hub re-stamps at receipt
e2-20260813,E2_nonce_bound_affirmation,5,A0,deployable,0.001,attack,delay_response,0.0,6.0,6.0067,6.0067,6.006711,False,closed,open,False,False,False,False,observable age exceeds the freshness budget,upstream of the hub stamp; the hub re-stamps at receipt
e2-20260813,E2_nonce_bound_affirmation,6,A0,deployable,0.001,attack,delay_response,0.0,6.0,6.0088,6.0088,6.008827,False,closed,open,False,False,False,False,observable age exceeds the freshness budget,upstream of the hub stamp; the hub re-stamps at receipt
e2-20260813,E2_nonce_bound_affirmation,7,A0,deployable,0.001,attack,delay_response,0.0,6.0,6.0032,6.0032,6.00319,False,closed,open,False,False,False,False,observable age exceeds the freshness budget,upstream of the hub stamp; the hub re-stamps at receipt
e2-20260813,E2_nonce_bound_affirmation,8,A0,deployable,0.001,attack,delay_response,0.0,6.0,6.001,6.001,6.001032,False,closed,open,False,False,False,False,observable age exceeds the freshness budget,upstream of the hub stamp; the hub re-stamps at receipt
e2-20260813,E2_nonce_bound_affirmation,9,A0,deployable,0.001,attack,delay_response,0.0,6.0,6.005,6.005,6.005027,False,closed,open,False,False,False,False,observable age exceeds the freshness budget,upstream of the hub stamp; the hub re-stamps at receipt
e2-20260813,E2_nonce_bound_affirmation,10,A0,deployable,0.001,attack,delay_response,0.0,6.0,6.0067,6.0067,6.006682,False,closed,open,False,False,False,False,observable age exceeds the freshness budget,upstream of the hub stamp; the hub re-stamps at receipt
e2-20260813,E2_nonce_bound_affirmation,11,A0,deployable,0.001,attack,delay_response,0.0,6.0,6.0054,6.0054,6.00537,False,closed,open,False,False,False,False,observable age exceeds the freshness budget,upstream of the hub stamp; the hub re-stamps at receipt
e2-20260813,E2_nonce_bound_affirmation,12,A0,deployable,0.001,attack,delay_response,0.0,6.0,6.0051,6.0051,6.00514,False,closed,open,False,False,False,False,observable age exceeds the freshness budget,upstream of the hub stamp; the hub re-stamps at receipt
e2-20260813,E2_nonce_bound_affirmation,13,A0,deployable,0.001,attack,delay_response,0.0,6.0,6.0061,6.0061,6.00612,False,closed,open,False,False,False,False,observable age exceeds the freshness budget,upstream of the hub stamp; the hub re-stamps at receipt
e2-20260813,E2_nonce_bound_affirmation,14,A0,deployable,0.001,attack,delay_response,0.0,6.0,6.0086,6.0086,6.008601,False,closed,open,False,False,False,False,observable age exceeds the freshness budget,upstream of the hub stamp; the hub re-stamps at receipt
e2-20260813,E2_nonce_bound_affirmation,15,A0,deployable,0.001,attack,delay_response,0.0,6.0,6.0079,6.0079,6.007943,False,closed,open,False,False,False,False,observable age exceeds the freshness budget,upstream of the hub stamp; the hub re-stamps at receipt
e2-20260813,E2_nonce_bound_affirmation,16,A0,deployable,0.001,attack,delay_response,0.0,6.0,6.0079,6.0079,6.007929,False,closed,open,False,False,False,False,observable age exceeds the freshness budget,upstream of the hub stamp; the hub re-stamps at receipt
e2-20260813,E2_nonce_bound_affirmation,17,A0,deployable,0.001,attack,delay_response,0.0,6.0,6.0066,6.0066,6.006581,False,closed,open,False,False,False,False,observable age exceeds the freshness budget,upstream of the hub stamp; the hub re-stamps at receipt
e2-20260813,E2_nonce_bound_affirmation,18,A0,deployable,0.001,attack,delay_response,0.0,6.0,6.0073,6.0073,6.007326,False,closed,open,False,False,False,False,observable age exceeds the freshness budget,upstream of the hub stamp; the hub re-stamps at receipt
e2-20260813,E2_nonce_bound_affirmation,19,A0,deployable,0.001,attack,delay_response,0.0,6.0,6.0033,6.0033,6.00328,False,closed,open,False,False,False,False,observable age exceeds the freshness budget,upstream of the hub stamp; the hub re-stamps at receipt
e2-20260813,E2_nonce_bound_affirmation,0,A0,deployable,0.002,benign,none,0.0,0.0,0.0031,0.0031,0.003129,False,closed,closed,False,False,True,False,round trip 0.003s > bound 0.002s,upstream of the hub stamp; the hub re-stamps at receipt
e2-20260813,E2_nonce_bound_affirmation,1,A0,deployable,0.002,benign,none,0.0,0.0,0.0023,0.0023,0.002274,False,closed,closed,False,False,True,False,round trip 0.002s > bound 0.002s,upstream of the hub stamp; the hub re-stamps at receipt
e2-20260813,E2_nonce_bound_affirmation,2,A0,deployable,0.002,benign,none,0.0,0.0,0.0039,0.0039,0.003888,False,closed,closed,False,False,True,False,round trip 0.004s > bound 0.002s,upstream of the hub stamp; the hub re-stamps at receipt
e2-20260813,E2_nonce_bound_affirmation,3,A0,deployable,0.002,benign,none,0.0,0.0,0.0046,0.0046,0.004588,False,closed,closed,False,False,True,False,round trip 0.005s > bound 0.002s,upstream of the hub stamp; the hub re-stamps at receipt
e2-20260813,E2_nonce_bound_affirmation,4,A0,deployable,0.002,benign,none,0.0,0.0,0.0031,0.0031,0.003084,False,closed,closed,False,False,True,False,round trip 0.003s > bound 0.002s,upstream of the hub stamp; the hub re-stamps at receipt
e2-20260813,E2_nonce_bound_affirmation,5,A0,deployable,0.002,benign,none,0.0,0.0,0.0086,0.0086,0.008633,False,closed,closed,False,False,True,False,round trip 0.009s > bound 0.002s,upstream of the hub stamp; the hub re-stamps at receipt
e2-20260813,E2_nonce_bound_affirmation,6,A0,deployable,0.002,benign,none,0.0,0.0,0.0022,0.0022,0.002166,False,closed,closed,False,False,True,False,round trip 0.002s > bound 0.002s,upstream of the hub stamp; the hub re-stamps at receipt
e2-20260813,E2_nonce_bound_affirmation,7,A0,deployable,0.002,benign,none,0.0,0.0,0.0083,0.0083,0.008277,False,closed,closed,False,False,True,False,round trip 0.008s > bound 0.002s,upstream of the hub stamp; the hub re-stamps at receipt
e2-20260813,E2_nonce_bound_affirmation,8,A0,deployable,0.002,benign,none,0.0,0.0,0.0056,0.0056,0.005607,False,closed,closed,False,False,True,False,round trip 0.006s > bound 0.002s,upstream of the hub stamp; the hub re-stamps at receipt
e2-20260813,E2_nonce_bound_affirmation,9,A0,deployable,0.002,benign,none,0.0,0.0,0.0031,0.0031,0.003141,False,closed,closed,False,False,True,False,round trip 0.003s > bound 0.002s,upstream of the hub stamp; the hub re-stamps at receipt
e2-20260813,E2_nonce_bound_affirmation,10,A0,deployable,0.002,benign,none,0.0,0.0,0.0065,0.0065,0.006465,False,closed,closed,False,False,True,False,round trip 0.006s > bound 0.002s,upstream of the hub stamp; the hub re-stamps at receipt
e2-20260813,E2_nonce_bound_affirmation,11,A0,deployable,0.002,benign,none,0.0,0.0,0.0034,0.0034,0.003378,False,closed,closed,False,False,True,False,round trip 0.003s > bound 0.002s,upstream of the hub stamp; the hub re-stamps at receipt
e2-20260813,E2_nonce_bound_affirmation,12,A0,deployable,0.002,benign,none,0.0,0.0,0.0081,0.0081,0.008098,False,closed,closed,False,False,True,False,round trip 0.008s > bound 0.002s,upstream of the hub stamp; the hub re-stamps at receipt
e2-20260813,E2_nonce_bound_affirmation,13,A0,deployable,0.002,benign,none,0.0,0.0,0.0086,0.0086,0.008557,False,closed,closed,False,False,True,False,round trip 0.009s > bound 0.002s,upstream of the hub stamp; the hub re-stamps at receipt
e2-20260813,E2_nonce_bound_affirmation,14,A0,deployable,0.002,benign,none,0.0,0.0,0.0011,0.0011,0.001063,True,closed,closed,False,False,False,False,response inside the round-trip bound,upstream of the hub stamp; the hub re-stamps at receipt
e2-20260813,E2_nonce_bound_affirmation,15,A0,deployable,0.002,benign,none,0.0,0.0,0.0018,0.0018,0.00179,True,closed,closed,False,False,False,False,response inside the round-trip bound,upstream of the hub stamp; the hub re-stamps at receipt
e2-20260813,E2_nonce_bound_affirmation,16,A0,deployable,0.002,benign,none,0.0,0.0,0.0048,0.0048,0.004794,False,closed,closed,False,False,True,False,round trip 0.005s > bound 0.002s,upstream of the hub stamp; the hub re-stamps at receipt
e2-20260813,E2_nonce_bound_affirmation,17,A0,deployable,0.002,benign,none,0.0,0.0,0.0048,0.0048,0.004805,False,closed,closed,False,False,True,False,round trip 0.005s > bound 0.002s,upstream of the hub stamp; the hub re-stamps at receipt
e2-20260813,E2_nonce_bound_affirmation,18,A0,deployable,0.002,benign,none,0.0,0.0,0.0081,0.0081,0.008061,False,closed,closed,False,False,True,False,round trip 0.008s > bound 0.002s,upstream of the hub stamp; the hub re-stamps at receipt
e2-20260813,E2_nonce_bound_affirmation,19,A0,deployable,0.002,benign,none,0.0,0.0,0.0046,0.0046,0.004618,False,closed,closed,False,False,True,False,round trip 0.005s > bound 0.002s,upstream of the hub stamp; the hub re-stamps at receipt
e2-20260813,E2_nonce_bound_affirmation,0,A0,deployable,0.002,attack,release_held,6.0,0.0,6.0026,0.0026,0.002638,False,closed,open,False,False,False,False,round trip 0.003s > bound 0.002s,upstream of the hub stamp; the hub re-stamps at receipt
e2-20260813,E2_nonce_bound_affirmation,1,A0,deployable,0.002,attack,release_held,6.0,0.0,6.0077,0.0077,0.007701,False,closed,open,False,False,False,False,round trip 0.008s > bound 0.002s,upstream of the hub stamp; the hub re-stamps at receipt
e2-20260813,E2_nonce_bound_affirmation,2,A0,deployable,0.002,attack,release_held,6.0,0.0,6.0062,0.0062,0.006185,False,closed,open,False,False,False,False,round trip 0.006s > bound 0.002s,upstream of the hub stamp; the hub re-stamps at receipt
e2-20260813,E2_nonce_bound_affirmation,3,A0,deployable,0.002,attack,release_held,6.0,0.0,6.0015,0.0015,0.001453,True,closed,open,True,True,False,False,response inside the round-trip bound,upstream of the hub stamp; the hub re-stamps at receipt
e2-20260813,E2_nonce_bound_affirmation,4,A0,deployable,0.002,attack,release_held,6.0,0.0,6.0074,0.0074,0.007379,False,closed,open,False,False,False,False,round trip 0.007s > bound 0.002s,upstream of the hub stamp; the hub re-stamps at receipt
e2-20260813,E2_nonce_bound_affirmation,5,A0,deployable,0.002,attack,release_held,6.0,0.0,6.0057,0.0057,0.005686,False,closed,open,False,False,False,False,round trip 0.006s > bound 0.002s,upstream of the hub stamp; the hub re-stamps at receipt
e2-20260813,E2_nonce_bound_affirmation,6,A0,deployable,0.002,attack,release_held,6.0,0.0,6.0069,0.0069,0.006859,False,closed,open,False,False,False,False,round trip 0.007s > bound 0.002s,upstream of the hub stamp; the hub re-stamps at receipt
e2-20260813,E2_nonce_bound_affirmation,7,A0,deployable,0.002,attack,release_held,6.0,0.0,6.0011,0.0011,0.001132,True,closed,open,True,True,False,False,response inside the round-trip bound,upstream of the hub stamp; the hub re-stamps at receipt
e2-20260813,E2_nonce_bound_affirmation,8,A0,deployable,0.002,attack,release_held,6.0,0.0,6.0064,0.0064,0.006423,False,closed,open,False,False,False,False,round trip 0.006s > bound 0.002s,upstream of the hub stamp; the hub re-stamps at receipt
e2-20260813,E2_nonce_bound_affirmation,9,A0,deployable,0.002,attack,release_held,6.0,0.0,6.007,0.007,0.007023,False,closed,open,False,False,False,False,round trip 0.007s > bound 0.002s,upstream of the hub stamp; the hub re-stamps at receipt
e2-20260813,E2_nonce_bound_affirmation,10,A0,deployable,0.002,attack,release_held,6.0,0.0,6.0015,0.0015,0.001457,True,closed,open,True,True,False,False,response inside the round-trip bound,upstream of the hub stamp; the hub re-stamps at receipt
e2-20260813,E2_nonce_bound_affirmation,11,A0,deployable,0.002,attack,release_held,6.0,0.0,6.0074,0.0074,0.007355,False,closed,open,False,False,False,False,round trip 0.007s > bound 0.002s,upstream of the hub stamp; the hub re-stamps at receipt
e2-20260813,E2_nonce_bound_affirmation,12,A0,deployable,0.002,attack,release_held,6.0,0.0,6.0066,0.0066,0.006593,False,closed,open,False,False,False,False,round trip 0.007s > bound 0.002s,upstream of the hub stamp; the hub re-stamps at receipt
e2-20260813,E2_nonce_bound_affirmation,13,A0,deployable,0.002,attack,release_held,6.0,0.0,6.0087,0.0087,0.008668,False,closed,open,False,False,False,False,round trip 0.009s > bound 0.002s,upstream of the hub stamp; the hub re-stamps at receipt
e2-20260813,E2_nonce_bound_affirmation,14,A0,deployable,0.002,attack,release_held,6.0,0.0,6.0075,0.0075,0.007512,False,closed,open,False,False,False,False,round trip 0.008s > bound 0.002s,upstream of the hub stamp; the hub re-stamps at receipt
e2-20260813,E2_nonce_bound_affirmation,15,A0,deployable,0.002,attack,release_held,6.0,0.0,6.0012,0.0012,0.001209,True,closed,open,True,True,False,False,response inside the round-trip bound,upstream of the hub stamp; the hub re-stamps at receipt
e2-20260813,E2_nonce_bound_affirmation,16,A0,deployable,0.002,attack,release_held,6.0,0.0,6.0024,0.0024,0.002357,False,closed,open,False,False,False,False,round trip 0.002s > bound 0.002s,upstream of the hub stamp; the hub re-stamps at receipt
e2-20260813,E2_nonce_bound_affirmation,17,A0,deployable,0.002,attack,release_held,6.0,0.0,6.0071,0.0071,0.007103,False,closed,open,False,False,False,False,round trip 0.007s > bound 0.002s,upstream of the hub stamp; the hub re-stamps at receipt
e2-20260813,E2_nonce_bound_affirmation,18,A0,deployable,0.002,attack,release_held,6.0,0.0,6.0026,0.0026,0.00259,False,closed,open,False,False,False,False,round trip 0.003s > bound 0.002s,upstream of the hub stamp; the hub re-stamps at receipt
e2-20260813,E2_nonce_bound_affirmation,19,A0,deployable,0.002,attack,release_held,6.0,0.0,6.0027,0.0027,0.002744,False,closed,open,False,False,False,False,round trip 0.003s > bound 0.002s,upstream of the hub stamp; the hub re-stamps at receipt
e2-20260813,E2_nonce_bound_affirmation,0,A0,deployable,0.002,attack,delay_response,0.0,6.0,6.0074,6.0074,6.007395,False,closed,open,False,False,False,False,observable age exceeds the freshness budget,upstream of the hub stamp; the hub re-stamps at receipt
e2-20260813,E2_nonce_bound_affirmation,1,A0,deployable,0.002,attack,delay_response,0.0,6.0,6.0058,6.0058,6.005763,False,closed,open,False,False,False,False,observable age exceeds the freshness budget,upstream of the hub stamp; the hub re-stamps at receipt
e2-20260813,E2_nonce_bound_affirmation,2,A0,deployable,0.002,attack,delay_response,0.0,6.0,6.0013,6.0013,6.001333,False,closed,open,False,False,False,False,observable age exceeds the freshness budget,upstream of the hub stamp; the hub re-stamps at receipt
e2-20260813,E2_nonce_bound_affirmation,3,A0,deployable,0.002,attack,delay_response,0.0,6.0,6.0022,6.0022,6.002212,False,closed,open,False,False,False,False,observable age exceeds the freshness budget,upstream of the hub stamp; the hub re-stamps at receipt
e2-20260813,E2_nonce_bound_affirmation,4,A0,deployable,0.002,attack,delay_response,0.0,6.0,6.007,6.007,6.00704,False,closed,open,False,False,False,False,observable age exceeds the freshness budget,upstream of the hub stamp; the hub re-stamps at receipt
e2-20260813,E2_nonce_bound_affirmation,5,A0,deployable,0.002,attack,delay_response,0.0,6.0,6.0035,6.0035,6.0035,False,closed,open,False,False,False,False,observable age exceeds the freshness budget,upstream of the hub stamp; the hub re-stamps at receipt
e2-20260813,E2_nonce_bound_affirmation,6,A0,deployable,0.002,attack,delay_response,0.0,6.0,6.008,6.008,6.00799,False,closed,open,False,False,False,False,observable age exceeds the freshness budget,upstream of the hub stamp; the hub re-stamps at receipt
e2-20260813,E2_nonce_bound_affirmation,7,A0,deployable,0.002,attack,delay_response,0.0,6.0,6.0029,6.0029,6.002937,False,closed,open,False,False,False,False,observable age exceeds the freshness budget,upstream of the hub stamp; the hub re-stamps at receipt
e2-20260813,E2_nonce_bound_affirmation,8,A0,deployable,0.002,attack,delay_response,0.0,6.0,6.0069,6.0069,6.006901,False,closed,open,False,False,False,False,observable age exceeds the freshness budget,upstream of the hub stamp; the hub re-stamps at receipt
e2-20260813,E2_nonce_bound_affirmation,9,A0,deployable,0.002,attack,delay_response,0.0,6.0,6.0054,6.0054,6.005427,False,closed,open,False,False,False,False,observable age exceeds the freshness budget,upstream of the hub stamp; the hub re-stamps at receipt
e2-20260813,E2_nonce_bound_affirmation,10,A0,deployable,0.002,attack,delay_response,0.0,6.0,6.0053,6.0053,6.005275,False,closed,open,False,False,False,False,observable age exceeds the freshness budget,upstream of the hub stamp; the hub re-stamps at receipt
e2-20260813,E2_nonce_bound_affirmation,11,A0,deployable,0.002,attack,delay_response,0.0,6.0,6.0018,6.0018,6.00178,False,closed,open,False,False,False,False,observable age exceeds the freshness budget,upstream of the hub stamp; the hub re-stamps at receipt
e2-20260813,E2_nonce_bound_affirmation,12,A0,deployable,0.002,attack,delay_response,0.0,6.0,6.007,6.007,6.007022,False,closed,open,False,False,False,False,observable age exceeds the freshness budget,upstream of the hub stamp; the hub re-stamps at receipt
e2-20260813,E2_nonce_bound_affirmation,13,A0,deployable,0.002,attack,delay_response,0.0,6.0,6.0041,6.0041,6.004078,False,closed,open,False,False,False,False,observable age exceeds the freshness budget,upstream of the hub stamp; the hub re-stamps at receipt
e2-20260813,E2_nonce_bound_affirmation,14,A0,deployable,0.002,attack,delay_response,0.0,6.0,6.0088,6.0088,6.008783,False,closed,open,False,False,False,False,observable age exceeds the freshness budget,upstream of the hub stamp; the hub re-stamps at receipt
e2-20260813,E2_nonce_bound_affirmation,15,A0,deployable,0.002,attack,delay_response,0.0,6.0,6.0032,6.0032,6.003217,False,closed,open,False,False,False,False,observable age exceeds the freshness budget,upstream of the hub stamp; the hub re-stamps at receipt
e2-20260813,E2_nonce_bound_affirmation,16,A0,deployable,0.002,attack,delay_response,0.0,6.0,6.0018,6.0018,6.001837,False,closed,open,False,False,False,False,observable age exceeds the freshness budget,upstream of the hub stamp; the hub re-stamps at receipt
e2-20260813,E2_nonce_bound_affirmation,17,A0,deployable,0.002,attack,delay_response,0.0,6.0,6.0016,6.0016,6.001562,False,closed,open,False,False,False,False,observable age exceeds the freshness budget,upstream of the hub stamp; the hub re-stamps at receipt
e2-20260813,E2_nonce_bound_affirmation,18,A0,deployable,0.002,attack,delay_response,0.0,6.0,6.0048,6.0048,6.004848,False,closed,open,False,False,False,False,observable age exceeds the freshness budget,upstream of the hub stamp; the hub re-stamps at receipt
e2-20260813,E2_nonce_bound_affirmation,19,A0,deployable,0.002,attack,delay_response,0.0,6.0,6.0037,6.0037,6.003724,False,closed,open,False,False,False,False,observable age exceeds the freshness budget,upstream of the hub stamp; the hub re-stamps at receipt
e2-20260813,E2_nonce_bound_affirmation,0,A0,deployable,0.005,benign,none,0.0,0.0,0.006,0.006,0.006026,False,closed,closed,False,False,True,False,round trip 0.006s > bound 0.005s,upstream of the hub stamp; the hub re-stamps at receipt
e2-20260813,E2_nonce_bound_affirmation,1,A0,deployable,0.005,benign,none,0.0,0.0,0.0058,0.0058,0.005841,False,closed,closed,False,False,True,False,round trip 0.006s > bound 0.005s,upstream of the hub stamp; the hub re-stamps at receipt
e2-20260813,E2_nonce_bound_affirmation,2,A0,deployable,0.005,benign,none,0.0,0.0,0.0086,0.0086,0.008599,False,closed,closed,False,False,True,False,round trip 0.009s > bound 0.005s,upstream of the hub stamp; the hub re-stamps at receipt
e2-20260813,E2_nonce_bound_affirmation,3,A0,deployable,0.005,benign,none,0.0,0.0,0.0044,0.0044,0.004427,True,closed,closed,False,False,False,False,response inside the round-trip bound,upstream of the hub stamp; the hub re-stamps at receipt
e2-20260813,E2_nonce_bound_affirmation,4,A0,deployable,0.005,benign,none,0.0,0.0,0.0028,0.0028,0.002831,True,closed,closed,False,False,False,False,response inside the round-trip bound,upstream of the hub stamp; the hub re-stamps at receipt
e2-20260813,E2_nonce_bound_affirmation,5,A0,deployable,0.005,benign,none,0.0,0.0,0.0072,0.0072,0.007188,False,closed,closed,False,False,True,False,round trip 0.007s > bound 0.005s,upstream of the hub stamp; the hub re-stamps at receipt
e2-20260813,E2_nonce_bound_affirmation,6,A0,deployable,0.005,benign,none,0.0,0.0,0.0056,0.0056,0.005557,False,closed,closed,False,False,True,False,round trip 0.006s > bound 0.005s,upstream of the hub stamp; the hub re-stamps at receipt
e2-20260813,E2_nonce_bound_affirmation,7,A0,deployable,0.005,benign,none,0.0,0.0,0.0027,0.0027,0.002682,True,closed,closed,False,False,False,False,response inside the round-trip bound,upstream of the hub stamp; the hub re-stamps at receipt
e2-20260813,E2_nonce_bound_affirmation,8,A0,deployable,0.005,benign,none,0.0,0.0,0.0014,0.0014,0.001397,True,closed,closed,False,False,False,False,response inside the round-trip bound,upstream of the hub stamp; the hub re-stamps at receipt
e2-20260813,E2_nonce_bound_affirmation,9,A0,deployable,0.005,benign,none,0.0,0.0,0.0068,0.0068,0.006789,False,closed,closed,False,False,True,False,round trip 0.007s > bound 0.005s,upstream of the hub stamp; the hub re-stamps at receipt
e2-20260813,E2_nonce_bound_affirmation,10,A0,deployable,0.005,benign,none,0.0,0.0,0.0073,0.0073,0.007294,False,closed,closed,False,False,True,False,round trip 0.007s > bound 0.005s,upstream of the hub stamp; the hub re-stamps at receipt
e2-20260813,E2_nonce_bound_affirmation,11,A0,deployable,0.005,benign,none,0.0,0.0,0.0056,0.0056,0.005645,False,closed,closed,False,False,True,False,round trip 0.006s > bound 0.005s,upstream of the hub stamp; the hub re-stamps at receipt
e2-20260813,E2_nonce_bound_affirmation,12,A0,deployable,0.005,benign,none,0.0,0.0,0.0034,0.0034,0.003376,True,closed,closed,False,False,False,False,response inside the round-trip bound,upstream of the hub stamp; the hub re-stamps at receipt
e2-20260813,E2_nonce_bound_affirmation,13,A0,deployable,0.005,benign,none,0.0,0.0,0.0073,0.0073,0.007261,False,closed,closed,False,False,True,False,round trip 0.007s > bound 0.005s,upstream of the hub stamp; the hub re-stamps at receipt
e2-20260813,E2_nonce_bound_affirmation,14,A0,deployable,0.005,benign,none,0.0,0.0,0.0081,0.0081,0.008064,False,closed,closed,False,False,True,False,round trip 0.008s > bound 0.005s,upstream of the hub stamp; the hub re-stamps at receipt
e2-20260813,E2_nonce_bound_affirmation,15,A0,deployable,0.005,benign,none,0.0,0.0,0.0034,0.0034,0.00336,True,closed,closed,False,False,False,False,response inside the round-trip bound,upstream of the hub stamp; the hub re-stamps at receipt
e2-20260813,E2_nonce_bound_affirmation,16,A0,deployable,0.005,benign,none,0.0,0.0,0.0037,0.0037,0.003714,True,closed,closed,False,False,False,False,response inside the round-trip bound,upstream of the hub stamp; the hub re-stamps at receipt
e2-20260813,E2_nonce_bound_affirmation,17,A0,deployable,0.005,benign,none,0.0,0.0,0.0082,0.0082,0.008152,False,closed,closed,False,False,True,False,round trip 0.008s > bound 0.005s,upstream of the hub stamp; the hub re-stamps at receipt
e2-20260813,E2_nonce_bound_affirmation,18,A0,deployable,0.005,benign,none,0.0,0.0,0.0009,0.0009,0.000901,True,closed,closed,False,False,False,False,response inside the round-trip bound,upstream of the hub stamp; the hub re-stamps at receipt
e2-20260813,E2_nonce_bound_affirmation,19,A0,deployable,0.005,benign,none,0.0,0.0,0.0082,0.0082,0.008218,False,closed,closed,False,False,True,False,round trip 0.008s > bound 0.005s,upstream of the hub stamp; the hub re-stamps at receipt
e2-20260813,E2_nonce_bound_affirmation,0,A0,deployable,0.005,attack,release_held,6.0,0.0,6.006,0.006,0.006018,False,closed,open,False,False,False,False,round trip 0.006s > bound 0.005s,upstream of the hub stamp; the hub re-stamps at receipt
e2-20260813,E2_nonce_bound_affirmation,1,A0,deployable,0.005,attack,release_held,6.0,0.0,6.0076,0.0076,0.007648,False,closed,open,False,False,False,False,round trip 0.008s > bound 0.005s,upstream of the hub stamp; the hub re-stamps at receipt
e2-20260813,E2_nonce_bound_affirmation,2,A0,deployable,0.005,attack,release_held,6.0,0.0,6.0018,0.0018,0.001768,True,closed,open,True,True,False,False,response inside the round-trip bound,upstream of the hub stamp; the hub re-stamps at receipt
e2-20260813,E2_nonce_bound_affirmation,3,A0,deployable,0.005,attack,release_held,6.0,0.0,6.0042,0.0042,0.004181,True,closed,open,True,True,False,False,response inside the round-trip bound,upstream of the hub stamp; the hub re-stamps at receipt
e2-20260813,E2_nonce_bound_affirmation,4,A0,deployable,0.005,attack,release_held,6.0,0.0,6.0039,0.0039,0.003889,True,closed,open,True,True,False,False,response inside the round-trip bound,upstream of the hub stamp; the hub re-stamps at receipt
e2-20260813,E2_nonce_bound_affirmation,5,A0,deployable,0.005,attack,release_held,6.0,0.0,6.0052,0.0052,0.005246,False,closed,open,False,False,False,False,round trip 0.005s > bound 0.005s,upstream of the hub stamp; the hub re-stamps at receipt
e2-20260813,E2_nonce_bound_affirmation,6,A0,deployable,0.005,attack,release_held,6.0,0.0,6.0048,0.0048,0.00481,True,closed,open,True,True,False,False,response inside the round-trip bound,upstream of the hub stamp; the hub re-stamps at receipt
e2-20260813,E2_nonce_bound_affirmation,7,A0,deployable,0.005,attack,release_held,6.0,0.0,6.0071,0.0071,0.007108,False,closed,open,False,False,False,False,round trip 0.007s > bound 0.005s,upstream of the hub stamp; the hub re-stamps at receipt
e2-20260813,E2_nonce_bound_affirmation,8,A0,deployable,0.005,attack,release_held,6.0,0.0,6.0039,0.0039,0.003944,True,closed,open,True,True,False,False,response inside the round-trip bound,upstream of the hub stamp; the hub re-stamps at receipt
e2-20260813,E2_nonce_bound_affirmation,9,A0,deployable,0.005,attack,release_held,6.0,0.0,6.005,0.005,0.004981,True,closed,open,True,True,False,False,response inside the round-trip bound,upstream of the hub stamp; the hub re-stamps at receipt
e2-20260813,E2_nonce_bound_affirmation,10,A0,deployable,0.005,attack,release_held,6.0,0.0,6.0039,0.0039,0.003866,True,closed,open,True,True,False,False,response inside the round-trip bound,upstream of the hub stamp; the hub re-stamps at receipt
e2-20260813,E2_nonce_bound_affirmation,11,A0,deployable,0.005,attack,release_held,6.0,0.0,6.0059,0.0059,0.005895,False,closed,open,False,False,False,False,round trip 0.006s > bound 0.005s,upstream of the hub stamp; the hub re-stamps at receipt
e2-20260813,E2_nonce_bound_affirmation,12,A0,deployable,0.005,attack,release_held,6.0,0.0,6.0035,0.0035,0.003519,True,closed,open,True,True,False,False,response inside the round-trip bound,upstream of the hub stamp; the hub re-stamps at receipt
e2-20260813,E2_nonce_bound_affirmation,13,A0,deployable,0.005,attack,release_held,6.0,0.0,6.0029,0.0029,0.002862,True,closed,open,True,True,False,False,response inside the round-trip bound,upstream of the hub stamp; the hub re-stamps at receipt
e2-20260813,E2_nonce_bound_affirmation,14,A0,deployable,0.005,attack,release_held,6.0,0.0,6.0082,0.0082,0.008229,False,closed,open,False,False,False,False,round trip 0.008s > bound 0.005s,upstream of the hub stamp; the hub re-stamps at receipt
e2-20260813,E2_nonce_bound_affirmation,15,A0,deployable,0.005,attack,release_held,6.0,0.0,6.0062,0.0062,0.006247,False,closed,open,False,False,False,False,round trip 0.006s > bound 0.005s,upstream of the hub stamp; the hub re-stamps at receipt
e2-20260813,E2_nonce_bound_affirmation,16,A0,deployable,0.005,attack,release_held,6.0,0.0,6.002,0.002,0.002024,True,closed,open,True,True,False,False,response inside the round-trip bound,upstream of the hub stamp; the hub re-stamps at receipt
e2-20260813,E2_nonce_bound_affirmation,17,A0,deployable,0.005,attack,release_held,6.0,0.0,6.008,0.008,0.008037,False,closed,open,False,False,False,False,round trip 0.008s > bound 0.005s,upstream of the hub stamp; the hub re-stamps at receipt
e2-20260813,E2_nonce_bound_affirmation,18,A0,deployable,0.005,attack,release_held,6.0,0.0,6.0043,0.0043,0.004335,True,closed,open,True,True,False,False,response inside the round-trip bound,upstream of the hub stamp; the hub re-stamps at receipt
e2-20260813,E2_nonce_bound_affirmation,19,A0,deployable,0.005,attack,release_held,6.0,0.0,6.005,0.005,0.004952,True,closed,open,True,True,False,False,response inside the round-trip bound,upstream of the hub stamp; the hub re-stamps at receipt
e2-20260813,E2_nonce_bound_affirmation,0,A0,deployable,0.005,attack,delay_response,0.0,6.0,6.0057,6.0057,6.005747,False,closed,open,False,False,False,False,observable age exceeds the freshness budget,upstream of the hub stamp; the hub re-stamps at receipt
e2-20260813,E2_nonce_bound_affirmation,1,A0,deployable,0.005,attack,delay_response,0.0,6.0,6.008,6.008,6.007963,False,closed,open,False,False,False,False,observable age exceeds the freshness budget,upstream of the hub stamp; the hub re-stamps at receipt
e2-20260813,E2_nonce_bound_affirmation,2,A0,deployable,0.005,attack,delay_response,0.0,6.0,6.0055,6.0055,6.005476,False,closed,open,False,False,False,False,observable age exceeds the freshness budget,upstream of the hub stamp; the hub re-stamps at receipt
e2-20260813,E2_nonce_bound_affirmation,3,A0,deployable,0.005,attack,delay_response,0.0,6.0,6.0022,6.0022,6.002238,False,closed,open,False,False,False,False,observable age exceeds the freshness budget,upstream of the hub stamp; the hub re-stamps at receipt
e2-20260813,E2_nonce_bound_affirmation,4,A0,deployable,0.005,attack,delay_response,0.0,6.0,6.0048,6.0048,6.004823,False,closed,open,False,False,False,False,observable age exceeds the freshness budget,upstream of the hub stamp; the hub re-stamps at receipt
e2-20260813,E2_nonce_bound_affirmation,5,A0,deployable,0.005,attack,delay_response,0.0,6.0,6.0041,6.0041,6.00409,False,closed,open,False,False,False,False,observable age exceeds the freshness budget,upstream of the hub stamp; the hub re-stamps at receipt
e2-20260813,E2_nonce_bound_affirmation,6,A0,deployable,0.005,attack,delay_response,0.0,6.0,6.0062,6.0062,6.006162,False,closed,open,False,False,False,False,observable age exceeds the freshness budget,upstream of the hub stamp; the hub re-stamps at receipt
e2-20260813,E2_nonce_bound_affirmation,7,A0,deployable,0.005,attack,delay_response,0.0,6.0,6.0086,6.0086,6.008614,False,closed,open,False,False,False,False,observable age exceeds the freshness budget,upstream of the hub stamp; the hub re-stamps at receipt
e2-20260813,E2_nonce_bound_affirmation,8,A0,deployable,0.005,attack,delay_response,0.0,6.0,6.0026,6.0026,6.002598,False,closed,open,False,False,False,False,observable age exceeds the freshness budget,upstream of the hub stamp; the hub re-stamps at receipt
e2-20260813,E2_nonce_bound_affirmation,9,A0,deployable,0.005,attack,delay_response,0.0,6.0,6.0025,6.0025,6.002486,False,closed,open,False,False,False,False,observable age exceeds the freshness budget,upstream of the hub stamp; the hub re-stamps at receipt
e2-20260813,E2_nonce_bound_affirmation,10,A0,deployable,0.005,attack,delay_response,0.0,6.0,6.0029,6.0029,6.002937,False,closed,open,False,False,False,False,observable age exceeds the freshness budget,upstream of the hub stamp; the hub re-stamps at receipt
e2-20260813,E2_nonce_bound_affirmation,11,A0,deployable,0.005,attack,delay_response,0.0,6.0,6.0036,6.0036,6.003625,False,closed,open,False,False,False,False,observable age exceeds the freshness budget,upstream of the hub stamp; the hub re-stamps at receipt
e2-20260813,E2_nonce_bound_affirmation,12,A0,deployable,0.005,attack,delay_response,0.0,6.0,6.0022,6.0022,6.002176,False,closed,open,False,False,False,False,observable age exceeds the freshness budget,upstream of the hub stamp; the hub re-stamps at receipt
e2-20260813,E2_nonce_bound_affirmation,13,A0,deployable,0.005,attack,delay_response,0.0,6.0,6.0045,6.0045,6.004512,False,closed,open,False,False,False,False,observable age exceeds the freshness budget,upstream of the hub stamp; the hub re-stamps at receipt
e2-20260813,E2_nonce_bound_affirmation,14,A0,deployable,0.005,attack,delay_response,0.0,6.0,6.0065,6.0065,6.006531,False,closed,open,False,False,False,False,observable age exceeds the freshness budget,upstream of the hub stamp; the hub re-stamps at receipt
e2-20260813,E2_nonce_bound_affirmation,15,A0,deployable,0.005,attack,delay_response,0.0,6.0,6.0059,6.0059,6.005899,False,closed,open,False,False,False,False,observable age exceeds the freshness budget,upstream of the hub stamp; the hub re-stamps at receipt
e2-20260813,E2_nonce_bound_affirmation,16,A0,deployable,0.005,attack,delay_response,0.0,6.0,6.0045,6.0045,6.004472,False,closed,open,False,False,False,False,observable age exceeds the freshness budget,upstream of the hub stamp; the hub re-stamps at receipt
e2-20260813,E2_nonce_bound_affirmation,17,A0,deployable,0.005,attack,delay_response,0.0,6.0,6.005,6.005,6.005008,False,closed,open,False,False,False,False,observable age exceeds the freshness budget,upstream of the hub stamp; the hub re-stamps at receipt
e2-20260813,E2_nonce_bound_affirmation,18,A0,deployable,0.005,attack,delay_response,0.0,6.0,6.0068,6.0068,6.006833,False,closed,open,False,False,False,False,observable age exceeds the freshness budget,upstream of the hub stamp; the hub re-stamps at receipt
e2-20260813,E2_nonce_bound_affirmation,19,A0,deployable,0.005,attack,delay_response,0.0,6.0,6.003,6.003,6.003049,False,closed,open,False,False,False,False,observable age exceeds the freshness budget,upstream of the hub stamp; the hub re-stamps at receipt
e2-20260813,E2_nonce_bound_affirmation,0,A0,deployable,0.025,benign,none,0.0,0.0,0.0021,0.0021,0.002109,True,closed,closed,False,False,False,False,response inside the round-trip bound,upstream of the hub stamp; the hub re-stamps at receipt
e2-20260813,E2_nonce_bound_affirmation,1,A0,deployable,0.025,benign,none,0.0,0.0,0.0057,0.0057,0.005723,True,closed,closed,False,False,False,False,response inside the round-trip bound,upstream of the hub stamp; the hub re-stamps at receipt
e2-20260813,E2_nonce_bound_affirmation,2,A0,deployable,0.025,benign,none,0.0,0.0,0.0071,0.0071,0.007074,True,closed,closed,False,False,False,False,response inside the round-trip bound,upstream of the hub stamp; the hub re-stamps at receipt
e2-20260813,E2_nonce_bound_affirmation,3,A0,deployable,0.025,benign,none,0.0,0.0,0.0053,0.0053,0.005317,True,closed,closed,False,False,False,False,response inside the round-trip bound,upstream of the hub stamp; the hub re-stamps at receipt
e2-20260813,E2_nonce_bound_affirmation,4,A0,deployable,0.025,benign,none,0.0,0.0,0.0054,0.0054,0.005431,True,closed,closed,False,False,False,False,response inside the round-trip bound,upstream of the hub stamp; the hub re-stamps at receipt
e2-20260813,E2_nonce_bound_affirmation,5,A0,deployable,0.025,benign,none,0.0,0.0,0.0048,0.0048,0.004753,True,closed,closed,False,False,False,False,response inside the round-trip bound,upstream of the hub stamp; the hub re-stamps at receipt
e2-20260813,E2_nonce_bound_affirmation,6,A0,deployable,0.025,benign,none,0.0,0.0,0.0078,0.0078,0.007784,True,closed,closed,False,False,False,False,response inside the round-trip bound,upstream of the hub stamp; the hub re-stamps at receipt
e2-20260813,E2_nonce_bound_affirmation,7,A0,deployable,0.025,benign,none,0.0,0.0,0.0058,0.0058,0.005848,True,closed,closed,False,False,False,False,response inside the round-trip bound,upstream of the hub stamp; the hub re-stamps at receipt
e2-20260813,E2_nonce_bound_affirmation,8,A0,deployable,0.025,benign,none,0.0,0.0,0.0085,0.0085,0.008481,True,closed,closed,False,False,False,False,response inside the round-trip bound,upstream of the hub stamp; the hub re-stamps at receipt
e2-20260813,E2_nonce_bound_affirmation,9,A0,deployable,0.025,benign,none,0.0,0.0,0.0073,0.0073,0.007302,True,closed,closed,False,False,False,False,response inside the round-trip bound,upstream of the hub stamp; the hub re-stamps at receipt
e2-20260813,E2_nonce_bound_affirmation,10,A0,deployable,0.025,benign,none,0.0,0.0,0.0051,0.0051,0.005129,True,closed,closed,False,False,False,False,response inside the round-trip bound,upstream of the hub stamp; the hub re-stamps at receipt
e2-20260813,E2_nonce_bound_affirmation,11,A0,deployable,0.025,benign,none,0.0,0.0,0.0017,0.0017,0.00174,True,closed,closed,False,False,False,False,response inside the round-trip bound,upstream of the hub stamp; the hub re-stamps at receipt
e2-20260813,E2_nonce_bound_affirmation,12,A0,deployable,0.025,benign,none,0.0,0.0,0.0013,0.0013,0.001319,True,closed,closed,False,False,False,False,response inside the round-trip bound,upstream of the hub stamp; the hub re-stamps at receipt
e2-20260813,E2_nonce_bound_affirmation,13,A0,deployable,0.025,benign,none,0.0,0.0,0.0071,0.0071,0.007091,True,closed,closed,False,False,False,False,response inside the round-trip bound,upstream of the hub stamp; the hub re-stamps at receipt
e2-20260813,E2_nonce_bound_affirmation,14,A0,deployable,0.025,benign,none,0.0,0.0,0.0046,0.0046,0.004634,True,closed,closed,False,False,False,False,response inside the round-trip bound,upstream of the hub stamp; the hub re-stamps at receipt
e2-20260813,E2_nonce_bound_affirmation,15,A0,deployable,0.025,benign,none,0.0,0.0,0.003,0.003,0.003034,True,closed,closed,False,False,False,False,response inside the round-trip bound,upstream of the hub stamp; the hub re-stamps at receipt
e2-20260813,E2_nonce_bound_affirmation,16,A0,deployable,0.025,benign,none,0.0,0.0,0.0057,0.0057,0.005717,True,closed,closed,False,False,False,False,response inside the round-trip bound,upstream of the hub stamp; the hub re-stamps at receipt
e2-20260813,E2_nonce_bound_affirmation,17,A0,deployable,0.025,benign,none,0.0,0.0,0.0045,0.0045,0.004504,True,closed,closed,False,False,False,False,response inside the round-trip bound,upstream of the hub stamp; the hub re-stamps at receipt
e2-20260813,E2_nonce_bound_affirmation,18,A0,deployable,0.025,benign,none,0.0,0.0,0.0031,0.0031,0.003134,True,closed,closed,False,False,False,False,response inside the round-trip bound,upstream of the hub stamp; the hub re-stamps at receipt
e2-20260813,E2_nonce_bound_affirmation,19,A0,deployable,0.025,benign,none,0.0,0.0,0.0059,0.0059,0.005861,True,closed,closed,False,False,False,False,response inside the round-trip bound,upstream of the hub stamp; the hub re-stamps at receipt
e2-20260813,E2_nonce_bound_affirmation,0,A0,deployable,0.025,attack,release_held,6.0,0.0,6.0031,0.0031,0.003147,True,closed,open,True,True,False,False,response inside the round-trip bound,upstream of the hub stamp; the hub re-stamps at receipt
e2-20260813,E2_nonce_bound_affirmation,1,A0,deployable,0.025,attack,release_held,6.0,0.0,6.0053,0.0053,0.005315,True,closed,open,True,True,False,False,response inside the round-trip bound,upstream of the hub stamp; the hub re-stamps at receipt
e2-20260813,E2_nonce_bound_affirmation,2,A0,deployable,0.025,attack,release_held,6.0,0.0,6.0058,0.0058,0.00578,True,closed,open,True,True,False,False,response inside the round-trip bound,upstream of the hub stamp; the hub re-stamps at receipt
e2-20260813,E2_nonce_bound_affirmation,3,A0,deployable,0.025,attack,release_held,6.0,0.0,6.002,0.002,0.001953,True,closed,open,True,True,False,False,response inside the round-trip bound,upstream of the hub stamp; the hub re-stamps at receipt
e2-20260813,E2_nonce_bound_affirmation,4,A0,deployable,0.025,attack,release_held,6.0,0.0,6.0072,0.0072,0.007223,True,closed,open,True,True,False,False,response inside the round-trip bound,upstream of the hub stamp; the hub re-stamps at receipt
e2-20260813,E2_nonce_bound_affirmation,5,A0,deployable,0.025,attack,release_held,6.0,0.0,6.0089,0.0089,0.008936,True,closed,open,True,True,False,False,response inside the round-trip bound,upstream of the hub stamp; the hub re-stamps at receipt
e2-20260813,E2_nonce_bound_affirmation,6,A0,deployable,0.025,attack,release_held,6.0,0.0,6.0034,0.0034,0.003404,True,closed,open,True,True,False,False,response inside the round-trip bound,upstream of the hub stamp; the hub re-stamps at receipt
e2-20260813,E2_nonce_bound_affirmation,7,A0,deployable,0.025,attack,release_held,6.0,0.0,6.0023,0.0023,0.002321,True,closed,open,True,True,False,False,response inside the round-trip bound,upstream of the hub stamp; the hub re-stamps at receipt
e2-20260813,E2_nonce_bound_affirmation,8,A0,deployable,0.025,attack,release_held,6.0,0.0,6.0033,0.0033,0.003341,True,closed,open,True,True,False,False,response inside the round-trip bound,upstream of the hub stamp; the hub re-stamps at receipt
e2-20260813,E2_nonce_bound_affirmation,9,A0,deployable,0.025,attack,release_held,6.0,0.0,6.0013,0.0013,0.001259,True,closed,open,True,True,False,False,response inside the round-trip bound,upstream of the hub stamp; the hub re-stamps at receipt
e2-20260813,E2_nonce_bound_affirmation,10,A0,deployable,0.025,attack,release_held,6.0,0.0,6.0089,0.0089,0.00892,True,closed,open,True,True,False,False,response inside the round-trip bound,upstream of the hub stamp; the hub re-stamps at receipt
e2-20260813,E2_nonce_bound_affirmation,11,A0,deployable,0.025,attack,release_held,6.0,0.0,6.0031,0.0031,0.003072,True,closed,open,True,True,False,False,response inside the round-trip bound,upstream of the hub stamp; the hub re-stamps at receipt
e2-20260813,E2_nonce_bound_affirmation,12,A0,deployable,0.025,attack,release_held,6.0,0.0,6.0034,0.0034,0.003358,True,closed,open,True,True,False,False,response inside the round-trip bound,upstream of the hub stamp; the hub re-stamps at receipt
e2-20260813,E2_nonce_bound_affirmation,13,A0,deployable,0.025,attack,release_held,6.0,0.0,6.0053,0.0053,0.005347,True,closed,open,True,True,False,False,response inside the round-trip bound,upstream of the hub stamp; the hub re-stamps at receipt
e2-20260813,E2_nonce_bound_affirmation,14,A0,deployable,0.025,attack,release_held,6.0,0.0,6.0023,0.0023,0.002271,True,closed,open,True,True,False,False,response inside the round-trip bound,upstream of the hub stamp; the hub re-stamps at receipt
e2-20260813,E2_nonce_bound_affirmation,15,A0,deployable,0.025,attack,release_held,6.0,0.0,6.0041,0.0041,0.004115,True,closed,open,True,True,False,False,response inside the round-trip bound,upstream of the hub stamp; the hub re-stamps at receipt
e2-20260813,E2_nonce_bound_affirmation,16,A0,deployable,0.025,attack,release_held,6.0,0.0,6.0032,0.0032,0.003169,True,closed,open,True,True,False,False,response inside the round-trip bound,upstream of the hub stamp; the hub re-stamps at receipt
e2-20260813,E2_nonce_bound_affirmation,17,A0,deployable,0.025,attack,release_held,6.0,0.0,6.0021,0.0021,0.002097,True,closed,open,True,True,False,False,response inside the round-trip bound,upstream of the hub stamp; the hub re-stamps at receipt
e2-20260813,E2_nonce_bound_affirmation,18,A0,deployable,0.025,attack,release_held,6.0,0.0,6.001,0.001,0.001037,True,closed,open,True,True,False,False,response inside the round-trip bound,upstream of the hub stamp; the hub re-stamps at receipt
e2-20260813,E2_nonce_bound_affirmation,19,A0,deployable,0.025,attack,release_held,6.0,0.0,6.0082,0.0082,0.008217,True,closed,open,True,True,False,False,response inside the round-trip bound,upstream of the hub stamp; the hub re-stamps at receipt
e2-20260813,E2_nonce_bound_affirmation,0,A0,deployable,0.025,attack,delay_response,0.0,6.0,6.0032,6.0032,6.003188,False,closed,open,False,False,False,False,observable age exceeds the freshness budget,upstream of the hub stamp; the hub re-stamps at receipt
e2-20260813,E2_nonce_bound_affirmation,1,A0,deployable,0.025,attack,delay_response,0.0,6.0,6.0015,6.0015,6.001537,False,closed,open,False,False,False,False,observable age exceeds the freshness budget,upstream of the hub stamp; the hub re-stamps at receipt
e2-20260813,E2_nonce_bound_affirmation,2,A0,deployable,0.025,attack,delay_response,0.0,6.0,6.001,6.001,6.000999,False,closed,open,False,False,False,False,observable age exceeds the freshness budget,upstream of the hub stamp; the hub re-stamps at receipt
e2-20260813,E2_nonce_bound_affirmation,3,A0,deployable,0.025,attack,delay_response,0.0,6.0,6.0046,6.0046,6.004583,False,closed,open,False,False,False,False,observable age exceeds the freshness budget,upstream of the hub stamp; the hub re-stamps at receipt
e2-20260813,E2_nonce_bound_affirmation,4,A0,deployable,0.025,attack,delay_response,0.0,6.0,6.0028,6.0028,6.002776,False,closed,open,False,False,False,False,observable age exceeds the freshness budget,upstream of the hub stamp; the hub re-stamps at receipt
e2-20260813,E2_nonce_bound_affirmation,5,A0,deployable,0.025,attack,delay_response,0.0,6.0,6.003,6.003,6.003031,False,closed,open,False,False,False,False,observable age exceeds the freshness budget,upstream of the hub stamp; the hub re-stamps at receipt
e2-20260813,E2_nonce_bound_affirmation,6,A0,deployable,0.025,attack,delay_response,0.0,6.0,6.004,6.004,6.003962,False,closed,open,False,False,False,False,observable age exceeds the freshness budget,upstream of the hub stamp; the hub re-stamps at receipt
e2-20260813,E2_nonce_bound_affirmation,7,A0,deployable,0.025,attack,delay_response,0.0,6.0,6.0075,6.0075,6.007528,False,closed,open,False,False,False,False,observable age exceeds the freshness budget,upstream of the hub stamp; the hub re-stamps at receipt
e2-20260813,E2_nonce_bound_affirmation,8,A0,deployable,0.025,attack,delay_response,0.0,6.0,6.0056,6.0056,6.005616,False,closed,open,False,False,False,False,observable age exceeds the freshness budget,upstream of the hub stamp; the hub re-stamps at receipt
e2-20260813,E2_nonce_bound_affirmation,9,A0,deployable,0.025,attack,delay_response,0.0,6.0,6.0072,6.0072,6.007226,False,closed,open,False,False,False,False,observable age exceeds the freshness budget,upstream of the hub stamp; the hub re-stamps at receipt
e2-20260813,E2_nonce_bound_affirmation,10,A0,deployable,0.025,attack,delay_response,0.0,6.0,6.0009,6.0009,6.000887,False,closed,open,False,False,False,False,observable age exceeds the freshness budget,upstream of the hub stamp; the hub re-stamps at receipt
e2-20260813,E2_nonce_bound_affirmation,11,A0,deployable,0.025,attack,delay_response,0.0,6.0,6.0031,6.0031,6.003134,False,closed,open,False,False,False,False,observable age exceeds the freshness budget,upstream of the hub stamp; the hub re-stamps at receipt
e2-20260813,E2_nonce_bound_affirmation,12,A0,deployable,0.025,attack,delay_response,0.0,6.0,6.0026,6.0026,6.002553,False,closed,open,False,False,False,False,observable age exceeds the freshness budget,upstream of the hub stamp; the hub re-stamps at receipt
e2-20260813,E2_nonce_bound_affirmation,13,A0,deployable,0.025,attack,delay_response,0.0,6.0,6.006,6.006,6.006049,False,closed,open,False,False,False,False,observable age exceeds the freshness budget,upstream of the hub stamp; the hub re-stamps at receipt
e2-20260813,E2_nonce_bound_affirmation,14,A0,deployable,0.025,attack,delay_response,0.0,6.0,6.006,6.006,6.006004,False,closed,open,False,False,False,False,observable age exceeds the freshness budget,upstream of the hub stamp; the hub re-stamps at receipt
e2-20260813,E2_nonce_bound_affirmation,15,A0,deployable,0.025,attack,delay_response,0.0,6.0,6.0052,6.0052,6.005182,False,closed,open,False,False,False,False,observable age exceeds the freshness budget,upstream of the hub stamp; the hub re-stamps at receipt
e2-20260813,E2_nonce_bound_affirmation,16,A0,deployable,0.025,attack,delay_response,0.0,6.0,6.0054,6.0054,6.005391,False,closed,open,False,False,False,False,observable age exceeds the freshness budget,upstream of the hub stamp; the hub re-stamps at receipt
e2-20260813,E2_nonce_bound_affirmation,17,A0,deployable,0.025,attack,delay_response,0.0,6.0,6.0074,6.0074,6.007389,False,closed,open,False,False,False,False,observable age exceeds the freshness budget,upstream of the hub stamp; the hub re-stamps at receipt
e2-20260813,E2_nonce_bound_affirmation,18,A0,deployable,0.025,attack,delay_response,0.0,6.0,6.0089,6.0089,6.008945,False,closed,open,False,False,False,False,observable age exceeds the freshness budget,upstream of the hub stamp; the hub re-stamps at receipt
e2-20260813,E2_nonce_bound_affirmation,19,A0,deployable,0.025,attack,delay_response,0.0,6.0,6.007,6.007,6.007005,False,closed,open,False,False,False,False,observable age exceeds the freshness budget,upstream of the hub stamp; the hub re-stamps at receipt
e2-20260813,E2_nonce_bound_affirmation,0,A0,deployable,0.1,benign,none,0.0,0.0,0.0056,0.0056,0.005577,True,closed,closed,False,False,False,False,response inside the round-trip bound,upstream of the hub stamp; the hub re-stamps at receipt
e2-20260813,E2_nonce_bound_affirmation,1,A0,deployable,0.1,benign,none,0.0,0.0,0.0081,0.0081,0.008052,True,closed,closed,False,False,False,False,response inside the round-trip bound,upstream of the hub stamp; the hub re-stamps at receipt
e2-20260813,E2_nonce_bound_affirmation,2,A0,deployable,0.1,benign,none,0.0,0.0,0.0043,0.0043,0.004305,True,closed,closed,False,False,False,False,response inside the round-trip bound,upstream of the hub stamp; the hub re-stamps at receipt
e2-20260813,E2_nonce_bound_affirmation,3,A0,deployable,0.1,benign,none,0.0,0.0,0.006,0.006,0.005951,True,closed,closed,False,False,False,False,response inside the round-trip bound,upstream of the hub stamp; the hub re-stamps at receipt
e2-20260813,E2_nonce_bound_affirmation,4,A0,deployable,0.1,benign,none,0.0,0.0,0.0081,0.0081,0.008067,True,closed,closed,False,False,False,False,response inside the round-trip bound,upstream of the hub stamp; the hub re-stamps at receipt
e2-20260813,E2_nonce_bound_affirmation,5,A0,deployable,0.1,benign,none,0.0,0.0,0.0016,0.0016,0.001607,True,closed,closed,False,False,False,False,response inside the round-trip bound,upstream of the hub stamp; the hub re-stamps at receipt
e2-20260813,E2_nonce_bound_affirmation,6,A0,deployable,0.1,benign,none,0.0,0.0,0.0085,0.0085,0.008454,True,closed,closed,False,False,False,False,response inside the round-trip bound,upstream of the hub stamp; the hub re-stamps at receipt
e2-20260813,E2_nonce_bound_affirmation,7,A0,deployable,0.1,benign,none,0.0,0.0,0.005,0.005,0.004996,True,closed,closed,False,False,False,False,response inside the round-trip bound,upstream of the hub stamp; the hub re-stamps at receipt
e2-20260813,E2_nonce_bound_affirmation,8,A0,deployable,0.1,benign,none,0.0,0.0,0.0023,0.0023,0.002342,True,closed,closed,False,False,False,False,response inside the round-trip bound,upstream of the hub stamp; the hub re-stamps at receipt
e2-20260813,E2_nonce_bound_affirmation,9,A0,deployable,0.1,benign,none,0.0,0.0,0.0065,0.0065,0.006479,True,closed,closed,False,False,False,False,response inside the round-trip bound,upstream of the hub stamp; the hub re-stamps at receipt
e2-20260813,E2_nonce_bound_affirmation,10,A0,deployable,0.1,benign,none,0.0,0.0,0.0084,0.0084,0.008433,True,closed,closed,False,False,False,False,response inside the round-trip bound,upstream of the hub stamp; the hub re-stamps at receipt
e2-20260813,E2_nonce_bound_affirmation,11,A0,deployable,0.1,benign,none,0.0,0.0,0.0061,0.0061,0.006118,True,closed,closed,False,False,False,False,response inside the round-trip bound,upstream of the hub stamp; the hub re-stamps at receipt
e2-20260813,E2_nonce_bound_affirmation,12,A0,deployable,0.1,benign,none,0.0,0.0,0.0067,0.0067,0.006711,True,closed,closed,False,False,False,False,response inside the round-trip bound,upstream of the hub stamp; the hub re-stamps at receipt
e2-20260813,E2_nonce_bound_affirmation,13,A0,deployable,0.1,benign,none,0.0,0.0,0.0065,0.0065,0.006492,True,closed,closed,False,False,False,False,response inside the round-trip bound,upstream of the hub stamp; the hub re-stamps at receipt
e2-20260813,E2_nonce_bound_affirmation,14,A0,deployable,0.1,benign,none,0.0,0.0,0.0022,0.0022,0.002212,True,closed,closed,False,False,False,False,response inside the round-trip bound,upstream of the hub stamp; the hub re-stamps at receipt
e2-20260813,E2_nonce_bound_affirmation,15,A0,deployable,0.1,benign,none,0.0,0.0,0.001,0.001,0.001005,True,closed,closed,False,False,False,False,response inside the round-trip bound,upstream of the hub stamp; the hub re-stamps at receipt
e2-20260813,E2_nonce_bound_affirmation,16,A0,deployable,0.1,benign,none,0.0,0.0,0.0049,0.0049,0.004872,True,closed,closed,False,False,False,False,response inside the round-trip bound,upstream of the hub stamp; the hub re-stamps at receipt
e2-20260813,E2_nonce_bound_affirmation,17,A0,deployable,0.1,benign,none,0.0,0.0,0.004,0.004,0.004048,True,closed,closed,False,False,False,False,response inside the round-trip bound,upstream of the hub stamp; the hub re-stamps at receipt
e2-20260813,E2_nonce_bound_affirmation,18,A0,deployable,0.1,benign,none,0.0,0.0,0.0042,0.0042,0.00422,True,closed,closed,False,False,False,False,response inside the round-trip bound,upstream of the hub stamp; the hub re-stamps at receipt
e2-20260813,E2_nonce_bound_affirmation,19,A0,deployable,0.1,benign,none,0.0,0.0,0.004,0.004,0.004022,True,closed,closed,False,False,False,False,response inside the round-trip bound,upstream of the hub stamp; the hub re-stamps at receipt
e2-20260813,E2_nonce_bound_affirmation,0,A0,deployable,0.1,attack,release_held,6.0,0.0,6.0022,0.0022,0.002237,True,closed,open,True,True,False,False,response inside the round-trip bound,upstream of the hub stamp; the hub re-stamps at receipt
e2-20260813,E2_nonce_bound_affirmation,1,A0,deployable,0.1,attack,release_held,6.0,0.0,6.0017,0.0017,0.001734,True,closed,open,True,True,False,False,response inside the round-trip bound,upstream of the hub stamp; the hub re-stamps at receipt
e2-20260813,E2_nonce_bound_affirmation,2,A0,deployable,0.1,attack,release_held,6.0,0.0,6.0058,0.0058,0.005822,True,closed,open,True,True,False,False,response inside the round-trip bound,upstream of the hub stamp; the hub re-stamps at receipt
e2-20260813,E2_nonce_bound_affirmation,3,A0,deployable,0.1,attack,release_held,6.0,0.0,6.0058,0.0058,0.005754,True,closed,open,True,True,False,False,response inside the round-trip bound,upstream of the hub stamp; the hub re-stamps at receipt
e2-20260813,E2_nonce_bound_affirmation,4,A0,deployable,0.1,attack,release_held,6.0,0.0,6.0083,0.0083,0.008317,True,closed,open,True,True,False,False,response inside the round-trip bound,upstream of the hub stamp; the hub re-stamps at receipt
e2-20260813,E2_nonce_bound_affirmation,5,A0,deployable,0.1,attack,release_held,6.0,0.0,6.0034,0.0034,0.003357,True,closed,open,True,True,False,False,response inside the round-trip bound,upstream of the hub stamp; the hub re-stamps at receipt
e2-20260813,E2_nonce_bound_affirmation,6,A0,deployable,0.1,attack,release_held,6.0,0.0,6.0014,0.0014,0.001398,True,closed,open,True,True,False,False,response inside the round-trip bound,upstream of the hub stamp; the hub re-stamps at receipt
e2-20260813,E2_nonce_bound_affirmation,7,A0,deployable,0.1,attack,release_held,6.0,0.0,6.0058,0.0058,0.005766,True,closed,open,True,True,False,False,response inside the round-trip bound,upstream of the hub stamp; the hub re-stamps at receipt
e2-20260813,E2_nonce_bound_affirmation,8,A0,deployable,0.1,attack,release_held,6.0,0.0,6.007,0.007,0.007001,True,closed,open,True,True,False,False,response inside the round-trip bound,upstream of the hub stamp; the hub re-stamps at receipt
e2-20260813,E2_nonce_bound_affirmation,9,A0,deployable,0.1,attack,release_held,6.0,0.0,6.0021,0.0021,0.002109,True,closed,open,True,True,False,False,response inside the round-trip bound,upstream of the hub stamp; the hub re-stamps at receipt
e2-20260813,E2_nonce_bound_affirmation,10,A0,deployable,0.1,attack,release_held,6.0,0.0,6.006,0.006,0.00595,True,closed,open,True,True,False,False,response inside the round-trip bound,upstream of the hub stamp; the hub re-stamps at receipt
e2-20260813,E2_nonce_bound_affirmation,11,A0,deployable,0.1,attack,release_held,6.0,0.0,6.005,0.005,0.005012,True,closed,open,True,True,False,False,response inside the round-trip bound,upstream of the hub stamp; the hub re-stamps at receipt
e2-20260813,E2_nonce_bound_affirmation,12,A0,deployable,0.1,attack,release_held,6.0,0.0,6.0039,0.0039,0.00392,True,closed,open,True,True,False,False,response inside the round-trip bound,upstream of the hub stamp; the hub re-stamps at receipt
e2-20260813,E2_nonce_bound_affirmation,13,A0,deployable,0.1,attack,release_held,6.0,0.0,6.0049,0.0049,0.004868,True,closed,open,True,True,False,False,response inside the round-trip bound,upstream of the hub stamp; the hub re-stamps at receipt
e2-20260813,E2_nonce_bound_affirmation,14,A0,deployable,0.1,attack,release_held,6.0,0.0,6.0037,0.0037,0.003673,True,closed,open,True,True,False,False,response inside the round-trip bound,upstream of the hub stamp; the hub re-stamps at receipt
e2-20260813,E2_nonce_bound_affirmation,15,A0,deployable,0.1,attack,release_held,6.0,0.0,6.0087,0.0087,0.00873,True,closed,open,True,True,False,False,response inside the round-trip bound,upstream of the hub stamp; the hub re-stamps at receipt
e2-20260813,E2_nonce_bound_affirmation,16,A0,deployable,0.1,attack,release_held,6.0,0.0,6.0073,0.0073,0.007308,True,closed,open,True,True,False,False,response inside the round-trip bound,upstream of the hub stamp; the hub re-stamps at receipt
e2-20260813,E2_nonce_bound_affirmation,17,A0,deployable,0.1,attack,release_held,6.0,0.0,6.0026,0.0026,0.002606,True,closed,open,True,True,False,False,response inside the round-trip bound,upstream of the hub stamp; the hub re-stamps at receipt
e2-20260813,E2_nonce_bound_affirmation,18,A0,deployable,0.1,attack,release_held,6.0,0.0,6.0022,0.0022,0.002217,True,closed,open,True,True,False,False,response inside the round-trip bound,upstream of the hub stamp; the hub re-stamps at receipt
e2-20260813,E2_nonce_bound_affirmation,19,A0,deployable,0.1,attack,release_held,6.0,0.0,6.0053,0.0053,0.005271,True,closed,open,True,True,False,False,response inside the round-trip bound,upstream of the hub stamp; the hub re-stamps at receipt
e2-20260813,E2_nonce_bound_affirmation,0,A0,deployable,0.1,attack,delay_response,0.0,6.0,6.0054,6.0054,6.005355,False,closed,open,False,False,False,False,observable age exceeds the freshness budget,upstream of the hub stamp; the hub re-stamps at receipt
e2-20260813,E2_nonce_bound_affirmation,1,A0,deployable,0.1,attack,delay_response,0.0,6.0,6.0032,6.0032,6.003229,False,closed,open,False,False,False,False,observable age exceeds the freshness budget,upstream of the hub stamp; the hub re-stamps at receipt
e2-20260813,E2_nonce_bound_affirmation,2,A0,deployable,0.1,attack,delay_response,0.0,6.0,6.0029,6.0029,6.002937,False,closed,open,False,False,False,False,observable age exceeds the freshness budget,upstream of the hub stamp; the hub re-stamps at receipt
e2-20260813,E2_nonce_bound_affirmation,3,A0,deployable,0.1,attack,delay_response,0.0,6.0,6.0029,6.0029,6.002921,False,closed,open,False,False,False,False,observable age exceeds the freshness budget,upstream of the hub stamp; the hub re-stamps at receipt
e2-20260813,E2_nonce_bound_affirmation,4,A0,deployable,0.1,attack,delay_response,0.0,6.0,6.0077,6.0077,6.007749,False,closed,open,False,False,False,False,observable age exceeds the freshness budget,upstream of the hub stamp; the hub re-stamps at receipt
e2-20260813,E2_nonce_bound_affirmation,5,A0,deployable,0.1,attack,delay_response,0.0,6.0,6.0071,6.0071,6.007126,False,closed,open,False,False,False,False,observable age exceeds the freshness budget,upstream of the hub stamp; the hub re-stamps at receipt
e2-20260813,E2_nonce_bound_affirmation,6,A0,deployable,0.1,attack,delay_response,0.0,6.0,6.0017,6.0017,6.001683,False,closed,open,False,False,False,False,observable age exceeds the freshness budget,upstream of the hub stamp; the hub re-stamps at receipt
e2-20260813,E2_nonce_bound_affirmation,7,A0,deployable,0.1,attack,delay_response,0.0,6.0,6.0025,6.0025,6.002541,False,closed,open,False,False,False,False,observable age exceeds the freshness budget,upstream of the hub stamp; the hub re-stamps at receipt
e2-20260813,E2_nonce_bound_affirmation,8,A0,deployable,0.1,attack,delay_response,0.0,6.0,6.0086,6.0086,6.008606,False,closed,open,False,False,False,False,observable age exceeds the freshness budget,upstream of the hub stamp; the hub re-stamps at receipt
e2-20260813,E2_nonce_bound_affirmation,9,A0,deployable,0.1,attack,delay_response,0.0,6.0,6.0061,6.0061,6.006065,False,closed,open,False,False,False,False,observable age exceeds the freshness budget,upstream of the hub stamp; the hub re-stamps at receipt
e2-20260813,E2_nonce_bound_affirmation,10,A0,deployable,0.1,attack,delay_response,0.0,6.0,6.0086,6.0086,6.008627,False,closed,open,False,False,False,False,observable age exceeds the freshness budget,upstream of the hub stamp; the hub re-stamps at receipt
e2-20260813,E2_nonce_bound_affirmation,11,A0,deployable,0.1,attack,delay_response,0.0,6.0,6.0025,6.0025,6.002465,False,closed,open,False,False,False,False,observable age exceeds the freshness budget,upstream of the hub stamp; the hub re-stamps at receipt
e2-20260813,E2_nonce_bound_affirmation,12,A0,deployable,0.1,attack,delay_response,0.0,6.0,6.007,6.007,6.007037,False,closed,open,False,False,False,False,observable age exceeds the freshness budget,upstream of the hub stamp; the hub re-stamps at receipt
e2-20260813,E2_nonce_bound_affirmation,13,A0,deployable,0.1,attack,delay_response,0.0,6.0,6.0012,6.0012,6.00122,False,closed,open,False,False,False,False,observable age exceeds the freshness budget,upstream of the hub stamp; the hub re-stamps at receipt
e2-20260813,E2_nonce_bound_affirmation,14,A0,deployable,0.1,attack,delay_response,0.0,6.0,6.0016,6.0016,6.001607,False,closed,open,False,False,False,False,observable age exceeds the freshness budget,upstream of the hub stamp; the hub re-stamps at receipt
e2-20260813,E2_nonce_bound_affirmation,15,A0,deployable,0.1,attack,delay_response,0.0,6.0,6.0015,6.0015,6.00154,False,closed,open,False,False,False,False,observable age exceeds the freshness budget,upstream of the hub stamp; the hub re-stamps at receipt
e2-20260813,E2_nonce_bound_affirmation,16,A0,deployable,0.1,attack,delay_response,0.0,6.0,6.0038,6.0038,6.00381,False,closed,open,False,False,False,False,observable age exceeds the freshness budget,upstream of the hub stamp; the hub re-stamps at receipt
e2-20260813,E2_nonce_bound_affirmation,17,A0,deployable,0.1,attack,delay_response,0.0,6.0,6.0042,6.0042,6.004227,False,closed,open,False,False,False,False,observable age exceeds the freshness budget,upstream of the hub stamp; the hub re-stamps at receipt
e2-20260813,E2_nonce_bound_affirmation,18,A0,deployable,0.1,attack,delay_response,0.0,6.0,6.005,6.005,6.005044,False,closed,open,False,False,False,False,observable age exceeds the freshness budget,upstream of the hub stamp; the hub re-stamps at receipt
e2-20260813,E2_nonce_bound_affirmation,19,A0,deployable,0.1,attack,delay_response,0.0,6.0,6.0045,6.0045,6.004527,False,closed,open,False,False,False,False,observable age exceeds the freshness budget,upstream of the hub stamp; the hub re-stamps at receipt
e2-20260813,E2_nonce_bound_affirmation,0,A0,deployable,0.5,benign,none,0.0,0.0,0.004,0.004,0.004049,True,closed,closed,False,False,False,False,response inside the round-trip bound,upstream of the hub stamp; the hub re-stamps at receipt
e2-20260813,E2_nonce_bound_affirmation,1,A0,deployable,0.5,benign,none,0.0,0.0,0.0054,0.0054,0.005376,True,closed,closed,False,False,False,False,response inside the round-trip bound,upstream of the hub stamp; the hub re-stamps at receipt
e2-20260813,E2_nonce_bound_affirmation,2,A0,deployable,0.5,benign,none,0.0,0.0,0.0009,0.0009,0.000903,True,closed,closed,False,False,False,False,response inside the round-trip bound,upstream of the hub stamp; the hub re-stamps at receipt
e2-20260813,E2_nonce_bound_affirmation,3,A0,deployable,0.5,benign,none,0.0,0.0,0.0023,0.0023,0.002334,True,closed,closed,False,False,False,False,response inside the round-trip bound,upstream of the hub stamp; the hub re-stamps at receipt
e2-20260813,E2_nonce_bound_affirmation,4,A0,deployable,0.5,benign,none,0.0,0.0,0.0085,0.0085,0.008479,True,closed,closed,False,False,False,False,response inside the round-trip bound,upstream of the hub stamp; the hub re-stamps at receipt
e2-20260813,E2_nonce_bound_affirmation,5,A0,deployable,0.5,benign,none,0.0,0.0,0.0028,0.0028,0.002751,True,closed,closed,False,False,False,False,response inside the round-trip bound,upstream of the hub stamp; the hub re-stamps at receipt
e2-20260813,E2_nonce_bound_affirmation,6,A0,deployable,0.5,benign,none,0.0,0.0,0.0043,0.0043,0.004259,True,closed,closed,False,False,False,False,response inside the round-trip bound,upstream of the hub stamp; the hub re-stamps at receipt
e2-20260813,E2_nonce_bound_affirmation,7,A0,deployable,0.5,benign,none,0.0,0.0,0.0061,0.0061,0.006078,True,closed,closed,False,False,False,False,response inside the round-trip bound,upstream of the hub stamp; the hub re-stamps at receipt
e2-20260813,E2_nonce_bound_affirmation,8,A0,deployable,0.5,benign,none,0.0,0.0,0.0076,0.0076,0.007618,True,closed,closed,False,False,False,False,response inside the round-trip bound,upstream of the hub stamp; the hub re-stamps at receipt
e2-20260813,E2_nonce_bound_affirmation,9,A0,deployable,0.5,benign,none,0.0,0.0,0.0084,0.0084,0.008354,True,closed,closed,False,False,False,False,response inside the round-trip bound,upstream of the hub stamp; the hub re-stamps at receipt
e2-20260813,E2_nonce_bound_affirmation,10,A0,deployable,0.5,benign,none,0.0,0.0,0.0081,0.0081,0.008113,True,closed,closed,False,False,False,False,response inside the round-trip bound,upstream of the hub stamp; the hub re-stamps at receipt
e2-20260813,E2_nonce_bound_affirmation,11,A0,deployable,0.5,benign,none,0.0,0.0,0.0078,0.0078,0.007811,True,closed,closed,False,False,False,False,response inside the round-trip bound,upstream of the hub stamp; the hub re-stamps at receipt
e2-20260813,E2_nonce_bound_affirmation,12,A0,deployable,0.5,benign,none,0.0,0.0,0.0063,0.0063,0.006281,True,closed,closed,False,False,False,False,response inside the round-trip bound,upstream of the hub stamp; the hub re-stamps at receipt
e2-20260813,E2_nonce_bound_affirmation,13,A0,deployable,0.5,benign,none,0.0,0.0,0.0023,0.0023,0.002301,True,closed,closed,False,False,False,False,response inside the round-trip bound,upstream of the hub stamp; the hub re-stamps at receipt
e2-20260813,E2_nonce_bound_affirmation,14,A0,deployable,0.5,benign,none,0.0,0.0,0.0018,0.0018,0.00184,True,closed,closed,False,False,False,False,response inside the round-trip bound,upstream of the hub stamp; the hub re-stamps at receipt
e2-20260813,E2_nonce_bound_affirmation,15,A0,deployable,0.5,benign,none,0.0,0.0,0.0042,0.0042,0.004214,True,closed,closed,False,False,False,False,response inside the round-trip bound,upstream of the hub stamp; the hub re-stamps at receipt
e2-20260813,E2_nonce_bound_affirmation,16,A0,deployable,0.5,benign,none,0.0,0.0,0.0068,0.0068,0.006784,True,closed,closed,False,False,False,False,response inside the round-trip bound,upstream of the hub stamp; the hub re-stamps at receipt
e2-20260813,E2_nonce_bound_affirmation,17,A0,deployable,0.5,benign,none,0.0,0.0,0.0043,0.0043,0.00426,True,closed,closed,False,False,False,False,response inside the round-trip bound,upstream of the hub stamp; the hub re-stamps at receipt
e2-20260813,E2_nonce_bound_affirmation,18,A0,deployable,0.5,benign,none,0.0,0.0,0.0083,0.0083,0.008317,True,closed,closed,False,False,False,False,response inside the round-trip bound,upstream of the hub stamp; the hub re-stamps at receipt
e2-20260813,E2_nonce_bound_affirmation,19,A0,deployable,0.5,benign,none,0.0,0.0,0.008,0.008,0.007951,True,closed,closed,False,False,False,False,response inside the round-trip bound,upstream of the hub stamp; the hub re-stamps at receipt
e2-20260813,E2_nonce_bound_affirmation,0,A0,deployable,0.5,attack,release_held,6.0,0.0,6.0073,0.0073,0.007279,True,closed,open,True,True,False,False,response inside the round-trip bound,upstream of the hub stamp; the hub re-stamps at receipt
e2-20260813,E2_nonce_bound_affirmation,1,A0,deployable,0.5,attack,release_held,6.0,0.0,6.0076,0.0076,0.007621,True,closed,open,True,True,False,False,response inside the round-trip bound,upstream of the hub stamp; the hub re-stamps at receipt
e2-20260813,E2_nonce_bound_affirmation,2,A0,deployable,0.5,attack,release_held,6.0,0.0,6.003,0.003,0.002963,True,closed,open,True,True,False,False,response inside the round-trip bound,upstream of the hub stamp; the hub re-stamps at receipt
e2-20260813,E2_nonce_bound_affirmation,3,A0,deployable,0.5,attack,release_held,6.0,0.0,6.0017,0.0017,0.001716,True,closed,open,True,True,False,False,response inside the round-trip bound,upstream of the hub stamp; the hub re-stamps at receipt
e2-20260813,E2_nonce_bound_affirmation,4,A0,deployable,0.5,attack,release_held,6.0,0.0,6.0085,0.0085,0.008525,True,closed,open,True,True,False,False,response inside the round-trip bound,upstream of the hub stamp; the hub re-stamps at receipt
e2-20260813,E2_nonce_bound_affirmation,5,A0,deployable,0.5,attack,release_held,6.0,0.0,6.005,0.005,0.005028,True,closed,open,True,True,False,False,response inside the round-trip bound,upstream of the hub stamp; the hub re-stamps at receipt
e2-20260813,E2_nonce_bound_affirmation,6,A0,deployable,0.5,attack,release_held,6.0,0.0,6.0072,0.0072,0.00717,True,closed,open,True,True,False,False,response inside the round-trip bound,upstream of the hub stamp; the hub re-stamps at receipt
e2-20260813,E2_nonce_bound_affirmation,7,A0,deployable,0.5,attack,release_held,6.0,0.0,6.008,0.008,0.007956,True,closed,open,True,True,False,False,response inside the round-trip bound,upstream of the hub stamp; the hub re-stamps at receipt
e2-20260813,E2_nonce_bound_affirmation,8,A0,deployable,0.5,attack,release_held,6.0,0.0,6.001,0.001,0.00103,True,closed,open,True,True,False,False,response inside the round-trip bound,upstream of the hub stamp; the hub re-stamps at receipt
e2-20260813,E2_nonce_bound_affirmation,9,A0,deployable,0.5,attack,release_held,6.0,0.0,6.0031,0.0031,0.003119,True,closed,open,True,True,False,False,response inside the round-trip bound,upstream of the hub stamp; the hub re-stamps at receipt
e2-20260813,E2_nonce_bound_affirmation,10,A0,deployable,0.5,attack,release_held,6.0,0.0,6.0009,0.0009,0.000863,True,closed,open,True,True,False,False,response inside the round-trip bound,upstream of the hub stamp; the hub re-stamps at receipt
e2-20260813,E2_nonce_bound_affirmation,11,A0,deployable,0.5,attack,release_held,6.0,0.0,6.0039,0.0039,0.003948,True,closed,open,True,True,False,False,response inside the round-trip bound,upstream of the hub stamp; the hub re-stamps at receipt
e2-20260813,E2_nonce_bound_affirmation,12,A0,deployable,0.5,attack,release_held,6.0,0.0,6.0068,0.0068,0.006842,True,closed,open,True,True,False,False,response inside the round-trip bound,upstream of the hub stamp; the hub re-stamps at receipt
e2-20260813,E2_nonce_bound_affirmation,13,A0,deployable,0.5,attack,release_held,6.0,0.0,6.0073,0.0073,0.00733,True,closed,open,True,True,False,False,response inside the round-trip bound,upstream of the hub stamp; the hub re-stamps at receipt
e2-20260813,E2_nonce_bound_affirmation,14,A0,deployable,0.5,attack,release_held,6.0,0.0,6.0009,0.0009,0.000912,True,closed,open,True,True,False,False,response inside the round-trip bound,upstream of the hub stamp; the hub re-stamps at receipt
e2-20260813,E2_nonce_bound_affirmation,15,A0,deployable,0.5,attack,release_held,6.0,0.0,6.0054,0.0054,0.005404,True,closed,open,True,True,False,False,response inside the round-trip bound,upstream of the hub stamp; the hub re-stamps at receipt
e2-20260813,E2_nonce_bound_affirmation,16,A0,deployable,0.5,attack,release_held,6.0,0.0,6.0081,0.0081,0.008121,True,closed,open,True,True,False,False,response inside the round-trip bound,upstream of the hub stamp; the hub re-stamps at receipt
e2-20260813,E2_nonce_bound_affirmation,17,A0,deployable,0.5,attack,release_held,6.0,0.0,6.0067,0.0067,0.006741,True,closed,open,True,True,False,False,response inside the round-trip bound,upstream of the hub stamp; the hub re-stamps at receipt
e2-20260813,E2_nonce_bound_affirmation,18,A0,deployable,0.5,attack,release_held,6.0,0.0,6.004,0.004,0.004027,True,closed,open,True,True,False,False,response inside the round-trip bound,upstream of the hub stamp; the hub re-stamps at receipt
e2-20260813,E2_nonce_bound_affirmation,19,A0,deployable,0.5,attack,release_held,6.0,0.0,6.0042,0.0042,0.00425,True,closed,open,True,True,False,False,response inside the round-trip bound,upstream of the hub stamp; the hub re-stamps at receipt
e2-20260813,E2_nonce_bound_affirmation,0,A0,deployable,0.5,attack,delay_response,0.0,6.0,6.0051,6.0051,6.005122,False,closed,open,False,False,False,False,observable age exceeds the freshness budget,upstream of the hub stamp; the hub re-stamps at receipt
e2-20260813,E2_nonce_bound_affirmation,1,A0,deployable,0.5,attack,delay_response,0.0,6.0,6.0024,6.0024,6.002355,False,closed,open,False,False,False,False,observable age exceeds the freshness budget,upstream of the hub stamp; the hub re-stamps at receipt
e2-20260813,E2_nonce_bound_affirmation,2,A0,deployable,0.5,attack,delay_response,0.0,6.0,6.005,6.005,6.004981,False,closed,open,False,False,False,False,observable age exceeds the freshness budget,upstream of the hub stamp; the hub re-stamps at receipt
e2-20260813,E2_nonce_bound_affirmation,3,A0,deployable,0.5,attack,delay_response,0.0,6.0,6.0062,6.0062,6.006185,False,closed,open,False,False,False,False,observable age exceeds the freshness budget,upstream of the hub stamp; the hub re-stamps at receipt
e2-20260813,E2_nonce_bound_affirmation,4,A0,deployable,0.5,attack,delay_response,0.0,6.0,6.0009,6.0009,6.000903,False,closed,open,False,False,False,False,observable age exceeds the freshness budget,upstream of the hub stamp; the hub re-stamps at receipt
e2-20260813,E2_nonce_bound_affirmation,5,A0,deployable,0.5,attack,delay_response,0.0,6.0,6.0039,6.0039,6.003872,False,closed,open,False,False,False,False,observable age exceeds the freshness budget,upstream of the hub stamp; the hub re-stamps at receipt
e2-20260813,E2_nonce_bound_affirmation,6,A0,deployable,0.5,attack,delay_response,0.0,6.0,6.0041,6.0041,6.004102,False,closed,open,False,False,False,False,observable age exceeds the freshness budget,upstream of the hub stamp; the hub re-stamps at receipt
e2-20260813,E2_nonce_bound_affirmation,7,A0,deployable,0.5,attack,delay_response,0.0,6.0,6.0088,6.0088,6.00884,False,closed,open,False,False,False,False,observable age exceeds the freshness budget,upstream of the hub stamp; the hub re-stamps at receipt
e2-20260813,E2_nonce_bound_affirmation,8,A0,deployable,0.5,attack,delay_response,0.0,6.0,6.0009,6.0009,6.000853,False,closed,open,False,False,False,False,observable age exceeds the freshness budget,upstream of the hub stamp; the hub re-stamps at receipt
e2-20260813,E2_nonce_bound_affirmation,9,A0,deployable,0.5,attack,delay_response,0.0,6.0,6.0049,6.0049,6.004864,False,closed,open,False,False,False,False,observable age exceeds the freshness budget,upstream of the hub stamp; the hub re-stamps at receipt
e2-20260813,E2_nonce_bound_affirmation,10,A0,deployable,0.5,attack,delay_response,0.0,6.0,6.0063,6.0063,6.006325,False,closed,open,False,False,False,False,observable age exceeds the freshness budget,upstream of the hub stamp; the hub re-stamps at receipt
e2-20260813,E2_nonce_bound_affirmation,11,A0,deployable,0.5,attack,delay_response,0.0,6.0,6.0064,6.0064,6.0064,False,closed,open,False,False,False,False,observable age exceeds the freshness budget,upstream of the hub stamp; the hub re-stamps at receipt
e2-20260813,E2_nonce_bound_affirmation,12,A0,deployable,0.5,attack,delay_response,0.0,6.0,6.0065,6.0065,6.006454,False,closed,open,False,False,False,False,observable age exceeds the freshness budget,upstream of the hub stamp; the hub re-stamps at receipt
e2-20260813,E2_nonce_bound_affirmation,13,A0,deployable,0.5,attack,delay_response,0.0,6.0,6.0037,6.0037,6.003666,False,closed,open,False,False,False,False,observable age exceeds the freshness budget,upstream of the hub stamp; the hub re-stamps at receipt
e2-20260813,E2_nonce_bound_affirmation,14,A0,deployable,0.5,attack,delay_response,0.0,6.0,6.0048,6.0048,6.0048,False,closed,open,False,False,False,False,observable age exceeds the freshness budget,upstream of the hub stamp; the hub re-stamps at receipt
e2-20260813,E2_nonce_bound_affirmation,15,A0,deployable,0.5,attack,delay_response,0.0,6.0,6.0075,6.0075,6.007504,False,closed,open,False,False,False,False,observable age exceeds the freshness budget,upstream of the hub stamp; the hub re-stamps at receipt
e2-20260813,E2_nonce_bound_affirmation,16,A0,deployable,0.5,attack,delay_response,0.0,6.0,6.0036,6.0036,6.003556,False,closed,open,False,False,False,False,observable age exceeds the freshness budget,upstream of the hub stamp; the hub re-stamps at receipt
e2-20260813,E2_nonce_bound_affirmation,17,A0,deployable,0.5,attack,delay_response,0.0,6.0,6.0012,6.0012,6.001174,False,closed,open,False,False,False,False,observable age exceeds the freshness budget,upstream of the hub stamp; the hub re-stamps at receipt
e2-20260813,E2_nonce_bound_affirmation,18,A0,deployable,0.5,attack,delay_response,0.0,6.0,6.0064,6.0064,6.006359,False,closed,open,False,False,False,False,observable age exceeds the freshness budget,upstream of the hub stamp; the hub re-stamps at receipt
e2-20260813,E2_nonce_bound_affirmation,19,A0,deployable,0.5,attack,delay_response,0.0,6.0,6.0059,6.0059,6.005945,False,closed,open,False,False,False,False,observable age exceeds the freshness budget,upstream of the hub stamp; the hub re-stamps at receipt
e2-20260813,E2_nonce_bound_affirmation,0,A0,strong,0.001,benign,none,0.0,0.0,0.0075,0.0075,0.007474,False,closed,closed,False,False,True,True,round trip 0.007s > bound 0.001s,upstream of the hub stamp; the hub re-stamps at receipt
e2-20260813,E2_nonce_bound_affirmation,1,A0,strong,0.001,benign,none,0.0,0.0,0.0016,0.0016,0.001575,False,closed,closed,False,False,True,True,round trip 0.002s > bound 0.001s,upstream of the hub stamp; the hub re-stamps at receipt
e2-20260813,E2_nonce_bound_affirmation,2,A0,strong,0.001,benign,none,0.0,0.0,0.0089,0.0089,0.008915,False,closed,closed,False,False,True,True,round trip 0.009s > bound 0.001s,upstream of the hub stamp; the hub re-stamps at receipt
e2-20260813,E2_nonce_bound_affirmation,3,A0,strong,0.001,benign,none,0.0,0.0,0.0073,0.0073,0.007306,False,closed,closed,False,False,True,True,round trip 0.007s > bound 0.001s,upstream of the hub stamp; the hub re-stamps at receipt
e2-20260813,E2_nonce_bound_affirmation,4,A0,strong,0.001,benign,none,0.0,0.0,0.0021,0.0021,0.002055,False,closed,closed,False,False,True,True,round trip 0.002s > bound 0.001s,upstream of the hub stamp; the hub re-stamps at receipt
e2-20260813,E2_nonce_bound_affirmation,5,A0,strong,0.001,benign,none,0.0,0.0,0.0019,0.0019,0.001948,False,closed,closed,False,False,True,True,round trip 0.002s > bound 0.001s,upstream of the hub stamp; the hub re-stamps at receipt
e2-20260813,E2_nonce_bound_affirmation,6,A0,strong,0.001,benign,none,0.0,0.0,0.006,0.006,0.006043,False,closed,closed,False,False,True,True,round trip 0.006s > bound 0.001s,upstream of the hub stamp; the hub re-stamps at receipt
e2-20260813,E2_nonce_bound_affirmation,7,A0,strong,0.001,benign,none,0.0,0.0,0.008,0.008,0.00797,False,closed,closed,False,False,True,True,round trip 0.008s > bound 0.001s,upstream of the hub stamp; the hub re-stamps at receipt
e2-20260813,E2_nonce_bound_affirmation,8,A0,strong,0.001,benign,none,0.0,0.0,0.0061,0.0061,0.006132,False,closed,closed,False,False,True,True,round trip 0.006s > bound 0.001s,upstream of the hub stamp; the hub re-stamps at receipt
e2-20260813,E2_nonce_bound_affirmation,9,A0,strong,0.001,benign,none,0.0,0.0,0.0057,0.0057,0.005662,False,closed,closed,False,False,True,True,round trip 0.006s > bound 0.001s,upstream of the hub stamp; the hub re-stamps at receipt
e2-20260813,E2_nonce_bound_affirmation,10,A0,strong,0.001,benign,none,0.0,0.0,0.0019,0.0019,0.001884,False,closed,closed,False,False,True,True,round trip 0.002s > bound 0.001s,upstream of the hub stamp; the hub re-stamps at receipt
e2-20260813,E2_nonce_bound_affirmation,11,A0,strong,0.001,benign,none,0.0,0.0,0.006,0.006,0.006,False,closed,closed,False,False,True,True,round trip 0.006s > bound 0.001s,upstream of the hub stamp; the hub re-stamps at receipt
e2-20260813,E2_nonce_bound_affirmation,12,A0,strong,0.001,benign,none,0.0,0.0,0.0073,0.0073,0.007307,False,closed,closed,False,False,True,True,round trip 0.007s > bound 0.001s,upstream of the hub stamp; the hub re-stamps at receipt
e2-20260813,E2_nonce_bound_affirmation,13,A0,strong,0.001,benign,none,0.0,0.0,0.0083,0.0083,0.008282,False,closed,closed,False,False,True,True,round trip 0.008s > bound 0.001s,upstream of the hub stamp; the hub re-stamps at receipt
e2-20260813,E2_nonce_bound_affirmation,14,A0,strong,0.001,benign,none,0.0,0.0,0.0034,0.0034,0.003391,False,closed,closed,False,False,True,True,round trip 0.003s > bound 0.001s,upstream of the hub stamp; the hub re-stamps at receipt
e2-20260813,E2_nonce_bound_affirmation,15,A0,strong,0.001,benign,none,0.0,0.0,0.0041,0.0041,0.004072,False,closed,closed,False,False,True,True,round trip 0.004s > bound 0.001s,upstream of the hub stamp; the hub re-stamps at receipt
e2-20260813,E2_nonce_bound_affirmation,16,A0,strong,0.001,benign,none,0.0,0.0,0.0084,0.0084,0.00841,False,closed,closed,False,False,True,True,round trip 0.008s > bound 0.001s,upstream of the hub stamp; the hub re-stamps at receipt
e2-20260813,E2_nonce_bound_affirmation,17,A0,strong,0.001,benign,none,0.0,0.0,0.0052,0.0052,0.005195,False,closed,closed,False,False,True,True,round trip 0.005s > bound 0.001s,upstream of the hub stamp; the hub re-stamps at receipt
e2-20260813,E2_nonce_bound_affirmation,18,A0,strong,0.001,benign,none,0.0,0.0,0.0023,0.0023,0.002271,False,closed,closed,False,False,True,True,round trip 0.002s > bound 0.001s,upstream of the hub stamp; the hub re-stamps at receipt
e2-20260813,E2_nonce_bound_affirmation,19,A0,strong,0.001,benign,none,0.0,0.0,0.0081,0.0081,0.008084,False,closed,closed,False,False,True,True,round trip 0.008s > bound 0.001s,upstream of the hub stamp; the hub re-stamps at receipt
e2-20260813,E2_nonce_bound_affirmation,0,A0,strong,0.001,attack,release_held,6.0,0.0,6.0065,0.0065,0.00651,False,closed,open,False,False,False,True,no device binding for this challenge,upstream of the hub stamp; the hub re-stamps at receipt
e2-20260813,E2_nonce_bound_affirmation,1,A0,strong,0.001,attack,release_held,6.0,0.0,6.004,0.004,0.004035,False,closed,open,False,False,False,True,no device binding for this challenge,upstream of the hub stamp; the hub re-stamps at receipt
e2-20260813,E2_nonce_bound_affirmation,2,A0,strong,0.001,attack,release_held,6.0,0.0,6.0065,0.0065,0.006496,False,closed,open,False,False,False,True,no device binding for this challenge,upstream of the hub stamp; the hub re-stamps at receipt
e2-20260813,E2_nonce_bound_affirmation,3,A0,strong,0.001,attack,release_held,6.0,0.0,6.0013,0.0013,0.001272,False,closed,open,False,False,False,True,no device binding for this challenge,upstream of the hub stamp; the hub re-stamps at receipt
e2-20260813,E2_nonce_bound_affirmation,4,A0,strong,0.001,attack,release_held,6.0,0.0,6.0029,0.0029,0.002917,False,closed,open,False,False,False,True,no device binding for this challenge,upstream of the hub stamp; the hub re-stamps at receipt
e2-20260813,E2_nonce_bound_affirmation,5,A0,strong,0.001,attack,release_held,6.0,0.0,6.0073,0.0073,0.007285,False,closed,open,False,False,False,True,no device binding for this challenge,upstream of the hub stamp; the hub re-stamps at receipt
e2-20260813,E2_nonce_bound_affirmation,6,A0,strong,0.001,attack,release_held,6.0,0.0,6.0021,0.0021,0.002081,False,closed,open,False,False,False,True,no device binding for this challenge,upstream of the hub stamp; the hub re-stamps at receipt
e2-20260813,E2_nonce_bound_affirmation,7,A0,strong,0.001,attack,release_held,6.0,0.0,6.0047,0.0047,0.004705,False,closed,open,False,False,False,True,no device binding for this challenge,upstream of the hub stamp; the hub re-stamps at receipt
e2-20260813,E2_nonce_bound_affirmation,8,A0,strong,0.001,attack,release_held,6.0,0.0,6.0047,0.0047,0.004724,False,closed,open,False,False,False,True,no device binding for this challenge,upstream of the hub stamp; the hub re-stamps at receipt
e2-20260813,E2_nonce_bound_affirmation,9,A0,strong,0.001,attack,release_held,6.0,0.0,6.0023,0.0023,0.002288,False,closed,open,False,False,False,True,no device binding for this challenge,upstream of the hub stamp; the hub re-stamps at receipt
e2-20260813,E2_nonce_bound_affirmation,10,A0,strong,0.001,attack,release_held,6.0,0.0,6.0012,0.0012,0.001192,False,closed,open,False,False,False,True,no device binding for this challenge,upstream of the hub stamp; the hub re-stamps at receipt
e2-20260813,E2_nonce_bound_affirmation,11,A0,strong,0.001,attack,release_held,6.0,0.0,6.0018,0.0018,0.001792,False,closed,open,False,False,False,True,no device binding for this challenge,upstream of the hub stamp; the hub re-stamps at receipt
e2-20260813,E2_nonce_bound_affirmation,12,A0,strong,0.001,attack,release_held,6.0,0.0,6.0014,0.0014,0.001402,False,closed,open,False,False,False,True,no device binding for this challenge,upstream of the hub stamp; the hub re-stamps at receipt
e2-20260813,E2_nonce_bound_affirmation,13,A0,strong,0.001,attack,release_held,6.0,0.0,6.0072,0.0072,0.007164,False,closed,open,False,False,False,True,no device binding for this challenge,upstream of the hub stamp; the hub re-stamps at receipt
e2-20260813,E2_nonce_bound_affirmation,14,A0,strong,0.001,attack,release_held,6.0,0.0,6.0087,0.0087,0.008663,False,closed,open,False,False,False,True,no device binding for this challenge,upstream of the hub stamp; the hub re-stamps at receipt
e2-20260813,E2_nonce_bound_affirmation,15,A0,strong,0.001,attack,release_held,6.0,0.0,6.0082,0.0082,0.008196,False,closed,open,False,False,False,True,no device binding for this challenge,upstream of the hub stamp; the hub re-stamps at receipt
e2-20260813,E2_nonce_bound_affirmation,16,A0,strong,0.001,attack,release_held,6.0,0.0,6.0072,0.0072,0.007161,False,closed,open,False,False,False,True,no device binding for this challenge,upstream of the hub stamp; the hub re-stamps at receipt
e2-20260813,E2_nonce_bound_affirmation,17,A0,strong,0.001,attack,release_held,6.0,0.0,6.0065,0.0065,0.006501,False,closed,open,False,False,False,True,no device binding for this challenge,upstream of the hub stamp; the hub re-stamps at receipt
e2-20260813,E2_nonce_bound_affirmation,18,A0,strong,0.001,attack,release_held,6.0,0.0,6.002,0.002,0.001987,False,closed,open,False,False,False,True,no device binding for this challenge,upstream of the hub stamp; the hub re-stamps at receipt
e2-20260813,E2_nonce_bound_affirmation,19,A0,strong,0.001,attack,release_held,6.0,0.0,6.0085,0.0085,0.008525,False,closed,open,False,False,False,True,no device binding for this challenge,upstream of the hub stamp; the hub re-stamps at receipt
e2-20260813,E2_nonce_bound_affirmation,0,A0,strong,0.001,attack,delay_response,0.0,6.0,6.0061,6.0061,6.006087,False,closed,open,False,False,False,True,observable age exceeds the freshness budget,upstream of the hub stamp; the hub re-stamps at receipt
e2-20260813,E2_nonce_bound_affirmation,1,A0,strong,0.001,attack,delay_response,0.0,6.0,6.0071,6.0071,6.007103,False,closed,open,False,False,False,True,observable age exceeds the freshness budget,upstream of the hub stamp; the hub re-stamps at receipt
e2-20260813,E2_nonce_bound_affirmation,2,A0,strong,0.001,attack,delay_response,0.0,6.0,6.0088,6.0088,6.008791,False,closed,open,False,False,False,True,observable age exceeds the freshness budget,upstream of the hub stamp; the hub re-stamps at receipt
e2-20260813,E2_nonce_bound_affirmation,3,A0,strong,0.001,attack,delay_response,0.0,6.0,6.0058,6.0058,6.005809,False,closed,open,False,False,False,True,observable age exceeds the freshness budget,upstream of the hub stamp; the hub re-stamps at receipt
e2-20260813,E2_nonce_bound_affirmation,4,A0,strong,0.001,attack,delay_response,0.0,6.0,6.0051,6.0051,6.005132,False,closed,open,False,False,False,True,observable age exceeds the freshness budget,upstream of the hub stamp; the hub re-stamps at receipt
e2-20260813,E2_nonce_bound_affirmation,5,A0,strong,0.001,attack,delay_response,0.0,6.0,6.001,6.001,6.001022,False,closed,open,False,False,False,True,observable age exceeds the freshness budget,upstream of the hub stamp; the hub re-stamps at receipt
e2-20260813,E2_nonce_bound_affirmation,6,A0,strong,0.001,attack,delay_response,0.0,6.0,6.0026,6.0026,6.002587,False,closed,open,False,False,False,True,observable age exceeds the freshness budget,upstream of the hub stamp; the hub re-stamps at receipt
e2-20260813,E2_nonce_bound_affirmation,7,A0,strong,0.001,attack,delay_response,0.0,6.0,6.0054,6.0054,6.005384,False,closed,open,False,False,False,True,observable age exceeds the freshness budget,upstream of the hub stamp; the hub re-stamps at receipt
e2-20260813,E2_nonce_bound_affirmation,8,A0,strong,0.001,attack,delay_response,0.0,6.0,6.0032,6.0032,6.003182,False,closed,open,False,False,False,True,observable age exceeds the freshness budget,upstream of the hub stamp; the hub re-stamps at receipt
e2-20260813,E2_nonce_bound_affirmation,9,A0,strong,0.001,attack,delay_response,0.0,6.0,6.0045,6.0045,6.004509,False,closed,open,False,False,False,True,observable age exceeds the freshness budget,upstream of the hub stamp; the hub re-stamps at receipt
e2-20260813,E2_nonce_bound_affirmation,10,A0,strong,0.001,attack,delay_response,0.0,6.0,6.0068,6.0068,6.006819,False,closed,open,False,False,False,True,observable age exceeds the freshness budget,upstream of the hub stamp; the hub re-stamps at receipt
e2-20260813,E2_nonce_bound_affirmation,11,A0,strong,0.001,attack,delay_response,0.0,6.0,6.0082,6.0082,6.008204,False,closed,open,False,False,False,True,observable age exceeds the freshness budget,upstream of the hub stamp; the hub re-stamps at receipt
e2-20260813,E2_nonce_bound_affirmation,12,A0,strong,0.001,attack,delay_response,0.0,6.0,6.0074,6.0074,6.007441,False,closed,open,False,False,False,True,observable age exceeds the freshness budget,upstream of the hub stamp; the hub re-stamps at receipt
e2-20260813,E2_nonce_bound_affirmation,13,A0,strong,0.001,attack,delay_response,0.0,6.0,6.0048,6.0048,6.004815,False,closed,open,False,False,False,True,observable age exceeds the freshness budget,upstream of the hub stamp; the hub re-stamps at receipt
e2-20260813,E2_nonce_bound_affirmation,14,A0,strong,0.001,attack,delay_response,0.0,6.0,6.0072,6.0072,6.007223,False,closed,open,False,False,False,True,observable age exceeds the freshness budget,upstream of the hub stamp; the hub re-stamps at receipt
e2-20260813,E2_nonce_bound_affirmation,15,A0,strong,0.001,attack,delay_response,0.0,6.0,6.004,6.004,6.004037,False,closed,open,False,False,False,True,observable age exceeds the freshness budget,upstream of the hub stamp; the hub re-stamps at receipt
e2-20260813,E2_nonce_bound_affirmation,16,A0,strong,0.001,attack,delay_response,0.0,6.0,6.003,6.003,6.002983,False,closed,open,False,False,False,True,observable age exceeds the freshness budget,upstream of the hub stamp; the hub re-stamps at receipt
e2-20260813,E2_nonce_bound_affirmation,17,A0,strong,0.001,attack,delay_response,0.0,6.0,6.001,6.001,6.00097,False,closed,open,False,False,False,True,observable age exceeds the freshness budget,upstream of the hub stamp; the hub re-stamps at receipt
e2-20260813,E2_nonce_bound_affirmation,18,A0,strong,0.001,attack,delay_response,0.0,6.0,6.0035,6.0035,6.003505,False,closed,open,False,False,False,True,observable age exceeds the freshness budget,upstream of the hub stamp; the hub re-stamps at receipt
e2-20260813,E2_nonce_bound_affirmation,19,A0,strong,0.001,attack,delay_response,0.0,6.0,6.0029,6.0029,6.002903,False,closed,open,False,False,False,True,observable age exceeds the freshness budget,upstream of the hub stamp; the hub re-stamps at receipt
e2-20260813,E2_nonce_bound_affirmation,0,A0,strong,0.002,benign,none,0.0,0.0,0.0045,0.0045,0.004484,False,closed,closed,False,False,True,True,round trip 0.004s > bound 0.002s,upstream of the hub stamp; the hub re-stamps at receipt
e2-20260813,E2_nonce_bound_affirmation,1,A0,strong,0.002,benign,none,0.0,0.0,0.0046,0.0046,0.004585,False,closed,closed,False,False,True,True,round trip 0.005s > bound 0.002s,upstream of the hub stamp; the hub re-stamps at receipt
e2-20260813,E2_nonce_bound_affirmation,2,A0,strong,0.002,benign,none,0.0,0.0,0.0013,0.0013,0.001332,True,closed,closed,False,False,False,True,device-bound affirmation inside the bound,upstream of the hub stamp; the hub re-stamps at receipt
e2-20260813,E2_nonce_bound_affirmation,3,A0,strong,0.002,benign,none,0.0,0.0,0.0048,0.0048,0.004775,False,closed,closed,False,False,True,True,round trip 0.005s > bound 0.002s,upstream of the hub stamp; the hub re-stamps at receipt
e2-20260813,E2_nonce_bound_affirmation,4,A0,strong,0.002,benign,none,0.0,0.0,0.0029,0.0029,0.002862,False,closed,closed,False,False,True,True,round trip 0.003s > bound 0.002s,upstream of the hub stamp; the hub re-stamps at receipt
e2-20260813,E2_nonce_bound_affirmation,5,A0,strong,0.002,benign,none,0.0,0.0,0.0018,0.0018,0.001766,True,closed,closed,False,False,False,True,device-bound affirmation inside the bound,upstream of the hub stamp; the hub re-stamps at receipt
e2-20260813,E2_nonce_bound_affirmation,6,A0,strong,0.002,benign,none,0.0,0.0,0.0038,0.0038,0.003829,False,closed,closed,False,False,True,True,round trip 0.004s > bound 0.002s,upstream of the hub stamp; the hub re-stamps at receipt
e2-20260813,E2_nonce_bound_affirmation,7,A0,strong,0.002,benign,none,0.0,0.0,0.0012,0.0012,0.001161,True,closed,closed,False,False,False,True,device-bound affirmation inside the bound,upstream of the hub stamp; the hub re-stamps at receipt
e2-20260813,E2_nonce_bound_affirmation,8,A0,strong,0.002,benign,none,0.0,0.0,0.0065,0.0065,0.00645,False,closed,closed,False,False,True,True,round trip 0.006s > bound 0.002s,upstream of the hub stamp; the hub re-stamps at receipt
e2-20260813,E2_nonce_bound_affirmation,9,A0,strong,0.002,benign,none,0.0,0.0,0.0082,0.0082,0.008172,False,closed,closed,False,False,True,True,round trip 0.008s > bound 0.002s,upstream of the hub stamp; the hub re-stamps at receipt
e2-20260813,E2_nonce_bound_affirmation,10,A0,strong,0.002,benign,none,0.0,0.0,0.0016,0.0016,0.001569,True,closed,closed,False,False,False,True,device-bound affirmation inside the bound,upstream of the hub stamp; the hub re-stamps at receipt
e2-20260813,E2_nonce_bound_affirmation,11,A0,strong,0.002,benign,none,0.0,0.0,0.0071,0.0071,0.00708,False,closed,closed,False,False,True,True,round trip 0.007s > bound 0.002s,upstream of the hub stamp; the hub re-stamps at receipt
e2-20260813,E2_nonce_bound_affirmation,12,A0,strong,0.002,benign,none,0.0,0.0,0.0057,0.0057,0.00571,False,closed,closed,False,False,True,True,round trip 0.006s > bound 0.002s,upstream of the hub stamp; the hub re-stamps at receipt
e2-20260813,E2_nonce_bound_affirmation,13,A0,strong,0.002,benign,none,0.0,0.0,0.0013,0.0013,0.001286,True,closed,closed,False,False,False,True,device-bound affirmation inside the bound,upstream of the hub stamp; the hub re-stamps at receipt
e2-20260813,E2_nonce_bound_affirmation,14,A0,strong,0.002,benign,none,0.0,0.0,0.0086,0.0086,0.008587,False,closed,closed,False,False,True,True,round trip 0.009s > bound 0.002s,upstream of the hub stamp; the hub re-stamps at receipt
e2-20260813,E2_nonce_bound_affirmation,15,A0,strong,0.002,benign,none,0.0,0.0,0.006,0.006,0.005959,False,closed,closed,False,False,True,True,round trip 0.006s > bound 0.002s,upstream of the hub stamp; the hub re-stamps at receipt
e2-20260813,E2_nonce_bound_affirmation,16,A0,strong,0.002,benign,none,0.0,0.0,0.0067,0.0067,0.00668,False,closed,closed,False,False,True,True,round trip 0.007s > bound 0.002s,upstream of the hub stamp; the hub re-stamps at receipt
e2-20260813,E2_nonce_bound_affirmation,17,A0,strong,0.002,benign,none,0.0,0.0,0.0027,0.0027,0.002693,False,closed,closed,False,False,True,True,round trip 0.003s > bound 0.002s,upstream of the hub stamp; the hub re-stamps at receipt
e2-20260813,E2_nonce_bound_affirmation,18,A0,strong,0.002,benign,none,0.0,0.0,0.0061,0.0061,0.006076,False,closed,closed,False,False,True,True,round trip 0.006s > bound 0.002s,upstream of the hub stamp; the hub re-stamps at receipt
e2-20260813,E2_nonce_bound_affirmation,19,A0,strong,0.002,benign,none,0.0,0.0,0.0068,0.0068,0.006837,False,closed,closed,False,False,True,True,round trip 0.007s > bound 0.002s,upstream of the hub stamp; the hub re-stamps at receipt
e2-20260813,E2_nonce_bound_affirmation,0,A0,strong,0.002,attack,release_held,6.0,0.0,6.007,0.007,0.007049,False,closed,open,False,False,False,True,no device binding for this challenge,upstream of the hub stamp; the hub re-stamps at receipt
e2-20260813,E2_nonce_bound_affirmation,1,A0,strong,0.002,attack,release_held,6.0,0.0,6.0059,0.0059,0.005887,False,closed,open,False,False,False,True,no device binding for this challenge,upstream of the hub stamp; the hub re-stamps at receipt
e2-20260813,E2_nonce_bound_affirmation,2,A0,strong,0.002,attack,release_held,6.0,0.0,6.0062,0.0062,0.006217,False,closed,open,False,False,False,True,no device binding for this challenge,upstream of the hub stamp; the hub re-stamps at receipt
e2-20260813,E2_nonce_bound_affirmation,3,A0,strong,0.002,attack,release_held,6.0,0.0,6.0015,0.0015,0.001521,False,closed,open,False,False,False,True,no device binding for this challenge,upstream of the hub stamp; the hub re-stamps at receipt
e2-20260813,E2_nonce_bound_affirmation,4,A0,strong,0.002,attack,release_held,6.0,0.0,6.0032,0.0032,0.00316,False,closed,open,False,False,False,True,no device binding for this challenge,upstream of the hub stamp; the hub re-stamps at receipt
e2-20260813,E2_nonce_bound_affirmation,5,A0,strong,0.002,attack,release_held,6.0,0.0,6.0011,0.0011,0.001137,False,closed,open,False,False,False,True,no device binding for this challenge,upstream of the hub stamp; the hub re-stamps at receipt
e2-20260813,E2_nonce_bound_affirmation,6,A0,strong,0.002,attack,release_held,6.0,0.0,6.0011,0.0011,0.001078,False,closed,open,False,False,False,True,no device binding for this challenge,upstream of the hub stamp; the hub re-stamps at receipt
e2-20260813,E2_nonce_bound_affirmation,7,A0,strong,0.002,attack,release_held,6.0,0.0,6.006,0.006,0.005985,False,closed,open,False,False,False,True,no device binding for this challenge,upstream of the hub stamp; the hub re-stamps at receipt
e2-20260813,E2_nonce_bound_affirmation,8,A0,strong,0.002,attack,release_held,6.0,0.0,6.0042,0.0042,0.004245,False,closed,open,False,False,False,True,no device binding for this challenge,upstream of the hub stamp; the hub re-stamps at receipt
e2-20260813,E2_nonce_bound_affirmation,9,A0,strong,0.002,attack,release_held,6.0,0.0,6.0069,0.0069,0.006931,False,closed,open,False,False,False,True,no device binding for this challenge,upstream of the hub stamp; the hub re-stamps at receipt
e2-20260813,E2_nonce_bound_affirmation,10,A0,strong,0.002,attack,release_held,6.0,0.0,6.0034,0.0034,0.003361,False,closed,open,False,False,False,True,no device binding for this challenge,upstream of the hub stamp; the hub re-stamps at receipt
e2-20260813,E2_nonce_bound_affirmation,11,A0,strong,0.002,attack,release_held,6.0,0.0,6.0053,0.0053,0.005348,False,closed,open,False,False,False,True,no device binding for this challenge,upstream of the hub stamp; the hub re-stamps at receipt
e2-20260813,E2_nonce_bound_affirmation,12,A0,strong,0.002,attack,release_held,6.0,0.0,6.0053,0.0053,0.005315,False,closed,open,False,False,False,True,no device binding for this challenge,upstream of the hub stamp; the hub re-stamps at receipt
e2-20260813,E2_nonce_bound_affirmation,13,A0,strong,0.002,attack,release_held,6.0,0.0,6.0032,0.0032,0.003183,False,closed,open,False,False,False,True,no device binding for this challenge,upstream of the hub stamp; the hub re-stamps at receipt
e2-20260813,E2_nonce_bound_affirmation,14,A0,strong,0.002,attack,release_held,6.0,0.0,6.0042,0.0042,0.004229,False,closed,open,False,False,False,True,no device binding for this challenge,upstream of the hub stamp; the hub re-stamps at receipt
e2-20260813,E2_nonce_bound_affirmation,15,A0,strong,0.002,attack,release_held,6.0,0.0,6.0058,0.0058,0.005768,False,closed,open,False,False,False,True,no device binding for this challenge,upstream of the hub stamp; the hub re-stamps at receipt
e2-20260813,E2_nonce_bound_affirmation,16,A0,strong,0.002,attack,release_held,6.0,0.0,6.008,0.008,0.007961,False,closed,open,False,False,False,True,no device binding for this challenge,upstream of the hub stamp; the hub re-stamps at receipt
e2-20260813,E2_nonce_bound_affirmation,17,A0,strong,0.002,attack,release_held,6.0,0.0,6.0053,0.0053,0.005256,False,closed,open,False,False,False,True,no device binding for this challenge,upstream of the hub stamp; the hub re-stamps at receipt
e2-20260813,E2_nonce_bound_affirmation,18,A0,strong,0.002,attack,release_held,6.0,0.0,6.0048,0.0048,0.004765,False,closed,open,False,False,False,True,no device binding for this challenge,upstream of the hub stamp; the hub re-stamps at receipt
e2-20260813,E2_nonce_bound_affirmation,19,A0,strong,0.002,attack,release_held,6.0,0.0,6.0029,0.0029,0.002887,False,closed,open,False,False,False,True,no device binding for this challenge,upstream of the hub stamp; the hub re-stamps at receipt
e2-20260813,E2_nonce_bound_affirmation,0,A0,strong,0.002,attack,delay_response,0.0,6.0,6.0014,6.0014,6.001357,False,closed,open,False,False,False,True,observable age exceeds the freshness budget,upstream of the hub stamp; the hub re-stamps at receipt
e2-20260813,E2_nonce_bound_affirmation,1,A0,strong,0.002,attack,delay_response,0.0,6.0,6.0011,6.0011,6.001079,False,closed,open,False,False,False,True,observable age exceeds the freshness budget,upstream of the hub stamp; the hub re-stamps at receipt
e2-20260813,E2_nonce_bound_affirmation,2,A0,strong,0.002,attack,delay_response,0.0,6.0,6.0071,6.0071,6.007073,False,closed,open,False,False,False,True,observable age exceeds the freshness budget,upstream of the hub stamp; the hub re-stamps at receipt
e2-20260813,E2_nonce_bound_affirmation,3,A0,strong,0.002,attack,delay_response,0.0,6.0,6.0036,6.0036,6.003649,False,closed,open,False,False,False,True,observable age exceeds the freshness budget,upstream of the hub stamp; the hub re-stamps at receipt
e2-20260813,E2_nonce_bound_affirmation,4,A0,strong,0.002,attack,delay_response,0.0,6.0,6.003,6.003,6.002986,False,closed,open,False,False,False,True,observable age exceeds the freshness budget,upstream of the hub stamp; the hub re-stamps at receipt
e2-20260813,E2_nonce_bound_affirmation,5,A0,strong,0.002,attack,delay_response,0.0,6.0,6.0015,6.0015,6.001528,False,closed,open,False,False,False,True,observable age exceeds the freshness budget,upstream of the hub stamp; the hub re-stamps at receipt
e2-20260813,E2_nonce_bound_affirmation,6,A0,strong,0.002,attack,delay_response,0.0,6.0,6.0047,6.0047,6.004656,False,closed,open,False,False,False,True,observable age exceeds the freshness budget,upstream of the hub stamp; the hub re-stamps at receipt
e2-20260813,E2_nonce_bound_affirmation,7,A0,strong,0.002,attack,delay_response,0.0,6.0,6.002,6.002,6.002018,False,closed,open,False,False,False,True,observable age exceeds the freshness budget,upstream of the hub stamp; the hub re-stamps at receipt
e2-20260813,E2_nonce_bound_affirmation,8,A0,strong,0.002,attack,delay_response,0.0,6.0,6.0052,6.0052,6.005218,False,closed,open,False,False,False,True,observable age exceeds the freshness budget,upstream of the hub stamp; the hub re-stamps at receipt
e2-20260813,E2_nonce_bound_affirmation,9,A0,strong,0.002,attack,delay_response,0.0,6.0,6.0052,6.0052,6.005192,False,closed,open,False,False,False,True,observable age exceeds the freshness budget,upstream of the hub stamp; the hub re-stamps at receipt
e2-20260813,E2_nonce_bound_affirmation,10,A0,strong,0.002,attack,delay_response,0.0,6.0,6.0044,6.0044,6.004407,False,closed,open,False,False,False,True,observable age exceeds the freshness budget,upstream of the hub stamp; the hub re-stamps at receipt
e2-20260813,E2_nonce_bound_affirmation,11,A0,strong,0.002,attack,delay_response,0.0,6.0,6.0074,6.0074,6.007393,False,closed,open,False,False,False,True,observable age exceeds the freshness budget,upstream of the hub stamp; the hub re-stamps at receipt
e2-20260813,E2_nonce_bound_affirmation,12,A0,strong,0.002,attack,delay_response,0.0,6.0,6.0025,6.0025,6.00255,False,closed,open,False,False,False,True,observable age exceeds the freshness budget,upstream of the hub stamp; the hub re-stamps at receipt
e2-20260813,E2_nonce_bound_affirmation,13,A0,strong,0.002,attack,delay_response,0.0,6.0,6.0016,6.0016,6.001571,False,closed,open,False,False,False,True,observable age exceeds the freshness budget,upstream of the hub stamp; the hub re-stamps at receipt
e2-20260813,E2_nonce_bound_affirmation,14,A0,strong,0.002,attack,delay_response,0.0,6.0,6.0074,6.0074,6.007429,False,closed,open,False,False,False,True,observable age exceeds the freshness budget,upstream of the hub stamp; the hub re-stamps at receipt
e2-20260813,E2_nonce_bound_affirmation,15,A0,strong,0.002,attack,delay_response,0.0,6.0,6.0083,6.0083,6.008251,False,closed,open,False,False,False,True,observable age exceeds the freshness budget,upstream of the hub stamp; the hub re-stamps at receipt
e2-20260813,E2_nonce_bound_affirmation,16,A0,strong,0.002,attack,delay_response,0.0,6.0,6.0009,6.0009,6.000896,False,closed,open,False,False,False,True,observable age exceeds the freshness budget,upstream of the hub stamp; the hub re-stamps at receipt
e2-20260813,E2_nonce_bound_affirmation,17,A0,strong,0.002,attack,delay_response,0.0,6.0,6.002,6.002,6.001954,False,closed,open,False,False,False,True,observable age exceeds the freshness budget,upstream of the hub stamp; the hub re-stamps at receipt
e2-20260813,E2_nonce_bound_affirmation,18,A0,strong,0.002,attack,delay_response,0.0,6.0,6.0082,6.0082,6.008159,False,closed,open,False,False,False,True,observable age exceeds the freshness budget,upstream of the hub stamp; the hub re-stamps at receipt
e2-20260813,E2_nonce_bound_affirmation,19,A0,strong,0.002,attack,delay_response,0.0,6.0,6.0036,6.0036,6.003646,False,closed,open,False,False,False,True,observable age exceeds the freshness budget,upstream of the hub stamp; the hub re-stamps at receipt
e2-20260813,E2_nonce_bound_affirmation,0,A0,strong,0.005,benign,none,0.0,0.0,0.0035,0.0035,0.003496,True,closed,closed,False,False,False,True,device-bound affirmation inside the bound,upstream of the hub stamp; the hub re-stamps at receipt
e2-20260813,E2_nonce_bound_affirmation,1,A0,strong,0.005,benign,none,0.0,0.0,0.0044,0.0044,0.004368,True,closed,closed,False,False,False,True,device-bound affirmation inside the bound,upstream of the hub stamp; the hub re-stamps at receipt
e2-20260813,E2_nonce_bound_affirmation,2,A0,strong,0.005,benign,none,0.0,0.0,0.0047,0.0047,0.004651,True,closed,closed,False,False,False,True,device-bound affirmation inside the bound,upstream of the hub stamp; the hub re-stamps at receipt
e2-20260813,E2_nonce_bound_affirmation,3,A0,strong,0.005,benign,none,0.0,0.0,0.0059,0.0059,0.005924,False,closed,closed,False,False,True,True,round trip 0.006s > bound 0.005s,upstream of the hub stamp; the hub re-stamps at receipt
e2-20260813,E2_nonce_bound_affirmation,4,A0,strong,0.005,benign,none,0.0,0.0,0.0038,0.0038,0.003756,True,closed,closed,False,False,False,True,device-bound affirmation inside the bound,upstream of the hub stamp; the hub re-stamps at receipt
e2-20260813,E2_nonce_bound_affirmation,5,A0,strong,0.005,benign,none,0.0,0.0,0.0082,0.0082,0.008231,False,closed,closed,False,False,True,True,round trip 0.008s > bound 0.005s,upstream of the hub stamp; the hub re-stamps at receipt
e2-20260813,E2_nonce_bound_affirmation,6,A0,strong,0.005,benign,none,0.0,0.0,0.0033,0.0033,0.003321,True,closed,closed,False,False,False,True,device-bound affirmation inside the bound,upstream of the hub stamp; the hub re-stamps at receipt
e2-20260813,E2_nonce_bound_affirmation,7,A0,strong,0.005,benign,none,0.0,0.0,0.0014,0.0014,0.001358,True,closed,closed,False,False,False,True,device-bound affirmation inside the bound,upstream of the hub stamp; the hub re-stamps at receipt
e2-20260813,E2_nonce_bound_affirmation,8,A0,strong,0.005,benign,none,0.0,0.0,0.0031,0.0031,0.003147,True,closed,closed,False,False,False,True,device-bound affirmation inside the bound,upstream of the hub stamp; the hub re-stamps at receipt
e2-20260813,E2_nonce_bound_affirmation,9,A0,strong,0.005,benign,none,0.0,0.0,0.0089,0.0089,0.008875,False,closed,closed,False,False,True,True,round trip 0.009s > bound 0.005s,upstream of the hub stamp; the hub re-stamps at receipt
e2-20260813,E2_nonce_bound_affirmation,10,A0,strong,0.005,benign,none,0.0,0.0,0.0033,0.0033,0.003272,True,closed,closed,False,False,False,True,device-bound affirmation inside the bound,upstream of the hub stamp; the hub re-stamps at receipt
e2-20260813,E2_nonce_bound_affirmation,11,A0,strong,0.005,benign,none,0.0,0.0,0.0042,0.0042,0.004221,True,closed,closed,False,False,False,True,device-bound affirmation inside the bound,upstream of the hub stamp; the hub re-stamps at receipt
e2-20260813,E2_nonce_bound_affirmation,12,A0,strong,0.005,benign,none,0.0,0.0,0.0058,0.0058,0.005764,False,closed,closed,False,False,True,True,round trip 0.006s > bound 0.005s,upstream of the hub stamp; the hub re-stamps at receipt
e2-20260813,E2_nonce_bound_affirmation,13,A0,strong,0.005,benign,none,0.0,0.0,0.0082,0.0082,0.008164,False,closed,closed,False,False,True,True,round trip 0.008s > bound 0.005s,upstream of the hub stamp; the hub re-stamps at receipt
e2-20260813,E2_nonce_bound_affirmation,14,A0,strong,0.005,benign,none,0.0,0.0,0.0058,0.0058,0.00579,False,closed,closed,False,False,True,True,round trip 0.006s > bound 0.005s,upstream of the hub stamp; the hub re-stamps at receipt
e2-20260813,E2_nonce_bound_affirmation,15,A0,strong,0.005,benign,none,0.0,0.0,0.0078,0.0078,0.007822,False,closed,closed,False,False,True,True,round trip 0.008s > bound 0.005s,upstream of the hub stamp; the hub re-stamps at receipt
e2-20260813,E2_nonce_bound_affirmation,16,A0,strong,0.005,benign,none,0.0,0.0,0.0021,0.0021,0.002144,True,closed,closed,False,False,False,True,device-bound affirmation inside the bound,upstream of the hub stamp; the hub re-stamps at receipt
e2-20260813,E2_nonce_bound_affirmation,17,A0,strong,0.005,benign,none,0.0,0.0,0.0087,0.0087,0.008705,False,closed,closed,False,False,True,True,round trip 0.009s > bound 0.005s,upstream of the hub stamp; the hub re-stamps at receipt
e2-20260813,E2_nonce_bound_affirmation,18,A0,strong,0.005,benign,none,0.0,0.0,0.006,0.006,0.00602,False,closed,closed,False,False,True,True,round trip 0.006s > bound 0.005s,upstream of the hub stamp; the hub re-stamps at receipt
e2-20260813,E2_nonce_bound_affirmation,19,A0,strong,0.005,benign,none,0.0,0.0,0.0036,0.0036,0.003617,True,closed,closed,False,False,False,True,device-bound affirmation inside the bound,upstream of the hub stamp; the hub re-stamps at receipt
e2-20260813,E2_nonce_bound_affirmation,0,A0,strong,0.005,attack,release_held,6.0,0.0,6.0011,0.0011,0.001101,False,closed,open,False,False,False,True,no device binding for this challenge,upstream of the hub stamp; the hub re-stamps at receipt
e2-20260813,E2_nonce_bound_affirmation,1,A0,strong,0.005,attack,release_held,6.0,0.0,6.0019,0.0019,0.001884,False,closed,open,False,False,False,True,no device binding for this challenge,upstream of the hub stamp; the hub re-stamps at receipt
e2-20260813,E2_nonce_bound_affirmation,2,A0,strong,0.005,attack,release_held,6.0,0.0,6.0072,0.0072,0.007201,False,closed,open,False,False,False,True,no device binding for this challenge,upstream of the hub stamp; the hub re-stamps at receipt
e2-20260813,E2_nonce_bound_affirmation,3,A0,strong,0.005,attack,release_held,6.0,0.0,6.0036,0.0036,0.003552,False,closed,open,False,False,False,True,no device binding for this challenge,upstream of the hub stamp; the hub re-stamps at receipt
e2-20260813,E2_nonce_bound_affirmation,4,A0,strong,0.005,attack,release_held,6.0,0.0,6.008,0.008,0.007967,False,closed,open,False,False,False,True,no device binding for this challenge,upstream of the hub stamp; the hub re-stamps at receipt
e2-20260813,E2_nonce_bound_affirmation,5,A0,strong,0.005,attack,release_held,6.0,0.0,6.0058,0.0058,0.005753,False,closed,open,False,False,False,True,no device binding for this challenge,upstream of the hub stamp; the hub re-stamps at receipt
e2-20260813,E2_nonce_bound_affirmation,6,A0,strong,0.005,attack,release_held,6.0,0.0,6.006,0.006,0.005969,False,closed,open,False,False,False,True,no device binding for this challenge,upstream of the hub stamp; the hub re-stamps at receipt
e2-20260813,E2_nonce_bound_affirmation,7,A0,strong,0.005,attack,release_held,6.0,0.0,6.0063,0.0063,0.006283,False,closed,open,False,False,False,True,no device binding for this challenge,upstream of the hub stamp; the hub re-stamps at receipt
e2-20260813,E2_nonce_bound_affirmation,8,A0,strong,0.005,attack,release_held,6.0,0.0,6.0073,0.0073,0.007281,False,closed,open,False,False,False,True,no device binding for this challenge,upstream of the hub stamp; the hub re-stamps at receipt
e2-20260813,E2_nonce_bound_affirmation,9,A0,strong,0.005,attack,release_held,6.0,0.0,6.007,0.007,0.007036,False,closed,open,False,False,False,True,no device binding for this challenge,upstream of the hub stamp; the hub re-stamps at receipt
e2-20260813,E2_nonce_bound_affirmation,10,A0,strong,0.005,attack,release_held,6.0,0.0,6.0071,0.0071,0.007073,False,closed,open,False,False,False,True,no device binding for this challenge,upstream of the hub stamp; the hub re-stamps at receipt
e2-20260813,E2_nonce_bound_affirmation,11,A0,strong,0.005,attack,release_held,6.0,0.0,6.0079,0.0079,0.007873,False,closed,open,False,False,False,True,no device binding for this challenge,upstream of the hub stamp; the hub re-stamps at receipt
e2-20260813,E2_nonce_bound_affirmation,12,A0,strong,0.005,attack,release_held,6.0,0.0,6.0089,0.0089,0.008856,False,closed,open,False,False,False,True,no device binding for this challenge,upstream of the hub stamp; the hub re-stamps at receipt
e2-20260813,E2_nonce_bound_affirmation,13,A0,strong,0.005,attack,release_held,6.0,0.0,6.0084,0.0084,0.008413,False,closed,open,False,False,False,True,no device binding for this challenge,upstream of the hub stamp; the hub re-stamps at receipt
e2-20260813,E2_nonce_bound_affirmation,14,A0,strong,0.005,attack,release_held,6.0,0.0,6.0042,0.0042,0.004242,False,closed,open,False,False,False,True,no device binding for this challenge,upstream of the hub stamp; the hub re-stamps at receipt
e2-20260813,E2_nonce_bound_affirmation,15,A0,strong,0.005,attack,release_held,6.0,0.0,6.0088,0.0088,0.008826,False,closed,open,False,False,False,True,no device binding for this challenge,upstream of the hub stamp; the hub re-stamps at receipt
e2-20260813,E2_nonce_bound_affirmation,16,A0,strong,0.005,attack,release_held,6.0,0.0,6.0024,0.0024,0.002412,False,closed,open,False,False,False,True,no device binding for this challenge,upstream of the hub stamp; the hub re-stamps at receipt
e2-20260813,E2_nonce_bound_affirmation,17,A0,strong,0.005,attack,release_held,6.0,0.0,6.0085,0.0085,0.008473,False,closed,open,False,False,False,True,no device binding for this challenge,upstream of the hub stamp; the hub re-stamps at receipt
e2-20260813,E2_nonce_bound_affirmation,18,A0,strong,0.005,attack,release_held,6.0,0.0,6.0066,0.0066,0.006625,False,closed,open,False,False,False,True,no device binding for this challenge,upstream of the hub stamp; the hub re-stamps at receipt
e2-20260813,E2_nonce_bound_affirmation,19,A0,strong,0.005,attack,release_held,6.0,0.0,6.0044,0.0044,0.0044,False,closed,open,False,False,False,True,no device binding for this challenge,upstream of the hub stamp; the hub re-stamps at receipt
e2-20260813,E2_nonce_bound_affirmation,0,A0,strong,0.005,attack,delay_response,0.0,6.0,6.0086,6.0086,6.008596,False,closed,open,False,False,False,True,observable age exceeds the freshness budget,upstream of the hub stamp; the hub re-stamps at receipt
e2-20260813,E2_nonce_bound_affirmation,1,A0,strong,0.005,attack,delay_response,0.0,6.0,6.0028,6.0028,6.00284,False,closed,open,False,False,False,True,observable age exceeds the freshness budget,upstream of the hub stamp; the hub re-stamps at receipt
e2-20260813,E2_nonce_bound_affirmation,2,A0,strong,0.005,attack,delay_response,0.0,6.0,6.0083,6.0083,6.008275,False,closed,open,False,False,False,True,observable age exceeds the freshness budget,upstream of the hub stamp; the hub re-stamps at receipt
e2-20260813,E2_nonce_bound_affirmation,3,A0,strong,0.005,attack,delay_response,0.0,6.0,6.0079,6.0079,6.007878,False,closed,open,False,False,False,True,observable age exceeds the freshness budget,upstream of the hub stamp; the hub re-stamps at receipt
e2-20260813,E2_nonce_bound_affirmation,4,A0,strong,0.005,attack,delay_response,0.0,6.0,6.0022,6.0022,6.002214,False,closed,open,False,False,False,True,observable age exceeds the freshness budget,upstream of the hub stamp; the hub re-stamps at receipt
e2-20260813,E2_nonce_bound_affirmation,5,A0,strong,0.005,attack,delay_response,0.0,6.0,6.0059,6.0059,6.005908,False,closed,open,False,False,False,True,observable age exceeds the freshness budget,upstream of the hub stamp; the hub re-stamps at receipt
e2-20260813,E2_nonce_bound_affirmation,6,A0,strong,0.005,attack,delay_response,0.0,6.0,6.005,6.005,6.005007,False,closed,open,False,False,False,True,observable age exceeds the freshness budget,upstream of the hub stamp; the hub re-stamps at receipt
e2-20260813,E2_nonce_bound_affirmation,7,A0,strong,0.005,attack,delay_response,0.0,6.0,6.0064,6.0064,6.006422,False,closed,open,False,False,False,True,observable age exceeds the freshness budget,upstream of the hub stamp; the hub re-stamps at receipt
e2-20260813,E2_nonce_bound_affirmation,8,A0,strong,0.005,attack,delay_response,0.0,6.0,6.0064,6.0064,6.006434,False,closed,open,False,False,False,True,observable age exceeds the freshness budget,upstream of the hub stamp; the hub re-stamps at receipt
e2-20260813,E2_nonce_bound_affirmation,9,A0,strong,0.005,attack,delay_response,0.0,6.0,6.001,6.001,6.001039,False,closed,open,False,False,False,True,observable age exceeds the freshness budget,upstream of the hub stamp; the hub re-stamps at receipt
e2-20260813,E2_nonce_bound_affirmation,10,A0,strong,0.005,attack,delay_response,0.0,6.0,6.0055,6.0055,6.005523,False,closed,open,False,False,False,True,observable age exceeds the freshness budget,upstream of the hub stamp; the hub re-stamps at receipt
e2-20260813,E2_nonce_bound_affirmation,11,A0,strong,0.005,attack,delay_response,0.0,6.0,6.0064,6.0064,6.00638,False,closed,open,False,False,False,True,observable age exceeds the freshness budget,upstream of the hub stamp; the hub re-stamps at receipt
e2-20260813,E2_nonce_bound_affirmation,12,A0,strong,0.005,attack,delay_response,0.0,6.0,6.0083,6.0083,6.008337,False,closed,open,False,False,False,True,observable age exceeds the freshness budget,upstream of the hub stamp; the hub re-stamps at receipt
e2-20260813,E2_nonce_bound_affirmation,13,A0,strong,0.005,attack,delay_response,0.0,6.0,6.0072,6.0072,6.007244,False,closed,open,False,False,False,True,observable age exceeds the freshness budget,upstream of the hub stamp; the hub re-stamps at receipt
e2-20260813,E2_nonce_bound_affirmation,14,A0,strong,0.005,attack,delay_response,0.0,6.0,6.0019,6.0019,6.00195,False,closed,open,False,False,False,True,observable age exceeds the freshness budget,upstream of the hub stamp; the hub re-stamps at receipt
e2-20260813,E2_nonce_bound_affirmation,15,A0,strong,0.005,attack,delay_response,0.0,6.0,6.0027,6.0027,6.002718,False,closed,open,False,False,False,True,observable age exceeds the freshness budget,upstream of the hub stamp; the hub re-stamps at receipt
e2-20260813,E2_nonce_bound_affirmation,16,A0,strong,0.005,attack,delay_response,0.0,6.0,6.0041,6.0041,6.004067,False,closed,open,False,False,False,True,observable age exceeds the freshness budget,upstream of the hub stamp; the hub re-stamps at receipt
e2-20260813,E2_nonce_bound_affirmation,17,A0,strong,0.005,attack,delay_response,0.0,6.0,6.007,6.007,6.006985,False,closed,open,False,False,False,True,observable age exceeds the freshness budget,upstream of the hub stamp; the hub re-stamps at receipt
e2-20260813,E2_nonce_bound_affirmation,18,A0,strong,0.005,attack,delay_response,0.0,6.0,6.0009,6.0009,6.000896,False,closed,open,False,False,False,True,observable age exceeds the freshness budget,upstream of the hub stamp; the hub re-stamps at receipt
e2-20260813,E2_nonce_bound_affirmation,19,A0,strong,0.005,attack,delay_response,0.0,6.0,6.0045,6.0045,6.004524,False,closed,open,False,False,False,True,observable age exceeds the freshness budget,upstream of the hub stamp; the hub re-stamps at receipt
e2-20260813,E2_nonce_bound_affirmation,0,A0,strong,0.025,benign,none,0.0,0.0,0.0036,0.0036,0.00365,True,closed,closed,False,False,False,True,device-bound affirmation inside the bound,upstream of the hub stamp; the hub re-stamps at receipt
e2-20260813,E2_nonce_bound_affirmation,1,A0,strong,0.025,benign,none,0.0,0.0,0.0045,0.0045,0.004503,True,closed,closed,False,False,False,True,device-bound affirmation inside the bound,upstream of the hub stamp; the hub re-stamps at receipt
e2-20260813,E2_nonce_bound_affirmation,2,A0,strong,0.025,benign,none,0.0,0.0,0.0014,0.0014,0.001351,True,closed,closed,False,False,False,True,device-bound affirmation inside the bound,upstream of the hub stamp; the hub re-stamps at receipt
e2-20260813,E2_nonce_bound_affirmation,3,A0,strong,0.025,benign,none,0.0,0.0,0.0052,0.0052,0.005158,True,closed,closed,False,False,False,True,device-bound affirmation inside the bound,upstream of the hub stamp; the hub re-stamps at receipt
e2-20260813,E2_nonce_bound_affirmation,4,A0,strong,0.025,benign,none,0.0,0.0,0.0063,0.0063,0.006317,True,closed,closed,False,False,False,True,device-bound affirmation inside the bound,upstream of the hub stamp; the hub re-stamps at receipt
e2-20260813,E2_nonce_bound_affirmation,5,A0,strong,0.025,benign,none,0.0,0.0,0.0064,0.0064,0.006441,True,closed,closed,False,False,False,True,device-bound affirmation inside the bound,upstream of the hub stamp; the hub re-stamps at receipt
e2-20260813,E2_nonce_bound_affirmation,6,A0,strong,0.025,benign,none,0.0,0.0,0.002,0.002,0.001994,True,closed,closed,False,False,False,True,device-bound affirmation inside the bound,upstream of the hub stamp; the hub re-stamps at receipt
e2-20260813,E2_nonce_bound_affirmation,7,A0,strong,0.025,benign,none,0.0,0.0,0.0026,0.0026,0.002563,True,closed,closed,False,False,False,True,device-bound affirmation inside the bound,upstream of the hub stamp; the hub re-stamps at receipt
e2-20260813,E2_nonce_bound_affirmation,8,A0,strong,0.025,benign,none,0.0,0.0,0.0052,0.0052,0.005157,True,closed,closed,False,False,False,True,device-bound affirmation inside the bound,upstream of the hub stamp; the hub re-stamps at receipt
e2-20260813,E2_nonce_bound_affirmation,9,A0,strong,0.025,benign,none,0.0,0.0,0.0018,0.0018,0.001763,True,closed,closed,False,False,False,True,device-bound affirmation inside the bound,upstream of the hub stamp; the hub re-stamps at receipt
e2-20260813,E2_nonce_bound_affirmation,10,A0,strong,0.025,benign,none,0.0,0.0,0.002,0.002,0.002032,True,closed,closed,False,False,False,True,device-bound affirmation inside the bound,upstream of the hub stamp; the hub re-stamps at receipt
e2-20260813,E2_nonce_bound_affirmation,11,A0,strong,0.025,benign,none,0.0,0.0,0.0048,0.0048,0.004803,True,closed,closed,False,False,False,True,device-bound affirmation inside the bound,upstream of the hub stamp; the hub re-stamps at receipt
e2-20260813,E2_nonce_bound_affirmation,12,A0,strong,0.025,benign,none,0.0,0.0,0.0027,0.0027,0.002706,True,closed,closed,False,False,False,True,device-bound affirmation inside the bound,upstream of the hub stamp; the hub re-stamps at receipt
e2-20260813,E2_nonce_bound_affirmation,13,A0,strong,0.025,benign,none,0.0,0.0,0.002,0.002,0.00202,True,closed,closed,False,False,False,True,device-bound affirmation inside the bound,upstream of the hub stamp; the hub re-stamps at receipt
e2-20260813,E2_nonce_bound_affirmation,14,A0,strong,0.025,benign,none,0.0,0.0,0.0057,0.0057,0.00574,True,closed,closed,False,False,False,True,device-bound affirmation inside the bound,upstream of the hub stamp; the hub re-stamps at receipt
e2-20260813,E2_nonce_bound_affirmation,15,A0,strong,0.025,benign,none,0.0,0.0,0.0042,0.0042,0.004225,True,closed,closed,False,False,False,True,device-bound affirmation inside the bound,upstream of the hub stamp; the hub re-stamps at receipt
e2-20260813,E2_nonce_bound_affirmation,16,A0,strong,0.025,benign,none,0.0,0.0,0.0069,0.0069,0.006914,True,closed,closed,False,False,False,True,device-bound affirmation inside the bound,upstream of the hub stamp; the hub re-stamps at receipt
e2-20260813,E2_nonce_bound_affirmation,17,A0,strong,0.025,benign,none,0.0,0.0,0.0029,0.0029,0.002929,True,closed,closed,False,False,False,True,device-bound affirmation inside the bound,upstream of the hub stamp; the hub re-stamps at receipt
e2-20260813,E2_nonce_bound_affirmation,18,A0,strong,0.025,benign,none,0.0,0.0,0.0081,0.0081,0.008086,True,closed,closed,False,False,False,True,device-bound affirmation inside the bound,upstream of the hub stamp; the hub re-stamps at receipt
e2-20260813,E2_nonce_bound_affirmation,19,A0,strong,0.025,benign,none,0.0,0.0,0.0054,0.0054,0.005367,True,closed,closed,False,False,False,True,device-bound affirmation inside the bound,upstream of the hub stamp; the hub re-stamps at receipt
e2-20260813,E2_nonce_bound_affirmation,0,A0,strong,0.025,attack,release_held,6.0,0.0,6.0032,0.0032,0.003216,False,closed,open,False,False,False,True,no device binding for this challenge,upstream of the hub stamp; the hub re-stamps at receipt
e2-20260813,E2_nonce_bound_affirmation,1,A0,strong,0.025,attack,release_held,6.0,0.0,6.0016,0.0016,0.001577,False,closed,open,False,False,False,True,no device binding for this challenge,upstream of the hub stamp; the hub re-stamps at receipt
e2-20260813,E2_nonce_bound_affirmation,2,A0,strong,0.025,attack,release_held,6.0,0.0,6.0062,0.0062,0.006176,False,closed,open,False,False,False,True,no device binding for this challenge,upstream of the hub stamp; the hub re-stamps at receipt
e2-20260813,E2_nonce_bound_affirmation,3,A0,strong,0.025,attack,release_held,6.0,0.0,6.0078,0.0078,0.007773,False,closed,open,False,False,False,True,no device binding for this challenge,upstream of the hub stamp; the hub re-stamps at receipt
e2-20260813,E2_nonce_bound_affirmation,4,A0,strong,0.025,attack,release_held,6.0,0.0,6.0067,0.0067,0.006712,False,closed,open,False,False,False,True,no device binding for this challenge,upstream of the hub stamp; the hub re-stamps at receipt
e2-20260813,E2_nonce_bound_affirmation,5,A0,strong,0.025,attack,release_held,6.0,0.0,6.0017,0.0017,0.00174,False,closed,open,False,False,False,True,no device binding for this challenge,upstream of the hub stamp; the hub re-stamps at receipt
e2-20260813,E2_nonce_bound_affirmation,6,A0,strong,0.025,attack,release_held,6.0,0.0,6.006,0.006,0.006019,False,closed,open,False,False,False,True,no device binding for this challenge,upstream of the hub stamp; the hub re-stamps at receipt
e2-20260813,E2_nonce_bound_affirmation,7,A0,strong,0.025,attack,release_held,6.0,0.0,6.0025,0.0025,0.002512,False,closed,open,False,False,False,True,no device binding for this challenge,upstream of the hub stamp; the hub re-stamps at receipt
e2-20260813,E2_nonce_bound_affirmation,8,A0,strong,0.025,attack,release_held,6.0,0.0,6.0073,0.0073,0.007259,False,closed,open,False,False,False,True,no device binding for this challenge,upstream of the hub stamp; the hub re-stamps at receipt
e2-20260813,E2_nonce_bound_affirmation,9,A0,strong,0.025,attack,release_held,6.0,0.0,6.0055,0.0055,0.005491,False,closed,open,False,False,False,True,no device binding for this challenge,upstream of the hub stamp; the hub re-stamps at receipt
e2-20260813,E2_nonce_bound_affirmation,10,A0,strong,0.025,attack,release_held,6.0,0.0,6.0031,0.0031,0.003087,False,closed,open,False,False,False,True,no device binding for this challenge,upstream of the hub stamp; the hub re-stamps at receipt
e2-20260813,E2_nonce_bound_affirmation,11,A0,strong,0.025,attack,release_held,6.0,0.0,6.0075,0.0075,0.007456,False,closed,open,False,False,False,True,no device binding for this challenge,upstream of the hub stamp; the hub re-stamps at receipt
e2-20260813,E2_nonce_bound_affirmation,12,A0,strong,0.025,attack,release_held,6.0,0.0,6.0045,0.0045,0.004509,False,closed,open,False,False,False,True,no device binding for this challenge,upstream of the hub stamp; the hub re-stamps at receipt
e2-20260813,E2_nonce_bound_affirmation,13,A0,strong,0.025,attack,release_held,6.0,0.0,6.0047,0.0047,0.004668,False,closed,open,False,False,False,True,no device binding for this challenge,upstream of the hub stamp; the hub re-stamps at receipt
e2-20260813,E2_nonce_bound_affirmation,14,A0,strong,0.025,attack,release_held,6.0,0.0,6.0022,0.0022,0.002244,False,closed,open,False,False,False,True,no device binding for this challenge,upstream of the hub stamp; the hub re-stamps at receipt
e2-20260813,E2_nonce_bound_affirmation,15,A0,strong,0.025,attack,release_held,6.0,0.0,6.0088,0.0088,0.008845,False,closed,open,False,False,False,True,no device binding for this challenge,upstream of the hub stamp; the hub re-stamps at receipt
e2-20260813,E2_nonce_bound_affirmation,16,A0,strong,0.025,attack,release_held,6.0,0.0,6.0058,0.0058,0.005801,False,closed,open,False,False,False,True,no device binding for this challenge,upstream of the hub stamp; the hub re-stamps at receipt
e2-20260813,E2_nonce_bound_affirmation,17,A0,strong,0.025,attack,release_held,6.0,0.0,6.0026,0.0026,0.002624,False,closed,open,False,False,False,True,no device binding for this challenge,upstream of the hub stamp; the hub re-stamps at receipt
e2-20260813,E2_nonce_bound_affirmation,18,A0,strong,0.025,attack,release_held,6.0,0.0,6.0049,0.0049,0.004888,False,closed,open,False,False,False,True,no device binding for this challenge,upstream of the hub stamp; the hub re-stamps at receipt
e2-20260813,E2_nonce_bound_affirmation,19,A0,strong,0.025,attack,release_held,6.0,0.0,6.0035,0.0035,0.003478,False,closed,open,False,False,False,True,no device binding for this challenge,upstream of the hub stamp; the hub re-stamps at receipt
e2-20260813,E2_nonce_bound_affirmation,0,A0,strong,0.025,attack,delay_response,0.0,6.0,6.007,6.007,6.006994,False,closed,open,False,False,False,True,observable age exceeds the freshness budget,upstream of the hub stamp; the hub re-stamps at receipt
e2-20260813,E2_nonce_bound_affirmation,1,A0,strong,0.025,attack,delay_response,0.0,6.0,6.0089,6.0089,6.008863,False,closed,open,False,False,False,True,observable age exceeds the freshness budget,upstream of the hub stamp; the hub re-stamps at receipt
e2-20260813,E2_nonce_bound_affirmation,2,A0,strong,0.025,attack,delay_response,0.0,6.0,6.001,6.001,6.001,False,closed,open,False,False,False,True,observable age exceeds the freshness budget,upstream of the hub stamp; the hub re-stamps at receipt
e2-20260813,E2_nonce_bound_affirmation,3,A0,strong,0.025,attack,delay_response,0.0,6.0,6.0013,6.0013,6.001324,False,closed,open,False,False,False,True,observable age exceeds the freshness budget,upstream of the hub stamp; the hub re-stamps at receipt
e2-20260813,E2_nonce_bound_affirmation,4,A0,strong,0.025,attack,delay_response,0.0,6.0,6.007,6.007,6.006981,False,closed,open,False,False,False,True,observable age exceeds the freshness budget,upstream of the hub stamp; the hub re-stamps at receipt
e2-20260813,E2_nonce_bound_affirmation,5,A0,strong,0.025,attack,delay_response,0.0,6.0,6.0073,6.0073,6.00725,False,closed,open,False,False,False,True,observable age exceeds the freshness budget,upstream of the hub stamp; the hub re-stamps at receipt
e2-20260813,E2_nonce_bound_affirmation,6,A0,strong,0.025,attack,delay_response,0.0,6.0,6.0079,6.0079,6.007946,False,closed,open,False,False,False,True,observable age exceeds the freshness budget,upstream of the hub stamp; the hub re-stamps at receipt
e2-20260813,E2_nonce_bound_affirmation,7,A0,strong,0.025,attack,delay_response,0.0,6.0,6.007,6.007,6.006956,False,closed,open,False,False,False,True,observable age exceeds the freshness budget,upstream of the hub stamp; the hub re-stamps at receipt
e2-20260813,E2_nonce_bound_affirmation,8,A0,strong,0.025,attack,delay_response,0.0,6.0,6.006,6.006,6.005988,False,closed,open,False,False,False,True,observable age exceeds the freshness budget,upstream of the hub stamp; the hub re-stamps at receipt
e2-20260813,E2_nonce_bound_affirmation,9,A0,strong,0.025,attack,delay_response,0.0,6.0,6.0045,6.0045,6.004515,False,closed,open,False,False,False,True,observable age exceeds the freshness budget,upstream of the hub stamp; the hub re-stamps at receipt
e2-20260813,E2_nonce_bound_affirmation,10,A0,strong,0.025,attack,delay_response,0.0,6.0,6.0076,6.0076,6.007553,False,closed,open,False,False,False,True,observable age exceeds the freshness budget,upstream of the hub stamp; the hub re-stamps at receipt
e2-20260813,E2_nonce_bound_affirmation,11,A0,strong,0.025,attack,delay_response,0.0,6.0,6.0067,6.0067,6.006731,False,closed,open,False,False,False,True,observable age exceeds the freshness budget,upstream of the hub stamp; the hub re-stamps at receipt
e2-20260813,E2_nonce_bound_affirmation,12,A0,strong,0.025,attack,delay_response,0.0,6.0,6.0035,6.0035,6.003499,False,closed,open,False,False,False,True,observable age exceeds the freshness budget,upstream of the hub stamp; the hub re-stamps at receipt
e2-20260813,E2_nonce_bound_affirmation,13,A0,strong,0.025,attack,delay_response,0.0,6.0,6.0063,6.0063,6.006267,False,closed,open,False,False,False,True,observable age exceeds the freshness budget,upstream of the hub stamp; the hub re-stamps at receipt
e2-20260813,E2_nonce_bound_affirmation,14,A0,strong,0.025,attack,delay_response,0.0,6.0,6.0057,6.0057,6.005723,False,closed,open,False,False,False,True,observable age exceeds the freshness budget,upstream of the hub stamp; the hub re-stamps at receipt
e2-20260813,E2_nonce_bound_affirmation,15,A0,strong,0.025,attack,delay_response,0.0,6.0,6.0017,6.0017,6.0017,False,closed,open,False,False,False,True,observable age exceeds the freshness budget,upstream of the hub stamp; the hub re-stamps at receipt
e2-20260813,E2_nonce_bound_affirmation,16,A0,strong,0.025,attack,delay_response,0.0,6.0,6.0071,6.0071,6.007062,False,closed,open,False,False,False,True,observable age exceeds the freshness budget,upstream of the hub stamp; the hub re-stamps at receipt
e2-20260813,E2_nonce_bound_affirmation,17,A0,strong,0.025,attack,delay_response,0.0,6.0,6.0041,6.0041,6.004123,False,closed,open,False,False,False,True,observable age exceeds the freshness budget,upstream of the hub stamp; the hub re-stamps at receipt
e2-20260813,E2_nonce_bound_affirmation,18,A0,strong,0.025,attack,delay_response,0.0,6.0,6.0072,6.0072,6.007185,False,closed,open,False,False,False,True,observable age exceeds the freshness budget,upstream of the hub stamp; the hub re-stamps at receipt
e2-20260813,E2_nonce_bound_affirmation,19,A0,strong,0.025,attack,delay_response,0.0,6.0,6.0068,6.0068,6.006829,False,closed,open,False,False,False,True,observable age exceeds the freshness budget,upstream of the hub stamp; the hub re-stamps at receipt
e2-20260813,E2_nonce_bound_affirmation,0,A0,strong,0.1,benign,none,0.0,0.0,0.0023,0.0023,0.002347,True,closed,closed,False,False,False,True,device-bound affirmation inside the bound,upstream of the hub stamp; the hub re-stamps at receipt
e2-20260813,E2_nonce_bound_affirmation,1,A0,strong,0.1,benign,none,0.0,0.0,0.0026,0.0026,0.00257,True,closed,closed,False,False,False,True,device-bound affirmation inside the bound,upstream of the hub stamp; the hub re-stamps at receipt
e2-20260813,E2_nonce_bound_affirmation,2,A0,strong,0.1,benign,none,0.0,0.0,0.0068,0.0068,0.006763,True,closed,closed,False,False,False,True,device-bound affirmation inside the bound,upstream of the hub stamp; the hub re-stamps at receipt
e2-20260813,E2_nonce_bound_affirmation,3,A0,strong,0.1,benign,none,0.0,0.0,0.0017,0.0017,0.00169,True,closed,closed,False,False,False,True,device-bound affirmation inside the bound,upstream of the hub stamp; the hub re-stamps at receipt
e2-20260813,E2_nonce_bound_affirmation,4,A0,strong,0.1,benign,none,0.0,0.0,0.0033,0.0033,0.003321,True,closed,closed,False,False,False,True,device-bound affirmation inside the bound,upstream of the hub stamp; the hub re-stamps at receipt
e2-20260813,E2_nonce_bound_affirmation,5,A0,strong,0.1,benign,none,0.0,0.0,0.0029,0.0029,0.002896,True,closed,closed,False,False,False,True,device-bound affirmation inside the bound,upstream of the hub stamp; the hub re-stamps at receipt
e2-20260813,E2_nonce_bound_affirmation,6,A0,strong,0.1,benign,none,0.0,0.0,0.0081,0.0081,0.008052,True,closed,closed,False,False,False,True,device-bound affirmation inside the bound,upstream of the hub stamp; the hub re-stamps at receipt
e2-20260813,E2_nonce_bound_affirmation,7,A0,strong,0.1,benign,none,0.0,0.0,0.0072,0.0072,0.007172,True,closed,closed,False,False,False,True,device-bound affirmation inside the bound,upstream of the hub stamp; the hub re-stamps at receipt
e2-20260813,E2_nonce_bound_affirmation,8,A0,strong,0.1,benign,none,0.0,0.0,0.0063,0.0063,0.006307,True,closed,closed,False,False,False,True,device-bound affirmation inside the bound,upstream of the hub stamp; the hub re-stamps at receipt
e2-20260813,E2_nonce_bound_affirmation,9,A0,strong,0.1,benign,none,0.0,0.0,0.0026,0.0026,0.002558,True,closed,closed,False,False,False,True,device-bound affirmation inside the bound,upstream of the hub stamp; the hub re-stamps at receipt
e2-20260813,E2_nonce_bound_affirmation,10,A0,strong,0.1,benign,none,0.0,0.0,0.006,0.006,0.005955,True,closed,closed,False,False,False,True,device-bound affirmation inside the bound,upstream of the hub stamp; the hub re-stamps at receipt
e2-20260813,E2_nonce_bound_affirmation,11,A0,strong,0.1,benign,none,0.0,0.0,0.0022,0.0022,0.002164,True,closed,closed,False,False,False,True,device-bound affirmation inside the bound,upstream of the hub stamp; the hub re-stamps at receipt
e2-20260813,E2_nonce_bound_affirmation,12,A0,strong,0.1,benign,none,0.0,0.0,0.0014,0.0014,0.001403,True,closed,closed,False,False,False,True,device-bound affirmation inside the bound,upstream of the hub stamp; the hub re-stamps at receipt
e2-20260813,E2_nonce_bound_affirmation,13,A0,strong,0.1,benign,none,0.0,0.0,0.0034,0.0034,0.00337,True,closed,closed,False,False,False,True,device-bound affirmation inside the bound,upstream of the hub stamp; the hub re-stamps at receipt
e2-20260813,E2_nonce_bound_affirmation,14,A0,strong,0.1,benign,none,0.0,0.0,0.0029,0.0029,0.002887,True,closed,closed,False,False,False,True,device-bound affirmation inside the bound,upstream of the hub stamp; the hub re-stamps at receipt
e2-20260813,E2_nonce_bound_affirmation,15,A0,strong,0.1,benign,none,0.0,0.0,0.0087,0.0087,0.008669,True,closed,closed,False,False,False,True,device-bound affirmation inside the bound,upstream of the hub stamp; the hub re-stamps at receipt
e2-20260813,E2_nonce_bound_affirmation,16,A0,strong,0.1,benign,none,0.0,0.0,0.0054,0.0054,0.005387,True,closed,closed,False,False,False,True,device-bound affirmation inside the bound,upstream of the hub stamp; the hub re-stamps at receipt
e2-20260813,E2_nonce_bound_affirmation,17,A0,strong,0.1,benign,none,0.0,0.0,0.0054,0.0054,0.005371,True,closed,closed,False,False,False,True,device-bound affirmation inside the bound,upstream of the hub stamp; the hub re-stamps at receipt
e2-20260813,E2_nonce_bound_affirmation,18,A0,strong,0.1,benign,none,0.0,0.0,0.0064,0.0064,0.006422,True,closed,closed,False,False,False,True,device-bound affirmation inside the bound,upstream of the hub stamp; the hub re-stamps at receipt
e2-20260813,E2_nonce_bound_affirmation,19,A0,strong,0.1,benign,none,0.0,0.0,0.0035,0.0035,0.003465,True,closed,closed,False,False,False,True,device-bound affirmation inside the bound,upstream of the hub stamp; the hub re-stamps at receipt
e2-20260813,E2_nonce_bound_affirmation,0,A0,strong,0.1,attack,release_held,6.0,0.0,6.0018,0.0018,0.001765,False,closed,open,False,False,False,True,no device binding for this challenge,upstream of the hub stamp; the hub re-stamps at receipt
e2-20260813,E2_nonce_bound_affirmation,1,A0,strong,0.1,attack,release_held,6.0,0.0,6.0028,0.0028,0.002821,False,closed,open,False,False,False,True,no device binding for this challenge,upstream of the hub stamp; the hub re-stamps at receipt
e2-20260813,E2_nonce_bound_affirmation,2,A0,strong,0.1,attack,release_held,6.0,0.0,6.004,0.004,0.004023,False,closed,open,False,False,False,True,no device binding for this challenge,upstream of the hub stamp; the hub re-stamps at receipt
e2-20260813,E2_nonce_bound_affirmation,3,A0,strong,0.1,attack,release_held,6.0,0.0,6.0056,0.0056,0.005613,False,closed,open,False,False,False,True,no device binding for this challenge,upstream of the hub stamp; the hub re-stamps at receipt
e2-20260813,E2_nonce_bound_affirmation,4,A0,strong,0.1,attack,release_held,6.0,0.0,6.0085,0.0085,0.008479,False,closed,open,False,False,False,True,no device binding for this challenge,upstream of the hub stamp; the hub re-stamps at receipt
e2-20260813,E2_nonce_bound_affirmation,5,A0,strong,0.1,attack,release_held,6.0,0.0,6.0068,0.0068,0.006776,False,closed,open,False,False,False,True,no device binding for this challenge,upstream of the hub stamp; the hub re-stamps at receipt
e2-20260813,E2_nonce_bound_affirmation,6,A0,strong,0.1,attack,release_held,6.0,0.0,6.0033,0.0033,0.003311,False,closed,open,False,False,False,True,no device binding for this challenge,upstream of the hub stamp; the hub re-stamps at receipt
e2-20260813,E2_nonce_bound_affirmation,7,A0,strong,0.1,attack,release_held,6.0,0.0,6.0046,0.0046,0.004588,False,closed,open,False,False,False,True,no device binding for this challenge,upstream of the hub stamp; the hub re-stamps at receipt
e2-20260813,E2_nonce_bound_affirmation,8,A0,strong,0.1,attack,release_held,6.0,0.0,6.0026,0.0026,0.002584,False,closed,open,False,False,False,True,no device binding for this challenge,upstream of the hub stamp; the hub re-stamps at receipt
e2-20260813,E2_nonce_bound_affirmation,9,A0,strong,0.1,attack,release_held,6.0,0.0,6.0086,0.0086,0.008593,False,closed,open,False,False,False,True,no device binding for this challenge,upstream of the hub stamp; the hub re-stamps at receipt
e2-20260813,E2_nonce_bound_affirmation,10,A0,strong,0.1,attack,release_held,6.0,0.0,6.006,0.006,0.006049,False,closed,open,False,False,False,True,no device binding for this challenge,upstream of the hub stamp; the hub re-stamps at receipt
e2-20260813,E2_nonce_bound_affirmation,11,A0,strong,0.1,attack,release_held,6.0,0.0,6.0009,0.0009,0.000897,False,closed,open,False,False,False,True,no device binding for this challenge,upstream of the hub stamp; the hub re-stamps at receipt
e2-20260813,E2_nonce_bound_affirmation,12,A0,strong,0.1,attack,release_held,6.0,0.0,6.001,0.001,0.001005,False,closed,open,False,False,False,True,no device binding for this challenge,upstream of the hub stamp; the hub re-stamps at receipt
e2-20260813,E2_nonce_bound_affirmation,13,A0,strong,0.1,attack,release_held,6.0,0.0,6.0031,0.0031,0.00313,False,closed,open,False,False,False,True,no device binding for this challenge,upstream of the hub stamp; the hub re-stamps at receipt
e2-20260813,E2_nonce_bound_affirmation,14,A0,strong,0.1,attack,release_held,6.0,0.0,6.002,0.002,0.002014,False,closed,open,False,False,False,True,no device binding for this challenge,upstream of the hub stamp; the hub re-stamps at receipt
e2-20260813,E2_nonce_bound_affirmation,15,A0,strong,0.1,attack,release_held,6.0,0.0,6.0065,0.0065,0.006458,False,closed,open,False,False,False,True,no device binding for this challenge,upstream of the hub stamp; the hub re-stamps at receipt
e2-20260813,E2_nonce_bound_affirmation,16,A0,strong,0.1,attack,release_held,6.0,0.0,6.0057,0.0057,0.005722,False,closed,open,False,False,False,True,no device binding for this challenge,upstream of the hub stamp; the hub re-stamps at receipt
e2-20260813,E2_nonce_bound_affirmation,17,A0,strong,0.1,attack,release_held,6.0,0.0,6.0022,0.0022,0.002236,False,closed,open,False,False,False,True,no device binding for this challenge,upstream of the hub stamp; the hub re-stamps at receipt
e2-20260813,E2_nonce_bound_affirmation,18,A0,strong,0.1,attack,release_held,6.0,0.0,6.0014,0.0014,0.001449,False,closed,open,False,False,False,True,no device binding for this challenge,upstream of the hub stamp; the hub re-stamps at receipt
e2-20260813,E2_nonce_bound_affirmation,19,A0,strong,0.1,attack,release_held,6.0,0.0,6.0065,0.0065,0.006545,False,closed,open,False,False,False,True,no device binding for this challenge,upstream of the hub stamp; the hub re-stamps at receipt
e2-20260813,E2_nonce_bound_affirmation,0,A0,strong,0.1,attack,delay_response,0.0,6.0,6.0014,6.0014,6.00136,False,closed,open,False,False,False,True,observable age exceeds the freshness budget,upstream of the hub stamp; the hub re-stamps at receipt
e2-20260813,E2_nonce_bound_affirmation,1,A0,strong,0.1,attack,delay_response,0.0,6.0,6.0087,6.0087,6.008734,False,closed,open,False,False,False,True,observable age exceeds the freshness budget,upstream of the hub stamp; the hub re-stamps at receipt
e2-20260813,E2_nonce_bound_affirmation,2,A0,strong,0.1,attack,delay_response,0.0,6.0,6.0088,6.0088,6.008783,False,closed,open,False,False,False,True,observable age exceeds the freshness budget,upstream of the hub stamp; the hub re-stamps at receipt
e2-20260813,E2_nonce_bound_affirmation,3,A0,strong,0.1,attack,delay_response,0.0,6.0,6.0039,6.0039,6.003914,False,closed,open,False,False,False,True,observable age exceeds the freshness budget,upstream of the hub stamp; the hub re-stamps at receipt
e2-20260813,E2_nonce_bound_affirmation,4,A0,strong,0.1,attack,delay_response,0.0,6.0,6.0081,6.0081,6.008099,False,closed,open,False,False,False,True,observable age exceeds the freshness budget,upstream of the hub stamp; the hub re-stamps at receipt
e2-20260813,E2_nonce_bound_affirmation,5,A0,strong,0.1,attack,delay_response,0.0,6.0,6.0056,6.0056,6.005606,False,closed,open,False,False,False,True,observable age exceeds the freshness budget,upstream of the hub stamp; the hub re-stamps at receipt
e2-20260813,E2_nonce_bound_affirmation,6,A0,strong,0.1,attack,delay_response,0.0,6.0,6.0076,6.0076,6.007649,False,closed,open,False,False,False,True,observable age exceeds the freshness budget,upstream of the hub stamp; the hub re-stamps at receipt
e2-20260813,E2_nonce_bound_affirmation,7,A0,strong,0.1,attack,delay_response,0.0,6.0,6.0031,6.0031,6.003121,False,closed,open,False,False,False,True,observable age exceeds the freshness budget,upstream of the hub stamp; the hub re-stamps at receipt
e2-20260813,E2_nonce_bound_affirmation,8,A0,strong,0.1,attack,delay_response,0.0,6.0,6.0071,6.0071,6.007136,False,closed,open,False,False,False,True,observable age exceeds the freshness budget,upstream of the hub stamp; the hub re-stamps at receipt
e2-20260813,E2_nonce_bound_affirmation,9,A0,strong,0.1,attack,delay_response,0.0,6.0,6.0056,6.0056,6.005613,False,closed,open,False,False,False,True,observable age exceeds the freshness budget,upstream of the hub stamp; the hub re-stamps at receipt
e2-20260813,E2_nonce_bound_affirmation,10,A0,strong,0.1,attack,delay_response,0.0,6.0,6.004,6.004,6.003973,False,closed,open,False,False,False,True,observable age exceeds the freshness budget,upstream of the hub stamp; the hub re-stamps at receipt
e2-20260813,E2_nonce_bound_affirmation,11,A0,strong,0.1,attack,delay_response,0.0,6.0,6.004,6.004,6.004048,False,closed,open,False,False,False,True,observable age exceeds the freshness budget,upstream of the hub stamp; the hub re-stamps at receipt
e2-20260813,E2_nonce_bound_affirmation,12,A0,strong,0.1,attack,delay_response,0.0,6.0,6.0028,6.0028,6.002801,False,closed,open,False,False,False,True,observable age exceeds the freshness budget,upstream of the hub stamp; the hub re-stamps at receipt
e2-20260813,E2_nonce_bound_affirmation,13,A0,strong,0.1,attack,delay_response,0.0,6.0,6.0084,6.0084,6.008374,False,closed,open,False,False,False,True,observable age exceeds the freshness budget,upstream of the hub stamp; the hub re-stamps at receipt
e2-20260813,E2_nonce_bound_affirmation,14,A0,strong,0.1,attack,delay_response,0.0,6.0,6.0036,6.0036,6.003614,False,closed,open,False,False,False,True,observable age exceeds the freshness budget,upstream of the hub stamp; the hub re-stamps at receipt
e2-20260813,E2_nonce_bound_affirmation,15,A0,strong,0.1,attack,delay_response,0.0,6.0,6.0044,6.0044,6.004436,False,closed,open,False,False,False,True,observable age exceeds the freshness budget,upstream of the hub stamp; the hub re-stamps at receipt
e2-20260813,E2_nonce_bound_affirmation,16,A0,strong,0.1,attack,delay_response,0.0,6.0,6.0075,6.0075,6.007517,False,closed,open,False,False,False,True,observable age exceeds the freshness budget,upstream of the hub stamp; the hub re-stamps at receipt
e2-20260813,E2_nonce_bound_affirmation,17,A0,strong,0.1,attack,delay_response,0.0,6.0,6.0064,6.0064,6.006417,False,closed,open,False,False,False,True,observable age exceeds the freshness budget,upstream of the hub stamp; the hub re-stamps at receipt
e2-20260813,E2_nonce_bound_affirmation,18,A0,strong,0.1,attack,delay_response,0.0,6.0,6.0008,6.0008,6.000845,False,closed,open,False,False,False,True,observable age exceeds the freshness budget,upstream of the hub stamp; the hub re-stamps at receipt
e2-20260813,E2_nonce_bound_affirmation,19,A0,strong,0.1,attack,delay_response,0.0,6.0,6.0068,6.0068,6.00679,False,closed,open,False,False,False,True,observable age exceeds the freshness budget,upstream of the hub stamp; the hub re-stamps at receipt
e2-20260813,E2_nonce_bound_affirmation,0,A0,strong,0.5,benign,none,0.0,0.0,0.0009,0.0009,0.000946,True,closed,closed,False,False,False,True,device-bound affirmation inside the bound,upstream of the hub stamp; the hub re-stamps at receipt
e2-20260813,E2_nonce_bound_affirmation,1,A0,strong,0.5,benign,none,0.0,0.0,0.0012,0.0012,0.001178,True,closed,closed,False,False,False,True,device-bound affirmation inside the bound,upstream of the hub stamp; the hub re-stamps at receipt
e2-20260813,E2_nonce_bound_affirmation,2,A0,strong,0.5,benign,none,0.0,0.0,0.0049,0.0049,0.004904,True,closed,closed,False,False,False,True,device-bound affirmation inside the bound,upstream of the hub stamp; the hub re-stamps at receipt
e2-20260813,E2_nonce_bound_affirmation,3,A0,strong,0.5,benign,none,0.0,0.0,0.0009,0.0009,0.000946,True,closed,closed,False,False,False,True,device-bound affirmation inside the bound,upstream of the hub stamp; the hub re-stamps at receipt
e2-20260813,E2_nonce_bound_affirmation,4,A0,strong,0.5,benign,none,0.0,0.0,0.0031,0.0031,0.003057,True,closed,closed,False,False,False,True,device-bound affirmation inside the bound,upstream of the hub stamp; the hub re-stamps at receipt
e2-20260813,E2_nonce_bound_affirmation,5,A0,strong,0.5,benign,none,0.0,0.0,0.0048,0.0048,0.004806,True,closed,closed,False,False,False,True,device-bound affirmation inside the bound,upstream of the hub stamp; the hub re-stamps at receipt
e2-20260813,E2_nonce_bound_affirmation,6,A0,strong,0.5,benign,none,0.0,0.0,0.0087,0.0087,0.008675,True,closed,closed,False,False,False,True,device-bound affirmation inside the bound,upstream of the hub stamp; the hub re-stamps at receipt
e2-20260813,E2_nonce_bound_affirmation,7,A0,strong,0.5,benign,none,0.0,0.0,0.0039,0.0039,0.003907,True,closed,closed,False,False,False,True,device-bound affirmation inside the bound,upstream of the hub stamp; the hub re-stamps at receipt
e2-20260813,E2_nonce_bound_affirmation,8,A0,strong,0.5,benign,none,0.0,0.0,0.0027,0.0027,0.002673,True,closed,closed,False,False,False,True,device-bound affirmation inside the bound,upstream of the hub stamp; the hub re-stamps at receipt
e2-20260813,E2_nonce_bound_affirmation,9,A0,strong,0.5,benign,none,0.0,0.0,0.0015,0.0015,0.001508,True,closed,closed,False,False,False,True,device-bound affirmation inside the bound,upstream of the hub stamp; the hub re-stamps at receipt
e2-20260813,E2_nonce_bound_affirmation,10,A0,strong,0.5,benign,none,0.0,0.0,0.0052,0.0052,0.005217,True,closed,closed,False,False,False,True,device-bound affirmation inside the bound,upstream of the hub stamp; the hub re-stamps at receipt
e2-20260813,E2_nonce_bound_affirmation,11,A0,strong,0.5,benign,none,0.0,0.0,0.0069,0.0069,0.006906,True,closed,closed,False,False,False,True,device-bound affirmation inside the bound,upstream of the hub stamp; the hub re-stamps at receipt
e2-20260813,E2_nonce_bound_affirmation,12,A0,strong,0.5,benign,none,0.0,0.0,0.0064,0.0064,0.006402,True,closed,closed,False,False,False,True,device-bound affirmation inside the bound,upstream of the hub stamp; the hub re-stamps at receipt
e2-20260813,E2_nonce_bound_affirmation,13,A0,strong,0.5,benign,none,0.0,0.0,0.003,0.003,0.00301,True,closed,closed,False,False,False,True,device-bound affirmation inside the bound,upstream of the hub stamp; the hub re-stamps at receipt
e2-20260813,E2_nonce_bound_affirmation,14,A0,strong,0.5,benign,none,0.0,0.0,0.0019,0.0019,0.001859,True,closed,closed,False,False,False,True,device-bound affirmation inside the bound,upstream of the hub stamp; the hub re-stamps at receipt
e2-20260813,E2_nonce_bound_affirmation,15,A0,strong,0.5,benign,none,0.0,0.0,0.0028,0.0028,0.002791,True,closed,closed,False,False,False,True,device-bound affirmation inside the bound,upstream of the hub stamp; the hub re-stamps at receipt
e2-20260813,E2_nonce_bound_affirmation,16,A0,strong,0.5,benign,none,0.0,0.0,0.0014,0.0014,0.001398,True,closed,closed,False,False,False,True,device-bound affirmation inside the bound,upstream of the hub stamp; the hub re-stamps at receipt
e2-20260813,E2_nonce_bound_affirmation,17,A0,strong,0.5,benign,none,0.0,0.0,0.0026,0.0026,0.002577,True,closed,closed,False,False,False,True,device-bound affirmation inside the bound,upstream of the hub stamp; the hub re-stamps at receipt
e2-20260813,E2_nonce_bound_affirmation,18,A0,strong,0.5,benign,none,0.0,0.0,0.0082,0.0082,0.008191,True,closed,closed,False,False,False,True,device-bound affirmation inside the bound,upstream of the hub stamp; the hub re-stamps at receipt
e2-20260813,E2_nonce_bound_affirmation,19,A0,strong,0.5,benign,none,0.0,0.0,0.0061,0.0061,0.006067,True,closed,closed,False,False,False,True,device-bound affirmation inside the bound,upstream of the hub stamp; the hub re-stamps at receipt
e2-20260813,E2_nonce_bound_affirmation,0,A0,strong,0.5,attack,release_held,6.0,0.0,6.0019,0.0019,0.00187,False,closed,open,False,False,False,True,no device binding for this challenge,upstream of the hub stamp; the hub re-stamps at receipt
e2-20260813,E2_nonce_bound_affirmation,1,A0,strong,0.5,attack,release_held,6.0,0.0,6.0055,0.0055,0.005492,False,closed,open,False,False,False,True,no device binding for this challenge,upstream of the hub stamp; the hub re-stamps at receipt
e2-20260813,E2_nonce_bound_affirmation,2,A0,strong,0.5,attack,release_held,6.0,0.0,6.0024,0.0024,0.002422,False,closed,open,False,False,False,True,no device binding for this challenge,upstream of the hub stamp; the hub re-stamps at receipt
e2-20260813,E2_nonce_bound_affirmation,3,A0,strong,0.5,attack,release_held,6.0,0.0,6.0063,0.0063,0.00631,False,closed,open,False,False,False,True,no device binding for this challenge,upstream of the hub stamp; the hub re-stamps at receipt
e2-20260813,E2_nonce_bound_affirmation,4,A0,strong,0.5,attack,release_held,6.0,0.0,6.0021,0.0021,0.002141,False,closed,open,False,False,False,True,no device binding for this challenge,upstream of the hub stamp; the hub re-stamps at receipt
e2-20260813,E2_nonce_bound_affirmation,5,A0,strong,0.5,attack,release_held,6.0,0.0,6.0032,0.0032,0.003209,False,closed,open,False,False,False,True,no device binding for this challenge,upstream of the hub stamp; the hub re-stamps at receipt
e2-20260813,E2_nonce_bound_affirmation,6,A0,strong,0.5,attack,release_held,6.0,0.0,6.0069,0.0069,0.00689,False,closed,open,False,False,False,True,no device binding for this challenge,upstream of the hub stamp; the hub re-stamps at receipt
e2-20260813,E2_nonce_bound_affirmation,7,A0,strong,0.5,attack,release_held,6.0,0.0,6.0088,0.0088,0.008819,False,closed,open,False,False,False,True,no device binding for this challenge,upstream of the hub stamp; the hub re-stamps at receipt
e2-20260813,E2_nonce_bound_affirmation,8,A0,strong,0.5,attack,release_held,6.0,0.0,6.0042,0.0042,0.004212,False,closed,open,False,False,False,True,no device binding for this challenge,upstream of the hub stamp; the hub re-stamps at receipt
e2-20260813,E2_nonce_bound_affirmation,9,A0,strong,0.5,attack,release_held,6.0,0.0,6.0054,0.0054,0.005418,False,closed,open,False,False,False,True,no device binding for this challenge,upstream of the hub stamp; the hub re-stamps at receipt
e2-20260813,E2_nonce_bound_affirmation,10,A0,strong,0.5,attack,release_held,6.0,0.0,6.0043,0.0043,0.004324,False,closed,open,False,False,False,True,no device binding for this challenge,upstream of the hub stamp; the hub re-stamps at receipt
e2-20260813,E2_nonce_bound_affirmation,11,A0,strong,0.5,attack,release_held,6.0,0.0,6.0008,0.0008,0.000821,False,closed,open,False,False,False,True,no device binding for this challenge,upstream of the hub stamp; the hub re-stamps at receipt
e2-20260813,E2_nonce_bound_affirmation,12,A0,strong,0.5,attack,release_held,6.0,0.0,6.0083,0.0083,0.008251,False,closed,open,False,False,False,True,no device binding for this challenge,upstream of the hub stamp; the hub re-stamps at receipt
e2-20260813,E2_nonce_bound_affirmation,13,A0,strong,0.5,attack,release_held,6.0,0.0,6.0065,0.0065,0.006502,False,closed,open,False,False,False,True,no device binding for this challenge,upstream of the hub stamp; the hub re-stamps at receipt
e2-20260813,E2_nonce_bound_affirmation,14,A0,strong,0.5,attack,release_held,6.0,0.0,6.0026,0.0026,0.002582,False,closed,open,False,False,False,True,no device binding for this challenge,upstream of the hub stamp; the hub re-stamps at receipt
e2-20260813,E2_nonce_bound_affirmation,15,A0,strong,0.5,attack,release_held,6.0,0.0,6.0008,0.0008,0.000816,False,closed,open,False,False,False,True,no device binding for this challenge,upstream of the hub stamp; the hub re-stamps at receipt
e2-20260813,E2_nonce_bound_affirmation,16,A0,strong,0.5,attack,release_held,6.0,0.0,6.0022,0.0022,0.002239,False,closed,open,False,False,False,True,no device binding for this challenge,upstream of the hub stamp; the hub re-stamps at receipt
e2-20260813,E2_nonce_bound_affirmation,17,A0,strong,0.5,attack,release_held,6.0,0.0,6.0077,0.0077,0.007717,False,closed,open,False,False,False,True,no device binding for this challenge,upstream of the hub stamp; the hub re-stamps at receipt
e2-20260813,E2_nonce_bound_affirmation,18,A0,strong,0.5,attack,release_held,6.0,0.0,6.0081,0.0081,0.008065,False,closed,open,False,False,False,True,no device binding for this challenge,upstream of the hub stamp; the hub re-stamps at receipt
e2-20260813,E2_nonce_bound_affirmation,19,A0,strong,0.5,attack,release_held,6.0,0.0,6.0044,0.0044,0.004447,False,closed,open,False,False,False,True,no device binding for this challenge,upstream of the hub stamp; the hub re-stamps at receipt
e2-20260813,E2_nonce_bound_affirmation,0,A0,strong,0.5,attack,delay_response,0.0,6.0,6.0077,6.0077,6.007682,False,closed,open,False,False,False,True,observable age exceeds the freshness budget,upstream of the hub stamp; the hub re-stamps at receipt
e2-20260813,E2_nonce_bound_affirmation,1,A0,strong,0.5,attack,delay_response,0.0,6.0,6.0021,6.0021,6.002143,False,closed,open,False,False,False,True,observable age exceeds the freshness budget,upstream of the hub stamp; the hub re-stamps at receipt
e2-20260813,E2_nonce_bound_affirmation,2,A0,strong,0.5,attack,delay_response,0.0,6.0,6.0026,6.0026,6.002586,False,closed,open,False,False,False,True,observable age exceeds the freshness budget,upstream of the hub stamp; the hub re-stamps at receipt
e2-20260813,E2_nonce_bound_affirmation,3,A0,strong,0.5,attack,delay_response,0.0,6.0,6.0066,6.0066,6.006642,False,closed,open,False,False,False,True,observable age exceeds the freshness budget,upstream of the hub stamp; the hub re-stamps at receipt
e2-20260813,E2_nonce_bound_affirmation,4,A0,strong,0.5,attack,delay_response,0.0,6.0,6.0059,6.0059,6.005864,False,closed,open,False,False,False,True,observable age exceeds the freshness budget,upstream of the hub stamp; the hub re-stamps at receipt
e2-20260813,E2_nonce_bound_affirmation,5,A0,strong,0.5,attack,delay_response,0.0,6.0,6.0045,6.0045,6.004474,False,closed,open,False,False,False,True,observable age exceeds the freshness budget,upstream of the hub stamp; the hub re-stamps at receipt
e2-20260813,E2_nonce_bound_affirmation,6,A0,strong,0.5,attack,delay_response,0.0,6.0,6.007,6.007,6.00697,False,closed,open,False,False,False,True,observable age exceeds the freshness budget,upstream of the hub stamp; the hub re-stamps at receipt
e2-20260813,E2_nonce_bound_affirmation,7,A0,strong,0.5,attack,delay_response,0.0,6.0,6.0082,6.0082,6.00818,False,closed,open,False,False,False,True,observable age exceeds the freshness budget,upstream of the hub stamp; the hub re-stamps at receipt
e2-20260813,E2_nonce_bound_affirmation,8,A0,strong,0.5,attack,delay_response,0.0,6.0,6.001,6.001,6.001044,False,closed,open,False,False,False,True,observable age exceeds the freshness budget,upstream of the hub stamp; the hub re-stamps at receipt
e2-20260813,E2_nonce_bound_affirmation,9,A0,strong,0.5,attack,delay_response,0.0,6.0,6.0049,6.0049,6.004939,False,closed,open,False,False,False,True,observable age exceeds the freshness budget,upstream of the hub stamp; the hub re-stamps at receipt
e2-20260813,E2_nonce_bound_affirmation,10,A0,strong,0.5,attack,delay_response,0.0,6.0,6.0051,6.0051,6.005109,False,closed,open,False,False,False,True,observable age exceeds the freshness budget,upstream of the hub stamp; the hub re-stamps at receipt
e2-20260813,E2_nonce_bound_affirmation,11,A0,strong,0.5,attack,delay_response,0.0,6.0,6.0073,6.0073,6.007326,False,closed,open,False,False,False,True,observable age exceeds the freshness budget,upstream of the hub stamp; the hub re-stamps at receipt
e2-20260813,E2_nonce_bound_affirmation,12,A0,strong,0.5,attack,delay_response,0.0,6.0,6.0027,6.0027,6.002654,False,closed,open,False,False,False,True,observable age exceeds the freshness budget,upstream of the hub stamp; the hub re-stamps at receipt
e2-20260813,E2_nonce_bound_affirmation,13,A0,strong,0.5,attack,delay_response,0.0,6.0,6.0073,6.0073,6.007258,False,closed,open,False,False,False,True,observable age exceeds the freshness budget,upstream of the hub stamp; the hub re-stamps at receipt
e2-20260813,E2_nonce_bound_affirmation,14,A0,strong,0.5,attack,delay_response,0.0,6.0,6.0042,6.0042,6.004173,False,closed,open,False,False,False,True,observable age exceeds the freshness budget,upstream of the hub stamp; the hub re-stamps at receipt
e2-20260813,E2_nonce_bound_affirmation,15,A0,strong,0.5,attack,delay_response,0.0,6.0,6.0035,6.0035,6.003451,False,closed,open,False,False,False,True,observable age exceeds the freshness budget,upstream of the hub stamp; the hub re-stamps at receipt
e2-20260813,E2_nonce_bound_affirmation,16,A0,strong,0.5,attack,delay_response,0.0,6.0,6.0025,6.0025,6.002505,False,closed,open,False,False,False,True,observable age exceeds the freshness budget,upstream of the hub stamp; the hub re-stamps at receipt
e2-20260813,E2_nonce_bound_affirmation,17,A0,strong,0.5,attack,delay_response,0.0,6.0,6.0016,6.0016,6.001646,False,closed,open,False,False,False,True,observable age exceeds the freshness budget,upstream of the hub stamp; the hub re-stamps at receipt
e2-20260813,E2_nonce_bound_affirmation,18,A0,strong,0.5,attack,delay_response,0.0,6.0,6.0009,6.0009,6.000851,False,closed,open,False,False,False,True,observable age exceeds the freshness budget,upstream of the hub stamp; the hub re-stamps at receipt
e2-20260813,E2_nonce_bound_affirmation,19,A0,strong,0.5,attack,delay_response,0.0,6.0,6.0056,6.0056,6.00558,False,closed,open,False,False,False,True,observable age exceeds the freshness budget,upstream of the hub stamp; the hub re-stamps at receipt
e2-20260813,E2_nonce_bound_affirmation,0,A1,none,0.001,benign,none,0.0,0.0,0.0027,0.0027,0.002714,True,closed,closed,False,False,False,False,no challenge (v1 timestamp trust),upstream of the hub stamp; the hub re-stamps at receipt
e2-20260813,E2_nonce_bound_affirmation,1,A1,none,0.001,benign,none,0.0,0.0,0.0041,0.0041,0.004143,True,closed,closed,False,False,False,False,no challenge (v1 timestamp trust),upstream of the hub stamp; the hub re-stamps at receipt
e2-20260813,E2_nonce_bound_affirmation,2,A1,none,0.001,benign,none,0.0,0.0,0.0074,0.0074,0.007371,True,closed,closed,False,False,False,False,no challenge (v1 timestamp trust),upstream of the hub stamp; the hub re-stamps at receipt
e2-20260813,E2_nonce_bound_affirmation,3,A1,none,0.001,benign,none,0.0,0.0,0.0056,0.0056,0.005562,True,closed,closed,False,False,False,False,no challenge (v1 timestamp trust),upstream of the hub stamp; the hub re-stamps at receipt
e2-20260813,E2_nonce_bound_affirmation,4,A1,none,0.001,benign,none,0.0,0.0,0.0036,0.0036,0.003616,True,closed,closed,False,False,False,False,no challenge (v1 timestamp trust),upstream of the hub stamp; the hub re-stamps at receipt
e2-20260813,E2_nonce_bound_affirmation,5,A1,none,0.001,benign,none,0.0,0.0,0.0057,0.0057,0.005737,True,closed,closed,False,False,False,False,no challenge (v1 timestamp trust),upstream of the hub stamp; the hub re-stamps at receipt
e2-20260813,E2_nonce_bound_affirmation,6,A1,none,0.001,benign,none,0.0,0.0,0.0083,0.0083,0.008306,True,closed,closed,False,False,False,False,no challenge (v1 timestamp trust),upstream of the hub stamp; the hub re-stamps at receipt
e2-20260813,E2_nonce_bound_affirmation,7,A1,none,0.001,benign,none,0.0,0.0,0.0088,0.0088,0.00878,True,closed,closed,False,False,False,False,no challenge (v1 timestamp trust),upstream of the hub stamp; the hub re-stamps at receipt
e2-20260813,E2_nonce_bound_affirmation,8,A1,none,0.001,benign,none,0.0,0.0,0.0089,0.0089,0.008897,True,closed,closed,False,False,False,False,no challenge (v1 timestamp trust),upstream of the hub stamp; the hub re-stamps at receipt
e2-20260813,E2_nonce_bound_affirmation,9,A1,none,0.001,benign,none,0.0,0.0,0.0026,0.0026,0.002609,True,closed,closed,False,False,False,False,no challenge (v1 timestamp trust),upstream of the hub stamp; the hub re-stamps at receipt
e2-20260813,E2_nonce_bound_affirmation,10,A1,none,0.001,benign,none,0.0,0.0,0.0036,0.0036,0.003563,True,closed,closed,False,False,False,False,no challenge (v1 timestamp trust),upstream of the hub stamp; the hub re-stamps at receipt
e2-20260813,E2_nonce_bound_affirmation,11,A1,none,0.001,benign,none,0.0,0.0,0.0053,0.0053,0.005307,True,closed,closed,False,False,False,False,no challenge (v1 timestamp trust),upstream of the hub stamp; the hub re-stamps at receipt
e2-20260813,E2_nonce_bound_affirmation,12,A1,none,0.001,benign,none,0.0,0.0,0.0048,0.0048,0.004753,True,closed,closed,False,False,False,False,no challenge (v1 timestamp trust),upstream of the hub stamp; the hub re-stamps at receipt
e2-20260813,E2_nonce_bound_affirmation,13,A1,none,0.001,benign,none,0.0,0.0,0.0054,0.0054,0.005408,True,closed,closed,False,False,False,False,no challenge (v1 timestamp trust),upstream of the hub stamp; the hub re-stamps at receipt
e2-20260813,E2_nonce_bound_affirmation,14,A1,none,0.001,benign,none,0.0,0.0,0.0061,0.0061,0.006088,True,closed,closed,False,False,False,False,no challenge (v1 timestamp trust),upstream of the hub stamp; the hub re-stamps at receipt
e2-20260813,E2_nonce_bound_affirmation,15,A1,none,0.001,benign,none,0.0,0.0,0.0057,0.0057,0.005721,True,closed,closed,False,False,False,False,no challenge (v1 timestamp trust),upstream of the hub stamp; the hub re-stamps at receipt
e2-20260813,E2_nonce_bound_affirmation,16,A1,none,0.001,benign,none,0.0,0.0,0.0063,0.0063,0.006261,True,closed,closed,False,False,False,False,no challenge (v1 timestamp trust),upstream of the hub stamp; the hub re-stamps at receipt
e2-20260813,E2_nonce_bound_affirmation,17,A1,none,0.001,benign,none,0.0,0.0,0.0055,0.0055,0.005506,True,closed,closed,False,False,False,False,no challenge (v1 timestamp trust),upstream of the hub stamp; the hub re-stamps at receipt
e2-20260813,E2_nonce_bound_affirmation,18,A1,none,0.001,benign,none,0.0,0.0,0.0066,0.0066,0.006619,True,closed,closed,False,False,False,False,no challenge (v1 timestamp trust),upstream of the hub stamp; the hub re-stamps at receipt
e2-20260813,E2_nonce_bound_affirmation,19,A1,none,0.001,benign,none,0.0,0.0,0.0046,0.0046,0.00465,True,closed,closed,False,False,False,False,no challenge (v1 timestamp trust),upstream of the hub stamp; the hub re-stamps at receipt
e2-20260813,E2_nonce_bound_affirmation,0,A1,none,0.001,attack,release_held,6.0,0.0,6.0011,0.0011,0.001141,True,closed,open,True,True,False,False,no challenge (v1 timestamp trust),upstream of the hub stamp; the hub re-stamps at receipt
e2-20260813,E2_nonce_bound_affirmation,1,A1,none,0.001,attack,release_held,6.0,0.0,6.0033,0.0033,0.003276,True,closed,open,True,True,False,False,no challenge (v1 timestamp trust),upstream of the hub stamp; the hub re-stamps at receipt
e2-20260813,E2_nonce_bound_affirmation,2,A1,none,0.001,attack,release_held,6.0,0.0,6.0044,0.0044,0.004422,True,closed,open,True,True,False,False,no challenge (v1 timestamp trust),upstream of the hub stamp; the hub re-stamps at receipt
e2-20260813,E2_nonce_bound_affirmation,3,A1,none,0.001,attack,release_held,6.0,0.0,6.004,0.004,0.003956,True,closed,open,True,True,False,False,no challenge (v1 timestamp trust),upstream of the hub stamp; the hub re-stamps at receipt
e2-20260813,E2_nonce_bound_affirmation,4,A1,none,0.001,attack,release_held,6.0,0.0,6.0073,0.0073,0.007307,True,closed,open,True,True,False,False,no challenge (v1 timestamp trust),upstream of the hub stamp; the hub re-stamps at receipt
e2-20260813,E2_nonce_bound_affirmation,5,A1,none,0.001,attack,release_held,6.0,0.0,6.0068,0.0068,0.006841,True,closed,open,True,True,False,False,no challenge (v1 timestamp trust),upstream of the hub stamp; the hub re-stamps at receipt
e2-20260813,E2_nonce_bound_affirmation,6,A1,none,0.001,attack,release_held,6.0,0.0,6.0014,0.0014,0.001431,True,closed,open,True,True,False,False,no challenge (v1 timestamp trust),upstream of the hub stamp; the hub re-stamps at receipt
e2-20260813,E2_nonce_bound_affirmation,7,A1,none,0.001,attack,release_held,6.0,0.0,6.008,0.008,0.008032,True,closed,open,True,True,False,False,no challenge (v1 timestamp trust),upstream of the hub stamp; the hub re-stamps at receipt
e2-20260813,E2_nonce_bound_affirmation,8,A1,none,0.001,attack,release_held,6.0,0.0,6.0058,0.0058,0.00579,True,closed,open,True,True,False,False,no challenge (v1 timestamp trust),upstream of the hub stamp; the hub re-stamps at receipt
e2-20260813,E2_nonce_bound_affirmation,9,A1,none,0.001,attack,release_held,6.0,0.0,6.0054,0.0054,0.005414,True,closed,open,True,True,False,False,no challenge (v1 timestamp trust),upstream of the hub stamp; the hub re-stamps at receipt
e2-20260813,E2_nonce_bound_affirmation,10,A1,none,0.001,attack,release_held,6.0,0.0,6.0019,0.0019,0.001863,True,closed,open,True,True,False,False,no challenge (v1 timestamp trust),upstream of the hub stamp; the hub re-stamps at receipt
e2-20260813,E2_nonce_bound_affirmation,11,A1,none,0.001,attack,release_held,6.0,0.0,6.0023,0.0023,0.002274,True,closed,open,True,True,False,False,no challenge (v1 timestamp trust),upstream of the hub stamp; the hub re-stamps at receipt
e2-20260813,E2_nonce_bound_affirmation,12,A1,none,0.001,attack,release_held,6.0,0.0,6.0053,0.0053,0.005286,True,closed,open,True,True,False,False,no challenge (v1 timestamp trust),upstream of the hub stamp; the hub re-stamps at receipt
e2-20260813,E2_nonce_bound_affirmation,13,A1,none,0.001,attack,release_held,6.0,0.0,6.0012,0.0012,0.001233,True,closed,open,True,True,False,False,no challenge (v1 timestamp trust),upstream of the hub stamp; the hub re-stamps at receipt
e2-20260813,E2_nonce_bound_affirmation,14,A1,none,0.001,attack,release_held,6.0,0.0,6.0061,0.0061,0.006087,True,closed,open,True,True,False,False,no challenge (v1 timestamp trust),upstream of the hub stamp; the hub re-stamps at receipt
e2-20260813,E2_nonce_bound_affirmation,15,A1,none,0.001,attack,release_held,6.0,0.0,6.0035,0.0035,0.003489,True,closed,open,True,True,False,False,no challenge (v1 timestamp trust),upstream of the hub stamp; the hub re-stamps at receipt
e2-20260813,E2_nonce_bound_affirmation,16,A1,none,0.001,attack,release_held,6.0,0.0,6.0078,0.0078,0.007829,True,closed,open,True,True,False,False,no challenge (v1 timestamp trust),upstream of the hub stamp; the hub re-stamps at receipt
e2-20260813,E2_nonce_bound_affirmation,17,A1,none,0.001,attack,release_held,6.0,0.0,6.009,0.009,0.008995,True,closed,open,True,True,False,False,no challenge (v1 timestamp trust),upstream of the hub stamp; the hub re-stamps at receipt
e2-20260813,E2_nonce_bound_affirmation,18,A1,none,0.001,attack,release_held,6.0,0.0,6.0087,0.0087,0.008672,True,closed,open,True,True,False,False,no challenge (v1 timestamp trust),upstream of the hub stamp; the hub re-stamps at receipt
e2-20260813,E2_nonce_bound_affirmation,19,A1,none,0.001,attack,release_held,6.0,0.0,6.0016,0.0016,0.001629,True,closed,open,True,True,False,False,no challenge (v1 timestamp trust),upstream of the hub stamp; the hub re-stamps at receipt
e2-20260813,E2_nonce_bound_affirmation,0,A1,none,0.001,attack,delay_response,0.0,6.0,6.0083,6.0083,6.008332,False,closed,open,False,False,False,False,observable age exceeds the freshness budget,upstream of the hub stamp; the hub re-stamps at receipt
e2-20260813,E2_nonce_bound_affirmation,1,A1,none,0.001,attack,delay_response,0.0,6.0,6.0009,6.0009,6.000937,False,closed,open,False,False,False,False,observable age exceeds the freshness budget,upstream of the hub stamp; the hub re-stamps at receipt
e2-20260813,E2_nonce_bound_affirmation,2,A1,none,0.001,attack,delay_response,0.0,6.0,6.0087,6.0087,6.008722,False,closed,open,False,False,False,False,observable age exceeds the freshness budget,upstream of the hub stamp; the hub re-stamps at receipt
e2-20260813,E2_nonce_bound_affirmation,3,A1,none,0.001,attack,delay_response,0.0,6.0,6.0065,6.0065,6.006484,False,closed,open,False,False,False,False,observable age exceeds the freshness budget,upstream of the hub stamp; the hub re-stamps at receipt
e2-20260813,E2_nonce_bound_affirmation,4,A1,none,0.001,attack,delay_response,0.0,6.0,6.0075,6.0075,6.007482,False,closed,open,False,False,False,False,observable age exceeds the freshness budget,upstream of the hub stamp; the hub re-stamps at receipt
e2-20260813,E2_nonce_bound_affirmation,5,A1,none,0.001,attack,delay_response,0.0,6.0,6.0051,6.0051,6.005096,False,closed,open,False,False,False,False,observable age exceeds the freshness budget,upstream of the hub stamp; the hub re-stamps at receipt
e2-20260813,E2_nonce_bound_affirmation,6,A1,none,0.001,attack,delay_response,0.0,6.0,6.0054,6.0054,6.005419,False,closed,open,False,False,False,False,observable age exceeds the freshness budget,upstream of the hub stamp; the hub re-stamps at receipt
e2-20260813,E2_nonce_bound_affirmation,7,A1,none,0.001,attack,delay_response,0.0,6.0,6.0083,6.0083,6.008292,False,closed,open,False,False,False,False,observable age exceeds the freshness budget,upstream of the hub stamp; the hub re-stamps at receipt
e2-20260813,E2_nonce_bound_affirmation,8,A1,none,0.001,attack,delay_response,0.0,6.0,6.0031,6.0031,6.00307,False,closed,open,False,False,False,False,observable age exceeds the freshness budget,upstream of the hub stamp; the hub re-stamps at receipt
e2-20260813,E2_nonce_bound_affirmation,9,A1,none,0.001,attack,delay_response,0.0,6.0,6.0049,6.0049,6.004926,False,closed,open,False,False,False,False,observable age exceeds the freshness budget,upstream of the hub stamp; the hub re-stamps at receipt
e2-20260813,E2_nonce_bound_affirmation,10,A1,none,0.001,attack,delay_response,0.0,6.0,6.0089,6.0089,6.008909,False,closed,open,False,False,False,False,observable age exceeds the freshness budget,upstream of the hub stamp; the hub re-stamps at receipt
e2-20260813,E2_nonce_bound_affirmation,11,A1,none,0.001,attack,delay_response,0.0,6.0,6.0015,6.0015,6.00154,False,closed,open,False,False,False,False,observable age exceeds the freshness budget,upstream of the hub stamp; the hub re-stamps at receipt
e2-20260813,E2_nonce_bound_affirmation,12,A1,none,0.001,attack,delay_response,0.0,6.0,6.0086,6.0086,6.008571,False,closed,open,False,False,False,False,observable age exceeds the freshness budget,upstream of the hub stamp; the hub re-stamps at receipt
e2-20260813,E2_nonce_bound_affirmation,13,A1,none,0.001,attack,delay_response,0.0,6.0,6.0053,6.0053,6.005336,False,closed,open,False,False,False,False,observable age exceeds the freshness budget,upstream of the hub stamp; the hub re-stamps at receipt
e2-20260813,E2_nonce_bound_affirmation,14,A1,none,0.001,attack,delay_response,0.0,6.0,6.0008,6.0008,6.000816,False,closed,open,False,False,False,False,observable age exceeds the freshness budget,upstream of the hub stamp; the hub re-stamps at receipt
e2-20260813,E2_nonce_bound_affirmation,15,A1,none,0.001,attack,delay_response,0.0,6.0,6.0051,6.0051,6.005127,False,closed,open,False,False,False,False,observable age exceeds the freshness budget,upstream of the hub stamp; the hub re-stamps at receipt
e2-20260813,E2_nonce_bound_affirmation,16,A1,none,0.001,attack,delay_response,0.0,6.0,6.0088,6.0088,6.008771,False,closed,open,False,False,False,False,observable age exceeds the freshness budget,upstream of the hub stamp; the hub re-stamps at receipt
e2-20260813,E2_nonce_bound_affirmation,17,A1,none,0.001,attack,delay_response,0.0,6.0,6.0069,6.0069,6.006932,False,closed,open,False,False,False,False,observable age exceeds the freshness budget,upstream of the hub stamp; the hub re-stamps at receipt
e2-20260813,E2_nonce_bound_affirmation,18,A1,none,0.001,attack,delay_response,0.0,6.0,6.0051,6.0051,6.005135,False,closed,open,False,False,False,False,observable age exceeds the freshness budget,upstream of the hub stamp; the hub re-stamps at receipt
e2-20260813,E2_nonce_bound_affirmation,19,A1,none,0.001,attack,delay_response,0.0,6.0,6.0076,6.0076,6.007607,False,closed,open,False,False,False,False,observable age exceeds the freshness budget,upstream of the hub stamp; the hub re-stamps at receipt
e2-20260813,E2_nonce_bound_affirmation,0,A1,none,0.002,benign,none,0.0,0.0,0.004,0.004,0.004048,True,closed,closed,False,False,False,False,no challenge (v1 timestamp trust),upstream of the hub stamp; the hub re-stamps at receipt
e2-20260813,E2_nonce_bound_affirmation,1,A1,none,0.002,benign,none,0.0,0.0,0.0058,0.0058,0.005754,True,closed,closed,False,False,False,False,no challenge (v1 timestamp trust),upstream of the hub stamp; the hub re-stamps at receipt
e2-20260813,E2_nonce_bound_affirmation,2,A1,none,0.002,benign,none,0.0,0.0,0.0037,0.0037,0.003653,True,closed,closed,False,False,False,False,no challenge (v1 timestamp trust),upstream of the hub stamp; the hub re-stamps at receipt
e2-20260813,E2_nonce_bound_affirmation,3,A1,none,0.002,benign,none,0.0,0.0,0.0077,0.0077,0.007703,True,closed,closed,False,False,False,False,no challenge (v1 timestamp trust),upstream of the hub stamp; the hub re-stamps at receipt
e2-20260813,E2_nonce_bound_affirmation,4,A1,none,0.002,benign,none,0.0,0.0,0.0077,0.0077,0.007719,True,closed,closed,False,False,False,False,no challenge (v1 timestamp trust),upstream of the hub stamp; the hub re-stamps at receipt
e2-20260813,E2_nonce_bound_affirmation,5,A1,none,0.002,benign,none,0.0,0.0,0.0014,0.0014,0.001421,True,closed,closed,False,False,False,False,no challenge (v1 timestamp trust),upstream of the hub stamp; the hub re-stamps at receipt
e2-20260813,E2_nonce_bound_affirmation,6,A1,none,0.002,benign,none,0.0,0.0,0.0061,0.0061,0.006068,True,closed,closed,False,False,False,False,no challenge (v1 timestamp trust),upstream of the hub stamp; the hub re-stamps at receipt
e2-20260813,E2_nonce_bound_affirmation,7,A1,none,0.002,benign,none,0.0,0.0,0.0038,0.0038,0.003797,True,closed,closed,False,False,False,False,no challenge (v1 timestamp trust),upstream of the hub stamp; the hub re-stamps at receipt
e2-20260813,E2_nonce_bound_affirmation,8,A1,none,0.002,benign,none,0.0,0.0,0.0067,0.0067,0.00674,True,closed,closed,False,False,False,False,no challenge (v1 timestamp trust),upstream of the hub stamp; the hub re-stamps at receipt
e2-20260813,E2_nonce_bound_affirmation,9,A1,none,0.002,benign,none,0.0,0.0,0.0027,0.0027,0.002742,True,closed,closed,False,False,False,False,no challenge (v1 timestamp trust),upstream of the hub stamp; the hub re-stamps at receipt
e2-20260813,E2_nonce_bound_affirmation,10,A1,none,0.002,benign,none,0.0,0.0,0.0021,0.0021,0.002111,True,closed,closed,False,False,False,False,no challenge (v1 timestamp trust),upstream of the hub stamp; the hub re-stamps at receipt
e2-20260813,E2_nonce_bound_affirmation,11,A1,none,0.002,benign,none,0.0,0.0,0.003,0.003,0.003018,True,closed,closed,False,False,False,False,no challenge (v1 timestamp trust),upstream of the hub stamp; the hub re-stamps at receipt
e2-20260813,E2_nonce_bound_affirmation,12,A1,none,0.002,benign,none,0.0,0.0,0.0066,0.0066,0.006645,True,closed,closed,False,False,False,False,no challenge (v1 timestamp trust),upstream of the hub stamp; the hub re-stamps at receipt
e2-20260813,E2_nonce_bound_affirmation,13,A1,none,0.002,benign,none,0.0,0.0,0.0061,0.0061,0.006147,True,closed,closed,False,False,False,False,no challenge (v1 timestamp trust),upstream of the hub stamp; the hub re-stamps at receipt
e2-20260813,E2_nonce_bound_affirmation,14,A1,none,0.002,benign,none,0.0,0.0,0.0031,0.0031,0.003097,True,closed,closed,False,False,False,False,no challenge (v1 timestamp trust),upstream of the hub stamp; the hub re-stamps at receipt
e2-20260813,E2_nonce_bound_affirmation,15,A1,none,0.002,benign,none,0.0,0.0,0.0038,0.0038,0.00377,True,closed,closed,False,False,False,False,no challenge (v1 timestamp trust),upstream of the hub stamp; the hub re-stamps at receipt
e2-20260813,E2_nonce_bound_affirmation,16,A1,none,0.002,benign,none,0.0,0.0,0.0031,0.0031,0.003114,True,closed,closed,False,False,False,False,no challenge (v1 timestamp trust),upstream of the hub stamp; the hub re-stamps at receipt
e2-20260813,E2_nonce_bound_affirmation,17,A1,none,0.002,benign,none,0.0,0.0,0.0061,0.0061,0.006112,True,closed,closed,False,False,False,False,no challenge (v1 timestamp trust),upstream of the hub stamp; the hub re-stamps at receipt
e2-20260813,E2_nonce_bound_affirmation,18,A1,none,0.002,benign,none,0.0,0.0,0.0031,0.0031,0.003116,True,closed,closed,False,False,False,False,no challenge (v1 timestamp trust),upstream of the hub stamp; the hub re-stamps at receipt
e2-20260813,E2_nonce_bound_affirmation,19,A1,none,0.002,benign,none,0.0,0.0,0.0059,0.0059,0.00594,True,closed,closed,False,False,False,False,no challenge (v1 timestamp trust),upstream of the hub stamp; the hub re-stamps at receipt
e2-20260813,E2_nonce_bound_affirmation,0,A1,none,0.002,attack,release_held,6.0,0.0,6.0064,0.0064,0.006362,True,closed,open,True,True,False,False,no challenge (v1 timestamp trust),upstream of the hub stamp; the hub re-stamps at receipt
e2-20260813,E2_nonce_bound_affirmation,1,A1,none,0.002,attack,release_held,6.0,0.0,6.0032,0.0032,0.003224,True,closed,open,True,True,False,False,no challenge (v1 timestamp trust),upstream of the hub stamp; the hub re-stamps at receipt
e2-20260813,E2_nonce_bound_affirmation,2,A1,none,0.002,attack,release_held,6.0,0.0,6.0069,0.0069,0.006887,True,closed,open,True,True,False,False,no challenge (v1 timestamp trust),upstream of the hub stamp; the hub re-stamps at receipt
e2-20260813,E2_nonce_bound_affirmation,3,A1,none,0.002,attack,release_held,6.0,0.0,6.0017,0.0017,0.001719,True,closed,open,True,True,False,False,no challenge (v1 timestamp trust),upstream of the hub stamp; the hub re-stamps at receipt
e2-20260813,E2_nonce_bound_affirmation,4,A1,none,0.002,attack,release_held,6.0,0.0,6.0061,0.0061,0.006074,True,closed,open,True,True,False,False,no challenge (v1 timestamp trust),upstream of the hub stamp; the hub re-stamps at receipt
e2-20260813,E2_nonce_bound_affirmation,5,A1,none,0.002,attack,release_held,6.0,0.0,6.0078,0.0078,0.007816,True,closed,open,True,True,False,False,no challenge (v1 timestamp trust),upstream of the hub stamp; the hub re-stamps at receipt
e2-20260813,E2_nonce_bound_affirmation,6,A1,none,0.002,attack,release_held,6.0,0.0,6.0075,0.0075,0.007478,True,closed,open,True,True,False,False,no challenge (v1 timestamp trust),upstream of the hub stamp; the hub re-stamps at receipt
e2-20260813,E2_nonce_bound_affirmation,7,A1,none,0.002,attack,release_held,6.0,0.0,6.0076,0.0076,0.007571,True,closed,open,True,True,False,False,no challenge (v1 timestamp trust),upstream of the hub stamp; the hub re-stamps at receipt
e2-20260813,E2_nonce_bound_affirmation,8,A1,none,0.002,attack,release_held,6.0,0.0,6.0064,0.0064,0.006355,True,closed,open,True,True,False,False,no challenge (v1 timestamp trust),upstream of the hub stamp; the hub re-stamps at receipt
e2-20260813,E2_nonce_bound_affirmation,9,A1,none,0.002,attack,release_held,6.0,0.0,6.0013,0.0013,0.00132,True,closed,open,True,True,False,False,no challenge (v1 timestamp trust),upstream of the hub stamp; the hub re-stamps at receipt
e2-20260813,E2_nonce_bound_affirmation,10,A1,none,0.002,attack,release_held,6.0,0.0,6.0068,0.0068,0.006844,True,closed,open,True,True,False,False,no challenge (v1 timestamp trust),upstream of the hub stamp; the hub re-stamps at receipt
e2-20260813,E2_nonce_bound_affirmation,11,A1,none,0.002,attack,release_held,6.0,0.0,6.0017,0.0017,0.001735,True,closed,open,True,True,False,False,no challenge (v1 timestamp trust),upstream of the hub stamp; the hub re-stamps at receipt
e2-20260813,E2_nonce_bound_affirmation,12,A1,none,0.002,attack,release_held,6.0,0.0,6.0032,0.0032,0.003198,True,closed,open,True,True,False,False,no challenge (v1 timestamp trust),upstream of the hub stamp; the hub re-stamps at receipt
e2-20260813,E2_nonce_bound_affirmation,13,A1,none,0.002,attack,release_held,6.0,0.0,6.0072,0.0072,0.00722,True,closed,open,True,True,False,False,no challenge (v1 timestamp trust),upstream of the hub stamp; the hub re-stamps at receipt
e2-20260813,E2_nonce_bound_affirmation,14,A1,none,0.002,attack,release_held,6.0,0.0,6.0052,0.0052,0.005248,True,closed,open,True,True,False,False,no challenge (v1 timestamp trust),upstream of the hub stamp; the hub re-stamps at receipt
e2-20260813,E2_nonce_bound_affirmation,15,A1,none,0.002,attack,release_held,6.0,0.0,6.0021,0.0021,0.002131,True,closed,open,True,True,False,False,no challenge (v1 timestamp trust),upstream of the hub stamp; the hub re-stamps at receipt
e2-20260813,E2_nonce_bound_affirmation,16,A1,none,0.002,attack,release_held,6.0,0.0,6.0085,0.0085,0.008461,True,closed,open,True,True,False,False,no challenge (v1 timestamp trust),upstream of the hub stamp; the hub re-stamps at receipt
e2-20260813,E2_nonce_bound_affirmation,17,A1,none,0.002,attack,release_held,6.0,0.0,6.0062,0.0062,0.006158,True,closed,open,True,True,False,False,no challenge (v1 timestamp trust),upstream of the hub stamp; the hub re-stamps at receipt
e2-20260813,E2_nonce_bound_affirmation,18,A1,none,0.002,attack,release_held,6.0,0.0,6.0036,0.0036,0.003554,True,closed,open,True,True,False,False,no challenge (v1 timestamp trust),upstream of the hub stamp; the hub re-stamps at receipt
e2-20260813,E2_nonce_bound_affirmation,19,A1,none,0.002,attack,release_held,6.0,0.0,6.0076,0.0076,0.00757,True,closed,open,True,True,False,False,no challenge (v1 timestamp trust),upstream of the hub stamp; the hub re-stamps at receipt
e2-20260813,E2_nonce_bound_affirmation,0,A1,none,0.002,attack,delay_response,0.0,6.0,6.0063,6.0063,6.006292,False,closed,open,False,False,False,False,observable age exceeds the freshness budget,upstream of the hub stamp; the hub re-stamps at receipt
e2-20260813,E2_nonce_bound_affirmation,1,A1,none,0.002,attack,delay_response,0.0,6.0,6.007,6.007,6.006977,False,closed,open,False,False,False,False,observable age exceeds the freshness budget,upstream of the hub stamp; the hub re-stamps at receipt
e2-20260813,E2_nonce_bound_affirmation,2,A1,none,0.002,attack,delay_response,0.0,6.0,6.0046,6.0046,6.004637,False,closed,open,False,False,False,False,observable age exceeds the freshness budget,upstream of the hub stamp; the hub re-stamps at receipt
e2-20260813,E2_nonce_bound_affirmation,3,A1,none,0.002,attack,delay_response,0.0,6.0,6.0048,6.0048,6.00485,False,closed,open,False,False,False,False,observable age exceeds the freshness budget,upstream of the hub stamp; the hub re-stamps at receipt
e2-20260813,E2_nonce_bound_affirmation,4,A1,none,0.002,attack,delay_response,0.0,6.0,6.0047,6.0047,6.004678,False,closed,open,False,False,False,False,observable age exceeds the freshness budget,upstream of the hub stamp; the hub re-stamps at receipt
e2-20260813,E2_nonce_bound_affirmation,5,A1,none,0.002,attack,delay_response,0.0,6.0,6.0071,6.0071,6.007134,False,closed,open,False,False,False,False,observable age exceeds the freshness budget,upstream of the hub stamp; the hub re-stamps at receipt
e2-20260813,E2_nonce_bound_affirmation,6,A1,none,0.002,attack,delay_response,0.0,6.0,6.0045,6.0045,6.004458,False,closed,open,False,False,False,False,observable age exceeds the freshness budget,upstream of the hub stamp; the hub re-stamps at receipt
e2-20260813,E2_nonce_bound_affirmation,7,A1,none,0.002,attack,delay_response,0.0,6.0,6.0014,6.0014,6.001402,False,closed,open,False,False,False,False,observable age exceeds the freshness budget,upstream of the hub stamp; the hub re-stamps at receipt
e2-20260813,E2_nonce_bound_affirmation,8,A1,none,0.002,attack,delay_response,0.0,6.0,6.0047,6.0047,6.004679,False,closed,open,False,False,False,False,observable age exceeds the freshness budget,upstream of the hub stamp; the hub re-stamps at receipt
e2-20260813,E2_nonce_bound_affirmation,9,A1,none,0.002,attack,delay_response,0.0,6.0,6.001,6.001,6.000986,False,closed,open,False,False,False,False,observable age exceeds the freshness budget,upstream of the hub stamp; the hub re-stamps at receipt
e2-20260813,E2_nonce_bound_affirmation,10,A1,none,0.002,attack,delay_response,0.0,6.0,6.0072,6.0072,6.007171,False,closed,open,False,False,False,False,observable age exceeds the freshness budget,upstream of the hub stamp; the hub re-stamps at receipt
e2-20260813,E2_nonce_bound_affirmation,11,A1,none,0.002,attack,delay_response,0.0,6.0,6.0083,6.0083,6.008338,False,closed,open,False,False,False,False,observable age exceeds the freshness budget,upstream of the hub stamp; the hub re-stamps at receipt
e2-20260813,E2_nonce_bound_affirmation,12,A1,none,0.002,attack,delay_response,0.0,6.0,6.0051,6.0051,6.005141,False,closed,open,False,False,False,False,observable age exceeds the freshness budget,upstream of the hub stamp; the hub re-stamps at receipt
e2-20260813,E2_nonce_bound_affirmation,13,A1,none,0.002,attack,delay_response,0.0,6.0,6.0053,6.0053,6.005318,False,closed,open,False,False,False,False,observable age exceeds the freshness budget,upstream of the hub stamp; the hub re-stamps at receipt
e2-20260813,E2_nonce_bound_affirmation,14,A1,none,0.002,attack,delay_response,0.0,6.0,6.0048,6.0048,6.004755,False,closed,open,False,False,False,False,observable age exceeds the freshness budget,upstream of the hub stamp; the hub re-stamps at receipt
e2-20260813,E2_nonce_bound_affirmation,15,A1,none,0.002,attack,delay_response,0.0,6.0,6.0048,6.0048,6.004797,False,closed,open,False,False,False,False,observable age exceeds the freshness budget,upstream of the hub stamp; the hub re-stamps at receipt
e2-20260813,E2_nonce_bound_affirmation,16,A1,none,0.002,attack,delay_response,0.0,6.0,6.0088,6.0088,6.008763,False,closed,open,False,False,False,False,observable age exceeds the freshness budget,upstream of the hub stamp; the hub re-stamps at receipt
e2-20260813,E2_nonce_bound_affirmation,17,A1,none,0.002,attack,delay_response,0.0,6.0,6.0038,6.0038,6.003833,False,closed,open,False,False,False,False,observable age exceeds the freshness budget,upstream of the hub stamp; the hub re-stamps at receipt
e2-20260813,E2_nonce_bound_affirmation,18,A1,none,0.002,attack,delay_response,0.0,6.0,6.0051,6.0051,6.005076,False,closed,open,False,False,False,False,observable age exceeds the freshness budget,upstream of the hub stamp; the hub re-stamps at receipt
e2-20260813,E2_nonce_bound_affirmation,19,A1,none,0.002,attack,delay_response,0.0,6.0,6.0071,6.0071,6.007089,False,closed,open,False,False,False,False,observable age exceeds the freshness budget,upstream of the hub stamp; the hub re-stamps at receipt
e2-20260813,E2_nonce_bound_affirmation,0,A1,none,0.005,benign,none,0.0,0.0,0.0034,0.0034,0.003388,True,closed,closed,False,False,False,False,no challenge (v1 timestamp trust),upstream of the hub stamp; the hub re-stamps at receipt
e2-20260813,E2_nonce_bound_affirmation,1,A1,none,0.005,benign,none,0.0,0.0,0.0037,0.0037,0.003694,True,closed,closed,False,False,False,False,no challenge (v1 timestamp trust),upstream of the hub stamp; the hub re-stamps at receipt
e2-20260813,E2_nonce_bound_affirmation,2,A1,none,0.005,benign,none,0.0,0.0,0.0031,0.0031,0.003144,True,closed,closed,False,False,False,False,no challenge (v1 timestamp trust),upstream of the hub stamp; the hub re-stamps at receipt
e2-20260813,E2_nonce_bound_affirmation,3,A1,none,0.005,benign,none,0.0,0.0,0.0008,0.0008,0.000837,True,closed,closed,False,False,False,False,no challenge (v1 timestamp trust),upstream of the hub stamp; the hub re-stamps at receipt
e2-20260813,E2_nonce_bound_affirmation,4,A1,none,0.005,benign,none,0.0,0.0,0.0023,0.0023,0.002337,True,closed,closed,False,False,False,False,no challenge (v1 timestamp trust),upstream of the hub stamp; the hub re-stamps at receipt
e2-20260813,E2_nonce_bound_affirmation,5,A1,none,0.005,benign,none,0.0,0.0,0.0023,0.0023,0.002287,True,closed,closed,False,False,False,False,no challenge (v1 timestamp trust),upstream of the hub stamp; the hub re-stamps at receipt
e2-20260813,E2_nonce_bound_affirmation,6,A1,none,0.005,benign,none,0.0,0.0,0.0065,0.0065,0.006547,True,closed,closed,False,False,False,False,no challenge (v1 timestamp trust),upstream of the hub stamp; the hub re-stamps at receipt
e2-20260813,E2_nonce_bound_affirmation,7,A1,none,0.005,benign,none,0.0,0.0,0.0014,0.0014,0.001432,True,closed,closed,False,False,False,False,no challenge (v1 timestamp trust),upstream of the hub stamp; the hub re-stamps at receipt
e2-20260813,E2_nonce_bound_affirmation,8,A1,none,0.005,benign,none,0.0,0.0,0.0088,0.0088,0.00879,True,closed,closed,False,False,False,False,no challenge (v1 timestamp trust),upstream of the hub stamp; the hub re-stamps at receipt
e2-20260813,E2_nonce_bound_affirmation,9,A1,none,0.005,benign,none,0.0,0.0,0.0019,0.0019,0.001866,True,closed,closed,False,False,False,False,no challenge (v1 timestamp trust),upstream of the hub stamp; the hub re-stamps at receipt
e2-20260813,E2_nonce_bound_affirmation,10,A1,none,0.005,benign,none,0.0,0.0,0.0018,0.0018,0.001829,True,closed,closed,False,False,False,False,no challenge (v1 timestamp trust),upstream of the hub stamp; the hub re-stamps at receipt
e2-20260813,E2_nonce_bound_affirmation,11,A1,none,0.005,benign,none,0.0,0.0,0.0068,0.0068,0.006777,True,closed,closed,False,False,False,False,no challenge (v1 timestamp trust),upstream of the hub stamp; the hub re-stamps at receipt
e2-20260813,E2_nonce_bound_affirmation,12,A1,none,0.005,benign,none,0.0,0.0,0.0032,0.0032,0.003206,True,closed,closed,False,False,False,False,no challenge (v1 timestamp trust),upstream of the hub stamp; the hub re-stamps at receipt
e2-20260813,E2_nonce_bound_affirmation,13,A1,none,0.005,benign,none,0.0,0.0,0.005,0.005,0.004956,True,closed,closed,False,False,False,False,no challenge (v1 timestamp trust),upstream of the hub stamp; the hub re-stamps at receipt
e2-20260813,E2_nonce_bound_affirmation,14,A1,none,0.005,benign,none,0.0,0.0,0.0087,0.0087,0.008668,True,closed,closed,False,False,False,False,no challenge (v1 timestamp trust),upstream of the hub stamp; the hub re-stamps at receipt
e2-20260813,E2_nonce_bound_affirmation,15,A1,none,0.005,benign,none,0.0,0.0,0.0041,0.0041,0.004127,True,closed,closed,False,False,False,False,no challenge (v1 timestamp trust),upstream of the hub stamp; the hub re-stamps at receipt
e2-20260813,E2_nonce_bound_affirmation,16,A1,none,0.005,benign,none,0.0,0.0,0.0021,0.0021,0.002139,True,closed,closed,False,False,False,False,no challenge (v1 timestamp trust),upstream of the hub stamp; the hub re-stamps at receipt
e2-20260813,E2_nonce_bound_affirmation,17,A1,none,0.005,benign,none,0.0,0.0,0.0018,0.0018,0.00179,True,closed,closed,False,False,False,False,no challenge (v1 timestamp trust),upstream of the hub stamp; the hub re-stamps at receipt
e2-20260813,E2_nonce_bound_affirmation,18,A1,none,0.005,benign,none,0.0,0.0,0.0047,0.0047,0.004706,True,closed,closed,False,False,False,False,no challenge (v1 timestamp trust),upstream of the hub stamp; the hub re-stamps at receipt
e2-20260813,E2_nonce_bound_affirmation,19,A1,none,0.005,benign,none,0.0,0.0,0.005,0.005,0.004956,True,closed,closed,False,False,False,False,no challenge (v1 timestamp trust),upstream of the hub stamp; the hub re-stamps at receipt
e2-20260813,E2_nonce_bound_affirmation,0,A1,none,0.005,attack,release_held,6.0,0.0,6.0055,0.0055,0.005494,True,closed,open,True,True,False,False,no challenge (v1 timestamp trust),upstream of the hub stamp; the hub re-stamps at receipt
e2-20260813,E2_nonce_bound_affirmation,1,A1,none,0.005,attack,release_held,6.0,0.0,6.005,0.005,0.005043,True,closed,open,True,True,False,False,no challenge (v1 timestamp trust),upstream of the hub stamp; the hub re-stamps at receipt
e2-20260813,E2_nonce_bound_affirmation,2,A1,none,0.005,attack,release_held,6.0,0.0,6.007,0.007,0.006982,True,closed,open,True,True,False,False,no challenge (v1 timestamp trust),upstream of the hub stamp; the hub re-stamps at receipt
e2-20260813,E2_nonce_bound_affirmation,3,A1,none,0.005,attack,release_held,6.0,0.0,6.0022,0.0022,0.002194,True,closed,open,True,True,False,False,no challenge (v1 timestamp trust),upstream of the hub stamp; the hub re-stamps at receipt
e2-20260813,E2_nonce_bound_affirmation,4,A1,none,0.005,attack,release_held,6.0,0.0,6.0064,0.0064,0.006431,True,closed,open,True,True,False,False,no challenge (v1 timestamp trust),upstream of the hub stamp; the hub re-stamps at receipt
e2-20260813,E2_nonce_bound_affirmation,5,A1,none,0.005,attack,release_held,6.0,0.0,6.0023,0.0023,0.002318,True,closed,open,True,True,False,False,no challenge (v1 timestamp trust),upstream of the hub stamp; the hub re-stamps at receipt
e2-20260813,E2_nonce_bound_affirmation,6,A1,none,0.005,attack,release_held,6.0,0.0,6.0064,0.0064,0.006381,True,closed,open,True,True,False,False,no challenge (v1 timestamp trust),upstream of the hub stamp; the hub re-stamps at receipt
e2-20260813,E2_nonce_bound_affirmation,7,A1,none,0.005,attack,release_held,6.0,0.0,6.0085,0.0085,0.008474,True,closed,open,True,True,False,False,no challenge (v1 timestamp trust),upstream of the hub stamp; the hub re-stamps at receipt
e2-20260813,E2_nonce_bound_affirmation,8,A1,none,0.005,attack,release_held,6.0,0.0,6.0018,0.0018,0.001807,True,closed,open,True,True,False,False,no challenge (v1 timestamp trust),upstream of the hub stamp; the hub re-stamps at receipt
e2-20260813,E2_nonce_bound_affirmation,9,A1,none,0.005,attack,release_held,6.0,0.0,6.0072,0.0072,0.007235,True,closed,open,True,True,False,False,no challenge (v1 timestamp trust),upstream of the hub stamp; the hub re-stamps at receipt
e2-20260813,E2_nonce_bound_affirmation,10,A1,none,0.005,attack,release_held,6.0,0.0,6.0028,0.0028,0.002803,True,closed,open,True,True,False,False,no challenge (v1 timestamp trust),upstream of the hub stamp; the hub re-stamps at receipt
e2-20260813,E2_nonce_bound_affirmation,11,A1,none,0.005,attack,release_held,6.0,0.0,6.0084,0.0084,0.00844,True,closed,open,True,True,False,False,no challenge (v1 timestamp trust),upstream of the hub stamp; the hub re-stamps at receipt
e2-20260813,E2_nonce_bound_affirmation,12,A1,none,0.005,attack,release_held,6.0,0.0,6.0077,0.0077,0.007717,True,closed,open,True,True,False,False,no challenge (v1 timestamp trust),upstream of the hub stamp; the hub re-stamps at receipt
e2-20260813,E2_nonce_bound_affirmation,13,A1,none,0.005,attack,release_held,6.0,0.0,6.0057,0.0057,0.005679,True,closed,open,True,True,False,False,no challenge (v1 timestamp trust),upstream of the hub stamp; the hub re-stamps at receipt
e2-20260813,E2_nonce_bound_affirmation,14,A1,none,0.005,attack,release_held,6.0,0.0,6.0016,0.0016,0.001641,True,closed,open,True,True,False,False,no challenge (v1 timestamp trust),upstream of the hub stamp; the hub re-stamps at receipt
e2-20260813,E2_nonce_bound_affirmation,15,A1,none,0.005,attack,release_held,6.0,0.0,6.008,0.008,0.008015,True,closed,open,True,True,False,False,no challenge (v1 timestamp trust),upstream of the hub stamp; the hub re-stamps at receipt
e2-20260813,E2_nonce_bound_affirmation,16,A1,none,0.005,attack,release_held,6.0,0.0,6.0088,0.0088,0.008781,True,closed,open,True,True,False,False,no challenge (v1 timestamp trust),upstream of the hub stamp; the hub re-stamps at receipt
e2-20260813,E2_nonce_bound_affirmation,17,A1,none,0.005,attack,release_held,6.0,0.0,6.0015,0.0015,0.001516,True,closed,open,True,True,False,False,no challenge (v1 timestamp trust),upstream of the hub stamp; the hub re-stamps at receipt
e2-20260813,E2_nonce_bound_affirmation,18,A1,none,0.005,attack,release_held,6.0,0.0,6.0034,0.0034,0.00335,True,closed,open,True,True,False,False,no challenge (v1 timestamp trust),upstream of the hub stamp; the hub re-stamps at receipt
e2-20260813,E2_nonce_bound_affirmation,19,A1,none,0.005,attack,release_held,6.0,0.0,6.0032,0.0032,0.003195,True,closed,open,True,True,False,False,no challenge (v1 timestamp trust),upstream of the hub stamp; the hub re-stamps at receipt
e2-20260813,E2_nonce_bound_affirmation,0,A1,none,0.005,attack,delay_response,0.0,6.0,6.0045,6.0045,6.004511,False,closed,open,False,False,False,False,observable age exceeds the freshness budget,upstream of the hub stamp; the hub re-stamps at receipt
e2-20260813,E2_nonce_bound_affirmation,1,A1,none,0.005,attack,delay_response,0.0,6.0,6.0089,6.0089,6.008878,False,closed,open,False,False,False,False,observable age exceeds the freshness budget,upstream of the hub stamp; the hub re-stamps at receipt
e2-20260813,E2_nonce_bound_affirmation,2,A1,none,0.005,attack,delay_response,0.0,6.0,6.0027,6.0027,6.002747,False,closed,open,False,False,False,False,observable age exceeds the freshness budget,upstream of the hub stamp; the hub re-stamps at receipt
e2-20260813,E2_nonce_bound_affirmation,3,A1,none,0.005,attack,delay_response,0.0,6.0,6.0058,6.0058,6.005827,False,closed,open,False,False,False,False,observable age exceeds the freshness budget,upstream of the hub stamp; the hub re-stamps at receipt
e2-20260813,E2_nonce_bound_affirmation,4,A1,none,0.005,attack,delay_response,0.0,6.0,6.0043,6.0043,6.004279,False,closed,open,False,False,False,False,observable age exceeds the freshness budget,upstream of the hub stamp; the hub re-stamps at receipt
e2-20260813,E2_nonce_bound_affirmation,5,A1,none,0.005,attack,delay_response,0.0,6.0,6.0024,6.0024,6.002418,False,closed,open,False,False,False,False,observable age exceeds the freshness budget,upstream of the hub stamp; the hub re-stamps at receipt
e2-20260813,E2_nonce_bound_affirmation,6,A1,none,0.005,attack,delay_response,0.0,6.0,6.0008,6.0008,6.000843,False,closed,open,False,False,False,False,observable age exceeds the freshness budget,upstream of the hub stamp; the hub re-stamps at receipt
e2-20260813,E2_nonce_bound_affirmation,7,A1,none,0.005,attack,delay_response,0.0,6.0,6.0084,6.0084,6.008408,False,closed,open,False,False,False,False,observable age exceeds the freshness budget,upstream of the hub stamp; the hub re-stamps at receipt
e2-20260813,E2_nonce_bound_affirmation,8,A1,none,0.005,attack,delay_response,0.0,6.0,6.0016,6.0016,6.001639,False,closed,open,False,False,False,False,observable age exceeds the freshness budget,upstream of the hub stamp; the hub re-stamps at receipt
e2-20260813,E2_nonce_bound_affirmation,9,A1,none,0.005,attack,delay_response,0.0,6.0,6.0081,6.0081,6.008077,False,closed,open,False,False,False,False,observable age exceeds the freshness budget,upstream of the hub stamp; the hub re-stamps at receipt
e2-20260813,E2_nonce_bound_affirmation,10,A1,none,0.005,attack,delay_response,0.0,6.0,6.0056,6.0056,6.005613,False,closed,open,False,False,False,False,observable age exceeds the freshness budget,upstream of the hub stamp; the hub re-stamps at receipt
e2-20260813,E2_nonce_bound_affirmation,11,A1,none,0.005,attack,delay_response,0.0,6.0,6.0085,6.0085,6.008527,False,closed,open,False,False,False,False,observable age exceeds the freshness budget,upstream of the hub stamp; the hub re-stamps at receipt
e2-20260813,E2_nonce_bound_affirmation,12,A1,none,0.005,attack,delay_response,0.0,6.0,6.004,6.004,6.004031,False,closed,open,False,False,False,False,observable age exceeds the freshness budget,upstream of the hub stamp; the hub re-stamps at receipt
e2-20260813,E2_nonce_bound_affirmation,13,A1,none,0.005,attack,delay_response,0.0,6.0,6.0053,6.0053,6.005284,False,closed,open,False,False,False,False,observable age exceeds the freshness budget,upstream of the hub stamp; the hub re-stamps at receipt
e2-20260813,E2_nonce_bound_affirmation,14,A1,none,0.005,attack,delay_response,0.0,6.0,6.002,6.002,6.002047,False,closed,open,False,False,False,False,observable age exceeds the freshness budget,upstream of the hub stamp; the hub re-stamps at receipt
e2-20260813,E2_nonce_bound_affirmation,15,A1,none,0.005,attack,delay_response,0.0,6.0,6.0026,6.0026,6.002582,False,closed,open,False,False,False,False,observable age exceeds the freshness budget,upstream of the hub stamp; the hub re-stamps at receipt
e2-20260813,E2_nonce_bound_affirmation,16,A1,none,0.005,attack,delay_response,0.0,6.0,6.0034,6.0034,6.003379,False,closed,open,False,False,False,False,observable age exceeds the freshness budget,upstream of the hub stamp; the hub re-stamps at receipt
e2-20260813,E2_nonce_bound_affirmation,17,A1,none,0.005,attack,delay_response,0.0,6.0,6.0055,6.0055,6.00554,False,closed,open,False,False,False,False,observable age exceeds the freshness budget,upstream of the hub stamp; the hub re-stamps at receipt
e2-20260813,E2_nonce_bound_affirmation,18,A1,none,0.005,attack,delay_response,0.0,6.0,6.0035,6.0035,6.003451,False,closed,open,False,False,False,False,observable age exceeds the freshness budget,upstream of the hub stamp; the hub re-stamps at receipt
e2-20260813,E2_nonce_bound_affirmation,19,A1,none,0.005,attack,delay_response,0.0,6.0,6.0039,6.0039,6.003939,False,closed,open,False,False,False,False,observable age exceeds the freshness budget,upstream of the hub stamp; the hub re-stamps at receipt
e2-20260813,E2_nonce_bound_affirmation,0,A1,none,0.025,benign,none,0.0,0.0,0.0075,0.0075,0.007546,True,closed,closed,False,False,False,False,no challenge (v1 timestamp trust),upstream of the hub stamp; the hub re-stamps at receipt
e2-20260813,E2_nonce_bound_affirmation,1,A1,none,0.025,benign,none,0.0,0.0,0.0037,0.0037,0.003688,True,closed,closed,False,False,False,False,no challenge (v1 timestamp trust),upstream of the hub stamp; the hub re-stamps at receipt
e2-20260813,E2_nonce_bound_affirmation,2,A1,none,0.025,benign,none,0.0,0.0,0.0009,0.0009,0.000932,True,closed,closed,False,False,False,False,no challenge (v1 timestamp trust),upstream of the hub stamp; the hub re-stamps at receipt
e2-20260813,E2_nonce_bound_affirmation,3,A1,none,0.025,benign,none,0.0,0.0,0.0082,0.0082,0.00818,True,closed,closed,False,False,False,False,no challenge (v1 timestamp trust),upstream of the hub stamp; the hub re-stamps at receipt
e2-20260813,E2_nonce_bound_affirmation,4,A1,none,0.025,benign,none,0.0,0.0,0.0017,0.0017,0.001742,True,closed,closed,False,False,False,False,no challenge (v1 timestamp trust),upstream of the hub stamp; the hub re-stamps at receipt
e2-20260813,E2_nonce_bound_affirmation,5,A1,none,0.025,benign,none,0.0,0.0,0.0074,0.0074,0.007402,True,closed,closed,False,False,False,False,no challenge (v1 timestamp trust),upstream of the hub stamp; the hub re-stamps at receipt
e2-20260813,E2_nonce_bound_affirmation,6,A1,none,0.025,benign,none,0.0,0.0,0.0058,0.0058,0.005799,True,closed,closed,False,False,False,False,no challenge (v1 timestamp trust),upstream of the hub stamp; the hub re-stamps at receipt
e2-20260813,E2_nonce_bound_affirmation,7,A1,none,0.025,benign,none,0.0,0.0,0.0057,0.0057,0.005659,True,closed,closed,False,False,False,False,no challenge (v1 timestamp trust),upstream of the hub stamp; the hub re-stamps at receipt
e2-20260813,E2_nonce_bound_affirmation,8,A1,none,0.025,benign,none,0.0,0.0,0.0071,0.0071,0.007105,True,closed,closed,False,False,False,False,no challenge (v1 timestamp trust),upstream of the hub stamp; the hub re-stamps at receipt
e2-20260813,E2_nonce_bound_affirmation,9,A1,none,0.025,benign,none,0.0,0.0,0.0062,0.0062,0.006187,True,closed,closed,False,False,False,False,no challenge (v1 timestamp trust),upstream of the hub stamp; the hub re-stamps at receipt
e2-20260813,E2_nonce_bound_affirmation,10,A1,none,0.025,benign,none,0.0,0.0,0.0061,0.0061,0.006109,True,closed,closed,False,False,False,False,no challenge (v1 timestamp trust),upstream of the hub stamp; the hub re-stamps at receipt
e2-20260813,E2_nonce_bound_affirmation,11,A1,none,0.025,benign,none,0.0,0.0,0.0014,0.0014,0.001358,True,closed,closed,False,False,False,False,no challenge (v1 timestamp trust),upstream of the hub stamp; the hub re-stamps at receipt
e2-20260813,E2_nonce_bound_affirmation,12,A1,none,0.025,benign,none,0.0,0.0,0.0055,0.0055,0.005504,True,closed,closed,False,False,False,False,no challenge (v1 timestamp trust),upstream of the hub stamp; the hub re-stamps at receipt
e2-20260813,E2_nonce_bound_affirmation,13,A1,none,0.025,benign,none,0.0,0.0,0.0079,0.0079,0.007889,True,closed,closed,False,False,False,False,no challenge (v1 timestamp trust),upstream of the hub stamp; the hub re-stamps at receipt
e2-20260813,E2_nonce_bound_affirmation,14,A1,none,0.025,benign,none,0.0,0.0,0.003,0.003,0.002956,True,closed,closed,False,False,False,False,no challenge (v1 timestamp trust),upstream of the hub stamp; the hub re-stamps at receipt
e2-20260813,E2_nonce_bound_affirmation,15,A1,none,0.025,benign,none,0.0,0.0,0.0029,0.0029,0.002932,True,closed,closed,False,False,False,False,no challenge (v1 timestamp trust),upstream of the hub stamp; the hub re-stamps at receipt
e2-20260813,E2_nonce_bound_affirmation,16,A1,none,0.025,benign,none,0.0,0.0,0.0087,0.0087,0.00867,True,closed,closed,False,False,False,False,no challenge (v1 timestamp trust),upstream of the hub stamp; the hub re-stamps at receipt
e2-20260813,E2_nonce_bound_affirmation,17,A1,none,0.025,benign,none,0.0,0.0,0.0051,0.0051,0.005136,True,closed,closed,False,False,False,False,no challenge (v1 timestamp trust),upstream of the hub stamp; the hub re-stamps at receipt
e2-20260813,E2_nonce_bound_affirmation,18,A1,none,0.025,benign,none,0.0,0.0,0.0046,0.0046,0.00462,True,closed,closed,False,False,False,False,no challenge (v1 timestamp trust),upstream of the hub stamp; the hub re-stamps at receipt
e2-20260813,E2_nonce_bound_affirmation,19,A1,none,0.025,benign,none,0.0,0.0,0.004,0.004,0.004021,True,closed,closed,False,False,False,False,no challenge (v1 timestamp trust),upstream of the hub stamp; the hub re-stamps at receipt
e2-20260813,E2_nonce_bound_affirmation,0,A1,none,0.025,attack,release_held,6.0,0.0,6.0027,0.0027,0.002732,True,closed,open,True,True,False,False,no challenge (v1 timestamp trust),upstream of the hub stamp; the hub re-stamps at receipt
e2-20260813,E2_nonce_bound_affirmation,1,A1,none,0.025,attack,release_held,6.0,0.0,6.0086,0.0086,0.008629,True,closed,open,True,True,False,False,no challenge (v1 timestamp trust),upstream of the hub stamp; the hub re-stamps at receipt
e2-20260813,E2_nonce_bound_affirmation,2,A1,none,0.025,attack,release_held,6.0,0.0,6.0061,0.0061,0.006053,True,closed,open,True,True,False,False,no challenge (v1 timestamp trust),upstream of the hub stamp; the hub re-stamps at receipt
e2-20260813,E2_nonce_bound_affirmation,3,A1,none,0.025,attack,release_held,6.0,0.0,6.0082,0.0082,0.008192,True,closed,open,True,True,False,False,no challenge (v1 timestamp trust),upstream of the hub stamp; the hub re-stamps at receipt
e2-20260813,E2_nonce_bound_affirmation,4,A1,none,0.025,attack,release_held,6.0,0.0,6.0059,0.0059,0.005923,True,closed,open,True,True,False,False,no challenge (v1 timestamp trust),upstream of the hub stamp; the hub re-stamps at receipt
e2-20260813,E2_nonce_bound_affirmation,5,A1,none,0.025,attack,release_held,6.0,0.0,6.0046,0.0046,0.004624,True,closed,open,True,True,False,False,no challenge (v1 timestamp trust),upstream of the hub stamp; the hub re-stamps at receipt
e2-20260813,E2_nonce_bound_affirmation,6,A1,none,0.025,attack,release_held,6.0,0.0,6.004,0.004,0.004047,True,closed,open,True,True,False,False,no challenge (v1 timestamp trust),upstream of the hub stamp; the hub re-stamps at receipt
e2-20260813,E2_nonce_bound_affirmation,7,A1,none,0.025,attack,release_held,6.0,0.0,6.0076,0.0076,0.007603,True,closed,open,True,True,False,False,no challenge (v1 timestamp trust),upstream of the hub stamp; the hub re-stamps at receipt
e2-20260813,E2_nonce_bound_affirmation,8,A1,none,0.025,attack,release_held,6.0,0.0,6.0087,0.0087,0.008717,True,closed,open,True,True,False,False,no challenge (v1 timestamp trust),upstream of the hub stamp; the hub re-stamps at receipt
e2-20260813,E2_nonce_bound_affirmation,9,A1,none,0.025,attack,release_held,6.0,0.0,6.0041,0.0041,0.004137,True,closed,open,True,True,False,False,no challenge (v1 timestamp trust),upstream of the hub stamp; the hub re-stamps at receipt
e2-20260813,E2_nonce_bound_affirmation,10,A1,none,0.025,attack,release_held,6.0,0.0,6.0067,0.0067,0.006661,True,closed,open,True,True,False,False,no challenge (v1 timestamp trust),upstream of the hub stamp; the hub re-stamps at receipt
e2-20260813,E2_nonce_bound_affirmation,11,A1,none,0.025,attack,release_held,6.0,0.0,6.0062,0.0062,0.006229,True,closed,open,True,True,False,False,no challenge (v1 timestamp trust),upstream of the hub stamp; the hub re-stamps at receipt
e2-20260813,E2_nonce_bound_affirmation,12,A1,none,0.025,attack,release_held,6.0,0.0,6.0052,0.0052,0.005199,True,closed,open,True,True,False,False,no challenge (v1 timestamp trust),upstream of the hub stamp; the hub re-stamps at receipt
e2-20260813,E2_nonce_bound_affirmation,13,A1,none,0.025,attack,release_held,6.0,0.0,6.0049,0.0049,0.004923,True,closed,open,True,True,False,False,no challenge (v1 timestamp trust),upstream of the hub stamp; the hub re-stamps at receipt
e2-20260813,E2_nonce_bound_affirmation,14,A1,none,0.025,attack,release_held,6.0,0.0,6.0019,0.0019,0.001935,True,closed,open,True,True,False,False,no challenge (v1 timestamp trust),upstream of the hub stamp; the hub re-stamps at receipt
e2-20260813,E2_nonce_bound_affirmation,15,A1,none,0.025,attack,release_held,6.0,0.0,6.0085,0.0085,0.00845,True,closed,open,True,True,False,False,no challenge (v1 timestamp trust),upstream of the hub stamp; the hub re-stamps at receipt
e2-20260813,E2_nonce_bound_affirmation,16,A1,none,0.025,attack,release_held,6.0,0.0,6.0018,0.0018,0.001753,True,closed,open,True,True,False,False,no challenge (v1 timestamp trust),upstream of the hub stamp; the hub re-stamps at receipt
e2-20260813,E2_nonce_bound_affirmation,17,A1,none,0.025,attack,release_held,6.0,0.0,6.0028,0.0028,0.002788,True,closed,open,True,True,False,False,no challenge (v1 timestamp trust),upstream of the hub stamp; the hub re-stamps at receipt
e2-20260813,E2_nonce_bound_affirmation,18,A1,none,0.025,attack,release_held,6.0,0.0,6.0019,0.0019,0.001917,True,closed,open,True,True,False,False,no challenge (v1 timestamp trust),upstream of the hub stamp; the hub re-stamps at receipt
e2-20260813,E2_nonce_bound_affirmation,19,A1,none,0.025,attack,release_held,6.0,0.0,6.0008,0.0008,0.000818,True,closed,open,True,True,False,False,no challenge (v1 timestamp trust),upstream of the hub stamp; the hub re-stamps at receipt
e2-20260813,E2_nonce_bound_affirmation,0,A1,none,0.025,attack,delay_response,0.0,6.0,6.0031,6.0031,6.003098,False,closed,open,False,False,False,False,observable age exceeds the freshness budget,upstream of the hub stamp; the hub re-stamps at receipt
e2-20260813,E2_nonce_bound_affirmation,1,A1,none,0.025,attack,delay_response,0.0,6.0,6.0016,6.0016,6.001569,False,closed,open,False,False,False,False,observable age exceeds the freshness budget,upstream of the hub stamp; the hub re-stamps at receipt
e2-20260813,E2_nonce_bound_affirmation,2,A1,none,0.025,attack,delay_response,0.0,6.0,6.0016,6.0016,6.001572,False,closed,open,False,False,False,False,observable age exceeds the freshness budget,upstream of the hub stamp; the hub re-stamps at receipt
e2-20260813,E2_nonce_bound_affirmation,3,A1,none,0.025,attack,delay_response,0.0,6.0,6.0042,6.0042,6.004152,False,closed,open,False,False,False,False,observable age exceeds the freshness budget,upstream of the hub stamp; the hub re-stamps at receipt
e2-20260813,E2_nonce_bound_affirmation,4,A1,none,0.025,attack,delay_response,0.0,6.0,6.0029,6.0029,6.002925,False,closed,open,False,False,False,False,observable age exceeds the freshness budget,upstream of the hub stamp; the hub re-stamps at receipt
e2-20260813,E2_nonce_bound_affirmation,5,A1,none,0.025,attack,delay_response,0.0,6.0,6.0037,6.0037,6.003704,False,closed,open,False,False,False,False,observable age exceeds the freshness budget,upstream of the hub stamp; the hub re-stamps at receipt
e2-20260813,E2_nonce_bound_affirmation,6,A1,none,0.025,attack,delay_response,0.0,6.0,6.0067,6.0067,6.006711,False,closed,open,False,False,False,False,observable age exceeds the freshness budget,upstream of the hub stamp; the hub re-stamps at receipt
e2-20260813,E2_nonce_bound_affirmation,7,A1,none,0.025,attack,delay_response,0.0,6.0,6.0013,6.0013,6.00127,False,closed,open,False,False,False,False,observable age exceeds the freshness budget,upstream of the hub stamp; the hub re-stamps at receipt
e2-20260813,E2_nonce_bound_affirmation,8,A1,none,0.025,attack,delay_response,0.0,6.0,6.002,6.002,6.001986,False,closed,open,False,False,False,False,observable age exceeds the freshness budget,upstream of the hub stamp; the hub re-stamps at receipt
e2-20260813,E2_nonce_bound_affirmation,9,A1,none,0.025,attack,delay_response,0.0,6.0,6.0055,6.0055,6.005519,False,closed,open,False,False,False,False,observable age exceeds the freshness budget,upstream of the hub stamp; the hub re-stamps at receipt
e2-20260813,E2_nonce_bound_affirmation,10,A1,none,0.025,attack,delay_response,0.0,6.0,6.0046,6.0046,6.004581,False,closed,open,False,False,False,False,observable age exceeds the freshness budget,upstream of the hub stamp; the hub re-stamps at receipt
e2-20260813,E2_nonce_bound_affirmation,11,A1,none,0.025,attack,delay_response,0.0,6.0,6.0019,6.0019,6.001897,False,closed,open,False,False,False,False,observable age exceeds the freshness budget,upstream of the hub stamp; the hub re-stamps at receipt
e2-20260813,E2_nonce_bound_affirmation,12,A1,none,0.025,attack,delay_response,0.0,6.0,6.0059,6.0059,6.005891,False,closed,open,False,False,False,False,observable age exceeds the freshness budget,upstream of the hub stamp; the hub re-stamps at receipt
e2-20260813,E2_nonce_bound_affirmation,13,A1,none,0.025,attack,delay_response,0.0,6.0,6.0041,6.0041,6.004103,False,closed,open,False,False,False,False,observable age exceeds the freshness budget,upstream of the hub stamp; the hub re-stamps at receipt
e2-20260813,E2_nonce_bound_affirmation,14,A1,none,0.025,attack,delay_response,0.0,6.0,6.0022,6.0022,6.002177,False,closed,open,False,False,False,False,observable age exceeds the freshness budget,upstream of the hub stamp; the hub re-stamps at receipt
e2-20260813,E2_nonce_bound_affirmation,15,A1,none,0.025,attack,delay_response,0.0,6.0,6.0083,6.0083,6.008302,False,closed,open,False,False,False,False,observable age exceeds the freshness budget,upstream of the hub stamp; the hub re-stamps at receipt
e2-20260813,E2_nonce_bound_affirmation,16,A1,none,0.025,attack,delay_response,0.0,6.0,6.001,6.001,6.001005,False,closed,open,False,False,False,False,observable age exceeds the freshness budget,upstream of the hub stamp; the hub re-stamps at receipt
e2-20260813,E2_nonce_bound_affirmation,17,A1,none,0.025,attack,delay_response,0.0,6.0,6.0087,6.0087,6.008741,False,closed,open,False,False,False,False,observable age exceeds the freshness budget,upstream of the hub stamp; the hub re-stamps at receipt
e2-20260813,E2_nonce_bound_affirmation,18,A1,none,0.025,attack,delay_response,0.0,6.0,6.0057,6.0057,6.005688,False,closed,open,False,False,False,False,observable age exceeds the freshness budget,upstream of the hub stamp; the hub re-stamps at receipt
e2-20260813,E2_nonce_bound_affirmation,19,A1,none,0.025,attack,delay_response,0.0,6.0,6.005,6.005,6.005009,False,closed,open,False,False,False,False,observable age exceeds the freshness budget,upstream of the hub stamp; the hub re-stamps at receipt
e2-20260813,E2_nonce_bound_affirmation,0,A1,none,0.1,benign,none,0.0,0.0,0.0088,0.0088,0.008776,True,closed,closed,False,False,False,False,no challenge (v1 timestamp trust),upstream of the hub stamp; the hub re-stamps at receipt
e2-20260813,E2_nonce_bound_affirmation,1,A1,none,0.1,benign,none,0.0,0.0,0.0085,0.0085,0.008512,True,closed,closed,False,False,False,False,no challenge (v1 timestamp trust),upstream of the hub stamp; the hub re-stamps at receipt
e2-20260813,E2_nonce_bound_affirmation,2,A1,none,0.1,benign,none,0.0,0.0,0.0084,0.0084,0.008369,True,closed,closed,False,False,False,False,no challenge (v1 timestamp trust),upstream of the hub stamp; the hub re-stamps at receipt
e2-20260813,E2_nonce_bound_affirmation,3,A1,none,0.1,benign,none,0.0,0.0,0.0087,0.0087,0.008724,True,closed,closed,False,False,False,False,no challenge (v1 timestamp trust),upstream of the hub stamp; the hub re-stamps at receipt
e2-20260813,E2_nonce_bound_affirmation,4,A1,none,0.1,benign,none,0.0,0.0,0.0041,0.0041,0.00407,True,closed,closed,False,False,False,False,no challenge (v1 timestamp trust),upstream of the hub stamp; the hub re-stamps at receipt
e2-20260813,E2_nonce_bound_affirmation,5,A1,none,0.1,benign,none,0.0,0.0,0.0022,0.0022,0.002165,True,closed,closed,False,False,False,False,no challenge (v1 timestamp trust),upstream of the hub stamp; the hub re-stamps at receipt
e2-20260813,E2_nonce_bound_affirmation,6,A1,none,0.1,benign,none,0.0,0.0,0.0066,0.0066,0.00658,True,closed,closed,False,False,False,False,no challenge (v1 timestamp trust),upstream of the hub stamp; the hub re-stamps at receipt
e2-20260813,E2_nonce_bound_affirmation,7,A1,none,0.1,benign,none,0.0,0.0,0.0026,0.0026,0.002604,True,closed,closed,False,False,False,False,no challenge (v1 timestamp trust),upstream of the hub stamp; the hub re-stamps at receipt
e2-20260813,E2_nonce_bound_affirmation,8,A1,none,0.1,benign,none,0.0,0.0,0.0034,0.0034,0.003351,True,closed,closed,False,False,False,False,no challenge (v1 timestamp trust),upstream of the hub stamp; the hub re-stamps at receipt
e2-20260813,E2_nonce_bound_affirmation,9,A1,none,0.1,benign,none,0.0,0.0,0.0061,0.0061,0.006149,True,closed,closed,False,False,False,False,no challenge (v1 timestamp trust),upstream of the hub stamp; the hub re-stamps at receipt
e2-20260813,E2_nonce_bound_affirmation,10,A1,none,0.1,benign,none,0.0,0.0,0.0018,0.0018,0.001837,True,closed,closed,False,False,False,False,no challenge (v1 timestamp trust),upstream of the hub stamp; the hub re-stamps at receipt
e2-20260813,E2_nonce_bound_affirmation,11,A1,none,0.1,benign,none,0.0,0.0,0.0051,0.0051,0.005096,True,closed,closed,False,False,False,False,no challenge (v1 timestamp trust),upstream of the hub stamp; the hub re-stamps at receipt
e2-20260813,E2_nonce_bound_affirmation,12,A1,none,0.1,benign,none,0.0,0.0,0.0058,0.0058,0.005753,True,closed,closed,False,False,False,False,no challenge (v1 timestamp trust),upstream of the hub stamp; the hub re-stamps at receipt
e2-20260813,E2_nonce_bound_affirmation,13,A1,none,0.1,benign,none,0.0,0.0,0.0066,0.0066,0.006638,True,closed,closed,False,False,False,False,no challenge (v1 timestamp trust),upstream of the hub stamp; the hub re-stamps at receipt
e2-20260813,E2_nonce_bound_affirmation,14,A1,none,0.1,benign,none,0.0,0.0,0.0015,0.0015,0.001539,True,closed,closed,False,False,False,False,no challenge (v1 timestamp trust),upstream of the hub stamp; the hub re-stamps at receipt
e2-20260813,E2_nonce_bound_affirmation,15,A1,none,0.1,benign,none,0.0,0.0,0.0033,0.0033,0.003322,True,closed,closed,False,False,False,False,no challenge (v1 timestamp trust),upstream of the hub stamp; the hub re-stamps at receipt
e2-20260813,E2_nonce_bound_affirmation,16,A1,none,0.1,benign,none,0.0,0.0,0.0057,0.0057,0.0057,True,closed,closed,False,False,False,False,no challenge (v1 timestamp trust),upstream of the hub stamp; the hub re-stamps at receipt
e2-20260813,E2_nonce_bound_affirmation,17,A1,none,0.1,benign,none,0.0,0.0,0.0085,0.0085,0.0085,True,closed,closed,False,False,False,False,no challenge (v1 timestamp trust),upstream of the hub stamp; the hub re-stamps at receipt
e2-20260813,E2_nonce_bound_affirmation,18,A1,none,0.1,benign,none,0.0,0.0,0.0049,0.0049,0.004948,True,closed,closed,False,False,False,False,no challenge (v1 timestamp trust),upstream of the hub stamp; the hub re-stamps at receipt
e2-20260813,E2_nonce_bound_affirmation,19,A1,none,0.1,benign,none,0.0,0.0,0.0074,0.0074,0.007351,True,closed,closed,False,False,False,False,no challenge (v1 timestamp trust),upstream of the hub stamp; the hub re-stamps at receipt
e2-20260813,E2_nonce_bound_affirmation,0,A1,none,0.1,attack,release_held,6.0,0.0,6.0049,0.0049,0.004935,True,closed,open,True,True,False,False,no challenge (v1 timestamp trust),upstream of the hub stamp; the hub re-stamps at receipt
e2-20260813,E2_nonce_bound_affirmation,1,A1,none,0.1,attack,release_held,6.0,0.0,6.0031,0.0031,0.003114,True,closed,open,True,True,False,False,no challenge (v1 timestamp trust),upstream of the hub stamp; the hub re-stamps at receipt
e2-20260813,E2_nonce_bound_affirmation,2,A1,none,0.1,attack,release_held,6.0,0.0,6.0088,0.0088,0.008752,True,closed,open,True,True,False,False,no challenge (v1 timestamp trust),upstream of the hub stamp; the hub re-stamps at receipt
e2-20260813,E2_nonce_bound_affirmation,3,A1,none,0.1,attack,release_held,6.0,0.0,6.008,0.008,0.007952,True,closed,open,True,True,False,False,no challenge (v1 timestamp trust),upstream of the hub stamp; the hub re-stamps at receipt
e2-20260813,E2_nonce_bound_affirmation,4,A1,none,0.1,attack,release_held,6.0,0.0,6.0066,0.0066,0.006574,True,closed,open,True,True,False,False,no challenge (v1 timestamp trust),upstream of the hub stamp; the hub re-stamps at receipt
e2-20260813,E2_nonce_bound_affirmation,5,A1,none,0.1,attack,release_held,6.0,0.0,6.0009,0.0009,0.000898,True,closed,open,True,True,False,False,no challenge (v1 timestamp trust),upstream of the hub stamp; the hub re-stamps at receipt
e2-20260813,E2_nonce_bound_affirmation,6,A1,none,0.1,attack,release_held,6.0,0.0,6.008,0.008,0.007986,True,closed,open,True,True,False,False,no challenge (v1 timestamp trust),upstream of the hub stamp; the hub re-stamps at receipt
e2-20260813,E2_nonce_bound_affirmation,7,A1,none,0.1,attack,release_held,6.0,0.0,6.0069,0.0069,0.006925,True,closed,open,True,True,False,False,no challenge (v1 timestamp trust),upstream of the hub stamp; the hub re-stamps at receipt
e2-20260813,E2_nonce_bound_affirmation,8,A1,none,0.1,attack,release_held,6.0,0.0,6.0041,0.0041,0.004127,True,closed,open,True,True,False,False,no challenge (v1 timestamp trust),upstream of the hub stamp; the hub re-stamps at receipt
e2-20260813,E2_nonce_bound_affirmation,9,A1,none,0.1,attack,release_held,6.0,0.0,6.0017,0.0017,0.001704,True,closed,open,True,True,False,False,no challenge (v1 timestamp trust),upstream of the hub stamp; the hub re-stamps at receipt
e2-20260813,E2_nonce_bound_affirmation,10,A1,none,0.1,attack,release_held,6.0,0.0,6.0011,0.0011,0.001128,True,closed,open,True,True,False,False,no challenge (v1 timestamp trust),upstream of the hub stamp; the hub re-stamps at receipt
e2-20260813,E2_nonce_bound_affirmation,11,A1,none,0.1,attack,release_held,6.0,0.0,6.0061,0.0061,0.006054,True,closed,open,True,True,False,False,no challenge (v1 timestamp trust),upstream of the hub stamp; the hub re-stamps at receipt
e2-20260813,E2_nonce_bound_affirmation,12,A1,none,0.1,attack,release_held,6.0,0.0,6.0053,0.0053,0.005345,True,closed,open,True,True,False,False,no challenge (v1 timestamp trust),upstream of the hub stamp; the hub re-stamps at receipt
e2-20260813,E2_nonce_bound_affirmation,13,A1,none,0.1,attack,release_held,6.0,0.0,6.0067,0.0067,0.006748,True,closed,open,True,True,False,False,no challenge (v1 timestamp trust),upstream of the hub stamp; the hub re-stamps at receipt
e2-20260813,E2_nonce_bound_affirmation,14,A1,none,0.1,attack,release_held,6.0,0.0,6.0045,0.0045,0.004485,True,closed,open,True,True,False,False,no challenge (v1 timestamp trust),upstream of the hub stamp; the hub re-stamps at receipt
e2-20260813,E2_nonce_bound_affirmation,15,A1,none,0.1,attack,release_held,6.0,0.0,6.0061,0.0061,0.00614,True,closed,open,True,True,False,False,no challenge (v1 timestamp trust),upstream of the hub stamp; the hub re-stamps at receipt
e2-20260813,E2_nonce_bound_affirmation,16,A1,none,0.1,attack,release_held,6.0,0.0,6.002,0.002,0.002009,True,closed,open,True,True,False,False,no challenge (v1 timestamp trust),upstream of the hub stamp; the hub re-stamps at receipt
e2-20260813,E2_nonce_bound_affirmation,17,A1,none,0.1,attack,release_held,6.0,0.0,6.0051,0.0051,0.005143,True,closed,open,True,True,False,False,no challenge (v1 timestamp trust),upstream of the hub stamp; the hub re-stamps at receipt
e2-20260813,E2_nonce_bound_affirmation,18,A1,none,0.1,attack,release_held,6.0,0.0,6.0012,0.0012,0.001231,True,closed,open,True,True,False,False,no challenge (v1 timestamp trust),upstream of the hub stamp; the hub re-stamps at receipt
e2-20260813,E2_nonce_bound_affirmation,19,A1,none,0.1,attack,release_held,6.0,0.0,6.0009,0.0009,0.000882,True,closed,open,True,True,False,False,no challenge (v1 timestamp trust),upstream of the hub stamp; the hub re-stamps at receipt
e2-20260813,E2_nonce_bound_affirmation,0,A1,none,0.1,attack,delay_response,0.0,6.0,6.0033,6.0033,6.003253,False,closed,open,False,False,False,False,observable age exceeds the freshness budget,upstream of the hub stamp; the hub re-stamps at receipt
e2-20260813,E2_nonce_bound_affirmation,1,A1,none,0.1,attack,delay_response,0.0,6.0,6.0019,6.0019,6.001928,False,closed,open,False,False,False,False,observable age exceeds the freshness budget,upstream of the hub stamp; the hub re-stamps at receipt
e2-20260813,E2_nonce_bound_affirmation,2,A1,none,0.1,attack,delay_response,0.0,6.0,6.0034,6.0034,6.003372,False,closed,open,False,False,False,False,observable age exceeds the freshness budget,upstream of the hub stamp; the hub re-stamps at receipt
e2-20260813,E2_nonce_bound_affirmation,3,A1,none,0.1,attack,delay_response,0.0,6.0,6.0045,6.0045,6.004515,False,closed,open,False,False,False,False,observable age exceeds the freshness budget,upstream of the hub stamp; the hub re-stamps at receipt
e2-20260813,E2_nonce_bound_affirmation,4,A1,none,0.1,attack,delay_response,0.0,6.0,6.0033,6.0033,6.00334,False,closed,open,False,False,False,False,observable age exceeds the freshness budget,upstream of the hub stamp; the hub re-stamps at receipt
e2-20260813,E2_nonce_bound_affirmation,5,A1,none,0.1,attack,delay_response,0.0,6.0,6.0065,6.0065,6.006499,False,closed,open,False,False,False,False,observable age exceeds the freshness budget,upstream of the hub stamp; the hub re-stamps at receipt
e2-20260813,E2_nonce_bound_affirmation,6,A1,none,0.1,attack,delay_response,0.0,6.0,6.0089,6.0089,6.008943,False,closed,open,False,False,False,False,observable age exceeds the freshness budget,upstream of the hub stamp; the hub re-stamps at receipt
e2-20260813,E2_nonce_bound_affirmation,7,A1,none,0.1,attack,delay_response,0.0,6.0,6.0077,6.0077,6.007738,False,closed,open,False,False,False,False,observable age exceeds the freshness budget,upstream of the hub stamp; the hub re-stamps at receipt
e2-20260813,E2_nonce_bound_affirmation,8,A1,none,0.1,attack,delay_response,0.0,6.0,6.0037,6.0037,6.003688,False,closed,open,False,False,False,False,observable age exceeds the freshness budget,upstream of the hub stamp; the hub re-stamps at receipt
e2-20260813,E2_nonce_bound_affirmation,9,A1,none,0.1,attack,delay_response,0.0,6.0,6.0067,6.0067,6.006697,False,closed,open,False,False,False,False,observable age exceeds the freshness budget,upstream of the hub stamp; the hub re-stamps at receipt
e2-20260813,E2_nonce_bound_affirmation,10,A1,none,0.1,attack,delay_response,0.0,6.0,6.0014,6.0014,6.001424,False,closed,open,False,False,False,False,observable age exceeds the freshness budget,upstream of the hub stamp; the hub re-stamps at receipt
e2-20260813,E2_nonce_bound_affirmation,11,A1,none,0.1,attack,delay_response,0.0,6.0,6.0011,6.0011,6.001087,False,closed,open,False,False,False,False,observable age exceeds the freshness budget,upstream of the hub stamp; the hub re-stamps at receipt
e2-20260813,E2_nonce_bound_affirmation,12,A1,none,0.1,attack,delay_response,0.0,6.0,6.0075,6.0075,6.007471,False,closed,open,False,False,False,False,observable age exceeds the freshness budget,upstream of the hub stamp; the hub re-stamps at receipt
e2-20260813,E2_nonce_bound_affirmation,13,A1,none,0.1,attack,delay_response,0.0,6.0,6.0016,6.0016,6.001611,False,closed,open,False,False,False,False,observable age exceeds the freshness budget,upstream of the hub stamp; the hub re-stamps at receipt
e2-20260813,E2_nonce_bound_affirmation,14,A1,none,0.1,attack,delay_response,0.0,6.0,6.0059,6.0059,6.005875,False,closed,open,False,False,False,False,observable age exceeds the freshness budget,upstream of the hub stamp; the hub re-stamps at receipt
e2-20260813,E2_nonce_bound_affirmation,15,A1,none,0.1,attack,delay_response,0.0,6.0,6.0078,6.0078,6.007762,False,closed,open,False,False,False,False,observable age exceeds the freshness budget,upstream of the hub stamp; the hub re-stamps at receipt
e2-20260813,E2_nonce_bound_affirmation,16,A1,none,0.1,attack,delay_response,0.0,6.0,6.0058,6.0058,6.005828,False,closed,open,False,False,False,False,observable age exceeds the freshness budget,upstream of the hub stamp; the hub re-stamps at receipt
e2-20260813,E2_nonce_bound_affirmation,17,A1,none,0.1,attack,delay_response,0.0,6.0,6.0077,6.0077,6.007722,False,closed,open,False,False,False,False,observable age exceeds the freshness budget,upstream of the hub stamp; the hub re-stamps at receipt
e2-20260813,E2_nonce_bound_affirmation,18,A1,none,0.1,attack,delay_response,0.0,6.0,6.0038,6.0038,6.003806,False,closed,open,False,False,False,False,observable age exceeds the freshness budget,upstream of the hub stamp; the hub re-stamps at receipt
e2-20260813,E2_nonce_bound_affirmation,19,A1,none,0.1,attack,delay_response,0.0,6.0,6.0068,6.0068,6.006815,False,closed,open,False,False,False,False,observable age exceeds the freshness budget,upstream of the hub stamp; the hub re-stamps at receipt
e2-20260813,E2_nonce_bound_affirmation,0,A1,none,0.5,benign,none,0.0,0.0,0.0053,0.0053,0.005258,True,closed,closed,False,False,False,False,no challenge (v1 timestamp trust),upstream of the hub stamp; the hub re-stamps at receipt
e2-20260813,E2_nonce_bound_affirmation,1,A1,none,0.5,benign,none,0.0,0.0,0.005,0.005,0.005018,True,closed,closed,False,False,False,False,no challenge (v1 timestamp trust),upstream of the hub stamp; the hub re-stamps at receipt
e2-20260813,E2_nonce_bound_affirmation,2,A1,none,0.5,benign,none,0.0,0.0,0.0072,0.0072,0.007202,True,closed,closed,False,False,False,False,no challenge (v1 timestamp trust),upstream of the hub stamp; the hub re-stamps at receipt
e2-20260813,E2_nonce_bound_affirmation,3,A1,none,0.5,benign,none,0.0,0.0,0.0051,0.0051,0.00514,True,closed,closed,False,False,False,False,no challenge (v1 timestamp trust),upstream of the hub stamp; the hub re-stamps at receipt
e2-20260813,E2_nonce_bound_affirmation,4,A1,none,0.5,benign,none,0.0,0.0,0.009,0.009,0.008961,True,closed,closed,False,False,False,False,no challenge (v1 timestamp trust),upstream of the hub stamp; the hub re-stamps at receipt
e2-20260813,E2_nonce_bound_affirmation,5,A1,none,0.5,benign,none,0.0,0.0,0.0013,0.0013,0.001341,True,closed,closed,False,False,False,False,no challenge (v1 timestamp trust),upstream of the hub stamp; the hub re-stamps at receipt
e2-20260813,E2_nonce_bound_affirmation,6,A1,none,0.5,benign,none,0.0,0.0,0.0067,0.0067,0.006702,True,closed,closed,False,False,False,False,no challenge (v1 timestamp trust),upstream of the hub stamp; the hub re-stamps at receipt
e2-20260813,E2_nonce_bound_affirmation,7,A1,none,0.5,benign,none,0.0,0.0,0.0015,0.0015,0.001507,True,closed,closed,False,False,False,False,no challenge (v1 timestamp trust),upstream of the hub stamp; the hub re-stamps at receipt
e2-20260813,E2_nonce_bound_affirmation,8,A1,none,0.5,benign,none,0.0,0.0,0.0058,0.0058,0.005773,True,closed,closed,False,False,False,False,no challenge (v1 timestamp trust),upstream of the hub stamp; the hub re-stamps at receipt
e2-20260813,E2_nonce_bound_affirmation,9,A1,none,0.5,benign,none,0.0,0.0,0.0022,0.0022,0.002173,True,closed,closed,False,False,False,False,no challenge (v1 timestamp trust),upstream of the hub stamp; the hub re-stamps at receipt
e2-20260813,E2_nonce_bound_affirmation,10,A1,none,0.5,benign,none,0.0,0.0,0.006,0.006,0.00603,True,closed,closed,False,False,False,False,no challenge (v1 timestamp trust),upstream of the hub stamp; the hub re-stamps at receipt
e2-20260813,E2_nonce_bound_affirmation,11,A1,none,0.5,benign,none,0.0,0.0,0.0015,0.0015,0.001462,True,closed,closed,False,False,False,False,no challenge (v1 timestamp trust),upstream of the hub stamp; the hub re-stamps at receipt
e2-20260813,E2_nonce_bound_affirmation,12,A1,none,0.5,benign,none,0.0,0.0,0.0084,0.0084,0.008398,True,closed,closed,False,False,False,False,no challenge (v1 timestamp trust),upstream of the hub stamp; the hub re-stamps at receipt
e2-20260813,E2_nonce_bound_affirmation,13,A1,none,0.5,benign,none,0.0,0.0,0.0047,0.0047,0.004691,True,closed,closed,False,False,False,False,no challenge (v1 timestamp trust),upstream of the hub stamp; the hub re-stamps at receipt
e2-20260813,E2_nonce_bound_affirmation,14,A1,none,0.5,benign,none,0.0,0.0,0.004,0.004,0.004019,True,closed,closed,False,False,False,False,no challenge (v1 timestamp trust),upstream of the hub stamp; the hub re-stamps at receipt
e2-20260813,E2_nonce_bound_affirmation,15,A1,none,0.5,benign,none,0.0,0.0,0.0042,0.0042,0.004204,True,closed,closed,False,False,False,False,no challenge (v1 timestamp trust),upstream of the hub stamp; the hub re-stamps at receipt
e2-20260813,E2_nonce_bound_affirmation,16,A1,none,0.5,benign,none,0.0,0.0,0.0069,0.0069,0.006928,True,closed,closed,False,False,False,False,no challenge (v1 timestamp trust),upstream of the hub stamp; the hub re-stamps at receipt
e2-20260813,E2_nonce_bound_affirmation,17,A1,none,0.5,benign,none,0.0,0.0,0.006,0.006,0.005997,True,closed,closed,False,False,False,False,no challenge (v1 timestamp trust),upstream of the hub stamp; the hub re-stamps at receipt
e2-20260813,E2_nonce_bound_affirmation,18,A1,none,0.5,benign,none,0.0,0.0,0.0076,0.0076,0.007585,True,closed,closed,False,False,False,False,no challenge (v1 timestamp trust),upstream of the hub stamp; the hub re-stamps at receipt
e2-20260813,E2_nonce_bound_affirmation,19,A1,none,0.5,benign,none,0.0,0.0,0.0048,0.0048,0.00484,True,closed,closed,False,False,False,False,no challenge (v1 timestamp trust),upstream of the hub stamp; the hub re-stamps at receipt
e2-20260813,E2_nonce_bound_affirmation,0,A1,none,0.5,attack,release_held,6.0,0.0,6.0025,0.0025,0.002526,True,closed,open,True,True,False,False,no challenge (v1 timestamp trust),upstream of the hub stamp; the hub re-stamps at receipt
e2-20260813,E2_nonce_bound_affirmation,1,A1,none,0.5,attack,release_held,6.0,0.0,6.006,0.006,0.006038,True,closed,open,True,True,False,False,no challenge (v1 timestamp trust),upstream of the hub stamp; the hub re-stamps at receipt
e2-20260813,E2_nonce_bound_affirmation,2,A1,none,0.5,attack,release_held,6.0,0.0,6.0032,0.0032,0.003199,True,closed,open,True,True,False,False,no challenge (v1 timestamp trust),upstream of the hub stamp; the hub re-stamps at receipt
e2-20260813,E2_nonce_bound_affirmation,3,A1,none,0.5,attack,release_held,6.0,0.0,6.0061,0.0061,0.006062,True,closed,open,True,True,False,False,no challenge (v1 timestamp trust),upstream of the hub stamp; the hub re-stamps at receipt
e2-20260813,E2_nonce_bound_affirmation,4,A1,none,0.5,attack,release_held,6.0,0.0,6.0071,0.0071,0.007105,True,closed,open,True,True,False,False,no challenge (v1 timestamp trust),upstream of the hub stamp; the hub re-stamps at receipt
e2-20260813,E2_nonce_bound_affirmation,5,A1,none,0.5,attack,release_held,6.0,0.0,6.0083,0.0083,0.008348,True,closed,open,True,True,False,False,no challenge (v1 timestamp trust),upstream of the hub stamp; the hub re-stamps at receipt
e2-20260813,E2_nonce_bound_affirmation,6,A1,none,0.5,attack,release_held,6.0,0.0,6.0079,0.0079,0.007926,True,closed,open,True,True,False,False,no challenge (v1 timestamp trust),upstream of the hub stamp; the hub re-stamps at receipt
e2-20260813,E2_nonce_bound_affirmation,7,A1,none,0.5,attack,release_held,6.0,0.0,6.0086,0.0086,0.008629,True,closed,open,True,True,False,False,no challenge (v1 timestamp trust),upstream of the hub stamp; the hub re-stamps at receipt
e2-20260813,E2_nonce_bound_affirmation,8,A1,none,0.5,attack,release_held,6.0,0.0,6.0052,0.0052,0.005221,True,closed,open,True,True,False,False,no challenge (v1 timestamp trust),upstream of the hub stamp; the hub re-stamps at receipt
e2-20260813,E2_nonce_bound_affirmation,9,A1,none,0.5,attack,release_held,6.0,0.0,6.0018,0.0018,0.001757,True,closed,open,True,True,False,False,no challenge (v1 timestamp trust),upstream of the hub stamp; the hub re-stamps at receipt
e2-20260813,E2_nonce_bound_affirmation,10,A1,none,0.5,attack,release_held,6.0,0.0,6.0069,0.0069,0.006851,True,closed,open,True,True,False,False,no challenge (v1 timestamp trust),upstream of the hub stamp; the hub re-stamps at receipt
e2-20260813,E2_nonce_bound_affirmation,11,A1,none,0.5,attack,release_held,6.0,0.0,6.0042,0.0042,0.004179,True,closed,open,True,True,False,False,no challenge (v1 timestamp trust),upstream of the hub stamp; the hub re-stamps at receipt
e2-20260813,E2_nonce_bound_affirmation,12,A1,none,0.5,attack,release_held,6.0,0.0,6.0073,0.0073,0.007349,True,closed,open,True,True,False,False,no challenge (v1 timestamp trust),upstream of the hub stamp; the hub re-stamps at receipt
e2-20260813,E2_nonce_bound_affirmation,13,A1,none,0.5,attack,release_held,6.0,0.0,6.0066,0.0066,0.006617,True,closed,open,True,True,False,False,no challenge (v1 timestamp trust),upstream of the hub stamp; the hub re-stamps at receipt
e2-20260813,E2_nonce_bound_affirmation,14,A1,none,0.5,attack,release_held,6.0,0.0,6.0035,0.0035,0.003504,True,closed,open,True,True,False,False,no challenge (v1 timestamp trust),upstream of the hub stamp; the hub re-stamps at receipt
e2-20260813,E2_nonce_bound_affirmation,15,A1,none,0.5,attack,release_held,6.0,0.0,6.008,0.008,0.007954,True,closed,open,True,True,False,False,no challenge (v1 timestamp trust),upstream of the hub stamp; the hub re-stamps at receipt
e2-20260813,E2_nonce_bound_affirmation,16,A1,none,0.5,attack,release_held,6.0,0.0,6.0009,0.0009,0.000874,True,closed,open,True,True,False,False,no challenge (v1 timestamp trust),upstream of the hub stamp; the hub re-stamps at receipt
e2-20260813,E2_nonce_bound_affirmation,17,A1,none,0.5,attack,release_held,6.0,0.0,6.0011,0.0011,0.001134,True,closed,open,True,True,False,False,no challenge (v1 timestamp trust),upstream of the hub stamp; the hub re-stamps at receipt
e2-20260813,E2_nonce_bound_affirmation,18,A1,none,0.5,attack,release_held,6.0,0.0,6.0073,0.0073,0.007283,True,closed,open,True,True,False,False,no challenge (v1 timestamp trust),upstream of the hub stamp; the hub re-stamps at receipt
e2-20260813,E2_nonce_bound_affirmation,19,A1,none,0.5,attack,release_held,6.0,0.0,6.006,0.006,0.006028,True,closed,open,True,True,False,False,no challenge (v1 timestamp trust),upstream of the hub stamp; the hub re-stamps at receipt
e2-20260813,E2_nonce_bound_affirmation,0,A1,none,0.5,attack,delay_response,0.0,6.0,6.0039,6.0039,6.003908,False,closed,open,False,False,False,False,observable age exceeds the freshness budget,upstream of the hub stamp; the hub re-stamps at receipt
e2-20260813,E2_nonce_bound_affirmation,1,A1,none,0.5,attack,delay_response,0.0,6.0,6.0011,6.0011,6.001058,False,closed,open,False,False,False,False,observable age exceeds the freshness budget,upstream of the hub stamp; the hub re-stamps at receipt
e2-20260813,E2_nonce_bound_affirmation,2,A1,none,0.5,attack,delay_response,0.0,6.0,6.0058,6.0058,6.005761,False,closed,open,False,False,False,False,observable age exceeds the freshness budget,upstream of the hub stamp; the hub re-stamps at receipt
e2-20260813,E2_nonce_bound_affirmation,3,A1,none,0.5,attack,delay_response,0.0,6.0,6.0054,6.0054,6.005417,False,closed,open,False,False,False,False,observable age exceeds the freshness budget,upstream of the hub stamp; the hub re-stamps at receipt
e2-20260813,E2_nonce_bound_affirmation,4,A1,none,0.5,attack,delay_response,0.0,6.0,6.0069,6.0069,6.006864,False,closed,open,False,False,False,False,observable age exceeds the freshness budget,upstream of the hub stamp; the hub re-stamps at receipt
e2-20260813,E2_nonce_bound_affirmation,5,A1,none,0.5,attack,delay_response,0.0,6.0,6.007,6.007,6.007032,False,closed,open,False,False,False,False,observable age exceeds the freshness budget,upstream of the hub stamp; the hub re-stamps at receipt
e2-20260813,E2_nonce_bound_affirmation,6,A1,none,0.5,attack,delay_response,0.0,6.0,6.0087,6.0087,6.008686,False,closed,open,False,False,False,False,observable age exceeds the freshness budget,upstream of the hub stamp; the hub re-stamps at receipt
e2-20260813,E2_nonce_bound_affirmation,7,A1,none,0.5,attack,delay_response,0.0,6.0,6.0021,6.0021,6.002088,False,closed,open,False,False,False,False,observable age exceeds the freshness budget,upstream of the hub stamp; the hub re-stamps at receipt
e2-20260813,E2_nonce_bound_affirmation,8,A1,none,0.5,attack,delay_response,0.0,6.0,6.0067,6.0067,6.006678,False,closed,open,False,False,False,False,observable age exceeds the freshness budget,upstream of the hub stamp; the hub re-stamps at receipt
e2-20260813,E2_nonce_bound_affirmation,9,A1,none,0.5,attack,delay_response,0.0,6.0,6.0017,6.0017,6.00171,False,closed,open,False,False,False,False,observable age exceeds the freshness budget,upstream of the hub stamp; the hub re-stamps at receipt
e2-20260813,E2_nonce_bound_affirmation,10,A1,none,0.5,attack,delay_response,0.0,6.0,6.0082,6.0082,6.00824,False,closed,open,False,False,False,False,observable age exceeds the freshness budget,upstream of the hub stamp; the hub re-stamps at receipt
e2-20260813,E2_nonce_bound_affirmation,11,A1,none,0.5,attack,delay_response,0.0,6.0,6.0061,6.0061,6.006061,False,closed,open,False,False,False,False,observable age exceeds the freshness budget,upstream of the hub stamp; the hub re-stamps at receipt
e2-20260813,E2_nonce_bound_affirmation,12,A1,none,0.5,attack,delay_response,0.0,6.0,6.0014,6.0014,6.001401,False,closed,open,False,False,False,False,observable age exceeds the freshness budget,upstream of the hub stamp; the hub re-stamps at receipt
e2-20260813,E2_nonce_bound_affirmation,13,A1,none,0.5,attack,delay_response,0.0,6.0,6.0019,6.0019,6.001931,False,closed,open,False,False,False,False,observable age exceeds the freshness budget,upstream of the hub stamp; the hub re-stamps at receipt
e2-20260813,E2_nonce_bound_affirmation,14,A1,none,0.5,attack,delay_response,0.0,6.0,6.008,6.008,6.007978,False,closed,open,False,False,False,False,observable age exceeds the freshness budget,upstream of the hub stamp; the hub re-stamps at receipt
e2-20260813,E2_nonce_bound_affirmation,15,A1,none,0.5,attack,delay_response,0.0,6.0,6.0031,6.0031,6.003071,False,closed,open,False,False,False,False,observable age exceeds the freshness budget,upstream of the hub stamp; the hub re-stamps at receipt
e2-20260813,E2_nonce_bound_affirmation,16,A1,none,0.5,attack,delay_response,0.0,6.0,6.0017,6.0017,6.001696,False,closed,open,False,False,False,False,observable age exceeds the freshness budget,upstream of the hub stamp; the hub re-stamps at receipt
e2-20260813,E2_nonce_bound_affirmation,17,A1,none,0.5,attack,delay_response,0.0,6.0,6.0071,6.0071,6.007108,False,closed,open,False,False,False,False,observable age exceeds the freshness budget,upstream of the hub stamp; the hub re-stamps at receipt
e2-20260813,E2_nonce_bound_affirmation,18,A1,none,0.5,attack,delay_response,0.0,6.0,6.004,6.004,6.003989,False,closed,open,False,False,False,False,observable age exceeds the freshness budget,upstream of the hub stamp; the hub re-stamps at receipt
e2-20260813,E2_nonce_bound_affirmation,19,A1,none,0.5,attack,delay_response,0.0,6.0,6.0038,6.0038,6.003819,False,closed,open,False,False,False,False,observable age exceeds the freshness budget,upstream of the hub stamp; the hub re-stamps at receipt
e2-20260813,E2_nonce_bound_affirmation,0,A1,deployable,0.001,benign,none,0.0,0.0,0.0072,0.0072,0.00718,False,closed,closed,False,False,True,False,round trip 0.007s > bound 0.001s,upstream of the hub stamp; the hub re-stamps at receipt
e2-20260813,E2_nonce_bound_affirmation,1,A1,deployable,0.001,benign,none,0.0,0.0,0.0081,0.0081,0.008102,False,closed,closed,False,False,True,False,round trip 0.008s > bound 0.001s,upstream of the hub stamp; the hub re-stamps at receipt
e2-20260813,E2_nonce_bound_affirmation,2,A1,deployable,0.001,benign,none,0.0,0.0,0.0052,0.0052,0.005208,False,closed,closed,False,False,True,False,round trip 0.005s > bound 0.001s,upstream of the hub stamp; the hub re-stamps at receipt
e2-20260813,E2_nonce_bound_affirmation,3,A1,deployable,0.001,benign,none,0.0,0.0,0.0087,0.0087,0.008723,False,closed,closed,False,False,True,False,round trip 0.009s > bound 0.001s,upstream of the hub stamp; the hub re-stamps at receipt
e2-20260813,E2_nonce_bound_affirmation,4,A1,deployable,0.001,benign,none,0.0,0.0,0.0086,0.0086,0.008587,False,closed,closed,False,False,True,False,round trip 0.009s > bound 0.001s,upstream of the hub stamp; the hub re-stamps at receipt
e2-20260813,E2_nonce_bound_affirmation,5,A1,deployable,0.001,benign,none,0.0,0.0,0.0029,0.0029,0.002872,False,closed,closed,False,False,True,False,round trip 0.003s > bound 0.001s,upstream of the hub stamp; the hub re-stamps at receipt
e2-20260813,E2_nonce_bound_affirmation,6,A1,deployable,0.001,benign,none,0.0,0.0,0.0063,0.0063,0.006316,False,closed,closed,False,False,True,False,round trip 0.006s > bound 0.001s,upstream of the hub stamp; the hub re-stamps at receipt
e2-20260813,E2_nonce_bound_affirmation,7,A1,deployable,0.001,benign,none,0.0,0.0,0.0017,0.0017,0.001745,False,closed,closed,False,False,True,False,round trip 0.002s > bound 0.001s,upstream of the hub stamp; the hub re-stamps at receipt
e2-20260813,E2_nonce_bound_affirmation,8,A1,deployable,0.001,benign,none,0.0,0.0,0.0043,0.0043,0.004277,False,closed,closed,False,False,True,False,round trip 0.004s > bound 0.001s,upstream of the hub stamp; the hub re-stamps at receipt
e2-20260813,E2_nonce_bound_affirmation,9,A1,deployable,0.001,benign,none,0.0,0.0,0.0073,0.0073,0.007268,False,closed,closed,False,False,True,False,round trip 0.007s > bound 0.001s,upstream of the hub stamp; the hub re-stamps at receipt
e2-20260813,E2_nonce_bound_affirmation,10,A1,deployable,0.001,benign,none,0.0,0.0,0.0061,0.0061,0.006062,False,closed,closed,False,False,True,False,round trip 0.006s > bound 0.001s,upstream of the hub stamp; the hub re-stamps at receipt
e2-20260813,E2_nonce_bound_affirmation,11,A1,deployable,0.001,benign,none,0.0,0.0,0.0076,0.0076,0.00761,False,closed,closed,False,False,True,False,round trip 0.008s > bound 0.001s,upstream of the hub stamp; the hub re-stamps at receipt
e2-20260813,E2_nonce_bound_affirmation,12,A1,deployable,0.001,benign,none,0.0,0.0,0.0067,0.0067,0.006684,False,closed,closed,False,False,True,False,round trip 0.007s > bound 0.001s,upstream of the hub stamp; the hub re-stamps at receipt
e2-20260813,E2_nonce_bound_affirmation,13,A1,deployable,0.001,benign,none,0.0,0.0,0.0008,0.0008,0.000803,True,closed,closed,False,False,False,False,response inside the round-trip bound,upstream of the hub stamp; the hub re-stamps at receipt
e2-20260813,E2_nonce_bound_affirmation,14,A1,deployable,0.001,benign,none,0.0,0.0,0.0051,0.0051,0.005068,False,closed,closed,False,False,True,False,round trip 0.005s > bound 0.001s,upstream of the hub stamp; the hub re-stamps at receipt
e2-20260813,E2_nonce_bound_affirmation,15,A1,deployable,0.001,benign,none,0.0,0.0,0.0079,0.0079,0.007946,False,closed,closed,False,False,True,False,round trip 0.008s > bound 0.001s,upstream of the hub stamp; the hub re-stamps at receipt
e2-20260813,E2_nonce_bound_affirmation,16,A1,deployable,0.001,benign,none,0.0,0.0,0.001,0.001,0.000991,True,closed,closed,False,False,False,False,response inside the round-trip bound,upstream of the hub stamp; the hub re-stamps at receipt
e2-20260813,E2_nonce_bound_affirmation,17,A1,deployable,0.001,benign,none,0.0,0.0,0.0018,0.0018,0.001823,False,closed,closed,False,False,True,False,round trip 0.002s > bound 0.001s,upstream of the hub stamp; the hub re-stamps at receipt
e2-20260813,E2_nonce_bound_affirmation,18,A1,deployable,0.001,benign,none,0.0,0.0,0.0017,0.0017,0.001672,False,closed,closed,False,False,True,False,round trip 0.002s > bound 0.001s,upstream of the hub stamp; the hub re-stamps at receipt
e2-20260813,E2_nonce_bound_affirmation,19,A1,deployable,0.001,benign,none,0.0,0.0,0.0088,0.0088,0.00877,False,closed,closed,False,False,True,False,round trip 0.009s > bound 0.001s,upstream of the hub stamp; the hub re-stamps at receipt
e2-20260813,E2_nonce_bound_affirmation,0,A1,deployable,0.001,attack,release_held,6.0,0.0,6.0087,0.0087,0.008749,False,closed,open,False,False,False,False,round trip 0.009s > bound 0.001s,upstream of the hub stamp; the hub re-stamps at receipt
e2-20260813,E2_nonce_bound_affirmation,1,A1,deployable,0.001,attack,release_held,6.0,0.0,6.0025,0.0025,0.002515,False,closed,open,False,False,False,False,round trip 0.003s > bound 0.001s,upstream of the hub stamp; the hub re-stamps at receipt
e2-20260813,E2_nonce_bound_affirmation,2,A1,deployable,0.001,attack,release_held,6.0,0.0,6.007,0.007,0.00697,False,closed,open,False,False,False,False,round trip 0.007s > bound 0.001s,upstream of the hub stamp; the hub re-stamps at receipt
e2-20260813,E2_nonce_bound_affirmation,3,A1,deployable,0.001,attack,release_held,6.0,0.0,6.0086,0.0086,0.00859,False,closed,open,False,False,False,False,round trip 0.009s > bound 0.001s,upstream of the hub stamp; the hub re-stamps at receipt
e2-20260813,E2_nonce_bound_affirmation,4,A1,deployable,0.001,attack,release_held,6.0,0.0,6.0066,0.0066,0.006631,False,closed,open,False,False,False,False,round trip 0.007s > bound 0.001s,upstream of the hub stamp; the hub re-stamps at receipt
e2-20260813,E2_nonce_bound_affirmation,5,A1,deployable,0.001,attack,release_held,6.0,0.0,6.0081,0.0081,0.008129,False,closed,open,False,False,False,False,round trip 0.008s > bound 0.001s,upstream of the hub stamp; the hub re-stamps at receipt
e2-20260813,E2_nonce_bound_affirmation,6,A1,deployable,0.001,attack,release_held,6.0,0.0,6.0074,0.0074,0.00744,False,closed,open,False,False,False,False,round trip 0.007s > bound 0.001s,upstream of the hub stamp; the hub re-stamps at receipt
e2-20260813,E2_nonce_bound_affirmation,7,A1,deployable,0.001,attack,release_held,6.0,0.0,6.0065,0.0065,0.006474,False,closed,open,False,False,False,False,round trip 0.006s > bound 0.001s,upstream of the hub stamp; the hub re-stamps at receipt
e2-20260813,E2_nonce_bound_affirmation,8,A1,deployable,0.001,attack,release_held,6.0,0.0,6.0059,0.0059,0.005859,False,closed,open,False,False,False,False,round trip 0.006s > bound 0.001s,upstream of the hub stamp; the hub re-stamps at receipt
e2-20260813,E2_nonce_bound_affirmation,9,A1,deployable,0.001,attack,release_held,6.0,0.0,6.0072,0.0072,0.007242,False,closed,open,False,False,False,False,round trip 0.007s > bound 0.001s,upstream of the hub stamp; the hub re-stamps at receipt
e2-20260813,E2_nonce_bound_affirmation,10,A1,deployable,0.001,attack,release_held,6.0,0.0,6.0031,0.0031,0.00307,False,closed,open,False,False,False,False,round trip 0.003s > bound 0.001s,upstream of the hub stamp; the hub re-stamps at receipt
e2-20260813,E2_nonce_bound_affirmation,11,A1,deployable,0.001,attack,release_held,6.0,0.0,6.0029,0.0029,0.002871,False,closed,open,False,False,False,False,round trip 0.003s > bound 0.001s,upstream of the hub stamp; the hub re-stamps at receipt
e2-20260813,E2_nonce_bound_affirmation,12,A1,deployable,0.001,attack,release_held,6.0,0.0,6.0047,0.0047,0.004732,False,closed,open,False,False,False,False,round trip 0.005s > bound 0.001s,upstream of the hub stamp; the hub re-stamps at receipt
e2-20260813,E2_nonce_bound_affirmation,13,A1,deployable,0.001,attack,release_held,6.0,0.0,6.0021,0.0021,0.002073,False,closed,open,False,False,False,False,round trip 0.002s > bound 0.001s,upstream of the hub stamp; the hub re-stamps at receipt
e2-20260813,E2_nonce_bound_affirmation,14,A1,deployable,0.001,attack,release_held,6.0,0.0,6.0077,0.0077,0.00768,False,closed,open,False,False,False,False,round trip 0.008s > bound 0.001s,upstream of the hub stamp; the hub re-stamps at receipt
e2-20260813,E2_nonce_bound_affirmation,15,A1,deployable,0.001,attack,release_held,6.0,0.0,6.0027,0.0027,0.002728,False,closed,open,False,False,False,False,round trip 0.003s > bound 0.001s,upstream of the hub stamp; the hub re-stamps at receipt
e2-20260813,E2_nonce_bound_affirmation,16,A1,deployable,0.001,attack,release_held,6.0,0.0,6.0058,0.0058,0.005794,False,closed,open,False,False,False,False,round trip 0.006s > bound 0.001s,upstream of the hub stamp; the hub re-stamps at receipt
e2-20260813,E2_nonce_bound_affirmation,17,A1,deployable,0.001,attack,release_held,6.0,0.0,6.0047,0.0047,0.004729,False,closed,open,False,False,False,False,round trip 0.005s > bound 0.001s,upstream of the hub stamp; the hub re-stamps at receipt
e2-20260813,E2_nonce_bound_affirmation,18,A1,deployable,0.001,attack,release_held,6.0,0.0,6.0081,0.0081,0.008074,False,closed,open,False,False,False,False,round trip 0.008s > bound 0.001s,upstream of the hub stamp; the hub re-stamps at receipt
e2-20260813,E2_nonce_bound_affirmation,19,A1,deployable,0.001,attack,release_held,6.0,0.0,6.0069,0.0069,0.006908,False,closed,open,False,False,False,False,round trip 0.007s > bound 0.001s,upstream of the hub stamp; the hub re-stamps at receipt
e2-20260813,E2_nonce_bound_affirmation,0,A1,deployable,0.001,attack,delay_response,0.0,6.0,6.0015,6.0015,6.001496,False,closed,open,False,False,False,False,observable age exceeds the freshness budget,upstream of the hub stamp; the hub re-stamps at receipt
e2-20260813,E2_nonce_bound_affirmation,1,A1,deployable,0.001,attack,delay_response,0.0,6.0,6.0047,6.0047,6.004707,False,closed,open,False,False,False,False,observable age exceeds the freshness budget,upstream of the hub stamp; the hub re-stamps at receipt
e2-20260813,E2_nonce_bound_affirmation,2,A1,deployable,0.001,attack,delay_response,0.0,6.0,6.0081,6.0081,6.008131,False,closed,open,False,False,False,False,observable age exceeds the freshness budget,upstream of the hub stamp; the hub re-stamps at receipt
e2-20260813,E2_nonce_bound_affirmation,3,A1,deployable,0.001,attack,delay_response,0.0,6.0,6.0079,6.0079,6.007873,False,closed,open,False,False,False,False,observable age exceeds the freshness budget,upstream of the hub stamp; the hub re-stamps at receipt
e2-20260813,E2_nonce_bound_affirmation,4,A1,deployable,0.001,attack,delay_response,0.0,6.0,6.0089,6.0089,6.008875,False,closed,open,False,False,False,False,observable age exceeds the freshness budget,upstream of the hub stamp; the hub re-stamps at receipt
e2-20260813,E2_nonce_bound_affirmation,5,A1,deployable,0.001,attack,delay_response,0.0,6.0,6.0051,6.0051,6.005066,False,closed,open,False,False,False,False,observable age exceeds the freshness budget,upstream of the hub stamp; the hub re-stamps at receipt
e2-20260813,E2_nonce_bound_affirmation,6,A1,deployable,0.001,attack,delay_response,0.0,6.0,6.0082,6.0082,6.008187,False,closed,open,False,False,False,False,observable age exceeds the freshness budget,upstream of the hub stamp; the hub re-stamps at receipt
e2-20260813,E2_nonce_bound_affirmation,7,A1,deployable,0.001,attack,delay_response,0.0,6.0,6.0084,6.0084,6.008364,False,closed,open,False,False,False,False,observable age exceeds the freshness budget,upstream of the hub stamp; the hub re-stamps at receipt
e2-20260813,E2_nonce_bound_affirmation,8,A1,deployable,0.001,attack,delay_response,0.0,6.0,6.0027,6.0027,6.002651,False,closed,open,False,False,False,False,observable age exceeds the freshness budget,upstream of the hub stamp; the hub re-stamps at receipt
e2-20260813,E2_nonce_bound_affirmation,9,A1,deployable,0.001,attack,delay_response,0.0,6.0,6.0032,6.0032,6.003237,False,closed,open,False,False,False,False,observable age exceeds the freshness budget,upstream of the hub stamp; the hub re-stamps at receipt
e2-20260813,E2_nonce_bound_affirmation,10,A1,deployable,0.001,attack,delay_response,0.0,6.0,6.0022,6.0022,6.002179,False,closed,open,False,False,False,False,observable age exceeds the freshness budget,upstream of the hub stamp; the hub re-stamps at receipt
e2-20260813,E2_nonce_bound_affirmation,11,A1,deployable,0.001,attack,delay_response,0.0,6.0,6.0044,6.0044,6.004415,False,closed,open,False,False,False,False,observable age exceeds the freshness budget,upstream of the hub stamp; the hub re-stamps at receipt
e2-20260813,E2_nonce_bound_affirmation,12,A1,deployable,0.001,attack,delay_response,0.0,6.0,6.0083,6.0083,6.008275,False,closed,open,False,False,False,False,observable age exceeds the freshness budget,upstream of the hub stamp; the hub re-stamps at receipt
e2-20260813,E2_nonce_bound_affirmation,13,A1,deployable,0.001,attack,delay_response,0.0,6.0,6.0052,6.0052,6.005172,False,closed,open,False,False,False,False,observable age exceeds the freshness budget,upstream of the hub stamp; the hub re-stamps at receipt
e2-20260813,E2_nonce_bound_affirmation,14,A1,deployable,0.001,attack,delay_response,0.0,6.0,6.0075,6.0075,6.007547,False,closed,open,False,False,False,False,observable age exceeds the freshness budget,upstream of the hub stamp; the hub re-stamps at receipt
e2-20260813,E2_nonce_bound_affirmation,15,A1,deployable,0.001,attack,delay_response,0.0,6.0,6.007,6.007,6.006994,False,closed,open,False,False,False,False,observable age exceeds the freshness budget,upstream of the hub stamp; the hub re-stamps at receipt
e2-20260813,E2_nonce_bound_affirmation,16,A1,deployable,0.001,attack,delay_response,0.0,6.0,6.0037,6.0037,6.003695,False,closed,open,False,False,False,False,observable age exceeds the freshness budget,upstream of the hub stamp; the hub re-stamps at receipt
e2-20260813,E2_nonce_bound_affirmation,17,A1,deployable,0.001,attack,delay_response,0.0,6.0,6.0053,6.0053,6.005297,False,closed,open,False,False,False,False,observable age exceeds the freshness budget,upstream of the hub stamp; the hub re-stamps at receipt
e2-20260813,E2_nonce_bound_affirmation,18,A1,deployable,0.001,attack,delay_response,0.0,6.0,6.0061,6.0061,6.006128,False,closed,open,False,False,False,False,observable age exceeds the freshness budget,upstream of the hub stamp; the hub re-stamps at receipt
e2-20260813,E2_nonce_bound_affirmation,19,A1,deployable,0.001,attack,delay_response,0.0,6.0,6.0049,6.0049,6.004926,False,closed,open,False,False,False,False,observable age exceeds the freshness budget,upstream of the hub stamp; the hub re-stamps at receipt
e2-20260813,E2_nonce_bound_affirmation,0,A1,deployable,0.002,benign,none,0.0,0.0,0.0059,0.0059,0.005879,False,closed,closed,False,False,True,False,round trip 0.006s > bound 0.002s,upstream of the hub stamp; the hub re-stamps at receipt
e2-20260813,E2_nonce_bound_affirmation,1,A1,deployable,0.002,benign,none,0.0,0.0,0.0026,0.0026,0.002567,False,closed,closed,False,False,True,False,round trip 0.003s > bound 0.002s,upstream of the hub stamp; the hub re-stamps at receipt
e2-20260813,E2_nonce_bound_affirmation,2,A1,deployable,0.002,benign,none,0.0,0.0,0.0032,0.0032,0.003166,False,closed,closed,False,False,True,False,round trip 0.003s > bound 0.002s,upstream of the hub stamp; the hub re-stamps at receipt
e2-20260813,E2_nonce_bound_affirmation,3,A1,deployable,0.002,benign,none,0.0,0.0,0.0057,0.0057,0.005689,False,closed,closed,False,False,True,False,round trip 0.006s > bound 0.002s,upstream of the hub stamp; the hub re-stamps at receipt
e2-20260813,E2_nonce_bound_affirmation,4,A1,deployable,0.002,benign,none,0.0,0.0,0.007,0.007,0.006967,False,closed,closed,False,False,True,False,round trip 0.007s > bound 0.002s,upstream of the hub stamp; the hub re-stamps at receipt
e2-20260813,E2_nonce_bound_affirmation,5,A1,deployable,0.002,benign,none,0.0,0.0,0.0087,0.0087,0.00873,False,closed,closed,False,False,True,False,round trip 0.009s > bound 0.002s,upstream of the hub stamp; the hub re-stamps at receipt
e2-20260813,E2_nonce_bound_affirmation,6,A1,deployable,0.002,benign,none,0.0,0.0,0.0016,0.0016,0.001563,True,closed,closed,False,False,False,False,response inside the round-trip bound,upstream of the hub stamp; the hub re-stamps at receipt
e2-20260813,E2_nonce_bound_affirmation,7,A1,deployable,0.002,benign,none,0.0,0.0,0.0019,0.0019,0.001874,True,closed,closed,False,False,False,False,response inside the round-trip bound,upstream of the hub stamp; the hub re-stamps at receipt
e2-20260813,E2_nonce_bound_affirmation,8,A1,deployable,0.002,benign,none,0.0,0.0,0.0037,0.0037,0.003719,False,closed,closed,False,False,True,False,round trip 0.004s > bound 0.002s,upstream of the hub stamp; the hub re-stamps at receipt
e2-20260813,E2_nonce_bound_affirmation,9,A1,deployable,0.002,benign,none,0.0,0.0,0.0089,0.0089,0.008924,False,closed,closed,False,False,True,False,round trip 0.009s > bound 0.002s,upstream of the hub stamp; the hub re-stamps at receipt
e2-20260813,E2_nonce_bound_affirmation,10,A1,deployable,0.002,benign,none,0.0,0.0,0.0012,0.0012,0.001189,True,closed,closed,False,False,False,False,response inside the round-trip bound,upstream of the hub stamp; the hub re-stamps at receipt
e2-20260813,E2_nonce_bound_affirmation,11,A1,deployable,0.002,benign,none,0.0,0.0,0.0036,0.0036,0.003616,False,closed,closed,False,False,True,False,round trip 0.004s > bound 0.002s,upstream of the hub stamp; the hub re-stamps at receipt
e2-20260813,E2_nonce_bound_affirmation,12,A1,deployable,0.002,benign,none,0.0,0.0,0.0054,0.0054,0.005379,False,closed,closed,False,False,True,False,round trip 0.005s > bound 0.002s,upstream of the hub stamp; the hub re-stamps at receipt
e2-20260813,E2_nonce_bound_affirmation,13,A1,deployable,0.002,benign,none,0.0,0.0,0.0047,0.0047,0.004694,False,closed,closed,False,False,True,False,round trip 0.005s > bound 0.002s,upstream of the hub stamp; the hub re-stamps at receipt
e2-20260813,E2_nonce_bound_affirmation,14,A1,deployable,0.002,benign,none,0.0,0.0,0.0078,0.0078,0.007805,False,closed,closed,False,False,True,False,round trip 0.008s > bound 0.002s,upstream of the hub stamp; the hub re-stamps at receipt
e2-20260813,E2_nonce_bound_affirmation,15,A1,deployable,0.002,benign,none,0.0,0.0,0.005,0.005,0.004954,False,closed,closed,False,False,True,False,round trip 0.005s > bound 0.002s,upstream of the hub stamp; the hub re-stamps at receipt
e2-20260813,E2_nonce_bound_affirmation,16,A1,deployable,0.002,benign,none,0.0,0.0,0.0025,0.0025,0.00246,False,closed,closed,False,False,True,False,round trip 0.002s > bound 0.002s,upstream of the hub stamp; the hub re-stamps at receipt
e2-20260813,E2_nonce_bound_affirmation,17,A1,deployable,0.002,benign,none,0.0,0.0,0.0075,0.0075,0.00752,False,closed,closed,False,False,True,False,round trip 0.008s > bound 0.002s,upstream of the hub stamp; the hub re-stamps at receipt
e2-20260813,E2_nonce_bound_affirmation,18,A1,deployable,0.002,benign,none,0.0,0.0,0.0082,0.0082,0.008229,False,closed,closed,False,False,True,False,round trip 0.008s > bound 0.002s,upstream of the hub stamp; the hub re-stamps at receipt
e2-20260813,E2_nonce_bound_affirmation,19,A1,deployable,0.002,benign,none,0.0,0.0,0.0032,0.0032,0.003182,False,closed,closed,False,False,True,False,round trip 0.003s > bound 0.002s,upstream of the hub stamp; the hub re-stamps at receipt
e2-20260813,E2_nonce_bound_affirmation,0,A1,deployable,0.002,attack,release_held,6.0,0.0,6.005,0.005,0.005027,False,closed,open,False,False,False,False,round trip 0.005s > bound 0.002s,upstream of the hub stamp; the hub re-stamps at receipt
e2-20260813,E2_nonce_bound_affirmation,1,A1,deployable,0.002,attack,release_held,6.0,0.0,6.0085,0.0085,0.00854,False,closed,open,False,False,False,False,round trip 0.009s > bound 0.002s,upstream of the hub stamp; the hub re-stamps at receipt
e2-20260813,E2_nonce_bound_affirmation,2,A1,deployable,0.002,attack,release_held,6.0,0.0,6.0089,0.0089,0.008942,False,closed,open,False,False,False,False,round trip 0.009s > bound 0.002s,upstream of the hub stamp; the hub re-stamps at receipt
e2-20260813,E2_nonce_bound_affirmation,3,A1,deployable,0.002,attack,release_held,6.0,0.0,6.0018,0.0018,0.001769,True,closed,open,True,True,False,False,response inside the round-trip bound,upstream of the hub stamp; the hub re-stamps at receipt
e2-20260813,E2_nonce_bound_affirmation,4,A1,deployable,0.002,attack,release_held,6.0,0.0,6.0029,0.0029,0.002855,False,closed,open,False,False,False,False,round trip 0.003s > bound 0.002s,upstream of the hub stamp; the hub re-stamps at receipt
e2-20260813,E2_nonce_bound_affirmation,5,A1,deployable,0.002,attack,release_held,6.0,0.0,6.0071,0.0071,0.007114,False,closed,open,False,False,False,False,round trip 0.007s > bound 0.002s,upstream of the hub stamp; the hub re-stamps at receipt
e2-20260813,E2_nonce_bound_affirmation,6,A1,deployable,0.002,attack,release_held,6.0,0.0,6.009,0.009,0.008991,False,closed,open,False,False,False,False,round trip 0.009s > bound 0.002s,upstream of the hub stamp; the hub re-stamps at receipt
e2-20260813,E2_nonce_bound_affirmation,7,A1,deployable,0.002,attack,release_held,6.0,0.0,6.0081,0.0081,0.008137,False,closed,open,False,False,False,False,round trip 0.008s > bound 0.002s,upstream of the hub stamp; the hub re-stamps at receipt
e2-20260813,E2_nonce_bound_affirmation,8,A1,deployable,0.002,attack,release_held,6.0,0.0,6.0071,0.0071,0.007078,False,closed,open,False,False,False,False,round trip 0.007s > bound 0.002s,upstream of the hub stamp; the hub re-stamps at receipt
e2-20260813,E2_nonce_bound_affirmation,9,A1,deployable,0.002,attack,release_held,6.0,0.0,6.0064,0.0064,0.006375,False,closed,open,False,False,False,False,round trip 0.006s > bound 0.002s,upstream of the hub stamp; the hub re-stamps at receipt
e2-20260813,E2_nonce_bound_affirmation,10,A1,deployable,0.002,attack,release_held,6.0,0.0,6.0088,0.0088,0.00875,False,closed,open,False,False,False,False,round trip 0.009s > bound 0.002s,upstream of the hub stamp; the hub re-stamps at receipt
e2-20260813,E2_nonce_bound_affirmation,11,A1,deployable,0.002,attack,release_held,6.0,0.0,6.001,0.001,0.001003,True,closed,open,True,True,False,False,response inside the round-trip bound,upstream of the hub stamp; the hub re-stamps at receipt
e2-20260813,E2_nonce_bound_affirmation,12,A1,deployable,0.002,attack,release_held,6.0,0.0,6.0008,0.0008,0.000832,True,closed,open,True,True,False,False,response inside the round-trip bound,upstream of the hub stamp; the hub re-stamps at receipt
e2-20260813,E2_nonce_bound_affirmation,13,A1,deployable,0.002,attack,release_held,6.0,0.0,6.0083,0.0083,0.008303,False,closed,open,False,False,False,False,round trip 0.008s > bound 0.002s,upstream of the hub stamp; the hub re-stamps at receipt
e2-20260813,E2_nonce_bound_affirmation,14,A1,deployable,0.002,attack,release_held,6.0,0.0,6.0048,0.0048,0.00481,False,closed,open,False,False,False,False,round trip 0.005s > bound 0.002s,upstream of the hub stamp; the hub re-stamps at receipt
e2-20260813,E2_nonce_bound_affirmation,15,A1,deployable,0.002,attack,release_held,6.0,0.0,6.0024,0.0024,0.002381,False,closed,open,False,False,False,False,round trip 0.002s > bound 0.002s,upstream of the hub stamp; the hub re-stamps at receipt
e2-20260813,E2_nonce_bound_affirmation,16,A1,deployable,0.002,attack,release_held,6.0,0.0,6.0012,0.0012,0.001247,True,closed,open,True,True,False,False,response inside the round-trip bound,upstream of the hub stamp; the hub re-stamps at receipt
e2-20260813,E2_nonce_bound_affirmation,17,A1,deployable,0.002,attack,release_held,6.0,0.0,6.0052,0.0052,0.005188,False,closed,open,False,False,False,False,round trip 0.005s > bound 0.002s,upstream of the hub stamp; the hub re-stamps at receipt
e2-20260813,E2_nonce_bound_affirmation,18,A1,deployable,0.002,attack,release_held,6.0,0.0,6.0015,0.0015,0.001524,True,closed,open,True,True,False,False,response inside the round-trip bound,upstream of the hub stamp; the hub re-stamps at receipt
e2-20260813,E2_nonce_bound_affirmation,19,A1,deployable,0.002,attack,release_held,6.0,0.0,6.008,0.008,0.007974,False,closed,open,False,False,False,False,round trip 0.008s > bound 0.002s,upstream of the hub stamp; the hub re-stamps at receipt
e2-20260813,E2_nonce_bound_affirmation,0,A1,deployable,0.002,attack,delay_response,0.0,6.0,6.0032,6.0032,6.003162,False,closed,open,False,False,False,False,observable age exceeds the freshness budget,upstream of the hub stamp; the hub re-stamps at receipt
e2-20260813,E2_nonce_bound_affirmation,1,A1,deployable,0.002,attack,delay_response,0.0,6.0,6.001,6.001,6.000962,False,closed,open,False,False,False,False,observable age exceeds the freshness budget,upstream of the hub stamp; the hub re-stamps at receipt
e2-20260813,E2_nonce_bound_affirmation,2,A1,deployable,0.002,attack,delay_response,0.0,6.0,6.0018,6.0018,6.001768,False,closed,open,False,False,False,False,observable age exceeds the freshness budget,upstream of the hub stamp; the hub re-stamps at receipt
e2-20260813,E2_nonce_bound_affirmation,3,A1,deployable,0.002,attack,delay_response,0.0,6.0,6.0037,6.0037,6.003742,False,closed,open,False,False,False,False,observable age exceeds the freshness budget,upstream of the hub stamp; the hub re-stamps at receipt
e2-20260813,E2_nonce_bound_affirmation,4,A1,deployable,0.002,attack,delay_response,0.0,6.0,6.0082,6.0082,6.008217,False,closed,open,False,False,False,False,observable age exceeds the freshness budget,upstream of the hub stamp; the hub re-stamps at receipt
e2-20260813,E2_nonce_bound_affirmation,5,A1,deployable,0.002,attack,delay_response,0.0,6.0,6.0034,6.0034,6.003418,False,closed,open,False,False,False,False,observable age exceeds the freshness budget,upstream of the hub stamp; the hub re-stamps at receipt
e2-20260813,E2_nonce_bound_affirmation,6,A1,deployable,0.002,attack,delay_response,0.0,6.0,6.0014,6.0014,6.001361,False,closed,open,False,False,False,False,observable age exceeds the freshness budget,upstream of the hub stamp; the hub re-stamps at receipt
e2-20260813,E2_nonce_bound_affirmation,7,A1,deployable,0.002,attack,delay_response,0.0,6.0,6.0017,6.0017,6.001716,False,closed,open,False,False,False,False,observable age exceeds the freshness budget,upstream of the hub stamp; the hub re-stamps at receipt
e2-20260813,E2_nonce_bound_affirmation,8,A1,deployable,0.002,attack,delay_response,0.0,6.0,6.003,6.003,6.002994,False,closed,open,False,False,False,False,observable age exceeds the freshness budget,upstream of the hub stamp; the hub re-stamps at receipt
e2-20260813,E2_nonce_bound_affirmation,9,A1,deployable,0.002,attack,delay_response,0.0,6.0,6.0078,6.0078,6.007801,False,closed,open,False,False,False,False,observable age exceeds the freshness budget,upstream of the hub stamp; the hub re-stamps at receipt
e2-20260813,E2_nonce_bound_affirmation,10,A1,deployable,0.002,attack,delay_response,0.0,6.0,6.0054,6.0054,6.00535,False,closed,open,False,False,False,False,observable age exceeds the freshness budget,upstream of the hub stamp; the hub re-stamps at receipt
e2-20260813,E2_nonce_bound_affirmation,11,A1,deployable,0.002,attack,delay_response,0.0,6.0,6.0066,6.0066,6.006572,False,closed,open,False,False,False,False,observable age exceeds the freshness budget,upstream of the hub stamp; the hub re-stamps at receipt
e2-20260813,E2_nonce_bound_affirmation,12,A1,deployable,0.002,attack,delay_response,0.0,6.0,6.001,6.001,6.001033,False,closed,open,False,False,False,False,observable age exceeds the freshness budget,upstream of the hub stamp; the hub re-stamps at receipt
e2-20260813,E2_nonce_bound_affirmation,13,A1,deployable,0.002,attack,delay_response,0.0,6.0,6.0016,6.0016,6.00159,False,closed,open,False,False,False,False,observable age exceeds the freshness budget,upstream of the hub stamp; the hub re-stamps at receipt
e2-20260813,E2_nonce_bound_affirmation,14,A1,deployable,0.002,attack,delay_response,0.0,6.0,6.0012,6.0012,6.001174,False,closed,open,False,False,False,False,observable age exceeds the freshness budget,upstream of the hub stamp; the hub re-stamps at receipt
e2-20260813,E2_nonce_bound_affirmation,15,A1,deployable,0.002,attack,delay_response,0.0,6.0,6.0068,6.0068,6.006836,False,closed,open,False,False,False,False,observable age exceeds the freshness budget,upstream of the hub stamp; the hub re-stamps at receipt
e2-20260813,E2_nonce_bound_affirmation,16,A1,deployable,0.002,attack,delay_response,0.0,6.0,6.0052,6.0052,6.005225,False,closed,open,False,False,False,False,observable age exceeds the freshness budget,upstream of the hub stamp; the hub re-stamps at receipt
e2-20260813,E2_nonce_bound_affirmation,17,A1,deployable,0.002,attack,delay_response,0.0,6.0,6.0081,6.0081,6.008051,False,closed,open,False,False,False,False,observable age exceeds the freshness budget,upstream of the hub stamp; the hub re-stamps at receipt
e2-20260813,E2_nonce_bound_affirmation,18,A1,deployable,0.002,attack,delay_response,0.0,6.0,6.0069,6.0069,6.006893,False,closed,open,False,False,False,False,observable age exceeds the freshness budget,upstream of the hub stamp; the hub re-stamps at receipt
e2-20260813,E2_nonce_bound_affirmation,19,A1,deployable,0.002,attack,delay_response,0.0,6.0,6.005,6.005,6.004982,False,closed,open,False,False,False,False,observable age exceeds the freshness budget,upstream of the hub stamp; the hub re-stamps at receipt
e2-20260813,E2_nonce_bound_affirmation,0,A1,deployable,0.005,benign,none,0.0,0.0,0.0027,0.0027,0.002728,True,closed,closed,False,False,False,False,response inside the round-trip bound,upstream of the hub stamp; the hub re-stamps at receipt
e2-20260813,E2_nonce_bound_affirmation,1,A1,deployable,0.005,benign,none,0.0,0.0,0.002,0.002,0.002034,True,closed,closed,False,False,False,False,response inside the round-trip bound,upstream of the hub stamp; the hub re-stamps at receipt
e2-20260813,E2_nonce_bound_affirmation,2,A1,deployable,0.005,benign,none,0.0,0.0,0.0012,0.0012,0.001211,True,closed,closed,False,False,False,False,response inside the round-trip bound,upstream of the hub stamp; the hub re-stamps at receipt
e2-20260813,E2_nonce_bound_affirmation,3,A1,deployable,0.005,benign,none,0.0,0.0,0.0021,0.0021,0.002105,True,closed,closed,False,False,False,False,response inside the round-trip bound,upstream of the hub stamp; the hub re-stamps at receipt
e2-20260813,E2_nonce_bound_affirmation,4,A1,deployable,0.005,benign,none,0.0,0.0,0.0068,0.0068,0.006822,False,closed,closed,False,False,True,False,round trip 0.007s > bound 0.005s,upstream of the hub stamp; the hub re-stamps at receipt
e2-20260813,E2_nonce_bound_affirmation,5,A1,deployable,0.005,benign,none,0.0,0.0,0.0058,0.0058,0.005777,False,closed,closed,False,False,True,False,round trip 0.006s > bound 0.005s,upstream of the hub stamp; the hub re-stamps at receipt
e2-20260813,E2_nonce_bound_affirmation,6,A1,deployable,0.005,benign,none,0.0,0.0,0.0013,0.0013,0.001293,True,closed,closed,False,False,False,False,response inside the round-trip bound,upstream of the hub stamp; the hub re-stamps at receipt
e2-20260813,E2_nonce_bound_affirmation,7,A1,deployable,0.005,benign,none,0.0,0.0,0.0034,0.0034,0.003441,True,closed,closed,False,False,False,False,response inside the round-trip bound,upstream of the hub stamp; the hub re-stamps at receipt
e2-20260813,E2_nonce_bound_affirmation,8,A1,deployable,0.005,benign,none,0.0,0.0,0.0019,0.0019,0.001899,True,closed,closed,False,False,False,False,response inside the round-trip bound,upstream of the hub stamp; the hub re-stamps at receipt
e2-20260813,E2_nonce_bound_affirmation,9,A1,deployable,0.005,benign,none,0.0,0.0,0.0021,0.0021,0.002075,True,closed,closed,False,False,False,False,response inside the round-trip bound,upstream of the hub stamp; the hub re-stamps at receipt
e2-20260813,E2_nonce_bound_affirmation,10,A1,deployable,0.005,benign,none,0.0,0.0,0.0023,0.0023,0.002275,True,closed,closed,False,False,False,False,response inside the round-trip bound,upstream of the hub stamp; the hub re-stamps at receipt
e2-20260813,E2_nonce_bound_affirmation,11,A1,deployable,0.005,benign,none,0.0,0.0,0.0077,0.0077,0.007662,False,closed,closed,False,False,True,False,round trip 0.008s > bound 0.005s,upstream of the hub stamp; the hub re-stamps at receipt
e2-20260813,E2_nonce_bound_affirmation,12,A1,deployable,0.005,benign,none,0.0,0.0,0.007,0.007,0.007015,False,closed,closed,False,False,True,False,round trip 0.007s > bound 0.005s,upstream of the hub stamp; the hub re-stamps at receipt
e2-20260813,E2_nonce_bound_affirmation,13,A1,deployable,0.005,benign,none,0.0,0.0,0.0012,0.0012,0.001224,True,closed,closed,False,False,False,False,response inside the round-trip bound,upstream of the hub stamp; the hub re-stamps at receipt
e2-20260813,E2_nonce_bound_affirmation,14,A1,deployable,0.005,benign,none,0.0,0.0,0.0041,0.0041,0.00411,True,closed,closed,False,False,False,False,response inside the round-trip bound,upstream of the hub stamp; the hub re-stamps at receipt
e2-20260813,E2_nonce_bound_affirmation,15,A1,deployable,0.005,benign,none,0.0,0.0,0.0079,0.0079,0.007884,False,closed,closed,False,False,True,False,round trip 0.008s > bound 0.005s,upstream of the hub stamp; the hub re-stamps at receipt
e2-20260813,E2_nonce_bound_affirmation,16,A1,deployable,0.005,benign,none,0.0,0.0,0.0086,0.0086,0.008598,False,closed,closed,False,False,True,False,round trip 0.009s > bound 0.005s,upstream of the hub stamp; the hub re-stamps at receipt
e2-20260813,E2_nonce_bound_affirmation,17,A1,deployable,0.005,benign,none,0.0,0.0,0.0031,0.0031,0.003136,True,closed,closed,False,False,False,False,response inside the round-trip bound,upstream of the hub stamp; the hub re-stamps at receipt
e2-20260813,E2_nonce_bound_affirmation,18,A1,deployable,0.005,benign,none,0.0,0.0,0.0045,0.0045,0.004473,True,closed,closed,False,False,False,False,response inside the round-trip bound,upstream of the hub stamp; the hub re-stamps at receipt
e2-20260813,E2_nonce_bound_affirmation,19,A1,deployable,0.005,benign,none,0.0,0.0,0.0026,0.0026,0.002576,True,closed,closed,False,False,False,False,response inside the round-trip bound,upstream of the hub stamp; the hub re-stamps at receipt
e2-20260813,E2_nonce_bound_affirmation,0,A1,deployable,0.005,attack,release_held,6.0,0.0,6.0045,0.0045,0.004475,True,closed,open,True,True,False,False,response inside the round-trip bound,upstream of the hub stamp; the hub re-stamps at receipt
e2-20260813,E2_nonce_bound_affirmation,1,A1,deployable,0.005,attack,release_held,6.0,0.0,6.0055,0.0055,0.005509,False,closed,open,False,False,False,False,round trip 0.006s > bound 0.005s,upstream of the hub stamp; the hub re-stamps at receipt
e2-20260813,E2_nonce_bound_affirmation,2,A1,deployable,0.005,attack,release_held,6.0,0.0,6.0044,0.0044,0.0044,True,closed,open,True,True,False,False,response inside the round-trip bound,upstream of the hub stamp; the hub re-stamps at receipt
e2-20260813,E2_nonce_bound_affirmation,3,A1,deployable,0.005,attack,release_held,6.0,0.0,6.0036,0.0036,0.003588,True,closed,open,True,True,False,False,response inside the round-trip bound,upstream of the hub stamp; the hub re-stamps at receipt
e2-20260813,E2_nonce_bound_affirmation,4,A1,deployable,0.005,attack,release_held,6.0,0.0,6.0019,0.0019,0.001858,True,closed,open,True,True,False,False,response inside the round-trip bound,upstream of the hub stamp; the hub re-stamps at receipt
e2-20260813,E2_nonce_bound_affirmation,5,A1,deployable,0.005,attack,release_held,6.0,0.0,6.003,0.003,0.003045,True,closed,open,True,True,False,False,response inside the round-trip bound,upstream of the hub stamp; the hub re-stamps at receipt
e2-20260813,E2_nonce_bound_affirmation,6,A1,deployable,0.005,attack,release_held,6.0,0.0,6.0014,0.0014,0.001358,True,closed,open,True,True,False,False,response inside the round-trip bound,upstream of the hub stamp; the hub re-stamps at receipt
e2-20260813,E2_nonce_bound_affirmation,7,A1,deployable,0.005,attack,release_held,6.0,0.0,6.0073,0.0073,0.007253,False,closed,open,False,False,False,False,round trip 0.007s > bound 0.005s,upstream of the hub stamp; the hub re-stamps at receipt
e2-20260813,E2_nonce_bound_affirmation,8,A1,deployable,0.005,attack,release_held,6.0,0.0,6.0082,0.0082,0.008209,False,closed,open,False,False,False,False,round trip 0.008s > bound 0.005s,upstream of the hub stamp; the hub re-stamps at receipt
e2-20260813,E2_nonce_bound_affirmation,9,A1,deployable,0.005,attack,release_held,6.0,0.0,6.0061,0.0061,0.006052,False,closed,open,False,False,False,False,round trip 0.006s > bound 0.005s,upstream of the hub stamp; the hub re-stamps at receipt
e2-20260813,E2_nonce_bound_affirmation,10,A1,deployable,0.005,attack,release_held,6.0,0.0,6.004,0.004,0.003982,True,closed,open,True,True,False,False,response inside the round-trip bound,upstream of the hub stamp; the hub re-stamps at receipt
e2-20260813,E2_nonce_bound_affirmation,11,A1,deployable,0.005,attack,release_held,6.0,0.0,6.0081,0.0081,0.008148,False,closed,open,False,False,False,False,round trip 0.008s > bound 0.005s,upstream of the hub stamp; the hub re-stamps at receipt
e2-20260813,E2_nonce_bound_affirmation,12,A1,deployable,0.005,attack,release_held,6.0,0.0,6.009,0.009,0.008985,False,closed,open,False,False,False,False,round trip 0.009s > bound 0.005s,upstream of the hub stamp; the hub re-stamps at receipt
e2-20260813,E2_nonce_bound_affirmation,13,A1,deployable,0.005,attack,release_held,6.0,0.0,6.006,0.006,0.005972,False,closed,open,False,False,False,False,round trip 0.006s > bound 0.005s,upstream of the hub stamp; the hub re-stamps at receipt
e2-20260813,E2_nonce_bound_affirmation,14,A1,deployable,0.005,attack,release_held,6.0,0.0,6.0047,0.0047,0.004725,True,closed,open,True,True,False,False,response inside the round-trip bound,upstream of the hub stamp; the hub re-stamps at receipt
e2-20260813,E2_nonce_bound_affirmation,15,A1,deployable,0.005,attack,release_held,6.0,0.0,6.0014,0.0014,0.001443,True,closed,open,True,True,False,False,response inside the round-trip bound,upstream of the hub stamp; the hub re-stamps at receipt
e2-20260813,E2_nonce_bound_affirmation,16,A1,deployable,0.005,attack,release_held,6.0,0.0,6.0015,0.0015,0.001485,True,closed,open,True,True,False,False,response inside the round-trip bound,upstream of the hub stamp; the hub re-stamps at receipt
e2-20260813,E2_nonce_bound_affirmation,17,A1,deployable,0.005,attack,release_held,6.0,0.0,6.0035,0.0035,0.003513,True,closed,open,True,True,False,False,response inside the round-trip bound,upstream of the hub stamp; the hub re-stamps at receipt
e2-20260813,E2_nonce_bound_affirmation,18,A1,deployable,0.005,attack,release_held,6.0,0.0,6.0012,0.0012,0.001169,True,closed,open,True,True,False,False,response inside the round-trip bound,upstream of the hub stamp; the hub re-stamps at receipt
e2-20260813,E2_nonce_bound_affirmation,19,A1,deployable,0.005,attack,release_held,6.0,0.0,6.0011,0.0011,0.001088,True,closed,open,True,True,False,False,response inside the round-trip bound,upstream of the hub stamp; the hub re-stamps at receipt
e2-20260813,E2_nonce_bound_affirmation,0,A1,deployable,0.005,attack,delay_response,0.0,6.0,6.0058,6.0058,6.005809,False,closed,open,False,False,False,False,observable age exceeds the freshness budget,upstream of the hub stamp; the hub re-stamps at receipt
e2-20260813,E2_nonce_bound_affirmation,1,A1,deployable,0.005,attack,delay_response,0.0,6.0,6.0044,6.0044,6.004423,False,closed,open,False,False,False,False,observable age exceeds the freshness budget,upstream of the hub stamp; the hub re-stamps at receipt
e2-20260813,E2_nonce_bound_affirmation,2,A1,deployable,0.005,attack,delay_response,0.0,6.0,6.0083,6.0083,6.008298,False,closed,open,False,False,False,False,observable age exceeds the freshness budget,upstream of the hub stamp; the hub re-stamps at receipt
e2-20260813,E2_nonce_bound_affirmation,3,A1,deployable,0.005,attack,delay_response,0.0,6.0,6.004,6.004,6.003973,False,closed,open,False,False,False,False,observable age exceeds the freshness budget,upstream of the hub stamp; the hub re-stamps at receipt
e2-20260813,E2_nonce_bound_affirmation,4,A1,deployable,0.005,attack,delay_response,0.0,6.0,6.0048,6.0048,6.004825,False,closed,open,False,False,False,False,observable age exceeds the freshness budget,upstream of the hub stamp; the hub re-stamps at receipt
e2-20260813,E2_nonce_bound_affirmation,5,A1,deployable,0.005,attack,delay_response,0.0,6.0,6.0052,6.0052,6.005222,False,closed,open,False,False,False,False,observable age exceeds the freshness budget,upstream of the hub stamp; the hub re-stamps at receipt
e2-20260813,E2_nonce_bound_affirmation,6,A1,deployable,0.005,attack,delay_response,0.0,6.0,6.0079,6.0079,6.007927,False,closed,open,False,False,False,False,observable age exceeds the freshness budget,upstream of the hub stamp; the hub re-stamps at receipt
e2-20260813,E2_nonce_bound_affirmation,7,A1,deployable,0.005,attack,delay_response,0.0,6.0,6.0049,6.0049,6.004871,False,closed,open,False,False,False,False,observable age exceeds the freshness budget,upstream of the hub stamp; the hub re-stamps at receipt
e2-20260813,E2_nonce_bound_affirmation,8,A1,deployable,0.005,attack,delay_response,0.0,6.0,6.006,6.006,6.005968,False,closed,open,False,False,False,False,observable age exceeds the freshness budget,upstream of the hub stamp; the hub re-stamps at receipt
e2-20260813,E2_nonce_bound_affirmation,9,A1,deployable,0.005,attack,delay_response,0.0,6.0,6.0038,6.0038,6.003843,False,closed,open,False,False,False,False,observable age exceeds the freshness budget,upstream of the hub stamp; the hub re-stamps at receipt
e2-20260813,E2_nonce_bound_affirmation,10,A1,deployable,0.005,attack,delay_response,0.0,6.0,6.0056,6.0056,6.005642,False,closed,open,False,False,False,False,observable age exceeds the freshness budget,upstream of the hub stamp; the hub re-stamps at receipt
e2-20260813,E2_nonce_bound_affirmation,11,A1,deployable,0.005,attack,delay_response,0.0,6.0,6.004,6.004,6.003992,False,closed,open,False,False,False,False,observable age exceeds the freshness budget,upstream of the hub stamp; the hub re-stamps at receipt
e2-20260813,E2_nonce_bound_affirmation,12,A1,deployable,0.005,attack,delay_response,0.0,6.0,6.0087,6.0087,6.008658,False,closed,open,False,False,False,False,observable age exceeds the freshness budget,upstream of the hub stamp; the hub re-stamps at receipt
e2-20260813,E2_nonce_bound_affirmation,13,A1,deployable,0.005,attack,delay_response,0.0,6.0,6.005,6.005,6.004964,False,closed,open,False,False,False,False,observable age exceeds the freshness budget,upstream of the hub stamp; the hub re-stamps at receipt
e2-20260813,E2_nonce_bound_affirmation,14,A1,deployable,0.005,attack,delay_response,0.0,6.0,6.0021,6.0021,6.002076,False,closed,open,False,False,False,False,observable age exceeds the freshness budget,upstream of the hub stamp; the hub re-stamps at receipt
e2-20260813,E2_nonce_bound_affirmation,15,A1,deployable,0.005,attack,delay_response,0.0,6.0,6.0032,6.0032,6.003179,False,closed,open,False,False,False,False,observable age exceeds the freshness budget,upstream of the hub stamp; the hub re-stamps at receipt
e2-20260813,E2_nonce_bound_affirmation,16,A1,deployable,0.005,attack,delay_response,0.0,6.0,6.0055,6.0055,6.005517,False,closed,open,False,False,False,False,observable age exceeds the freshness budget,upstream of the hub stamp; the hub re-stamps at receipt
e2-20260813,E2_nonce_bound_affirmation,17,A1,deployable,0.005,attack,delay_response,0.0,6.0,6.0051,6.0051,6.00514,False,closed,open,False,False,False,False,observable age exceeds the freshness budget,upstream of the hub stamp; the hub re-stamps at receipt
e2-20260813,E2_nonce_bound_affirmation,18,A1,deployable,0.005,attack,delay_response,0.0,6.0,6.0039,6.0039,6.003863,False,closed,open,False,False,False,False,observable age exceeds the freshness budget,upstream of the hub stamp; the hub re-stamps at receipt
e2-20260813,E2_nonce_bound_affirmation,19,A1,deployable,0.005,attack,delay_response,0.0,6.0,6.0013,6.0013,6.001304,False,closed,open,False,False,False,False,observable age exceeds the freshness budget,upstream of the hub stamp; the hub re-stamps at receipt
e2-20260813,E2_nonce_bound_affirmation,0,A1,deployable,0.025,benign,none,0.0,0.0,0.0013,0.0013,0.001277,True,closed,closed,False,False,False,False,response inside the round-trip bound,upstream of the hub stamp; the hub re-stamps at receipt
e2-20260813,E2_nonce_bound_affirmation,1,A1,deployable,0.025,benign,none,0.0,0.0,0.0037,0.0037,0.003664,True,closed,closed,False,False,False,False,response inside the round-trip bound,upstream of the hub stamp; the hub re-stamps at receipt
e2-20260813,E2_nonce_bound_affirmation,2,A1,deployable,0.025,benign,none,0.0,0.0,0.0066,0.0066,0.006606,True,closed,closed,False,False,False,False,response inside the round-trip bound,upstream of the hub stamp; the hub re-stamps at receipt
e2-20260813,E2_nonce_bound_affirmation,3,A1,deployable,0.025,benign,none,0.0,0.0,0.0061,0.0061,0.006055,True,closed,closed,False,False,False,False,response inside the round-trip bound,upstream of the hub stamp; the hub re-stamps at receipt
e2-20260813,E2_nonce_bound_affirmation,4,A1,deployable,0.025,benign,none,0.0,0.0,0.0031,0.0031,0.003092,True,closed,closed,False,False,False,False,response inside the round-trip bound,upstream of the hub stamp; the hub re-stamps at receipt
e2-20260813,E2_nonce_bound_affirmation,5,A1,deployable,0.025,benign,none,0.0,0.0,0.0049,0.0049,0.004949,True,closed,closed,False,False,False,False,response inside the round-trip bound,upstream of the hub stamp; the hub re-stamps at receipt
e2-20260813,E2_nonce_bound_affirmation,6,A1,deployable,0.025,benign,none,0.0,0.0,0.0054,0.0054,0.005357,True,closed,closed,False,False,False,False,response inside the round-trip bound,upstream of the hub stamp; the hub re-stamps at receipt
e2-20260813,E2_nonce_bound_affirmation,7,A1,deployable,0.025,benign,none,0.0,0.0,0.0054,0.0054,0.005397,True,closed,closed,False,False,False,False,response inside the round-trip bound,upstream of the hub stamp; the hub re-stamps at receipt
e2-20260813,E2_nonce_bound_affirmation,8,A1,deployable,0.025,benign,none,0.0,0.0,0.0064,0.0064,0.006401,True,closed,closed,False,False,False,False,response inside the round-trip bound,upstream of the hub stamp; the hub re-stamps at receipt
e2-20260813,E2_nonce_bound_affirmation,9,A1,deployable,0.025,benign,none,0.0,0.0,0.0085,0.0085,0.008542,True,closed,closed,False,False,False,False,response inside the round-trip bound,upstream of the hub stamp; the hub re-stamps at receipt
e2-20260813,E2_nonce_bound_affirmation,10,A1,deployable,0.025,benign,none,0.0,0.0,0.001,0.001,0.000982,True,closed,closed,False,False,False,False,response inside the round-trip bound,upstream of the hub stamp; the hub re-stamps at receipt
e2-20260813,E2_nonce_bound_affirmation,11,A1,deployable,0.025,benign,none,0.0,0.0,0.0065,0.0065,0.006528,True,closed,closed,False,False,False,False,response inside the round-trip bound,upstream of the hub stamp; the hub re-stamps at receipt
e2-20260813,E2_nonce_bound_affirmation,12,A1,deployable,0.025,benign,none,0.0,0.0,0.0026,0.0026,0.002576,True,closed,closed,False,False,False,False,response inside the round-trip bound,upstream of the hub stamp; the hub re-stamps at receipt
e2-20260813,E2_nonce_bound_affirmation,13,A1,deployable,0.025,benign,none,0.0,0.0,0.0068,0.0068,0.006835,True,closed,closed,False,False,False,False,response inside the round-trip bound,upstream of the hub stamp; the hub re-stamps at receipt
e2-20260813,E2_nonce_bound_affirmation,14,A1,deployable,0.025,benign,none,0.0,0.0,0.0015,0.0015,0.001492,True,closed,closed,False,False,False,False,response inside the round-trip bound,upstream of the hub stamp; the hub re-stamps at receipt
e2-20260813,E2_nonce_bound_affirmation,15,A1,deployable,0.025,benign,none,0.0,0.0,0.0043,0.0043,0.004286,True,closed,closed,False,False,False,False,response inside the round-trip bound,upstream of the hub stamp; the hub re-stamps at receipt
e2-20260813,E2_nonce_bound_affirmation,16,A1,deployable,0.025,benign,none,0.0,0.0,0.0051,0.0051,0.00513,True,closed,closed,False,False,False,False,response inside the round-trip bound,upstream of the hub stamp; the hub re-stamps at receipt
e2-20260813,E2_nonce_bound_affirmation,17,A1,deployable,0.025,benign,none,0.0,0.0,0.0081,0.0081,0.008055,True,closed,closed,False,False,False,False,response inside the round-trip bound,upstream of the hub stamp; the hub re-stamps at receipt
e2-20260813,E2_nonce_bound_affirmation,18,A1,deployable,0.025,benign,none,0.0,0.0,0.0049,0.0049,0.004906,True,closed,closed,False,False,False,False,response inside the round-trip bound,upstream of the hub stamp; the hub re-stamps at receipt
e2-20260813,E2_nonce_bound_affirmation,19,A1,deployable,0.025,benign,none,0.0,0.0,0.0063,0.0063,0.006344,True,closed,closed,False,False,False,False,response inside the round-trip bound,upstream of the hub stamp; the hub re-stamps at receipt
e2-20260813,E2_nonce_bound_affirmation,0,A1,deployable,0.025,attack,release_held,6.0,0.0,6.0027,0.0027,0.002693,True,closed,open,True,True,False,False,response inside the round-trip bound,upstream of the hub stamp; the hub re-stamps at receipt
e2-20260813,E2_nonce_bound_affirmation,1,A1,deployable,0.025,attack,release_held,6.0,0.0,6.0039,0.0039,0.00394,True,closed,open,True,True,False,False,response inside the round-trip bound,upstream of the hub stamp; the hub re-stamps at receipt
e2-20260813,E2_nonce_bound_affirmation,2,A1,deployable,0.025,attack,release_held,6.0,0.0,6.006,0.006,0.005991,True,closed,open,True,True,False,False,response inside the round-trip bound,upstream of the hub stamp; the hub re-stamps at receipt
e2-20260813,E2_nonce_bound_affirmation,3,A1,deployable,0.025,attack,release_held,6.0,0.0,6.0073,0.0073,0.007271,True,closed,open,True,True,False,False,response inside the round-trip bound,upstream of the hub stamp; the hub re-stamps at receipt
e2-20260813,E2_nonce_bound_affirmation,4,A1,deployable,0.025,attack,release_held,6.0,0.0,6.0067,0.0067,0.006739,True,closed,open,True,True,False,False,response inside the round-trip bound,upstream of the hub stamp; the hub re-stamps at receipt
e2-20260813,E2_nonce_bound_affirmation,5,A1,deployable,0.025,attack,release_held,6.0,0.0,6.0086,0.0086,0.008603,True,closed,open,True,True,False,False,response inside the round-trip bound,upstream of the hub stamp; the hub re-stamps at receipt
e2-20260813,E2_nonce_bound_affirmation,6,A1,deployable,0.025,attack,release_held,6.0,0.0,6.0049,0.0049,0.004894,True,closed,open,True,True,False,False,response inside the round-trip bound,upstream of the hub stamp; the hub re-stamps at receipt
e2-20260813,E2_nonce_bound_affirmation,7,A1,deployable,0.025,attack,release_held,6.0,0.0,6.0034,0.0034,0.003419,True,closed,open,True,True,False,False,response inside the round-trip bound,upstream of the hub stamp; the hub re-stamps at receipt
e2-20260813,E2_nonce_bound_affirmation,8,A1,deployable,0.025,attack,release_held,6.0,0.0,6.0055,0.0055,0.005497,True,closed,open,True,True,False,False,response inside the round-trip bound,upstream of the hub stamp; the hub re-stamps at receipt
e2-20260813,E2_nonce_bound_affirmation,9,A1,deployable,0.025,attack,release_held,6.0,0.0,6.0016,0.0016,0.001571,True,closed,open,True,True,False,False,response inside the round-trip bound,upstream of the hub stamp; the hub re-stamps at receipt
e2-20260813,E2_nonce_bound_affirmation,10,A1,deployable,0.025,attack,release_held,6.0,0.0,6.0054,0.0054,0.005405,True,closed,open,True,True,False,False,response inside the round-trip bound,upstream of the hub stamp; the hub re-stamps at receipt
e2-20260813,E2_nonce_bound_affirmation,11,A1,deployable,0.025,attack,release_held,6.0,0.0,6.0086,0.0086,0.00864,True,closed,open,True,True,False,False,response inside the round-trip bound,upstream of the hub stamp; the hub re-stamps at receipt
e2-20260813,E2_nonce_bound_affirmation,12,A1,deployable,0.025,attack,release_held,6.0,0.0,6.0026,0.0026,0.002606,True,closed,open,True,True,False,False,response inside the round-trip bound,upstream of the hub stamp; the hub re-stamps at receipt
e2-20260813,E2_nonce_bound_affirmation,13,A1,deployable,0.025,attack,release_held,6.0,0.0,6.0013,0.0013,0.001281,True,closed,open,True,True,False,False,response inside the round-trip bound,upstream of the hub stamp; the hub re-stamps at receipt
e2-20260813,E2_nonce_bound_affirmation,14,A1,deployable,0.025,attack,release_held,6.0,0.0,6.0063,0.0063,0.006254,True,closed,open,True,True,False,False,response inside the round-trip bound,upstream of the hub stamp; the hub re-stamps at receipt
e2-20260813,E2_nonce_bound_affirmation,15,A1,deployable,0.025,attack,release_held,6.0,0.0,6.0057,0.0057,0.005702,True,closed,open,True,True,False,False,response inside the round-trip bound,upstream of the hub stamp; the hub re-stamps at receipt
e2-20260813,E2_nonce_bound_affirmation,16,A1,deployable,0.025,attack,release_held,6.0,0.0,6.008,0.008,0.007986,True,closed,open,True,True,False,False,response inside the round-trip bound,upstream of the hub stamp; the hub re-stamps at receipt
e2-20260813,E2_nonce_bound_affirmation,17,A1,deployable,0.025,attack,release_held,6.0,0.0,6.0066,0.0066,0.006622,True,closed,open,True,True,False,False,response inside the round-trip bound,upstream of the hub stamp; the hub re-stamps at receipt
e2-20260813,E2_nonce_bound_affirmation,18,A1,deployable,0.025,attack,release_held,6.0,0.0,6.0058,0.0058,0.005832,True,closed,open,True,True,False,False,response inside the round-trip bound,upstream of the hub stamp; the hub re-stamps at receipt
e2-20260813,E2_nonce_bound_affirmation,19,A1,deployable,0.025,attack,release_held,6.0,0.0,6.0026,0.0026,0.002634,True,closed,open,True,True,False,False,response inside the round-trip bound,upstream of the hub stamp; the hub re-stamps at receipt
e2-20260813,E2_nonce_bound_affirmation,0,A1,deployable,0.025,attack,delay_response,0.0,6.0,6.0068,6.0068,6.006763,False,closed,open,False,False,False,False,observable age exceeds the freshness budget,upstream of the hub stamp; the hub re-stamps at receipt
e2-20260813,E2_nonce_bound_affirmation,1,A1,deployable,0.025,attack,delay_response,0.0,6.0,6.006,6.006,6.006022,False,closed,open,False,False,False,False,observable age exceeds the freshness budget,upstream of the hub stamp; the hub re-stamps at receipt
e2-20260813,E2_nonce_bound_affirmation,2,A1,deployable,0.025,attack,delay_response,0.0,6.0,6.0036,6.0036,6.00357,False,closed,open,False,False,False,False,observable age exceeds the freshness budget,upstream of the hub stamp; the hub re-stamps at receipt
e2-20260813,E2_nonce_bound_affirmation,3,A1,deployable,0.025,attack,delay_response,0.0,6.0,6.0009,6.0009,6.000895,False,closed,open,False,False,False,False,observable age exceeds the freshness budget,upstream of the hub stamp; the hub re-stamps at receipt
e2-20260813,E2_nonce_bound_affirmation,4,A1,deployable,0.025,attack,delay_response,0.0,6.0,6.008,6.008,6.007995,False,closed,open,False,False,False,False,observable age exceeds the freshness budget,upstream of the hub stamp; the hub re-stamps at receipt
e2-20260813,E2_nonce_bound_affirmation,5,A1,deployable,0.025,attack,delay_response,0.0,6.0,6.0056,6.0056,6.005647,False,closed,open,False,False,False,False,observable age exceeds the freshness budget,upstream of the hub stamp; the hub re-stamps at receipt
e2-20260813,E2_nonce_bound_affirmation,6,A1,deployable,0.025,attack,delay_response,0.0,6.0,6.002,6.002,6.002017,False,closed,open,False,False,False,False,observable age exceeds the freshness budget,upstream of the hub stamp; the hub re-stamps at receipt
e2-20260813,E2_nonce_bound_affirmation,7,A1,deployable,0.025,attack,delay_response,0.0,6.0,6.0055,6.0055,6.005538,False,closed,open,False,False,False,False,observable age exceeds the freshness budget,upstream of the hub stamp; the hub re-stamps at receipt
e2-20260813,E2_nonce_bound_affirmation,8,A1,deployable,0.025,attack,delay_response,0.0,6.0,6.0071,6.0071,6.007061,False,closed,open,False,False,False,False,observable age exceeds the freshness budget,upstream of the hub stamp; the hub re-stamps at receipt
e2-20260813,E2_nonce_bound_affirmation,9,A1,deployable,0.025,attack,delay_response,0.0,6.0,6.0022,6.0022,6.002182,False,closed,open,False,False,False,False,observable age exceeds the freshness budget,upstream of the hub stamp; the hub re-stamps at receipt
e2-20260813,E2_nonce_bound_affirmation,10,A1,deployable,0.025,attack,delay_response,0.0,6.0,6.0013,6.0013,6.001252,False,closed,open,False,False,False,False,observable age exceeds the freshness budget,upstream of the hub stamp; the hub re-stamps at receipt
e2-20260813,E2_nonce_bound_affirmation,11,A1,deployable,0.025,attack,delay_response,0.0,6.0,6.0023,6.0023,6.002281,False,closed,open,False,False,False,False,observable age exceeds the freshness budget,upstream of the hub stamp; the hub re-stamps at receipt
e2-20260813,E2_nonce_bound_affirmation,12,A1,deployable,0.025,attack,delay_response,0.0,6.0,6.0086,6.0086,6.008605,False,closed,open,False,False,False,False,observable age exceeds the freshness budget,upstream of the hub stamp; the hub re-stamps at receipt
e2-20260813,E2_nonce_bound_affirmation,13,A1,deployable,0.025,attack,delay_response,0.0,6.0,6.0038,6.0038,6.00384,False,closed,open,False,False,False,False,observable age exceeds the freshness budget,upstream of the hub stamp; the hub re-stamps at receipt
e2-20260813,E2_nonce_bound_affirmation,14,A1,deployable,0.025,attack,delay_response,0.0,6.0,6.0045,6.0045,6.004464,False,closed,open,False,False,False,False,observable age exceeds the freshness budget,upstream of the hub stamp; the hub re-stamps at receipt
e2-20260813,E2_nonce_bound_affirmation,15,A1,deployable,0.025,attack,delay_response,0.0,6.0,6.0088,6.0088,6.008831,False,closed,open,False,False,False,False,observable age exceeds the freshness budget,upstream of the hub stamp; the hub re-stamps at receipt
e2-20260813,E2_nonce_bound_affirmation,16,A1,deployable,0.025,attack,delay_response,0.0,6.0,6.0012,6.0012,6.001224,False,closed,open,False,False,False,False,observable age exceeds the freshness budget,upstream of the hub stamp; the hub re-stamps at receipt
e2-20260813,E2_nonce_bound_affirmation,17,A1,deployable,0.025,attack,delay_response,0.0,6.0,6.0029,6.0029,6.002872,False,closed,open,False,False,False,False,observable age exceeds the freshness budget,upstream of the hub stamp; the hub re-stamps at receipt
e2-20260813,E2_nonce_bound_affirmation,18,A1,deployable,0.025,attack,delay_response,0.0,6.0,6.0031,6.0031,6.00309,False,closed,open,False,False,False,False,observable age exceeds the freshness budget,upstream of the hub stamp; the hub re-stamps at receipt
e2-20260813,E2_nonce_bound_affirmation,19,A1,deployable,0.025,attack,delay_response,0.0,6.0,6.0083,6.0083,6.008319,False,closed,open,False,False,False,False,observable age exceeds the freshness budget,upstream of the hub stamp; the hub re-stamps at receipt
e2-20260813,E2_nonce_bound_affirmation,0,A1,deployable,0.1,benign,none,0.0,0.0,0.0038,0.0038,0.003771,True,closed,closed,False,False,False,False,response inside the round-trip bound,upstream of the hub stamp; the hub re-stamps at receipt
e2-20260813,E2_nonce_bound_affirmation,1,A1,deployable,0.1,benign,none,0.0,0.0,0.0065,0.0065,0.006489,True,closed,closed,False,False,False,False,response inside the round-trip bound,upstream of the hub stamp; the hub re-stamps at receipt
e2-20260813,E2_nonce_bound_affirmation,2,A1,deployable,0.1,benign,none,0.0,0.0,0.005,0.005,0.00502,True,closed,closed,False,False,False,False,response inside the round-trip bound,upstream of the hub stamp; the hub re-stamps at receipt
e2-20260813,E2_nonce_bound_affirmation,3,A1,deployable,0.1,benign,none,0.0,0.0,0.0039,0.0039,0.003935,True,closed,closed,False,False,False,False,response inside the round-trip bound,upstream of the hub stamp; the hub re-stamps at receipt
e2-20260813,E2_nonce_bound_affirmation,4,A1,deployable,0.1,benign,none,0.0,0.0,0.0066,0.0066,0.006575,True,closed,closed,False,False,False,False,response inside the round-trip bound,upstream of the hub stamp; the hub re-stamps at receipt
e2-20260813,E2_nonce_bound_affirmation,5,A1,deployable,0.1,benign,none,0.0,0.0,0.0019,0.0019,0.001949,True,closed,closed,False,False,False,False,response inside the round-trip bound,upstream of the hub stamp; the hub re-stamps at receipt
e2-20260813,E2_nonce_bound_affirmation,6,A1,deployable,0.1,benign,none,0.0,0.0,0.0088,0.0088,0.008779,True,closed,closed,False,False,False,False,response inside the round-trip bound,upstream of the hub stamp; the hub re-stamps at receipt
e2-20260813,E2_nonce_bound_affirmation,7,A1,deployable,0.1,benign,none,0.0,0.0,0.003,0.003,0.003026,True,closed,closed,False,False,False,False,response inside the round-trip bound,upstream of the hub stamp; the hub re-stamps at receipt
e2-20260813,E2_nonce_bound_affirmation,8,A1,deployable,0.1,benign,none,0.0,0.0,0.0089,0.0089,0.008937,True,closed,closed,False,False,False,False,response inside the round-trip bound,upstream of the hub stamp; the hub re-stamps at receipt
e2-20260813,E2_nonce_bound_affirmation,9,A1,deployable,0.1,benign,none,0.0,0.0,0.0016,0.0016,0.001619,True,closed,closed,False,False,False,False,response inside the round-trip bound,upstream of the hub stamp; the hub re-stamps at receipt
e2-20260813,E2_nonce_bound_affirmation,10,A1,deployable,0.1,benign,none,0.0,0.0,0.0088,0.0088,0.008799,True,closed,closed,False,False,False,False,response inside the round-trip bound,upstream of the hub stamp; the hub re-stamps at receipt
e2-20260813,E2_nonce_bound_affirmation,11,A1,deployable,0.1,benign,none,0.0,0.0,0.0086,0.0086,0.008556,True,closed,closed,False,False,False,False,response inside the round-trip bound,upstream of the hub stamp; the hub re-stamps at receipt
e2-20260813,E2_nonce_bound_affirmation,12,A1,deployable,0.1,benign,none,0.0,0.0,0.0067,0.0067,0.006689,True,closed,closed,False,False,False,False,response inside the round-trip bound,upstream of the hub stamp; the hub re-stamps at receipt
e2-20260813,E2_nonce_bound_affirmation,13,A1,deployable,0.1,benign,none,0.0,0.0,0.0086,0.0086,0.008611,True,closed,closed,False,False,False,False,response inside the round-trip bound,upstream of the hub stamp; the hub re-stamps at receipt
e2-20260813,E2_nonce_bound_affirmation,14,A1,deployable,0.1,benign,none,0.0,0.0,0.0084,0.0084,0.008373,True,closed,closed,False,False,False,False,response inside the round-trip bound,upstream of the hub stamp; the hub re-stamps at receipt
e2-20260813,E2_nonce_bound_affirmation,15,A1,deployable,0.1,benign,none,0.0,0.0,0.0037,0.0037,0.003686,True,closed,closed,False,False,False,False,response inside the round-trip bound,upstream of the hub stamp; the hub re-stamps at receipt
e2-20260813,E2_nonce_bound_affirmation,16,A1,deployable,0.1,benign,none,0.0,0.0,0.0056,0.0056,0.005644,True,closed,closed,False,False,False,False,response inside the round-trip bound,upstream of the hub stamp; the hub re-stamps at receipt
e2-20260813,E2_nonce_bound_affirmation,17,A1,deployable,0.1,benign,none,0.0,0.0,0.0009,0.0009,0.000894,True,closed,closed,False,False,False,False,response inside the round-trip bound,upstream of the hub stamp; the hub re-stamps at receipt
e2-20260813,E2_nonce_bound_affirmation,18,A1,deployable,0.1,benign,none,0.0,0.0,0.0056,0.0056,0.005598,True,closed,closed,False,False,False,False,response inside the round-trip bound,upstream of the hub stamp; the hub re-stamps at receipt
e2-20260813,E2_nonce_bound_affirmation,19,A1,deployable,0.1,benign,none,0.0,0.0,0.007,0.007,0.007015,True,closed,closed,False,False,False,False,response inside the round-trip bound,upstream of the hub stamp; the hub re-stamps at receipt
e2-20260813,E2_nonce_bound_affirmation,0,A1,deployable,0.1,attack,release_held,6.0,0.0,6.0084,0.0084,0.008368,True,closed,open,True,True,False,False,response inside the round-trip bound,upstream of the hub stamp; the hub re-stamps at receipt
e2-20260813,E2_nonce_bound_affirmation,1,A1,deployable,0.1,attack,release_held,6.0,0.0,6.0018,0.0018,0.001807,True,closed,open,True,True,False,False,response inside the round-trip bound,upstream of the hub stamp; the hub re-stamps at receipt
e2-20260813,E2_nonce_bound_affirmation,2,A1,deployable,0.1,attack,release_held,6.0,0.0,6.0068,0.0068,0.006771,True,closed,open,True,True,False,False,response inside the round-trip bound,upstream of the hub stamp; the hub re-stamps at receipt
e2-20260813,E2_nonce_bound_affirmation,3,A1,deployable,0.1,attack,release_held,6.0,0.0,6.002,0.002,0.002014,True,closed,open,True,True,False,False,response inside the round-trip bound,upstream of the hub stamp; the hub re-stamps at receipt
e2-20260813,E2_nonce_bound_affirmation,4,A1,deployable,0.1,attack,release_held,6.0,0.0,6.0032,0.0032,0.003234,True,closed,open,True,True,False,False,response inside the round-trip bound,upstream of the hub stamp; the hub re-stamps at receipt
e2-20260813,E2_nonce_bound_affirmation,5,A1,deployable,0.1,attack,release_held,6.0,0.0,6.0073,0.0073,0.007331,True,closed,open,True,True,False,False,response inside the round-trip bound,upstream of the hub stamp; the hub re-stamps at receipt
e2-20260813,E2_nonce_bound_affirmation,6,A1,deployable,0.1,attack,release_held,6.0,0.0,6.0069,0.0069,0.006918,True,closed,open,True,True,False,False,response inside the round-trip bound,upstream of the hub stamp; the hub re-stamps at receipt
e2-20260813,E2_nonce_bound_affirmation,7,A1,deployable,0.1,attack,release_held,6.0,0.0,6.0024,0.0024,0.002364,True,closed,open,True,True,False,False,response inside the round-trip bound,upstream of the hub stamp; the hub re-stamps at receipt
e2-20260813,E2_nonce_bound_affirmation,8,A1,deployable,0.1,attack,release_held,6.0,0.0,6.0041,0.0041,0.004129,True,closed,open,True,True,False,False,response inside the round-trip bound,upstream of the hub stamp; the hub re-stamps at receipt
e2-20260813,E2_nonce_bound_affirmation,9,A1,deployable,0.1,attack,release_held,6.0,0.0,6.0035,0.0035,0.003507,True,closed,open,True,True,False,False,response inside the round-trip bound,upstream of the hub stamp; the hub re-stamps at receipt
e2-20260813,E2_nonce_bound_affirmation,10,A1,deployable,0.1,attack,release_held,6.0,0.0,6.0078,0.0078,0.007811,True,closed,open,True,True,False,False,response inside the round-trip bound,upstream of the hub stamp; the hub re-stamps at receipt
e2-20260813,E2_nonce_bound_affirmation,11,A1,deployable,0.1,attack,release_held,6.0,0.0,6.009,0.009,0.008997,True,closed,open,True,True,False,False,response inside the round-trip bound,upstream of the hub stamp; the hub re-stamps at receipt
e2-20260813,E2_nonce_bound_affirmation,12,A1,deployable,0.1,attack,release_held,6.0,0.0,6.0023,0.0023,0.002271,True,closed,open,True,True,False,False,response inside the round-trip bound,upstream of the hub stamp; the hub re-stamps at receipt
e2-20260813,E2_nonce_bound_affirmation,13,A1,deployable,0.1,attack,release_held,6.0,0.0,6.0011,0.0011,0.001097,True,closed,open,True,True,False,False,response inside the round-trip bound,upstream of the hub stamp; the hub re-stamps at receipt
e2-20260813,E2_nonce_bound_affirmation,14,A1,deployable,0.1,attack,release_held,6.0,0.0,6.0022,0.0022,0.002226,True,closed,open,True,True,False,False,response inside the round-trip bound,upstream of the hub stamp; the hub re-stamps at receipt
e2-20260813,E2_nonce_bound_affirmation,15,A1,deployable,0.1,attack,release_held,6.0,0.0,6.0032,0.0032,0.003206,True,closed,open,True,True,False,False,response inside the round-trip bound,upstream of the hub stamp; the hub re-stamps at receipt
e2-20260813,E2_nonce_bound_affirmation,16,A1,deployable,0.1,attack,release_held,6.0,0.0,6.0029,0.0029,0.002867,True,closed,open,True,True,False,False,response inside the round-trip bound,upstream of the hub stamp; the hub re-stamps at receipt
e2-20260813,E2_nonce_bound_affirmation,17,A1,deployable,0.1,attack,release_held,6.0,0.0,6.0039,0.0039,0.003896,True,closed,open,True,True,False,False,response inside the round-trip bound,upstream of the hub stamp; the hub re-stamps at receipt
e2-20260813,E2_nonce_bound_affirmation,18,A1,deployable,0.1,attack,release_held,6.0,0.0,6.0056,0.0056,0.005647,True,closed,open,True,True,False,False,response inside the round-trip bound,upstream of the hub stamp; the hub re-stamps at receipt
e2-20260813,E2_nonce_bound_affirmation,19,A1,deployable,0.1,attack,release_held,6.0,0.0,6.004,0.004,0.004045,True,closed,open,True,True,False,False,response inside the round-trip bound,upstream of the hub stamp; the hub re-stamps at receipt
e2-20260813,E2_nonce_bound_affirmation,0,A1,deployable,0.1,attack,delay_response,0.0,6.0,6.0073,6.0073,6.00727,False,closed,open,False,False,False,False,observable age exceeds the freshness budget,upstream of the hub stamp; the hub re-stamps at receipt
e2-20260813,E2_nonce_bound_affirmation,1,A1,deployable,0.1,attack,delay_response,0.0,6.0,6.0059,6.0059,6.005889,False,closed,open,False,False,False,False,observable age exceeds the freshness budget,upstream of the hub stamp; the hub re-stamps at receipt
e2-20260813,E2_nonce_bound_affirmation,2,A1,deployable,0.1,attack,delay_response,0.0,6.0,6.0072,6.0072,6.007222,False,closed,open,False,False,False,False,observable age exceeds the freshness budget,upstream of the hub stamp; the hub re-stamps at receipt
e2-20260813,E2_nonce_bound_affirmation,3,A1,deployable,0.1,attack,delay_response,0.0,6.0,6.004,6.004,6.00397,False,closed,open,False,False,False,False,observable age exceeds the freshness budget,upstream of the hub stamp; the hub re-stamps at receipt
e2-20260813,E2_nonce_bound_affirmation,4,A1,deployable,0.1,attack,delay_response,0.0,6.0,6.0029,6.0029,6.002918,False,closed,open,False,False,False,False,observable age exceeds the freshness budget,upstream of the hub stamp; the hub re-stamps at receipt
e2-20260813,E2_nonce_bound_affirmation,5,A1,deployable,0.1,attack,delay_response,0.0,6.0,6.0077,6.0077,6.007725,False,closed,open,False,False,False,False,observable age exceeds the freshness budget,upstream of the hub stamp; the hub re-stamps at receipt
e2-20260813,E2_nonce_bound_affirmation,6,A1,deployable,0.1,attack,delay_response,0.0,6.0,6.007,6.007,6.006957,False,closed,open,False,False,False,False,observable age exceeds the freshness budget,upstream of the hub stamp; the hub re-stamps at receipt
e2-20260813,E2_nonce_bound_affirmation,7,A1,deployable,0.1,attack,delay_response,0.0,6.0,6.0051,6.0051,6.005051,False,closed,open,False,False,False,False,observable age exceeds the freshness budget,upstream of the hub stamp; the hub re-stamps at receipt
e2-20260813,E2_nonce_bound_affirmation,8,A1,deployable,0.1,attack,delay_response,0.0,6.0,6.0032,6.0032,6.003158,False,closed,open,False,False,False,False,observable age exceeds the freshness budget,upstream of the hub stamp; the hub re-stamps at receipt
e2-20260813,E2_nonce_bound_affirmation,9,A1,deployable,0.1,attack,delay_response,0.0,6.0,6.0052,6.0052,6.005215,False,closed,open,False,False,False,False,observable age exceeds the freshness budget,upstream of the hub stamp; the hub re-stamps at receipt
e2-20260813,E2_nonce_bound_affirmation,10,A1,deployable,0.1,attack,delay_response,0.0,6.0,6.0038,6.0038,6.003814,False,closed,open,False,False,False,False,observable age exceeds the freshness budget,upstream of the hub stamp; the hub re-stamps at receipt
e2-20260813,E2_nonce_bound_affirmation,11,A1,deployable,0.1,attack,delay_response,0.0,6.0,6.0023,6.0023,6.002284,False,closed,open,False,False,False,False,observable age exceeds the freshness budget,upstream of the hub stamp; the hub re-stamps at receipt
e2-20260813,E2_nonce_bound_affirmation,12,A1,deployable,0.1,attack,delay_response,0.0,6.0,6.0051,6.0051,6.00506,False,closed,open,False,False,False,False,observable age exceeds the freshness budget,upstream of the hub stamp; the hub re-stamps at receipt
e2-20260813,E2_nonce_bound_affirmation,13,A1,deployable,0.1,attack,delay_response,0.0,6.0,6.0063,6.0063,6.006273,False,closed,open,False,False,False,False,observable age exceeds the freshness budget,upstream of the hub stamp; the hub re-stamps at receipt
e2-20260813,E2_nonce_bound_affirmation,14,A1,deployable,0.1,attack,delay_response,0.0,6.0,6.0053,6.0053,6.005286,False,closed,open,False,False,False,False,observable age exceeds the freshness budget,upstream of the hub stamp; the hub re-stamps at receipt
e2-20260813,E2_nonce_bound_affirmation,15,A1,deployable,0.1,attack,delay_response,0.0,6.0,6.0034,6.0034,6.003447,False,closed,open,False,False,False,False,observable age exceeds the freshness budget,upstream of the hub stamp; the hub re-stamps at receipt
e2-20260813,E2_nonce_bound_affirmation,16,A1,deployable,0.1,attack,delay_response,0.0,6.0,6.0083,6.0083,6.00828,False,closed,open,False,False,False,False,observable age exceeds the freshness budget,upstream of the hub stamp; the hub re-stamps at receipt
e2-20260813,E2_nonce_bound_affirmation,17,A1,deployable,0.1,attack,delay_response,0.0,6.0,6.0011,6.0011,6.001053,False,closed,open,False,False,False,False,observable age exceeds the freshness budget,upstream of the hub stamp; the hub re-stamps at receipt
e2-20260813,E2_nonce_bound_affirmation,18,A1,deployable,0.1,attack,delay_response,0.0,6.0,6.0086,6.0086,6.008637,False,closed,open,False,False,False,False,observable age exceeds the freshness budget,upstream of the hub stamp; the hub re-stamps at receipt
e2-20260813,E2_nonce_bound_affirmation,19,A1,deployable,0.1,attack,delay_response,0.0,6.0,6.0083,6.0083,6.008299,False,closed,open,False,False,False,False,observable age exceeds the freshness budget,upstream of the hub stamp; the hub re-stamps at receipt
e2-20260813,E2_nonce_bound_affirmation,0,A1,deployable,0.5,benign,none,0.0,0.0,0.0072,0.0072,0.007181,True,closed,closed,False,False,False,False,response inside the round-trip bound,upstream of the hub stamp; the hub re-stamps at receipt
e2-20260813,E2_nonce_bound_affirmation,1,A1,deployable,0.5,benign,none,0.0,0.0,0.0017,0.0017,0.001729,True,closed,closed,False,False,False,False,response inside the round-trip bound,upstream of the hub stamp; the hub re-stamps at receipt
e2-20260813,E2_nonce_bound_affirmation,2,A1,deployable,0.5,benign,none,0.0,0.0,0.0059,0.0059,0.00594,True,closed,closed,False,False,False,False,response inside the round-trip bound,upstream of the hub stamp; the hub re-stamps at receipt
e2-20260813,E2_nonce_bound_affirmation,3,A1,deployable,0.5,benign,none,0.0,0.0,0.0065,0.0065,0.006538,True,closed,closed,False,False,False,False,response inside the round-trip bound,upstream of the hub stamp; the hub re-stamps at receipt
e2-20260813,E2_nonce_bound_affirmation,4,A1,deployable,0.5,benign,none,0.0,0.0,0.0017,0.0017,0.001736,True,closed,closed,False,False,False,False,response inside the round-trip bound,upstream of the hub stamp; the hub re-stamps at receipt
e2-20260813,E2_nonce_bound_affirmation,5,A1,deployable,0.5,benign,none,0.0,0.0,0.0018,0.0018,0.001792,True,closed,closed,False,False,False,False,response inside the round-trip bound,upstream of the hub stamp; the hub re-stamps at receipt
e2-20260813,E2_nonce_bound_affirmation,6,A1,deployable,0.5,benign,none,0.0,0.0,0.0077,0.0077,0.007733,True,closed,closed,False,False,False,False,response inside the round-trip bound,upstream of the hub stamp; the hub re-stamps at receipt
e2-20260813,E2_nonce_bound_affirmation,7,A1,deployable,0.5,benign,none,0.0,0.0,0.0076,0.0076,0.007622,True,closed,closed,False,False,False,False,response inside the round-trip bound,upstream of the hub stamp; the hub re-stamps at receipt
e2-20260813,E2_nonce_bound_affirmation,8,A1,deployable,0.5,benign,none,0.0,0.0,0.0018,0.0018,0.001781,True,closed,closed,False,False,False,False,response inside the round-trip bound,upstream of the hub stamp; the hub re-stamps at receipt
e2-20260813,E2_nonce_bound_affirmation,9,A1,deployable,0.5,benign,none,0.0,0.0,0.0079,0.0079,0.007867,True,closed,closed,False,False,False,False,response inside the round-trip bound,upstream of the hub stamp; the hub re-stamps at receipt
e2-20260813,E2_nonce_bound_affirmation,10,A1,deployable,0.5,benign,none,0.0,0.0,0.0046,0.0046,0.00457,True,closed,closed,False,False,False,False,response inside the round-trip bound,upstream of the hub stamp; the hub re-stamps at receipt
e2-20260813,E2_nonce_bound_affirmation,11,A1,deployable,0.5,benign,none,0.0,0.0,0.0027,0.0027,0.002677,True,closed,closed,False,False,False,False,response inside the round-trip bound,upstream of the hub stamp; the hub re-stamps at receipt
e2-20260813,E2_nonce_bound_affirmation,12,A1,deployable,0.5,benign,none,0.0,0.0,0.0031,0.0031,0.003128,True,closed,closed,False,False,False,False,response inside the round-trip bound,upstream of the hub stamp; the hub re-stamps at receipt
e2-20260813,E2_nonce_bound_affirmation,13,A1,deployable,0.5,benign,none,0.0,0.0,0.0011,0.0011,0.001084,True,closed,closed,False,False,False,False,response inside the round-trip bound,upstream of the hub stamp; the hub re-stamps at receipt
e2-20260813,E2_nonce_bound_affirmation,14,A1,deployable,0.5,benign,none,0.0,0.0,0.0039,0.0039,0.003908,True,closed,closed,False,False,False,False,response inside the round-trip bound,upstream of the hub stamp; the hub re-stamps at receipt
e2-20260813,E2_nonce_bound_affirmation,15,A1,deployable,0.5,benign,none,0.0,0.0,0.0039,0.0039,0.003931,True,closed,closed,False,False,False,False,response inside the round-trip bound,upstream of the hub stamp; the hub re-stamps at receipt
e2-20260813,E2_nonce_bound_affirmation,16,A1,deployable,0.5,benign,none,0.0,0.0,0.008,0.008,0.007971,True,closed,closed,False,False,False,False,response inside the round-trip bound,upstream of the hub stamp; the hub re-stamps at receipt
e2-20260813,E2_nonce_bound_affirmation,17,A1,deployable,0.5,benign,none,0.0,0.0,0.0028,0.0028,0.002846,True,closed,closed,False,False,False,False,response inside the round-trip bound,upstream of the hub stamp; the hub re-stamps at receipt
e2-20260813,E2_nonce_bound_affirmation,18,A1,deployable,0.5,benign,none,0.0,0.0,0.0073,0.0073,0.007328,True,closed,closed,False,False,False,False,response inside the round-trip bound,upstream of the hub stamp; the hub re-stamps at receipt
e2-20260813,E2_nonce_bound_affirmation,19,A1,deployable,0.5,benign,none,0.0,0.0,0.0082,0.0082,0.008152,True,closed,closed,False,False,False,False,response inside the round-trip bound,upstream of the hub stamp; the hub re-stamps at receipt
e2-20260813,E2_nonce_bound_affirmation,0,A1,deployable,0.5,attack,release_held,6.0,0.0,6.0011,0.0011,0.00111,True,closed,open,True,True,False,False,response inside the round-trip bound,upstream of the hub stamp; the hub re-stamps at receipt
e2-20260813,E2_nonce_bound_affirmation,1,A1,deployable,0.5,attack,release_held,6.0,0.0,6.0082,0.0082,0.008233,True,closed,open,True,True,False,False,response inside the round-trip bound,upstream of the hub stamp; the hub re-stamps at receipt
e2-20260813,E2_nonce_bound_affirmation,2,A1,deployable,0.5,attack,release_held,6.0,0.0,6.0068,0.0068,0.006787,True,closed,open,True,True,False,False,response inside the round-trip bound,upstream of the hub stamp; the hub re-stamps at receipt
e2-20260813,E2_nonce_bound_affirmation,3,A1,deployable,0.5,attack,release_held,6.0,0.0,6.0024,0.0024,0.00238,True,closed,open,True,True,False,False,response inside the round-trip bound,upstream of the hub stamp; the hub re-stamps at receipt
e2-20260813,E2_nonce_bound_affirmation,4,A1,deployable,0.5,attack,release_held,6.0,0.0,6.0032,0.0032,0.003182,True,closed,open,True,True,False,False,response inside the round-trip bound,upstream of the hub stamp; the hub re-stamps at receipt
e2-20260813,E2_nonce_bound_affirmation,5,A1,deployable,0.5,attack,release_held,6.0,0.0,6.0033,0.0033,0.003256,True,closed,open,True,True,False,False,response inside the round-trip bound,upstream of the hub stamp; the hub re-stamps at receipt
e2-20260813,E2_nonce_bound_affirmation,6,A1,deployable,0.5,attack,release_held,6.0,0.0,6.0047,0.0047,0.004699,True,closed,open,True,True,False,False,response inside the round-trip bound,upstream of the hub stamp; the hub re-stamps at receipt
e2-20260813,E2_nonce_bound_affirmation,7,A1,deployable,0.5,attack,release_held,6.0,0.0,6.0082,0.0082,0.008223,True,closed,open,True,True,False,False,response inside the round-trip bound,upstream of the hub stamp; the hub re-stamps at receipt
e2-20260813,E2_nonce_bound_affirmation,8,A1,deployable,0.5,attack,release_held,6.0,0.0,6.0015,0.0015,0.001491,True,closed,open,True,True,False,False,response inside the round-trip bound,upstream of the hub stamp; the hub re-stamps at receipt
e2-20260813,E2_nonce_bound_affirmation,9,A1,deployable,0.5,attack,release_held,6.0,0.0,6.0086,0.0086,0.008598,True,closed,open,True,True,False,False,response inside the round-trip bound,upstream of the hub stamp; the hub re-stamps at receipt
e2-20260813,E2_nonce_bound_affirmation,10,A1,deployable,0.5,attack,release_held,6.0,0.0,6.0049,0.0049,0.004914,True,closed,open,True,True,False,False,response inside the round-trip bound,upstream of the hub stamp; the hub re-stamps at receipt
e2-20260813,E2_nonce_bound_affirmation,11,A1,deployable,0.5,attack,release_held,6.0,0.0,6.0077,0.0077,0.00771,True,closed,open,True,True,False,False,response inside the round-trip bound,upstream of the hub stamp; the hub re-stamps at receipt
e2-20260813,E2_nonce_bound_affirmation,12,A1,deployable,0.5,attack,release_held,6.0,0.0,6.0089,0.0089,0.008934,True,closed,open,True,True,False,False,response inside the round-trip bound,upstream of the hub stamp; the hub re-stamps at receipt
e2-20260813,E2_nonce_bound_affirmation,13,A1,deployable,0.5,attack,release_held,6.0,0.0,6.0062,0.0062,0.006243,True,closed,open,True,True,False,False,response inside the round-trip bound,upstream of the hub stamp; the hub re-stamps at receipt
e2-20260813,E2_nonce_bound_affirmation,14,A1,deployable,0.5,attack,release_held,6.0,0.0,6.0069,0.0069,0.006925,True,closed,open,True,True,False,False,response inside the round-trip bound,upstream of the hub stamp; the hub re-stamps at receipt
e2-20260813,E2_nonce_bound_affirmation,15,A1,deployable,0.5,attack,release_held,6.0,0.0,6.0008,0.0008,0.000804,True,closed,open,True,True,False,False,response inside the round-trip bound,upstream of the hub stamp; the hub re-stamps at receipt
e2-20260813,E2_nonce_bound_affirmation,16,A1,deployable,0.5,attack,release_held,6.0,0.0,6.0084,0.0084,0.008389,True,closed,open,True,True,False,False,response inside the round-trip bound,upstream of the hub stamp; the hub re-stamps at receipt
e2-20260813,E2_nonce_bound_affirmation,17,A1,deployable,0.5,attack,release_held,6.0,0.0,6.0056,0.0056,0.005551,True,closed,open,True,True,False,False,response inside the round-trip bound,upstream of the hub stamp; the hub re-stamps at receipt
e2-20260813,E2_nonce_bound_affirmation,18,A1,deployable,0.5,attack,release_held,6.0,0.0,6.006,0.006,0.006037,True,closed,open,True,True,False,False,response inside the round-trip bound,upstream of the hub stamp; the hub re-stamps at receipt
e2-20260813,E2_nonce_bound_affirmation,19,A1,deployable,0.5,attack,release_held,6.0,0.0,6.0039,0.0039,0.00388,True,closed,open,True,True,False,False,response inside the round-trip bound,upstream of the hub stamp; the hub re-stamps at receipt
e2-20260813,E2_nonce_bound_affirmation,0,A1,deployable,0.5,attack,delay_response,0.0,6.0,6.0067,6.0067,6.006705,False,closed,open,False,False,False,False,observable age exceeds the freshness budget,upstream of the hub stamp; the hub re-stamps at receipt
e2-20260813,E2_nonce_bound_affirmation,1,A1,deployable,0.5,attack,delay_response,0.0,6.0,6.0062,6.0062,6.006203,False,closed,open,False,False,False,False,observable age exceeds the freshness budget,upstream of the hub stamp; the hub re-stamps at receipt
e2-20260813,E2_nonce_bound_affirmation,2,A1,deployable,0.5,attack,delay_response,0.0,6.0,6.0021,6.0021,6.002087,False,closed,open,False,False,False,False,observable age exceeds the freshness budget,upstream of the hub stamp; the hub re-stamps at receipt
e2-20260813,E2_nonce_bound_affirmation,3,A1,deployable,0.5,attack,delay_response,0.0,6.0,6.0084,6.0084,6.008361,False,closed,open,False,False,False,False,observable age exceeds the freshness budget,upstream of the hub stamp; the hub re-stamps at receipt
e2-20260813,E2_nonce_bound_affirmation,4,A1,deployable,0.5,attack,delay_response,0.0,6.0,6.0076,6.0076,6.007612,False,closed,open,False,False,False,False,observable age exceeds the freshness budget,upstream of the hub stamp; the hub re-stamps at receipt
e2-20260813,E2_nonce_bound_affirmation,5,A1,deployable,0.5,attack,delay_response,0.0,6.0,6.0083,6.0083,6.008281,False,closed,open,False,False,False,False,observable age exceeds the freshness budget,upstream of the hub stamp; the hub re-stamps at receipt
e2-20260813,E2_nonce_bound_affirmation,6,A1,deployable,0.5,attack,delay_response,0.0,6.0,6.0089,6.0089,6.008925,False,closed,open,False,False,False,False,observable age exceeds the freshness budget,upstream of the hub stamp; the hub re-stamps at receipt
e2-20260813,E2_nonce_bound_affirmation,7,A1,deployable,0.5,attack,delay_response,0.0,6.0,6.0011,6.0011,6.0011,False,closed,open,False,False,False,False,observable age exceeds the freshness budget,upstream of the hub stamp; the hub re-stamps at receipt
e2-20260813,E2_nonce_bound_affirmation,8,A1,deployable,0.5,attack,delay_response,0.0,6.0,6.0049,6.0049,6.004896,False,closed,open,False,False,False,False,observable age exceeds the freshness budget,upstream of the hub stamp; the hub re-stamps at receipt
e2-20260813,E2_nonce_bound_affirmation,9,A1,deployable,0.5,attack,delay_response,0.0,6.0,6.0073,6.0073,6.007301,False,closed,open,False,False,False,False,observable age exceeds the freshness budget,upstream of the hub stamp; the hub re-stamps at receipt
e2-20260813,E2_nonce_bound_affirmation,10,A1,deployable,0.5,attack,delay_response,0.0,6.0,6.0073,6.0073,6.007306,False,closed,open,False,False,False,False,observable age exceeds the freshness budget,upstream of the hub stamp; the hub re-stamps at receipt
e2-20260813,E2_nonce_bound_affirmation,11,A1,deployable,0.5,attack,delay_response,0.0,6.0,6.0023,6.0023,6.002312,False,closed,open,False,False,False,False,observable age exceeds the freshness budget,upstream of the hub stamp; the hub re-stamps at receipt
e2-20260813,E2_nonce_bound_affirmation,12,A1,deployable,0.5,attack,delay_response,0.0,6.0,6.0069,6.0069,6.006931,False,closed,open,False,False,False,False,observable age exceeds the freshness budget,upstream of the hub stamp; the hub re-stamps at receipt
e2-20260813,E2_nonce_bound_affirmation,13,A1,deployable,0.5,attack,delay_response,0.0,6.0,6.0047,6.0047,6.00469,False,closed,open,False,False,False,False,observable age exceeds the freshness budget,upstream of the hub stamp; the hub re-stamps at receipt
e2-20260813,E2_nonce_bound_affirmation,14,A1,deployable,0.5,attack,delay_response,0.0,6.0,6.0012,6.0012,6.001193,False,closed,open,False,False,False,False,observable age exceeds the freshness budget,upstream of the hub stamp; the hub re-stamps at receipt
e2-20260813,E2_nonce_bound_affirmation,15,A1,deployable,0.5,attack,delay_response,0.0,6.0,6.0068,6.0068,6.006785,False,closed,open,False,False,False,False,observable age exceeds the freshness budget,upstream of the hub stamp; the hub re-stamps at receipt
e2-20260813,E2_nonce_bound_affirmation,16,A1,deployable,0.5,attack,delay_response,0.0,6.0,6.0056,6.0056,6.005598,False,closed,open,False,False,False,False,observable age exceeds the freshness budget,upstream of the hub stamp; the hub re-stamps at receipt
e2-20260813,E2_nonce_bound_affirmation,17,A1,deployable,0.5,attack,delay_response,0.0,6.0,6.0076,6.0076,6.007605,False,closed,open,False,False,False,False,observable age exceeds the freshness budget,upstream of the hub stamp; the hub re-stamps at receipt
e2-20260813,E2_nonce_bound_affirmation,18,A1,deployable,0.5,attack,delay_response,0.0,6.0,6.0055,6.0055,6.005517,False,closed,open,False,False,False,False,observable age exceeds the freshness budget,upstream of the hub stamp; the hub re-stamps at receipt
e2-20260813,E2_nonce_bound_affirmation,19,A1,deployable,0.5,attack,delay_response,0.0,6.0,6.008,6.008,6.007987,False,closed,open,False,False,False,False,observable age exceeds the freshness budget,upstream of the hub stamp; the hub re-stamps at receipt
e2-20260813,E2_nonce_bound_affirmation,0,A1,strong,0.001,benign,none,0.0,0.0,0.0066,0.0066,0.006647,False,closed,closed,False,False,True,True,round trip 0.007s > bound 0.001s,upstream of the hub stamp; the hub re-stamps at receipt
e2-20260813,E2_nonce_bound_affirmation,1,A1,strong,0.001,benign,none,0.0,0.0,0.0032,0.0032,0.003236,False,closed,closed,False,False,True,True,round trip 0.003s > bound 0.001s,upstream of the hub stamp; the hub re-stamps at receipt
e2-20260813,E2_nonce_bound_affirmation,2,A1,strong,0.001,benign,none,0.0,0.0,0.0031,0.0031,0.003119,False,closed,closed,False,False,True,True,round trip 0.003s > bound 0.001s,upstream of the hub stamp; the hub re-stamps at receipt
e2-20260813,E2_nonce_bound_affirmation,3,A1,strong,0.001,benign,none,0.0,0.0,0.0068,0.0068,0.006812,False,closed,closed,False,False,True,True,round trip 0.007s > bound 0.001s,upstream of the hub stamp; the hub re-stamps at receipt
e2-20260813,E2_nonce_bound_affirmation,4,A1,strong,0.001,benign,none,0.0,0.0,0.0063,0.0063,0.006258,False,closed,closed,False,False,True,True,round trip 0.006s > bound 0.001s,upstream of the hub stamp; the hub re-stamps at receipt
e2-20260813,E2_nonce_bound_affirmation,5,A1,strong,0.001,benign,none,0.0,0.0,0.0018,0.0018,0.00175,False,closed,closed,False,False,True,True,round trip 0.002s > bound 0.001s,upstream of the hub stamp; the hub re-stamps at receipt
e2-20260813,E2_nonce_bound_affirmation,6,A1,strong,0.001,benign,none,0.0,0.0,0.008,0.008,0.00797,False,closed,closed,False,False,True,True,round trip 0.008s > bound 0.001s,upstream of the hub stamp; the hub re-stamps at receipt
e2-20260813,E2_nonce_bound_affirmation,7,A1,strong,0.001,benign,none,0.0,0.0,0.0087,0.0087,0.008734,False,closed,closed,False,False,True,True,round trip 0.009s > bound 0.001s,upstream of the hub stamp; the hub re-stamps at receipt
e2-20260813,E2_nonce_bound_affirmation,8,A1,strong,0.001,benign,none,0.0,0.0,0.002,0.002,0.002001,False,closed,closed,False,False,True,True,round trip 0.002s > bound 0.001s,upstream of the hub stamp; the hub re-stamps at receipt
e2-20260813,E2_nonce_bound_affirmation,9,A1,strong,0.001,benign,none,0.0,0.0,0.002,0.002,0.002036,False,closed,closed,False,False,True,True,round trip 0.002s > bound 0.001s,upstream of the hub stamp; the hub re-stamps at receipt
e2-20260813,E2_nonce_bound_affirmation,10,A1,strong,0.001,benign,none,0.0,0.0,0.008,0.008,0.007967,False,closed,closed,False,False,True,True,round trip 0.008s > bound 0.001s,upstream of the hub stamp; the hub re-stamps at receipt
e2-20260813,E2_nonce_bound_affirmation,11,A1,strong,0.001,benign,none,0.0,0.0,0.0059,0.0059,0.005894,False,closed,closed,False,False,True,True,round trip 0.006s > bound 0.001s,upstream of the hub stamp; the hub re-stamps at receipt
e2-20260813,E2_nonce_bound_affirmation,12,A1,strong,0.001,benign,none,0.0,0.0,0.0079,0.0079,0.007913,False,closed,closed,False,False,True,True,round trip 0.008s > bound 0.001s,upstream of the hub stamp; the hub re-stamps at receipt
e2-20260813,E2_nonce_bound_affirmation,13,A1,strong,0.001,benign,none,0.0,0.0,0.0043,0.0043,0.004343,False,closed,closed,False,False,True,True,round trip 0.004s > bound 0.001s,upstream of the hub stamp; the hub re-stamps at receipt
e2-20260813,E2_nonce_bound_affirmation,14,A1,strong,0.001,benign,none,0.0,0.0,0.0077,0.0077,0.007694,False,closed,closed,False,False,True,True,round trip 0.008s > bound 0.001s,upstream of the hub stamp; the hub re-stamps at receipt
e2-20260813,E2_nonce_bound_affirmation,15,A1,strong,0.001,benign,none,0.0,0.0,0.0035,0.0035,0.003477,False,closed,closed,False,False,True,True,round trip 0.003s > bound 0.001s,upstream of the hub stamp; the hub re-stamps at receipt
e2-20260813,E2_nonce_bound_affirmation,16,A1,strong,0.001,benign,none,0.0,0.0,0.0023,0.0023,0.002251,False,closed,closed,False,False,True,True,round trip 0.002s > bound 0.001s,upstream of the hub stamp; the hub re-stamps at receipt
e2-20260813,E2_nonce_bound_affirmation,17,A1,strong,0.001,benign,none,0.0,0.0,0.0024,0.0024,0.002359,False,closed,closed,False,False,True,True,round trip 0.002s > bound 0.001s,upstream of the hub stamp; the hub re-stamps at receipt
e2-20260813,E2_nonce_bound_affirmation,18,A1,strong,0.001,benign,none,0.0,0.0,0.0035,0.0035,0.00353,False,closed,closed,False,False,True,True,round trip 0.004s > bound 0.001s,upstream of the hub stamp; the hub re-stamps at receipt
e2-20260813,E2_nonce_bound_affirmation,19,A1,strong,0.001,benign,none,0.0,0.0,0.0034,0.0034,0.003424,False,closed,closed,False,False,True,True,round trip 0.003s > bound 0.001s,upstream of the hub stamp; the hub re-stamps at receipt
e2-20260813,E2_nonce_bound_affirmation,0,A1,strong,0.001,attack,release_held,6.0,0.0,6.0034,0.0034,0.003394,False,closed,open,False,False,False,True,no device binding for this challenge,upstream of the hub stamp; the hub re-stamps at receipt
e2-20260813,E2_nonce_bound_affirmation,1,A1,strong,0.001,attack,release_held,6.0,0.0,6.0046,0.0046,0.004587,False,closed,open,False,False,False,True,no device binding for this challenge,upstream of the hub stamp; the hub re-stamps at receipt
e2-20260813,E2_nonce_bound_affirmation,2,A1,strong,0.001,attack,release_held,6.0,0.0,6.0072,0.0072,0.007248,False,closed,open,False,False,False,True,no device binding for this challenge,upstream of the hub stamp; the hub re-stamps at receipt
e2-20260813,E2_nonce_bound_affirmation,3,A1,strong,0.001,attack,release_held,6.0,0.0,6.0058,0.0058,0.005783,False,closed,open,False,False,False,True,no device binding for this challenge,upstream of the hub stamp; the hub re-stamps at receipt
e2-20260813,E2_nonce_bound_affirmation,4,A1,strong,0.001,attack,release_held,6.0,0.0,6.0043,0.0043,0.004348,False,closed,open,False,False,False,True,no device binding for this challenge,upstream of the hub stamp; the hub re-stamps at receipt
e2-20260813,E2_nonce_bound_affirmation,5,A1,strong,0.001,attack,release_held,6.0,0.0,6.0082,0.0082,0.008174,False,closed,open,False,False,False,True,no device binding for this challenge,upstream of the hub stamp; the hub re-stamps at receipt
e2-20260813,E2_nonce_bound_affirmation,6,A1,strong,0.001,attack,release_held,6.0,0.0,6.0075,0.0075,0.007503,False,closed,open,False,False,False,True,no device binding for this challenge,upstream of the hub stamp; the hub re-stamps at receipt
e2-20260813,E2_nonce_bound_affirmation,7,A1,strong,0.001,attack,release_held,6.0,0.0,6.0014,0.0014,0.001418,False,closed,open,False,False,False,True,no device binding for this challenge,upstream of the hub stamp; the hub re-stamps at receipt
e2-20260813,E2_nonce_bound_affirmation,8,A1,strong,0.001,attack,release_held,6.0,0.0,6.0089,0.0089,0.008902,False,closed,open,False,False,False,True,no device binding for this challenge,upstream of the hub stamp; the hub re-stamps at receipt
e2-20260813,E2_nonce_bound_affirmation,9,A1,strong,0.001,attack,release_held,6.0,0.0,6.0064,0.0064,0.006395,False,closed,open,False,False,False,True,no device binding for this challenge,upstream of the hub stamp; the hub re-stamps at receipt
e2-20260813,E2_nonce_bound_affirmation,10,A1,strong,0.001,attack,release_held,6.0,0.0,6.0018,0.0018,0.001752,False,closed,open,False,False,False,True,no device binding for this challenge,upstream of the hub stamp; the hub re-stamps at receipt
e2-20260813,E2_nonce_bound_affirmation,11,A1,strong,0.001,attack,release_held,6.0,0.0,6.0055,0.0055,0.005474,False,closed,open,False,False,False,True,no device binding for this challenge,upstream of the hub stamp; the hub re-stamps at receipt
e2-20260813,E2_nonce_bound_affirmation,12,A1,strong,0.001,attack,release_held,6.0,0.0,6.0078,0.0078,0.007797,False,closed,open,False,False,False,True,no device binding for this challenge,upstream of the hub stamp; the hub re-stamps at receipt
e2-20260813,E2_nonce_bound_affirmation,13,A1,strong,0.001,attack,release_held,6.0,0.0,6.0065,0.0065,0.006459,False,closed,open,False,False,False,True,no device binding for this challenge,upstream of the hub stamp; the hub re-stamps at receipt
e2-20260813,E2_nonce_bound_affirmation,14,A1,strong,0.001,attack,release_held,6.0,0.0,6.0017,0.0017,0.001698,False,closed,open,False,False,False,True,no device binding for this challenge,upstream of the hub stamp; the hub re-stamps at receipt
e2-20260813,E2_nonce_bound_affirmation,15,A1,strong,0.001,attack,release_held,6.0,0.0,6.008,0.008,0.007997,False,closed,open,False,False,False,True,no device binding for this challenge,upstream of the hub stamp; the hub re-stamps at receipt
e2-20260813,E2_nonce_bound_affirmation,16,A1,strong,0.001,attack,release_held,6.0,0.0,6.0087,0.0087,0.008703,False,closed,open,False,False,False,True,no device binding for this challenge,upstream of the hub stamp; the hub re-stamps at receipt
e2-20260813,E2_nonce_bound_affirmation,17,A1,strong,0.001,attack,release_held,6.0,0.0,6.0079,0.0079,0.007948,False,closed,open,False,False,False,True,no device binding for this challenge,upstream of the hub stamp; the hub re-stamps at receipt
e2-20260813,E2_nonce_bound_affirmation,18,A1,strong,0.001,attack,release_held,6.0,0.0,6.0041,0.0041,0.004111,False,closed,open,False,False,False,True,no device binding for this challenge,upstream of the hub stamp; the hub re-stamps at receipt
e2-20260813,E2_nonce_bound_affirmation,19,A1,strong,0.001,attack,release_held,6.0,0.0,6.0061,0.0061,0.006146,False,closed,open,False,False,False,True,no device binding for this challenge,upstream of the hub stamp; the hub re-stamps at receipt
e2-20260813,E2_nonce_bound_affirmation,0,A1,strong,0.001,attack,delay_response,0.0,6.0,6.0058,6.0058,6.005752,False,closed,open,False,False,False,True,observable age exceeds the freshness budget,upstream of the hub stamp; the hub re-stamps at receipt
e2-20260813,E2_nonce_bound_affirmation,1,A1,strong,0.001,attack,delay_response,0.0,6.0,6.0047,6.0047,6.004714,False,closed,open,False,False,False,True,observable age exceeds the freshness budget,upstream of the hub stamp; the hub re-stamps at receipt
e2-20260813,E2_nonce_bound_affirmation,2,A1,strong,0.001,attack,delay_response,0.0,6.0,6.0066,6.0066,6.006572,False,closed,open,False,False,False,True,observable age exceeds the freshness budget,upstream of the hub stamp; the hub re-stamps at receipt
e2-20260813,E2_nonce_bound_affirmation,3,A1,strong,0.001,attack,delay_response,0.0,6.0,6.0028,6.0028,6.002821,False,closed,open,False,False,False,True,observable age exceeds the freshness budget,upstream of the hub stamp; the hub re-stamps at receipt
e2-20260813,E2_nonce_bound_affirmation,4,A1,strong,0.001,attack,delay_response,0.0,6.0,6.0073,6.0073,6.00731,False,closed,open,False,False,False,True,observable age exceeds the freshness budget,upstream of the hub stamp; the hub re-stamps at receipt
e2-20260813,E2_nonce_bound_affirmation,5,A1,strong,0.001,attack,delay_response,0.0,6.0,6.0048,6.0048,6.004845,False,closed,open,False,False,False,True,observable age exceeds the freshness budget,upstream of the hub stamp; the hub re-stamps at receipt
e2-20260813,E2_nonce_bound_affirmation,6,A1,strong,0.001,attack,delay_response,0.0,6.0,6.0056,6.0056,6.005647,False,closed,open,False,False,False,True,observable age exceeds the freshness budget,upstream of the hub stamp; the hub re-stamps at receipt
e2-20260813,E2_nonce_bound_affirmation,7,A1,strong,0.001,attack,delay_response,0.0,6.0,6.0074,6.0074,6.00742,False,closed,open,False,False,False,True,observable age exceeds the freshness budget,upstream of the hub stamp; the hub re-stamps at receipt
e2-20260813,E2_nonce_bound_affirmation,8,A1,strong,0.001,attack,delay_response,0.0,6.0,6.0036,6.0036,6.003633,False,closed,open,False,False,False,True,observable age exceeds the freshness budget,upstream of the hub stamp; the hub re-stamps at receipt
e2-20260813,E2_nonce_bound_affirmation,9,A1,strong,0.001,attack,delay_response,0.0,6.0,6.0016,6.0016,6.001639,False,closed,open,False,False,False,True,observable age exceeds the freshness budget,upstream of the hub stamp; the hub re-stamps at receipt
e2-20260813,E2_nonce_bound_affirmation,10,A1,strong,0.001,attack,delay_response,0.0,6.0,6.0035,6.0035,6.00349,False,closed,open,False,False,False,True,observable age exceeds the freshness budget,upstream of the hub stamp; the hub re-stamps at receipt
e2-20260813,E2_nonce_bound_affirmation,11,A1,strong,0.001,attack,delay_response,0.0,6.0,6.0056,6.0056,6.005614,False,closed,open,False,False,False,True,observable age exceeds the freshness budget,upstream of the hub stamp; the hub re-stamps at receipt
e2-20260813,E2_nonce_bound_affirmation,12,A1,strong,0.001,attack,delay_response,0.0,6.0,6.0064,6.0064,6.006361,False,closed,open,False,False,False,True,observable age exceeds the freshness budget,upstream of the hub stamp; the hub re-stamps at receipt
e2-20260813,E2_nonce_bound_affirmation,13,A1,strong,0.001,attack,delay_response,0.0,6.0,6.0076,6.0076,6.007591,False,closed,open,False,False,False,True,observable age exceeds the freshness budget,upstream of the hub stamp; the hub re-stamps at receipt
e2-20260813,E2_nonce_bound_affirmation,14,A1,strong,0.001,attack,delay_response,0.0,6.0,6.0049,6.0049,6.004936,False,closed,open,False,False,False,True,observable age exceeds the freshness budget,upstream of the hub stamp; the hub re-stamps at receipt
e2-20260813,E2_nonce_bound_affirmation,15,A1,strong,0.001,attack,delay_response,0.0,6.0,6.0058,6.0058,6.0058,False,closed,open,False,False,False,True,observable age exceeds the freshness budget,upstream of the hub stamp; the hub re-stamps at receipt
e2-20260813,E2_nonce_bound_affirmation,16,A1,strong,0.001,attack,delay_response,0.0,6.0,6.0089,6.0089,6.008852,False,closed,open,False,False,False,True,observable age exceeds the freshness budget,upstream of the hub stamp; the hub re-stamps at receipt
e2-20260813,E2_nonce_bound_affirmation,17,A1,strong,0.001,attack,delay_response,0.0,6.0,6.0021,6.0021,6.002088,False,closed,open,False,False,False,True,observable age exceeds the freshness budget,upstream of the hub stamp; the hub re-stamps at receipt
e2-20260813,E2_nonce_bound_affirmation,18,A1,strong,0.001,attack,delay_response,0.0,6.0,6.0021,6.0021,6.002079,False,closed,open,False,False,False,True,observable age exceeds the freshness budget,upstream of the hub stamp; the hub re-stamps at receipt
e2-20260813,E2_nonce_bound_affirmation,19,A1,strong,0.001,attack,delay_response,0.0,6.0,6.0039,6.0039,6.003874,False,closed,open,False,False,False,True,observable age exceeds the freshness budget,upstream of the hub stamp; the hub re-stamps at receipt
e2-20260813,E2_nonce_bound_affirmation,0,A1,strong,0.002,benign,none,0.0,0.0,0.0086,0.0086,0.008563,False,closed,closed,False,False,True,True,round trip 0.009s > bound 0.002s,upstream of the hub stamp; the hub re-stamps at receipt
e2-20260813,E2_nonce_bound_affirmation,1,A1,strong,0.002,benign,none,0.0,0.0,0.0015,0.0015,0.001484,True,closed,closed,False,False,False,True,device-bound affirmation inside the bound,upstream of the hub stamp; the hub re-stamps at receipt
e2-20260813,E2_nonce_bound_affirmation,2,A1,strong,0.002,benign,none,0.0,0.0,0.0012,0.0012,0.001159,True,closed,closed,False,False,False,True,device-bound affirmation inside the bound,upstream of the hub stamp; the hub re-stamps at receipt
e2-20260813,E2_nonce_bound_affirmation,3,A1,strong,0.002,benign,none,0.0,0.0,0.0046,0.0046,0.004557,False,closed,closed,False,False,True,True,round trip 0.005s > bound 0.002s,upstream of the hub stamp; the hub re-stamps at receipt
e2-20260813,E2_nonce_bound_affirmation,4,A1,strong,0.002,benign,none,0.0,0.0,0.0018,0.0018,0.001753,True,closed,closed,False,False,False,True,device-bound affirmation inside the bound,upstream of the hub stamp; the hub re-stamps at receipt
e2-20260813,E2_nonce_bound_affirmation,5,A1,strong,0.002,benign,none,0.0,0.0,0.0088,0.0088,0.008775,False,closed,closed,False,False,True,True,round trip 0.009s > bound 0.002s,upstream of the hub stamp; the hub re-stamps at receipt
e2-20260813,E2_nonce_bound_affirmation,6,A1,strong,0.002,benign,none,0.0,0.0,0.0079,0.0079,0.007947,False,closed,closed,False,False,True,True,round trip 0.008s > bound 0.002s,upstream of the hub stamp; the hub re-stamps at receipt
e2-20260813,E2_nonce_bound_affirmation,7,A1,strong,0.002,benign,none,0.0,0.0,0.0079,0.0079,0.007864,False,closed,closed,False,False,True,True,round trip 0.008s > bound 0.002s,upstream of the hub stamp; the hub re-stamps at receipt
e2-20260813,E2_nonce_bound_affirmation,8,A1,strong,0.002,benign,none,0.0,0.0,0.0027,0.0027,0.002712,False,closed,closed,False,False,True,True,round trip 0.003s > bound 0.002s,upstream of the hub stamp; the hub re-stamps at receipt
e2-20260813,E2_nonce_bound_affirmation,9,A1,strong,0.002,benign,none,0.0,0.0,0.0015,0.0015,0.00148,True,closed,closed,False,False,False,True,device-bound affirmation inside the bound,upstream of the hub stamp; the hub re-stamps at receipt
e2-20260813,E2_nonce_bound_affirmation,10,A1,strong,0.002,benign,none,0.0,0.0,0.0079,0.0079,0.007927,False,closed,closed,False,False,True,True,round trip 0.008s > bound 0.002s,upstream of the hub stamp; the hub re-stamps at receipt
e2-20260813,E2_nonce_bound_affirmation,11,A1,strong,0.002,benign,none,0.0,0.0,0.0009,0.0009,0.000856,True,closed,closed,False,False,False,True,device-bound affirmation inside the bound,upstream of the hub stamp; the hub re-stamps at receipt
e2-20260813,E2_nonce_bound_affirmation,12,A1,strong,0.002,benign,none,0.0,0.0,0.0064,0.0064,0.006353,False,closed,closed,False,False,True,True,round trip 0.006s > bound 0.002s,upstream of the hub stamp; the hub re-stamps at receipt
e2-20260813,E2_nonce_bound_affirmation,13,A1,strong,0.002,benign,none,0.0,0.0,0.0023,0.0023,0.002318,False,closed,closed,False,False,True,True,round trip 0.002s > bound 0.002s,upstream of the hub stamp; the hub re-stamps at receipt
e2-20260813,E2_nonce_bound_affirmation,14,A1,strong,0.002,benign,none,0.0,0.0,0.0052,0.0052,0.005156,False,closed,closed,False,False,True,True,round trip 0.005s > bound 0.002s,upstream of the hub stamp; the hub re-stamps at receipt
e2-20260813,E2_nonce_bound_affirmation,15,A1,strong,0.002,benign,none,0.0,0.0,0.0053,0.0053,0.005254,False,closed,closed,False,False,True,True,round trip 0.005s > bound 0.002s,upstream of the hub stamp; the hub re-stamps at receipt
e2-20260813,E2_nonce_bound_affirmation,16,A1,strong,0.002,benign,none,0.0,0.0,0.0048,0.0048,0.004764,False,closed,closed,False,False,True,True,round trip 0.005s > bound 0.002s,upstream of the hub stamp; the hub re-stamps at receipt
e2-20260813,E2_nonce_bound_affirmation,17,A1,strong,0.002,benign,none,0.0,0.0,0.0027,0.0027,0.00274,False,closed,closed,False,False,True,True,round trip 0.003s > bound 0.002s,upstream of the hub stamp; the hub re-stamps at receipt
e2-20260813,E2_nonce_bound_affirmation,18,A1,strong,0.002,benign,none,0.0,0.0,0.0081,0.0081,0.008116,False,closed,closed,False,False,True,True,round trip 0.008s > bound 0.002s,upstream of the hub stamp; the hub re-stamps at receipt
e2-20260813,E2_nonce_bound_affirmation,19,A1,strong,0.002,benign,none,0.0,0.0,0.0042,0.0042,0.004217,False,closed,closed,False,False,True,True,round trip 0.004s > bound 0.002s,upstream of the hub stamp; the hub re-stamps at receipt
e2-20260813,E2_nonce_bound_affirmation,0,A1,strong,0.002,attack,release_held,6.0,0.0,6.0061,0.0061,0.006121,False,closed,open,False,False,False,True,no device binding for this challenge,upstream of the hub stamp; the hub re-stamps at receipt
e2-20260813,E2_nonce_bound_affirmation,1,A1,strong,0.002,attack,release_held,6.0,0.0,6.001,0.001,0.000976,False,closed,open,False,False,False,True,no device binding for this challenge,upstream of the hub stamp; the hub re-stamps at receipt
e2-20260813,E2_nonce_bound_affirmation,2,A1,strong,0.002,attack,release_held,6.0,0.0,6.0071,0.0071,0.00705,False,closed,open,False,False,False,True,no device binding for this challenge,upstream of the hub stamp; the hub re-stamps at receipt
e2-20260813,E2_nonce_bound_affirmation,3,A1,strong,0.002,attack,release_held,6.0,0.0,6.0021,0.0021,0.00213,False,closed,open,False,False,False,True,no device binding for this challenge,upstream of the hub stamp; the hub re-stamps at receipt
e2-20260813,E2_nonce_bound_affirmation,4,A1,strong,0.002,attack,release_held,6.0,0.0,6.0085,0.0085,0.008508,False,closed,open,False,False,False,True,no device binding for this challenge,upstream of the hub stamp; the hub re-stamps at receipt
e2-20260813,E2_nonce_bound_affirmation,5,A1,strong,0.002,attack,release_held,6.0,0.0,6.0019,0.0019,0.001906,False,closed,open,False,False,False,True,no device binding for this challenge,upstream of the hub stamp; the hub re-stamps at receipt
e2-20260813,E2_nonce_bound_affirmation,6,A1,strong,0.002,attack,release_held,6.0,0.0,6.0067,0.0067,0.006681,False,closed,open,False,False,False,True,no device binding for this challenge,upstream of the hub stamp; the hub re-stamps at receipt
e2-20260813,E2_nonce_bound_affirmation,7,A1,strong,0.002,attack,release_held,6.0,0.0,6.0064,0.0064,0.006394,False,closed,open,False,False,False,True,no device binding for this challenge,upstream of the hub stamp; the hub re-stamps at receipt
e2-20260813,E2_nonce_bound_affirmation,8,A1,strong,0.002,attack,release_held,6.0,0.0,6.0078,0.0078,0.00779,False,closed,open,False,False,False,True,no device binding for this challenge,upstream of the hub stamp; the hub re-stamps at receipt
e2-20260813,E2_nonce_bound_affirmation,9,A1,strong,0.002,attack,release_held,6.0,0.0,6.0063,0.0063,0.00633,False,closed,open,False,False,False,True,no device binding for this challenge,upstream of the hub stamp; the hub re-stamps at receipt
e2-20260813,E2_nonce_bound_affirmation,10,A1,strong,0.002,attack,release_held,6.0,0.0,6.006,0.006,0.00596,False,closed,open,False,False,False,True,no device binding for this challenge,upstream of the hub stamp; the hub re-stamps at receipt
e2-20260813,E2_nonce_bound_affirmation,11,A1,strong,0.002,attack,release_held,6.0,0.0,6.0023,0.0023,0.002322,False,closed,open,False,False,False,True,no device binding for this challenge,upstream of the hub stamp; the hub re-stamps at receipt
e2-20260813,E2_nonce_bound_affirmation,12,A1,strong,0.002,attack,release_held,6.0,0.0,6.0063,0.0063,0.006284,False,closed,open,False,False,False,True,no device binding for this challenge,upstream of the hub stamp; the hub re-stamps at receipt
e2-20260813,E2_nonce_bound_affirmation,13,A1,strong,0.002,attack,release_held,6.0,0.0,6.0088,0.0088,0.008803,False,closed,open,False,False,False,True,no device binding for this challenge,upstream of the hub stamp; the hub re-stamps at receipt
e2-20260813,E2_nonce_bound_affirmation,14,A1,strong,0.002,attack,release_held,6.0,0.0,6.0059,0.0059,0.005872,False,closed,open,False,False,False,True,no device binding for this challenge,upstream of the hub stamp; the hub re-stamps at receipt
e2-20260813,E2_nonce_bound_affirmation,15,A1,strong,0.002,attack,release_held,6.0,0.0,6.0041,0.0041,0.004059,False,closed,open,False,False,False,True,no device binding for this challenge,upstream of the hub stamp; the hub re-stamps at receipt
e2-20260813,E2_nonce_bound_affirmation,16,A1,strong,0.002,attack,release_held,6.0,0.0,6.0075,0.0075,0.007529,False,closed,open,False,False,False,True,no device binding for this challenge,upstream of the hub stamp; the hub re-stamps at receipt
e2-20260813,E2_nonce_bound_affirmation,17,A1,strong,0.002,attack,release_held,6.0,0.0,6.0039,0.0039,0.003903,False,closed,open,False,False,False,True,no device binding for this challenge,upstream of the hub stamp; the hub re-stamps at receipt
e2-20260813,E2_nonce_bound_affirmation,18,A1,strong,0.002,attack,release_held,6.0,0.0,6.002,0.002,0.00199,False,closed,open,False,False,False,True,no device binding for this challenge,upstream of the hub stamp; the hub re-stamps at receipt
e2-20260813,E2_nonce_bound_affirmation,19,A1,strong,0.002,attack,release_held,6.0,0.0,6.0014,0.0014,0.001375,False,closed,open,False,False,False,True,no device binding for this challenge,upstream of the hub stamp; the hub re-stamps at receipt
e2-20260813,E2_nonce_bound_affirmation,0,A1,strong,0.002,attack,delay_response,0.0,6.0,6.0061,6.0061,6.006093,False,closed,open,False,False,False,True,observable age exceeds the freshness budget,upstream of the hub stamp; the hub re-stamps at receipt
e2-20260813,E2_nonce_bound_affirmation,1,A1,strong,0.002,attack,delay_response,0.0,6.0,6.0049,6.0049,6.004916,False,closed,open,False,False,False,True,observable age exceeds the freshness budget,upstream of the hub stamp; the hub re-stamps at receipt
e2-20260813,E2_nonce_bound_affirmation,2,A1,strong,0.002,attack,delay_response,0.0,6.0,6.0065,6.0065,6.006533,False,closed,open,False,False,False,True,observable age exceeds the freshness budget,upstream of the hub stamp; the hub re-stamps at receipt
e2-20260813,E2_nonce_bound_affirmation,3,A1,strong,0.002,attack,delay_response,0.0,6.0,6.0022,6.0022,6.002239,False,closed,open,False,False,False,True,observable age exceeds the freshness budget,upstream of the hub stamp; the hub re-stamps at receipt
e2-20260813,E2_nonce_bound_affirmation,4,A1,strong,0.002,attack,delay_response,0.0,6.0,6.0009,6.0009,6.000909,False,closed,open,False,False,False,True,observable age exceeds the freshness budget,upstream of the hub stamp; the hub re-stamps at receipt
e2-20260813,E2_nonce_bound_affirmation,5,A1,strong,0.002,attack,delay_response,0.0,6.0,6.0078,6.0078,6.007769,False,closed,open,False,False,False,True,observable age exceeds the freshness budget,upstream of the hub stamp; the hub re-stamps at receipt
e2-20260813,E2_nonce_bound_affirmation,6,A1,strong,0.002,attack,delay_response,0.0,6.0,6.0072,6.0072,6.007239,False,closed,open,False,False,False,True,observable age exceeds the freshness budget,upstream of the hub stamp; the hub re-stamps at receipt
e2-20260813,E2_nonce_bound_affirmation,7,A1,strong,0.002,attack,delay_response,0.0,6.0,6.005,6.005,6.004987,False,closed,open,False,False,False,True,observable age exceeds the freshness budget,upstream of the hub stamp; the hub re-stamps at receipt
e2-20260813,E2_nonce_bound_affirmation,8,A1,strong,0.002,attack,delay_response,0.0,6.0,6.0053,6.0053,6.005271,False,closed,open,False,False,False,True,observable age exceeds the freshness budget,upstream of the hub stamp; the hub re-stamps at receipt
e2-20260813,E2_nonce_bound_affirmation,9,A1,strong,0.002,attack,delay_response,0.0,6.0,6.0021,6.0021,6.002083,False,closed,open,False,False,False,True,observable age exceeds the freshness budget,upstream of the hub stamp; the hub re-stamps at receipt
e2-20260813,E2_nonce_bound_affirmation,10,A1,strong,0.002,attack,delay_response,0.0,6.0,6.0076,6.0076,6.007646,False,closed,open,False,False,False,True,observable age exceeds the freshness budget,upstream of the hub stamp; the hub re-stamps at receipt
e2-20260813,E2_nonce_bound_affirmation,11,A1,strong,0.002,attack,delay_response,0.0,6.0,6.0054,6.0054,6.005435,False,closed,open,False,False,False,True,observable age exceeds the freshness budget,upstream of the hub stamp; the hub re-stamps at receipt
e2-20260813,E2_nonce_bound_affirmation,12,A1,strong,0.002,attack,delay_response,0.0,6.0,6.0068,6.0068,6.006836,False,closed,open,False,False,False,True,observable age exceeds the freshness budget,upstream of the hub stamp; the hub re-stamps at receipt
e2-20260813,E2_nonce_bound_affirmation,13,A1,strong,0.002,attack,delay_response,0.0,6.0,6.0078,6.0078,6.007783,False,closed,open,False,False,False,True,observable age exceeds the freshness budget,upstream of the hub stamp; the hub re-stamps at receipt
e2-20260813,E2_nonce_bound_affirmation,14,A1,strong,0.002,attack,delay_response,0.0,6.0,6.0044,6.0044,6.004404,False,closed,open,False,False,False,True,observable age exceeds the freshness budget,upstream of the hub stamp; the hub re-stamps at receipt
e2-20260813,E2_nonce_bound_affirmation,15,A1,strong,0.002,attack,delay_response,0.0,6.0,6.005,6.005,6.004991,False,closed,open,False,False,False,True,observable age exceeds the freshness budget,upstream of the hub stamp; the hub re-stamps at receipt
e2-20260813,E2_nonce_bound_affirmation,16,A1,strong,0.002,attack,delay_response,0.0,6.0,6.0048,6.0048,6.004788,False,closed,open,False,False,False,True,observable age exceeds the freshness budget,upstream of the hub stamp; the hub re-stamps at receipt
e2-20260813,E2_nonce_bound_affirmation,17,A1,strong,0.002,attack,delay_response,0.0,6.0,6.0054,6.0054,6.00539,False,closed,open,False,False,False,True,observable age exceeds the freshness budget,upstream of the hub stamp; the hub re-stamps at receipt
e2-20260813,E2_nonce_bound_affirmation,18,A1,strong,0.002,attack,delay_response,0.0,6.0,6.0063,6.0063,6.006342,False,closed,open,False,False,False,True,observable age exceeds the freshness budget,upstream of the hub stamp; the hub re-stamps at receipt
e2-20260813,E2_nonce_bound_affirmation,19,A1,strong,0.002,attack,delay_response,0.0,6.0,6.0081,6.0081,6.008095,False,closed,open,False,False,False,True,observable age exceeds the freshness budget,upstream of the hub stamp; the hub re-stamps at receipt
e2-20260813,E2_nonce_bound_affirmation,0,A1,strong,0.005,benign,none,0.0,0.0,0.0013,0.0013,0.001255,True,closed,closed,False,False,False,True,device-bound affirmation inside the bound,upstream of the hub stamp; the hub re-stamps at receipt
e2-20260813,E2_nonce_bound_affirmation,1,A1,strong,0.005,benign,none,0.0,0.0,0.0079,0.0079,0.007898,False,closed,closed,False,False,True,True,round trip 0.008s > bound 0.005s,upstream of the hub stamp; the hub re-stamps at receipt
e2-20260813,E2_nonce_bound_affirmation,2,A1,strong,0.005,benign,none,0.0,0.0,0.0015,0.0015,0.001453,True,closed,closed,False,False,False,True,device-bound affirmation inside the bound,upstream of the hub stamp; the hub re-stamps at receipt
e2-20260813,E2_nonce_bound_affirmation,3,A1,strong,0.005,benign,none,0.0,0.0,0.0057,0.0057,0.005749,False,closed,closed,False,False,True,True,round trip 0.006s > bound 0.005s,upstream of the hub stamp; the hub re-stamps at receipt
e2-20260813,E2_nonce_bound_affirmation,4,A1,strong,0.005,benign,none,0.0,0.0,0.0029,0.0029,0.002941,True,closed,closed,False,False,False,True,device-bound affirmation inside the bound,upstream of the hub stamp; the hub re-stamps at receipt
e2-20260813,E2_nonce_bound_affirmation,5,A1,strong,0.005,benign,none,0.0,0.0,0.0034,0.0034,0.003407,True,closed,closed,False,False,False,True,device-bound affirmation inside the bound,upstream of the hub stamp; the hub re-stamps at receipt
e2-20260813,E2_nonce_bound_affirmation,6,A1,strong,0.005,benign,none,0.0,0.0,0.0039,0.0039,0.003938,True,closed,closed,False,False,False,True,device-bound affirmation inside the bound,upstream of the hub stamp; the hub re-stamps at receipt
e2-20260813,E2_nonce_bound_affirmation,7,A1,strong,0.005,benign,none,0.0,0.0,0.006,0.006,0.006,False,closed,closed,False,False,True,True,round trip 0.006s > bound 0.005s,upstream of the hub stamp; the hub re-stamps at receipt
e2-20260813,E2_nonce_bound_affirmation,8,A1,strong,0.005,benign,none,0.0,0.0,0.0061,0.0061,0.006139,False,closed,closed,False,False,True,True,round trip 0.006s > bound 0.005s,upstream of the hub stamp; the hub re-stamps at receipt
e2-20260813,E2_nonce_bound_affirmation,9,A1,strong,0.005,benign,none,0.0,0.0,0.0046,0.0046,0.004604,True,closed,closed,False,False,False,True,device-bound affirmation inside the bound,upstream of the hub stamp; the hub re-stamps at receipt
e2-20260813,E2_nonce_bound_affirmation,10,A1,strong,0.005,benign,none,0.0,0.0,0.0036,0.0036,0.003567,True,closed,closed,False,False,False,True,device-bound affirmation inside the bound,upstream of the hub stamp; the hub re-stamps at receipt
e2-20260813,E2_nonce_bound_affirmation,11,A1,strong,0.005,benign,none,0.0,0.0,0.001,0.001,0.000995,True,closed,closed,False,False,False,True,device-bound affirmation inside the bound,upstream of the hub stamp; the hub re-stamps at receipt
e2-20260813,E2_nonce_bound_affirmation,12,A1,strong,0.005,benign,none,0.0,0.0,0.001,0.001,0.001015,True,closed,closed,False,False,False,True,device-bound affirmation inside the bound,upstream of the hub stamp; the hub re-stamps at receipt
e2-20260813,E2_nonce_bound_affirmation,13,A1,strong,0.005,benign,none,0.0,0.0,0.0071,0.0071,0.007071,False,closed,closed,False,False,True,True,round trip 0.007s > bound 0.005s,upstream of the hub stamp; the hub re-stamps at receipt
e2-20260813,E2_nonce_bound_affirmation,14,A1,strong,0.005,benign,none,0.0,0.0,0.0041,0.0041,0.004128,True,closed,closed,False,False,False,True,device-bound affirmation inside the bound,upstream of the hub stamp; the hub re-stamps at receipt
e2-20260813,E2_nonce_bound_affirmation,15,A1,strong,0.005,benign,none,0.0,0.0,0.0049,0.0049,0.004942,True,closed,closed,False,False,False,True,device-bound affirmation inside the bound,upstream of the hub stamp; the hub re-stamps at receipt
e2-20260813,E2_nonce_bound_affirmation,16,A1,strong,0.005,benign,none,0.0,0.0,0.0049,0.0049,0.004857,True,closed,closed,False,False,False,True,device-bound affirmation inside the bound,upstream of the hub stamp; the hub re-stamps at receipt
e2-20260813,E2_nonce_bound_affirmation,17,A1,strong,0.005,benign,none,0.0,0.0,0.0031,0.0031,0.003059,True,closed,closed,False,False,False,True,device-bound affirmation inside the bound,upstream of the hub stamp; the hub re-stamps at receipt
e2-20260813,E2_nonce_bound_affirmation,18,A1,strong,0.005,benign,none,0.0,0.0,0.0042,0.0042,0.004226,True,closed,closed,False,False,False,True,device-bound affirmation inside the bound,upstream of the hub stamp; the hub re-stamps at receipt
e2-20260813,E2_nonce_bound_affirmation,19,A1,strong,0.005,benign,none,0.0,0.0,0.0082,0.0082,0.008232,False,closed,closed,False,False,True,True,round trip 0.008s > bound 0.005s,upstream of the hub stamp; the hub re-stamps at receipt
e2-20260813,E2_nonce_bound_affirmation,0,A1,strong,0.005,attack,release_held,6.0,0.0,6.007,0.007,0.006955,False,closed,open,False,False,False,True,no device binding for this challenge,upstream of the hub stamp; the hub re-stamps at receipt
e2-20260813,E2_nonce_bound_affirmation,1,A1,strong,0.005,attack,release_held,6.0,0.0,6.0027,0.0027,0.002702,False,closed,open,False,False,False,True,no device binding for this challenge,upstream of the hub stamp; the hub re-stamps at receipt
e2-20260813,E2_nonce_bound_affirmation,2,A1,strong,0.005,attack,release_held,6.0,0.0,6.0014,0.0014,0.001442,False,closed,open,False,False,False,True,no device binding for this challenge,upstream of the hub stamp; the hub re-stamps at receipt
e2-20260813,E2_nonce_bound_affirmation,3,A1,strong,0.005,attack,release_held,6.0,0.0,6.0011,0.0011,0.001122,False,closed,open,False,False,False,True,no device binding for this challenge,upstream of the hub stamp; the hub re-stamps at receipt
e2-20260813,E2_nonce_bound_affirmation,4,A1,strong,0.005,attack,release_held,6.0,0.0,6.0048,0.0048,0.004766,False,closed,open,False,False,False,True,no device binding for this challenge,upstream of the hub stamp; the hub re-stamps at receipt
e2-20260813,E2_nonce_bound_affirmation,5,A1,strong,0.005,attack,release_held,6.0,0.0,6.0044,0.0044,0.004429,False,closed,open,False,False,False,True,no device binding for this challenge,upstream of the hub stamp; the hub re-stamps at receipt
e2-20260813,E2_nonce_bound_affirmation,6,A1,strong,0.005,attack,release_held,6.0,0.0,6.0066,0.0066,0.006607,False,closed,open,False,False,False,True,no device binding for this challenge,upstream of the hub stamp; the hub re-stamps at receipt
e2-20260813,E2_nonce_bound_affirmation,7,A1,strong,0.005,attack,release_held,6.0,0.0,6.0053,0.0053,0.005314,False,closed,open,False,False,False,True,no device binding for this challenge,upstream of the hub stamp; the hub re-stamps at receipt
e2-20260813,E2_nonce_bound_affirmation,8,A1,strong,0.005,attack,release_held,6.0,0.0,6.0027,0.0027,0.002697,False,closed,open,False,False,False,True,no device binding for this challenge,upstream of the hub stamp; the hub re-stamps at receipt
e2-20260813,E2_nonce_bound_affirmation,9,A1,strong,0.005,attack,release_held,6.0,0.0,6.0066,0.0066,0.006611,False,closed,open,False,False,False,True,no device binding for this challenge,upstream of the hub stamp; the hub re-stamps at receipt
e2-20260813,E2_nonce_bound_affirmation,10,A1,strong,0.005,attack,release_held,6.0,0.0,6.0016,0.0016,0.001561,False,closed,open,False,False,False,True,no device binding for this challenge,upstream of the hub stamp; the hub re-stamps at receipt
e2-20260813,E2_nonce_bound_affirmation,11,A1,strong,0.005,attack,release_held,6.0,0.0,6.0066,0.0066,0.006634,False,closed,open,False,False,False,True,no device binding for this challenge,upstream of the hub stamp; the hub re-stamps at receipt
e2-20260813,E2_nonce_bound_affirmation,12,A1,strong,0.005,attack,release_held,6.0,0.0,6.0069,0.0069,0.00693,False,closed,open,False,False,False,True,no device binding for this challenge,upstream of the hub stamp; the hub re-stamps at receipt
e2-20260813,E2_nonce_bound_affirmation,13,A1,strong,0.005,attack,release_held,6.0,0.0,6.0037,0.0037,0.003653,False,closed,open,False,False,False,True,no device binding for this challenge,upstream of the hub stamp; the hub re-stamps at receipt
e2-20260813,E2_nonce_bound_affirmation,14,A1,strong,0.005,attack,release_held,6.0,0.0,6.0049,0.0049,0.004906,False,closed,open,False,False,False,True,no device binding for this challenge,upstream of the hub stamp; the hub re-stamps at receipt
e2-20260813,E2_nonce_bound_affirmation,15,A1,strong,0.005,attack,release_held,6.0,0.0,6.0032,0.0032,0.003191,False,closed,open,False,False,False,True,no device binding for this challenge,upstream of the hub stamp; the hub re-stamps at receipt
e2-20260813,E2_nonce_bound_affirmation,16,A1,strong,0.005,attack,release_held,6.0,0.0,6.0035,0.0035,0.003549,False,closed,open,False,False,False,True,no device binding for this challenge,upstream of the hub stamp; the hub re-stamps at receipt
e2-20260813,E2_nonce_bound_affirmation,17,A1,strong,0.005,attack,release_held,6.0,0.0,6.0035,0.0035,0.003492,False,closed,open,False,False,False,True,no device binding for this challenge,upstream of the hub stamp; the hub re-stamps at receipt
e2-20260813,E2_nonce_bound_affirmation,18,A1,strong,0.005,attack,release_held,6.0,0.0,6.0059,0.0059,0.005856,False,closed,open,False,False,False,True,no device binding for this challenge,upstream of the hub stamp; the hub re-stamps at receipt
e2-20260813,E2_nonce_bound_affirmation,19,A1,strong,0.005,attack,release_held,6.0,0.0,6.0013,0.0013,0.001332,False,closed,open,False,False,False,True,no device binding for this challenge,upstream of the hub stamp; the hub re-stamps at receipt
e2-20260813,E2_nonce_bound_affirmation,0,A1,strong,0.005,attack,delay_response,0.0,6.0,6.0034,6.0034,6.003438,False,closed,open,False,False,False,True,observable age exceeds the freshness budget,upstream of the hub stamp; the hub re-stamps at receipt
e2-20260813,E2_nonce_bound_affirmation,1,A1,strong,0.005,attack,delay_response,0.0,6.0,6.0008,6.0008,6.000818,False,closed,open,False,False,False,True,observable age exceeds the freshness budget,upstream of the hub stamp; the hub re-stamps at receipt
e2-20260813,E2_nonce_bound_affirmation,2,A1,strong,0.005,attack,delay_response,0.0,6.0,6.0052,6.0052,6.005179,False,closed,open,False,False,False,True,observable age exceeds the freshness budget,upstream of the hub stamp; the hub re-stamps at receipt
e2-20260813,E2_nonce_bound_affirmation,3,A1,strong,0.005,attack,delay_response,0.0,6.0,6.0075,6.0075,6.007526,False,closed,open,False,False,False,True,observable age exceeds the freshness budget,upstream of the hub stamp; the hub re-stamps at receipt
e2-20260813,E2_nonce_bound_affirmation,4,A1,strong,0.005,attack,delay_response,0.0,6.0,6.0089,6.0089,6.008878,False,closed,open,False,False,False,True,observable age exceeds the freshness budget,upstream of the hub stamp; the hub re-stamps at receipt
e2-20260813,E2_nonce_bound_affirmation,5,A1,strong,0.005,attack,delay_response,0.0,6.0,6.003,6.003,6.002982,False,closed,open,False,False,False,True,observable age exceeds the freshness budget,upstream of the hub stamp; the hub re-stamps at receipt
e2-20260813,E2_nonce_bound_affirmation,6,A1,strong,0.005,attack,delay_response,0.0,6.0,6.0065,6.0065,6.006511,False,closed,open,False,False,False,True,observable age exceeds the freshness budget,upstream of the hub stamp; the hub re-stamps at receipt
e2-20260813,E2_nonce_bound_affirmation,7,A1,strong,0.005,attack,delay_response,0.0,6.0,6.0052,6.0052,6.0052,False,closed,open,False,False,False,True,observable age exceeds the freshness budget,upstream of the hub stamp; the hub re-stamps at receipt
e2-20260813,E2_nonce_bound_affirmation,8,A1,strong,0.005,attack,delay_response,0.0,6.0,6.0054,6.0054,6.005449,False,closed,open,False,False,False,True,observable age exceeds the freshness budget,upstream of the hub stamp; the hub re-stamps at receipt
e2-20260813,E2_nonce_bound_affirmation,9,A1,strong,0.005,attack,delay_response,0.0,6.0,6.004,6.004,6.003969,False,closed,open,False,False,False,True,observable age exceeds the freshness budget,upstream of the hub stamp; the hub re-stamps at receipt
e2-20260813,E2_nonce_bound_affirmation,10,A1,strong,0.005,attack,delay_response,0.0,6.0,6.0026,6.0026,6.002643,False,closed,open,False,False,False,True,observable age exceeds the freshness budget,upstream of the hub stamp; the hub re-stamps at receipt
e2-20260813,E2_nonce_bound_affirmation,11,A1,strong,0.005,attack,delay_response,0.0,6.0,6.0045,6.0045,6.004454,False,closed,open,False,False,False,True,observable age exceeds the freshness budget,upstream of the hub stamp; the hub re-stamps at receipt
e2-20260813,E2_nonce_bound_affirmation,12,A1,strong,0.005,attack,delay_response,0.0,6.0,6.008,6.008,6.008003,False,closed,open,False,False,False,True,observable age exceeds the freshness budget,upstream of the hub stamp; the hub re-stamps at receipt
e2-20260813,E2_nonce_bound_affirmation,13,A1,strong,0.005,attack,delay_response,0.0,6.0,6.0061,6.0061,6.006071,False,closed,open,False,False,False,True,observable age exceeds the freshness budget,upstream of the hub stamp; the hub re-stamps at receipt
e2-20260813,E2_nonce_bound_affirmation,14,A1,strong,0.005,attack,delay_response,0.0,6.0,6.0049,6.0049,6.004933,False,closed,open,False,False,False,True,observable age exceeds the freshness budget,upstream of the hub stamp; the hub re-stamps at receipt
e2-20260813,E2_nonce_bound_affirmation,15,A1,strong,0.005,attack,delay_response,0.0,6.0,6.0089,6.0089,6.008851,False,closed,open,False,False,False,True,observable age exceeds the freshness budget,upstream of the hub stamp; the hub re-stamps at receipt
e2-20260813,E2_nonce_bound_affirmation,16,A1,strong,0.005,attack,delay_response,0.0,6.0,6.0081,6.0081,6.00806,False,closed,open,False,False,False,True,observable age exceeds the freshness budget,upstream of the hub stamp; the hub re-stamps at receipt
e2-20260813,E2_nonce_bound_affirmation,17,A1,strong,0.005,attack,delay_response,0.0,6.0,6.0059,6.0059,6.005938,False,closed,open,False,False,False,True,observable age exceeds the freshness budget,upstream of the hub stamp; the hub re-stamps at receipt
e2-20260813,E2_nonce_bound_affirmation,18,A1,strong,0.005,attack,delay_response,0.0,6.0,6.0043,6.0043,6.004332,False,closed,open,False,False,False,True,observable age exceeds the freshness budget,upstream of the hub stamp; the hub re-stamps at receipt
e2-20260813,E2_nonce_bound_affirmation,19,A1,strong,0.005,attack,delay_response,0.0,6.0,6.004,6.004,6.004024,False,closed,open,False,False,False,True,observable age exceeds the freshness budget,upstream of the hub stamp; the hub re-stamps at receipt
e2-20260813,E2_nonce_bound_affirmation,0,A1,strong,0.025,benign,none,0.0,0.0,0.0049,0.0049,0.004907,True,closed,closed,False,False,False,True,device-bound affirmation inside the bound,upstream of the hub stamp; the hub re-stamps at receipt
e2-20260813,E2_nonce_bound_affirmation,1,A1,strong,0.025,benign,none,0.0,0.0,0.0061,0.0061,0.00609,True,closed,closed,False,False,False,True,device-bound affirmation inside the bound,upstream of the hub stamp; the hub re-stamps at receipt
e2-20260813,E2_nonce_bound_affirmation,2,A1,strong,0.025,benign,none,0.0,0.0,0.0047,0.0047,0.004704,True,closed,closed,False,False,False,True,device-bound affirmation inside the bound,upstream of the hub stamp; the hub re-stamps at receipt
e2-20260813,E2_nonce_bound_affirmation,3,A1,strong,0.025,benign,none,0.0,0.0,0.0056,0.0056,0.00562,True,closed,closed,False,False,False,True,device-bound affirmation inside the bound,upstream of the hub stamp; the hub re-stamps at receipt
e2-20260813,E2_nonce_bound_affirmation,4,A1,strong,0.025,benign,none,0.0,0.0,0.003,0.003,0.00303,True,closed,closed,False,False,False,True,device-bound affirmation inside the bound,upstream of the hub stamp; the hub re-stamps at receipt
e2-20260813,E2_nonce_bound_affirmation,5,A1,strong,0.025,benign,none,0.0,0.0,0.0017,0.0017,0.001654,True,closed,closed,False,False,False,True,device-bound affirmation inside the bound,upstream of the hub stamp; the hub re-stamps at receipt
e2-20260813,E2_nonce_bound_affirmation,6,A1,strong,0.025,benign,none,0.0,0.0,0.008,0.008,0.008002,True,closed,closed,False,False,False,True,device-bound affirmation inside the bound,upstream of the hub stamp; the hub re-stamps at receipt
e2-20260813,E2_nonce_bound_affirmation,7,A1,strong,0.025,benign,none,0.0,0.0,0.0071,0.0071,0.007146,True,closed,closed,False,False,False,True,device-bound affirmation inside the bound,upstream of the hub stamp; the hub re-stamps at receipt
e2-20260813,E2_nonce_bound_affirmation,8,A1,strong,0.025,benign,none,0.0,0.0,0.0015,0.0015,0.001487,True,closed,closed,False,False,False,True,device-bound affirmation inside the bound,upstream of the hub stamp; the hub re-stamps at receipt
e2-20260813,E2_nonce_bound_affirmation,9,A1,strong,0.025,benign,none,0.0,0.0,0.0009,0.0009,0.000917,True,closed,closed,False,False,False,True,device-bound affirmation inside the bound,upstream of the hub stamp; the hub re-stamps at receipt
e2-20260813,E2_nonce_bound_affirmation,10,A1,strong,0.025,benign,none,0.0,0.0,0.0052,0.0052,0.005178,True,closed,closed,False,False,False,True,device-bound affirmation inside the bound,upstream of the hub stamp; the hub re-stamps at receipt
e2-20260813,E2_nonce_bound_affirmation,11,A1,strong,0.025,benign,none,0.0,0.0,0.0036,0.0036,0.003634,True,closed,closed,False,False,False,True,device-bound affirmation inside the bound,upstream of the hub stamp; the hub re-stamps at receipt
e2-20260813,E2_nonce_bound_affirmation,12,A1,strong,0.025,benign,none,0.0,0.0,0.0055,0.0055,0.005537,True,closed,closed,False,False,False,True,device-bound affirmation inside the bound,upstream of the hub stamp; the hub re-stamps at receipt
e2-20260813,E2_nonce_bound_affirmation,13,A1,strong,0.025,benign,none,0.0,0.0,0.0053,0.0053,0.005308,True,closed,closed,False,False,False,True,device-bound affirmation inside the bound,upstream of the hub stamp; the hub re-stamps at receipt
e2-20260813,E2_nonce_bound_affirmation,14,A1,strong,0.025,benign,none,0.0,0.0,0.0039,0.0039,0.003893,True,closed,closed,False,False,False,True,device-bound affirmation inside the bound,upstream of the hub stamp; the hub re-stamps at receipt
e2-20260813,E2_nonce_bound_affirmation,15,A1,strong,0.025,benign,none,0.0,0.0,0.0084,0.0084,0.008444,True,closed,closed,False,False,False,True,device-bound affirmation inside the bound,upstream of the hub stamp; the hub re-stamps at receipt
e2-20260813,E2_nonce_bound_affirmation,16,A1,strong,0.025,benign,none,0.0,0.0,0.0013,0.0013,0.001316,True,closed,closed,False,False,False,True,device-bound affirmation inside the bound,upstream of the hub stamp; the hub re-stamps at receipt
e2-20260813,E2_nonce_bound_affirmation,17,A1,strong,0.025,benign,none,0.0,0.0,0.0075,0.0075,0.007492,True,closed,closed,False,False,False,True,device-bound affirmation inside the bound,upstream of the hub stamp; the hub re-stamps at receipt
e2-20260813,E2_nonce_bound_affirmation,18,A1,strong,0.025,benign,none,0.0,0.0,0.0065,0.0065,0.006521,True,closed,closed,False,False,False,True,device-bound affirmation inside the bound,upstream of the hub stamp; the hub re-stamps at receipt
e2-20260813,E2_nonce_bound_affirmation,19,A1,strong,0.025,benign,none,0.0,0.0,0.0038,0.0038,0.00383,True,closed,closed,False,False,False,True,device-bound affirmation inside the bound,upstream of the hub stamp; the hub re-stamps at receipt
e2-20260813,E2_nonce_bound_affirmation,0,A1,strong,0.025,attack,release_held,6.0,0.0,6.004,0.004,0.003987,False,closed,open,False,False,False,True,no device binding for this challenge,upstream of the hub stamp; the hub re-stamps at receipt
e2-20260813,E2_nonce_bound_affirmation,1,A1,strong,0.025,attack,release_held,6.0,0.0,6.003,0.003,0.00297,False,closed,open,False,False,False,True,no device binding for this challenge,upstream of the hub stamp; the hub re-stamps at receipt
e2-20260813,E2_nonce_bound_affirmation,2,A1,strong,0.025,attack,release_held,6.0,0.0,6.0059,0.0059,0.005863,False,closed,open,False,False,False,True,no device binding for this challenge,upstream of the hub stamp; the hub re-stamps at receipt
e2-20260813,E2_nonce_bound_affirmation,3,A1,strong,0.025,attack,release_held,6.0,0.0,6.0035,0.0035,0.003543,False,closed,open,False,False,False,True,no device binding for this challenge,upstream of the hub stamp; the hub re-stamps at receipt
e2-20260813,E2_nonce_bound_affirmation,4,A1,strong,0.025,attack,release_held,6.0,0.0,6.0089,0.0089,0.008893,False,closed,open,False,False,False,True,no device binding for this challenge,upstream of the hub stamp; the hub re-stamps at receipt
e2-20260813,E2_nonce_bound_affirmation,5,A1,strong,0.025,attack,release_held,6.0,0.0,6.0052,0.0052,0.005162,False,closed,open,False,False,False,True,no device binding for this challenge,upstream of the hub stamp; the hub re-stamps at receipt
e2-20260813,E2_nonce_bound_affirmation,6,A1,strong,0.025,attack,release_held,6.0,0.0,6.0063,0.0063,0.006344,False,closed,open,False,False,False,True,no device binding for this challenge,upstream of the hub stamp; the hub re-stamps at receipt
e2-20260813,E2_nonce_bound_affirmation,7,A1,strong,0.025,attack,release_held,6.0,0.0,6.0087,0.0087,0.008662,False,closed,open,False,False,False,True,no device binding for this challenge,upstream of the hub stamp; the hub re-stamps at receipt
e2-20260813,E2_nonce_bound_affirmation,8,A1,strong,0.025,attack,release_held,6.0,0.0,6.005,0.005,0.004974,False,closed,open,False,False,False,True,no device binding for this challenge,upstream of the hub stamp; the hub re-stamps at receipt
e2-20260813,E2_nonce_bound_affirmation,9,A1,strong,0.025,attack,release_held,6.0,0.0,6.0059,0.0059,0.005856,False,closed,open,False,False,False,True,no device binding for this challenge,upstream of the hub stamp; the hub re-stamps at receipt
e2-20260813,E2_nonce_bound_affirmation,10,A1,strong,0.025,attack,release_held,6.0,0.0,6.0083,0.0083,0.008294,False,closed,open,False,False,False,True,no device binding for this challenge,upstream of the hub stamp; the hub re-stamps at receipt
e2-20260813,E2_nonce_bound_affirmation,11,A1,strong,0.025,attack,release_held,6.0,0.0,6.0076,0.0076,0.007644,False,closed,open,False,False,False,True,no device binding for this challenge,upstream of the hub stamp; the hub re-stamps at receipt
e2-20260813,E2_nonce_bound_affirmation,12,A1,strong,0.025,attack,release_held,6.0,0.0,6.0009,0.0009,0.000872,False,closed,open,False,False,False,True,no device binding for this challenge,upstream of the hub stamp; the hub re-stamps at receipt
e2-20260813,E2_nonce_bound_affirmation,13,A1,strong,0.025,attack,release_held,6.0,0.0,6.0074,0.0074,0.007402,False,closed,open,False,False,False,True,no device binding for this challenge,upstream of the hub stamp; the hub re-stamps at receipt
e2-20260813,E2_nonce_bound_affirmation,14,A1,strong,0.025,attack,release_held,6.0,0.0,6.0069,0.0069,0.00692,False,closed,open,False,False,False,True,no device binding for this challenge,upstream of the hub stamp; the hub re-stamps at receipt
e2-20260813,E2_nonce_bound_affirmation,15,A1,strong,0.025,attack,release_held,6.0,0.0,6.0025,0.0025,0.002516,False,closed,open,False,False,False,True,no device binding for this challenge,upstream of the hub stamp; the hub re-stamps at receipt
e2-20260813,E2_nonce_bound_affirmation,16,A1,strong,0.025,attack,release_held,6.0,0.0,6.0032,0.0032,0.003211,False,closed,open,False,False,False,True,no device binding for this challenge,upstream of the hub stamp; the hub re-stamps at receipt
e2-20260813,E2_nonce_bound_affirmation,17,A1,strong,0.025,attack,release_held,6.0,0.0,6.0067,0.0067,0.006731,False,closed,open,False,False,False,True,no device binding for this challenge,upstream of the hub stamp; the hub re-stamps at receipt
e2-20260813,E2_nonce_bound_affirmation,18,A1,strong,0.025,attack,release_held,6.0,0.0,6.0066,0.0066,0.006629,False,closed,open,False,False,False,True,no device binding for this challenge,upstream of the hub stamp; the hub re-stamps at receipt
e2-20260813,E2_nonce_bound_affirmation,19,A1,strong,0.025,attack,release_held,6.0,0.0,6.0088,0.0088,0.008771,False,closed,open,False,False,False,True,no device binding for this challenge,upstream of the hub stamp; the hub re-stamps at receipt
e2-20260813,E2_nonce_bound_affirmation,0,A1,strong,0.025,attack,delay_response,0.0,6.0,6.0022,6.0022,6.002157,False,closed,open,False,False,False,True,observable age exceeds the freshness budget,upstream of the hub stamp; the hub re-stamps at receipt
e2-20260813,E2_nonce_bound_affirmation,1,A1,strong,0.025,attack,delay_response,0.0,6.0,6.0059,6.0059,6.005887,False,closed,open,False,False,False,True,observable age exceeds the freshness budget,upstream of the hub stamp; the hub re-stamps at receipt
e2-20260813,E2_nonce_bound_affirmation,2,A1,strong,0.025,attack,delay_response,0.0,6.0,6.0078,6.0078,6.007792,False,closed,open,False,False,False,True,observable age exceeds the freshness budget,upstream of the hub stamp; the hub re-stamps at receipt
e2-20260813,E2_nonce_bound_affirmation,3,A1,strong,0.025,attack,delay_response,0.0,6.0,6.004,6.004,6.004014,False,closed,open,False,False,False,True,observable age exceeds the freshness budget,upstream of the hub stamp; the hub re-stamps at receipt
e2-20260813,E2_nonce_bound_affirmation,4,A1,strong,0.025,attack,delay_response,0.0,6.0,6.0013,6.0013,6.00128,False,closed,open,False,False,False,True,observable age exceeds the freshness budget,upstream of the hub stamp; the hub re-stamps at receipt
e2-20260813,E2_nonce_bound_affirmation,5,A1,strong,0.025,attack,delay_response,0.0,6.0,6.008,6.008,6.00797,False,closed,open,False,False,False,True,observable age exceeds the freshness budget,upstream of the hub stamp; the hub re-stamps at receipt
e2-20260813,E2_nonce_bound_affirmation,6,A1,strong,0.025,attack,delay_response,0.0,6.0,6.0012,6.0012,6.001198,False,closed,open,False,False,False,True,observable age exceeds the freshness budget,upstream of the hub stamp; the hub re-stamps at receipt
e2-20260813,E2_nonce_bound_affirmation,7,A1,strong,0.025,attack,delay_response,0.0,6.0,6.005,6.005,6.005021,False,closed,open,False,False,False,True,observable age exceeds the freshness budget,upstream of the hub stamp; the hub re-stamps at receipt
e2-20260813,E2_nonce_bound_affirmation,8,A1,strong,0.025,attack,delay_response,0.0,6.0,6.0023,6.0023,6.002296,False,closed,open,False,False,False,True,observable age exceeds the freshness budget,upstream of the hub stamp; the hub re-stamps at receipt
e2-20260813,E2_nonce_bound_affirmation,9,A1,strong,0.025,attack,delay_response,0.0,6.0,6.0038,6.0038,6.003796,False,closed,open,False,False,False,True,observable age exceeds the freshness budget,upstream of the hub stamp; the hub re-stamps at receipt
e2-20260813,E2_nonce_bound_affirmation,10,A1,strong,0.025,attack,delay_response,0.0,6.0,6.0028,6.0028,6.002808,False,closed,open,False,False,False,True,observable age exceeds the freshness budget,upstream of the hub stamp; the hub re-stamps at receipt
e2-20260813,E2_nonce_bound_affirmation,11,A1,strong,0.025,attack,delay_response,0.0,6.0,6.004,6.004,6.003966,False,closed,open,False,False,False,True,observable age exceeds the freshness budget,upstream of the hub stamp; the hub re-stamps at receipt
e2-20260813,E2_nonce_bound_affirmation,12,A1,strong,0.025,attack,delay_response,0.0,6.0,6.0076,6.0076,6.00757,False,closed,open,False,False,False,True,observable age exceeds the freshness budget,upstream of the hub stamp; the hub re-stamps at receipt
e2-20260813,E2_nonce_bound_affirmation,13,A1,strong,0.025,attack,delay_response,0.0,6.0,6.0035,6.0035,6.003465,False,closed,open,False,False,False,True,observable age exceeds the freshness budget,upstream of the hub stamp; the hub re-stamps at receipt
e2-20260813,E2_nonce_bound_affirmation,14,A1,strong,0.025,attack,delay_response,0.0,6.0,6.0072,6.0072,6.007211,False,closed,open,False,False,False,True,observable age exceeds the freshness budget,upstream of the hub stamp; the hub re-stamps at receipt
e2-20260813,E2_nonce_bound_affirmation,15,A1,strong,0.025,attack,delay_response,0.0,6.0,6.0059,6.0059,6.005942,False,closed,open,False,False,False,True,observable age exceeds the freshness budget,upstream of the hub stamp; the hub re-stamps at receipt
e2-20260813,E2_nonce_bound_affirmation,16,A1,strong,0.025,attack,delay_response,0.0,6.0,6.008,6.008,6.008012,False,closed,open,False,False,False,True,observable age exceeds the freshness budget,upstream of the hub stamp; the hub re-stamps at receipt
e2-20260813,E2_nonce_bound_affirmation,17,A1,strong,0.025,attack,delay_response,0.0,6.0,6.0016,6.0016,6.001554,False,closed,open,False,False,False,True,observable age exceeds the freshness budget,upstream of the hub stamp; the hub re-stamps at receipt
e2-20260813,E2_nonce_bound_affirmation,18,A1,strong,0.025,attack,delay_response,0.0,6.0,6.0053,6.0053,6.005258,False,closed,open,False,False,False,True,observable age exceeds the freshness budget,upstream of the hub stamp; the hub re-stamps at receipt
e2-20260813,E2_nonce_bound_affirmation,19,A1,strong,0.025,attack,delay_response,0.0,6.0,6.0031,6.0031,6.003069,False,closed,open,False,False,False,True,observable age exceeds the freshness budget,upstream of the hub stamp; the hub re-stamps at receipt
e2-20260813,E2_nonce_bound_affirmation,0,A1,strong,0.1,benign,none,0.0,0.0,0.0025,0.0025,0.002455,True,closed,closed,False,False,False,True,device-bound affirmation inside the bound,upstream of the hub stamp; the hub re-stamps at receipt
e2-20260813,E2_nonce_bound_affirmation,1,A1,strong,0.1,benign,none,0.0,0.0,0.0054,0.0054,0.005401,True,closed,closed,False,False,False,True,device-bound affirmation inside the bound,upstream of the hub stamp; the hub re-stamps at receipt
e2-20260813,E2_nonce_bound_affirmation,2,A1,strong,0.1,benign,none,0.0,0.0,0.0023,0.0023,0.002346,True,closed,closed,False,False,False,True,device-bound affirmation inside the bound,upstream of the hub stamp; the hub re-stamps at receipt
e2-20260813,E2_nonce_bound_affirmation,3,A1,strong,0.1,benign,none,0.0,0.0,0.0055,0.0055,0.005502,True,closed,closed,False,False,False,True,device-bound affirmation inside the bound,upstream of the hub stamp; the hub re-stamps at receipt
e2-20260813,E2_nonce_bound_affirmation,4,A1,strong,0.1,benign,none,0.0,0.0,0.0065,0.0065,0.006503,True,closed,closed,False,False,False,True,device-bound affirmation inside the bound,upstream of the hub stamp; the hub re-stamps at receipt
e2-20260813,E2_nonce_bound_affirmation,5,A1,strong,0.1,benign,none,0.0,0.0,0.003,0.003,0.002977,True,closed,closed,False,False,False,True,device-bound affirmation inside the bound,upstream of the hub stamp; the hub re-stamps at receipt
e2-20260813,E2_nonce_bound_affirmation,6,A1,strong,0.1,benign,none,0.0,0.0,0.008,0.008,0.008024,True,closed,closed,False,False,False,True,device-bound affirmation inside the bound,upstream of the hub stamp; the hub re-stamps at receipt
e2-20260813,E2_nonce_bound_affirmation,7,A1,strong,0.1,benign,none,0.0,0.0,0.0044,0.0044,0.004409,True,closed,closed,False,False,False,True,device-bound affirmation inside the bound,upstream of the hub stamp; the hub re-stamps at receipt
e2-20260813,E2_nonce_bound_affirmation,8,A1,strong,0.1,benign,none,0.0,0.0,0.0018,0.0018,0.001754,True,closed,closed,False,False,False,True,device-bound affirmation inside the bound,upstream of the hub stamp; the hub re-stamps at receipt
e2-20260813,E2_nonce_bound_affirmation,9,A1,strong,0.1,benign,none,0.0,0.0,0.0032,0.0032,0.003206,True,closed,closed,False,False,False,True,device-bound affirmation inside the bound,upstream of the hub stamp; the hub re-stamps at receipt
e2-20260813,E2_nonce_bound_affirmation,10,A1,strong,0.1,benign,none,0.0,0.0,0.0084,0.0084,0.008428,True,closed,closed,False,False,False,True,device-bound affirmation inside the bound,upstream of the hub stamp; the hub re-stamps at receipt
e2-20260813,E2_nonce_bound_affirmation,11,A1,strong,0.1,benign,none,0.0,0.0,0.0076,0.0076,0.007579,True,closed,closed,False,False,False,True,device-bound affirmation inside the bound,upstream of the hub stamp; the hub re-stamps at receipt
e2-20260813,E2_nonce_bound_affirmation,12,A1,strong,0.1,benign,none,0.0,0.0,0.0078,0.0078,0.00782,True,closed,closed,False,False,False,True,device-bound affirmation inside the bound,upstream of the hub stamp; the hub re-stamps at receipt
e2-20260813,E2_nonce_bound_affirmation,13,A1,strong,0.1,benign,none,0.0,0.0,0.0048,0.0048,0.004802,True,closed,closed,False,False,False,True,device-bound affirmation inside the bound,upstream of the hub stamp; the hub re-stamps at receipt
e2-20260813,E2_nonce_bound_affirmation,14,A1,strong,0.1,benign,none,0.0,0.0,0.0058,0.0058,0.005778,True,closed,closed,False,False,False,True,device-bound affirmation inside the bound,upstream of the hub stamp; the hub re-stamps at receipt
e2-20260813,E2_nonce_bound_affirmation,15,A1,strong,0.1,benign,none,0.0,0.0,0.0084,0.0084,0.008374,True,closed,closed,False,False,False,True,device-bound affirmation inside the bound,upstream of the hub stamp; the hub re-stamps at receipt
e2-20260813,E2_nonce_bound_affirmation,16,A1,strong,0.1,benign,none,0.0,0.0,0.0079,0.0079,0.007886,True,closed,closed,False,False,False,True,device-bound affirmation inside the bound,upstream of the hub stamp; the hub re-stamps at receipt
e2-20260813,E2_nonce_bound_affirmation,17,A1,strong,0.1,benign,none,0.0,0.0,0.0053,0.0053,0.005318,True,closed,closed,False,False,False,True,device-bound affirmation inside the bound,upstream of the hub stamp; the hub re-stamps at receipt
e2-20260813,E2_nonce_bound_affirmation,18,A1,strong,0.1,benign,none,0.0,0.0,0.0009,0.0009,0.000937,True,closed,closed,False,False,False,True,device-bound affirmation inside the bound,upstream of the hub stamp; the hub re-stamps at receipt
e2-20260813,E2_nonce_bound_affirmation,19,A1,strong,0.1,benign,none,0.0,0.0,0.006,0.006,0.00601,True,closed,closed,False,False,False,True,device-bound affirmation inside the bound,upstream of the hub stamp; the hub re-stamps at receipt
e2-20260813,E2_nonce_bound_affirmation,0,A1,strong,0.1,attack,release_held,6.0,0.0,6.0025,0.0025,0.002494,False,closed,open,False,False,False,True,no device binding for this challenge,upstream of the hub stamp; the hub re-stamps at receipt
e2-20260813,E2_nonce_bound_affirmation,1,A1,strong,0.1,attack,release_held,6.0,0.0,6.0055,0.0055,0.005469,False,closed,open,False,False,False,True,no device binding for this challenge,upstream of the hub stamp; the hub re-stamps at receipt
e2-20260813,E2_nonce_bound_affirmation,2,A1,strong,0.1,attack,release_held,6.0,0.0,6.0067,0.0067,0.00673,False,closed,open,False,False,False,True,no device binding for this challenge,upstream of the hub stamp; the hub re-stamps at receipt
e2-20260813,E2_nonce_bound_affirmation,3,A1,strong,0.1,attack,release_held,6.0,0.0,6.0029,0.0029,0.002949,False,closed,open,False,False,False,True,no device binding for this challenge,upstream of the hub stamp; the hub re-stamps at receipt
e2-20260813,E2_nonce_bound_affirmation,4,A1,strong,0.1,attack,release_held,6.0,0.0,6.0012,0.0012,0.001235,False,closed,open,False,False,False,True,no device binding for this challenge,upstream of the hub stamp; the hub re-stamps at receipt
e2-20260813,E2_nonce_bound_affirmation,5,A1,strong,0.1,attack,release_held,6.0,0.0,6.0041,0.0041,0.004118,False,closed,open,False,False,False,True,no device binding for this challenge,upstream of the hub stamp; the hub re-stamps at receipt
e2-20260813,E2_nonce_bound_affirmation,6,A1,strong,0.1,attack,release_held,6.0,0.0,6.0081,0.0081,0.008143,False,closed,open,False,False,False,True,no device binding for this challenge,upstream of the hub stamp; the hub re-stamps at receipt
e2-20260813,E2_nonce_bound_affirmation,7,A1,strong,0.1,attack,release_held,6.0,0.0,6.005,0.005,0.005024,False,closed,open,False,False,False,True,no device binding for this challenge,upstream of the hub stamp; the hub re-stamps at receipt
e2-20260813,E2_nonce_bound_affirmation,8,A1,strong,0.1,attack,release_held,6.0,0.0,6.0066,0.0066,0.006555,False,closed,open,False,False,False,True,no device binding for this challenge,upstream of the hub stamp; the hub re-stamps at receipt
e2-20260813,E2_nonce_bound_affirmation,9,A1,strong,0.1,attack,release_held,6.0,0.0,6.0041,0.0041,0.004096,False,closed,open,False,False,False,True,no device binding for this challenge,upstream of the hub stamp; the hub re-stamps at receipt
e2-20260813,E2_nonce_bound_affirmation,10,A1,strong,0.1,attack,release_held,6.0,0.0,6.0044,0.0044,0.004378,False,closed,open,False,False,False,True,no device binding for this challenge,upstream of the hub stamp; the hub re-stamps at receipt
e2-20260813,E2_nonce_bound_affirmation,11,A1,strong,0.1,attack,release_held,6.0,0.0,6.0009,0.0009,0.000917,False,closed,open,False,False,False,True,no device binding for this challenge,upstream of the hub stamp; the hub re-stamps at receipt
e2-20260813,E2_nonce_bound_affirmation,12,A1,strong,0.1,attack,release_held,6.0,0.0,6.0052,0.0052,0.00517,False,closed,open,False,False,False,True,no device binding for this challenge,upstream of the hub stamp; the hub re-stamps at receipt
e2-20260813,E2_nonce_bound_affirmation,13,A1,strong,0.1,attack,release_held,6.0,0.0,6.0072,0.0072,0.007232,False,closed,open,False,False,False,True,no device binding for this challenge,upstream of the hub stamp; the hub re-stamps at receipt
e2-20260813,E2_nonce_bound_affirmation,14,A1,strong,0.1,attack,release_held,6.0,0.0,6.0089,0.0089,0.008866,False,closed,open,False,False,False,True,no device binding for this challenge,upstream of the hub stamp; the hub re-stamps at receipt
e2-20260813,E2_nonce_bound_affirmation,15,A1,strong,0.1,attack,release_held,6.0,0.0,6.0015,0.0015,0.001544,False,closed,open,False,False,False,True,no device binding for this challenge,upstream of the hub stamp; the hub re-stamps at receipt
e2-20260813,E2_nonce_bound_affirmation,16,A1,strong,0.1,attack,release_held,6.0,0.0,6.006,0.006,0.005983,False,closed,open,False,False,False,True,no device binding for this challenge,upstream of the hub stamp; the hub re-stamps at receipt
e2-20260813,E2_nonce_bound_affirmation,17,A1,strong,0.1,attack,release_held,6.0,0.0,6.0036,0.0036,0.003624,False,closed,open,False,False,False,True,no device binding for this challenge,upstream of the hub stamp; the hub re-stamps at receipt
e2-20260813,E2_nonce_bound_affirmation,18,A1,strong,0.1,attack,release_held,6.0,0.0,6.0015,0.0015,0.001542,False,closed,open,False,False,False,True,no device binding for this challenge,upstream of the hub stamp; the hub re-stamps at receipt
e2-20260813,E2_nonce_bound_affirmation,19,A1,strong,0.1,attack,release_held,6.0,0.0,6.0037,0.0037,0.003685,False,closed,open,False,False,False,True,no device binding for this challenge,upstream of the hub stamp; the hub re-stamps at receipt
e2-20260813,E2_nonce_bound_affirmation,0,A1,strong,0.1,attack,delay_response,0.0,6.0,6.0052,6.0052,6.005159,False,closed,open,False,False,False,True,observable age exceeds the freshness budget,upstream of the hub stamp; the hub re-stamps at receipt
e2-20260813,E2_nonce_bound_affirmation,1,A1,strong,0.1,attack,delay_response,0.0,6.0,6.0035,6.0035,6.003519,False,closed,open,False,False,False,True,observable age exceeds the freshness budget,upstream of the hub stamp; the hub re-stamps at receipt
e2-20260813,E2_nonce_bound_affirmation,2,A1,strong,0.1,attack,delay_response,0.0,6.0,6.0056,6.0056,6.0056,False,closed,open,False,False,False,True,observable age exceeds the freshness budget,upstream of the hub stamp; the hub re-stamps at receipt
e2-20260813,E2_nonce_bound_affirmation,3,A1,strong,0.1,attack,delay_response,0.0,6.0,6.004,6.004,6.004023,False,closed,open,False,False,False,True,observable age exceeds the freshness budget,upstream of the hub stamp; the hub re-stamps at receipt
e2-20260813,E2_nonce_bound_affirmation,4,A1,strong,0.1,attack,delay_response,0.0,6.0,6.008,6.008,6.00805,False,closed,open,False,False,False,True,observable age exceeds the freshness budget,upstream of the hub stamp; the hub re-stamps at receipt
e2-20260813,E2_nonce_bound_affirmation,5,A1,strong,0.1,attack,delay_response,0.0,6.0,6.0083,6.0083,6.008258,False,closed,open,False,False,False,True,observable age exceeds the freshness budget,upstream of the hub stamp; the hub re-stamps at receipt
e2-20260813,E2_nonce_bound_affirmation,6,A1,strong,0.1,attack,delay_response,0.0,6.0,6.0074,6.0074,6.007372,False,closed,open,False,False,False,True,observable age exceeds the freshness budget,upstream of the hub stamp; the hub re-stamps at receipt
e2-20260813,E2_nonce_bound_affirmation,7,A1,strong,0.1,attack,delay_response,0.0,6.0,6.0079,6.0079,6.007926,False,closed,open,False,False,False,True,observable age exceeds the freshness budget,upstream of the hub stamp; the hub re-stamps at receipt
e2-20260813,E2_nonce_bound_affirmation,8,A1,strong,0.1,attack,delay_response,0.0,6.0,6.0026,6.0026,6.002559,False,closed,open,False,False,False,True,observable age exceeds the freshness budget,upstream of the hub stamp; the hub re-stamps at receipt
e2-20260813,E2_nonce_bound_affirmation,9,A1,strong,0.1,attack,delay_response,0.0,6.0,6.0089,6.0089,6.008887,False,closed,open,False,False,False,True,observable age exceeds the freshness budget,upstream of the hub stamp; the hub re-stamps at receipt
e2-20260813,E2_nonce_bound_affirmation,10,A1,strong,0.1,attack,delay_response,0.0,6.0,6.0041,6.0041,6.004053,False,closed,open,False,False,False,True,observable age exceeds the freshness budget,upstream of the hub stamp; the hub re-stamps at receipt
e2-20260813,E2_nonce_bound_affirmation,11,A1,strong,0.1,attack,delay_response,0.0,6.0,6.0043,6.0043,6.004283,False,closed,open,False,False,False,True,observable age exceeds the freshness budget,upstream of the hub stamp; the hub re-stamps at receipt
e2-20260813,E2_nonce_bound_affirmation,12,A1,strong,0.1,attack,delay_response,0.0,6.0,6.0055,6.0055,6.005478,False,closed,open,False,False,False,True,observable age exceeds the freshness budget,upstream of the hub stamp; the hub re-stamps at receipt
e2-20260813,E2_nonce_bound_affirmation,13,A1,strong,0.1,attack,delay_response,0.0,6.0,6.002,6.002,6.002042,False,closed,open,False,False,False,True,observable age exceeds the freshness budget,upstream of the hub stamp; the hub re-stamps at receipt
e2-20260813,E2_nonce_bound_affirmation,14,A1,strong,0.1,attack,delay_response,0.0,6.0,6.0083,6.0083,6.008304,False,closed,open,False,False,False,True,observable age exceeds the freshness budget,upstream of the hub stamp; the hub re-stamps at receipt
e2-20260813,E2_nonce_bound_affirmation,15,A1,strong,0.1,attack,delay_response,0.0,6.0,6.0048,6.0048,6.00479,False,closed,open,False,False,False,True,observable age exceeds the freshness budget,upstream of the hub stamp; the hub re-stamps at receipt
e2-20260813,E2_nonce_bound_affirmation,16,A1,strong,0.1,attack,delay_response,0.0,6.0,6.0009,6.0009,6.000933,False,closed,open,False,False,False,True,observable age exceeds the freshness budget,upstream of the hub stamp; the hub re-stamps at receipt
e2-20260813,E2_nonce_bound_affirmation,17,A1,strong,0.1,attack,delay_response,0.0,6.0,6.0037,6.0037,6.003701,False,closed,open,False,False,False,True,observable age exceeds the freshness budget,upstream of the hub stamp; the hub re-stamps at receipt
e2-20260813,E2_nonce_bound_affirmation,18,A1,strong,0.1,attack,delay_response,0.0,6.0,6.0088,6.0088,6.008827,False,closed,open,False,False,False,True,observable age exceeds the freshness budget,upstream of the hub stamp; the hub re-stamps at receipt
e2-20260813,E2_nonce_bound_affirmation,19,A1,strong,0.1,attack,delay_response,0.0,6.0,6.0045,6.0045,6.004516,False,closed,open,False,False,False,True,observable age exceeds the freshness budget,upstream of the hub stamp; the hub re-stamps at receipt
e2-20260813,E2_nonce_bound_affirmation,0,A1,strong,0.5,benign,none,0.0,0.0,0.0016,0.0016,0.001643,True,closed,closed,False,False,False,True,device-bound affirmation inside the bound,upstream of the hub stamp; the hub re-stamps at receipt
e2-20260813,E2_nonce_bound_affirmation,1,A1,strong,0.5,benign,none,0.0,0.0,0.0023,0.0023,0.002333,True,closed,closed,False,False,False,True,device-bound affirmation inside the bound,upstream of the hub stamp; the hub re-stamps at receipt
e2-20260813,E2_nonce_bound_affirmation,2,A1,strong,0.5,benign,none,0.0,0.0,0.0052,0.0052,0.005195,True,closed,closed,False,False,False,True,device-bound affirmation inside the bound,upstream of the hub stamp; the hub re-stamps at receipt
e2-20260813,E2_nonce_bound_affirmation,3,A1,strong,0.5,benign,none,0.0,0.0,0.0075,0.0075,0.007518,True,closed,closed,False,False,False,True,device-bound affirmation inside the bound,upstream of the hub stamp; the hub re-stamps at receipt
e2-20260813,E2_nonce_bound_affirmation,4,A1,strong,0.5,benign,none,0.0,0.0,0.0086,0.0086,0.008595,True,closed,closed,False,False,False,True,device-bound affirmation inside the bound,upstream of the hub stamp; the hub re-stamps at receipt
e2-20260813,E2_nonce_bound_affirmation,5,A1,strong,0.5,benign,none,0.0,0.0,0.0063,0.0063,0.006331,True,closed,closed,False,False,False,True,device-bound affirmation inside the bound,upstream of the hub stamp; the hub re-stamps at receipt
e2-20260813,E2_nonce_bound_affirmation,6,A1,strong,0.5,benign,none,0.0,0.0,0.0035,0.0035,0.003512,True,closed,closed,False,False,False,True,device-bound affirmation inside the bound,upstream of the hub stamp; the hub re-stamps at receipt
e2-20260813,E2_nonce_bound_affirmation,7,A1,strong,0.5,benign,none,0.0,0.0,0.0025,0.0025,0.002458,True,closed,closed,False,False,False,True,device-bound affirmation inside the bound,upstream of the hub stamp; the hub re-stamps at receipt
e2-20260813,E2_nonce_bound_affirmation,8,A1,strong,0.5,benign,none,0.0,0.0,0.0018,0.0018,0.001827,True,closed,closed,False,False,False,True,device-bound affirmation inside the bound,upstream of the hub stamp; the hub re-stamps at receipt
e2-20260813,E2_nonce_bound_affirmation,9,A1,strong,0.5,benign,none,0.0,0.0,0.0086,0.0086,0.008591,True,closed,closed,False,False,False,True,device-bound affirmation inside the bound,upstream of the hub stamp; the hub re-stamps at receipt
e2-20260813,E2_nonce_bound_affirmation,10,A1,strong,0.5,benign,none,0.0,0.0,0.0026,0.0026,0.002638,True,closed,closed,False,False,False,True,device-bound affirmation inside the bound,upstream of the hub stamp; the hub re-stamps at receipt
e2-20260813,E2_nonce_bound_affirmation,11,A1,strong,0.5,benign,none,0.0,0.0,0.0055,0.0055,0.005476,True,closed,closed,False,False,False,True,device-bound affirmation inside the bound,upstream of the hub stamp; the hub re-stamps at receipt
e2-20260813,E2_nonce_bound_affirmation,12,A1,strong,0.5,benign,none,0.0,0.0,0.0055,0.0055,0.005545,True,closed,closed,False,False,False,True,device-bound affirmation inside the bound,upstream of the hub stamp; the hub re-stamps at receipt
e2-20260813,E2_nonce_bound_affirmation,13,A1,strong,0.5,benign,none,0.0,0.0,0.0043,0.0043,0.004255,True,closed,closed,False,False,False,True,device-bound affirmation inside the bound,upstream of the hub stamp; the hub re-stamps at receipt
e2-20260813,E2_nonce_bound_affirmation,14,A1,strong,0.5,benign,none,0.0,0.0,0.007,0.007,0.006971,True,closed,closed,False,False,False,True,device-bound affirmation inside the bound,upstream of the hub stamp; the hub re-stamps at receipt
e2-20260813,E2_nonce_bound_affirmation,15,A1,strong,0.5,benign,none,0.0,0.0,0.0079,0.0079,0.007851,True,closed,closed,False,False,False,True,device-bound affirmation inside the bound,upstream of the hub stamp; the hub re-stamps at receipt
e2-20260813,E2_nonce_bound_affirmation,16,A1,strong,0.5,benign,none,0.0,0.0,0.0049,0.0049,0.00492,True,closed,closed,False,False,False,True,device-bound affirmation inside the bound,upstream of the hub stamp; the hub re-stamps at receipt
e2-20260813,E2_nonce_bound_affirmation,17,A1,strong,0.5,benign,none,0.0,0.0,0.0066,0.0066,0.006636,True,closed,closed,False,False,False,True,device-bound affirmation inside the bound,upstream of the hub stamp; the hub re-stamps at receipt
e2-20260813,E2_nonce_bound_affirmation,18,A1,strong,0.5,benign,none,0.0,0.0,0.0052,0.0052,0.005197,True,closed,closed,False,False,False,True,device-bound affirmation inside the bound,upstream of the hub stamp; the hub re-stamps at receipt
e2-20260813,E2_nonce_bound_affirmation,19,A1,strong,0.5,benign,none,0.0,0.0,0.0041,0.0041,0.004147,True,closed,closed,False,False,False,True,device-bound affirmation inside the bound,upstream of the hub stamp; the hub re-stamps at receipt
e2-20260813,E2_nonce_bound_affirmation,0,A1,strong,0.5,attack,release_held,6.0,0.0,6.0046,0.0046,0.004633,False,closed,open,False,False,False,True,no device binding for this challenge,upstream of the hub stamp; the hub re-stamps at receipt
e2-20260813,E2_nonce_bound_affirmation,1,A1,strong,0.5,attack,release_held,6.0,0.0,6.0011,0.0011,0.001118,False,closed,open,False,False,False,True,no device binding for this challenge,upstream of the hub stamp; the hub re-stamps at receipt
e2-20260813,E2_nonce_bound_affirmation,2,A1,strong,0.5,attack,release_held,6.0,0.0,6.0045,0.0045,0.004499,False,closed,open,False,False,False,True,no device binding for this challenge,upstream of the hub stamp; the hub re-stamps at receipt
e2-20260813,E2_nonce_bound_affirmation,3,A1,strong,0.5,attack,release_held,6.0,0.0,6.0034,0.0034,0.00339,False,closed,open,False,False,False,True,no device binding for this challenge,upstream of the hub stamp; the hub re-stamps at receipt
e2-20260813,E2_nonce_bound_affirmation,4,A1,strong,0.5,attack,release_held,6.0,0.0,6.0068,0.0068,0.006798,False,closed,open,False,False,False,True,no device binding for this challenge,upstream of the hub stamp; the hub re-stamps at receipt
e2-20260813,E2_nonce_bound_affirmation,5,A1,strong,0.5,attack,release_held,6.0,0.0,6.0083,0.0083,0.008254,False,closed,open,False,False,False,True,no device binding for this challenge,upstream of the hub stamp; the hub re-stamps at receipt
e2-20260813,E2_nonce_bound_affirmation,6,A1,strong,0.5,attack,release_held,6.0,0.0,6.0069,0.0069,0.006939,False,closed,open,False,False,False,True,no device binding for this challenge,upstream of the hub stamp; the hub re-stamps at receipt
e2-20260813,E2_nonce_bound_affirmation,7,A1,strong,0.5,attack,release_held,6.0,0.0,6.0019,0.0019,0.001883,False,closed,open,False,False,False,True,no device binding for this challenge,upstream of the hub stamp; the hub re-stamps at receipt
e2-20260813,E2_nonce_bound_affirmation,8,A1,strong,0.5,attack,release_held,6.0,0.0,6.0062,0.0062,0.006161,False,closed,open,False,False,False,True,no device binding for this challenge,upstream of the hub stamp; the hub re-stamps at receipt
e2-20260813,E2_nonce_bound_affirmation,9,A1,strong,0.5,attack,release_held,6.0,0.0,6.0075,0.0075,0.007501,False,closed,open,False,False,False,True,no device binding for this challenge,upstream of the hub stamp; the hub re-stamps at receipt
e2-20260813,E2_nonce_bound_affirmation,10,A1,strong,0.5,attack,release_held,6.0,0.0,6.0062,0.0062,0.006237,False,closed,open,False,False,False,True,no device binding for this challenge,upstream of the hub stamp; the hub re-stamps at receipt
e2-20260813,E2_nonce_bound_affirmation,11,A1,strong,0.5,attack,release_held,6.0,0.0,6.006,0.006,0.006022,False,closed,open,False,False,False,True,no device binding for this challenge,upstream of the hub stamp; the hub re-stamps at receipt
e2-20260813,E2_nonce_bound_affirmation,12,A1,strong,0.5,attack,release_held,6.0,0.0,6.0063,0.0063,0.006274,False,closed,open,False,False,False,True,no device binding for this challenge,upstream of the hub stamp; the hub re-stamps at receipt
e2-20260813,E2_nonce_bound_affirmation,13,A1,strong,0.5,attack,release_held,6.0,0.0,6.0027,0.0027,0.00269,False,closed,open,False,False,False,True,no device binding for this challenge,upstream of the hub stamp; the hub re-stamps at receipt
e2-20260813,E2_nonce_bound_affirmation,14,A1,strong,0.5,attack,release_held,6.0,0.0,6.0029,0.0029,0.00294,False,closed,open,False,False,False,True,no device binding for this challenge,upstream of the hub stamp; the hub re-stamps at receipt
e2-20260813,E2_nonce_bound_affirmation,15,A1,strong,0.5,attack,release_held,6.0,0.0,6.0049,0.0049,0.004859,False,closed,open,False,False,False,True,no device binding for this challenge,upstream of the hub stamp; the hub re-stamps at receipt
e2-20260813,E2_nonce_bound_affirmation,16,A1,strong,0.5,attack,release_held,6.0,0.0,6.0022,0.0022,0.00217,False,closed,open,False,False,False,True,no device binding for this challenge,upstream of the hub stamp; the hub re-stamps at receipt
e2-20260813,E2_nonce_bound_affirmation,17,A1,strong,0.5,attack,release_held,6.0,0.0,6.0011,0.0011,0.001073,False,closed,open,False,False,False,True,no device binding for this challenge,upstream of the hub stamp; the hub re-stamps at receipt
e2-20260813,E2_nonce_bound_affirmation,18,A1,strong,0.5,attack,release_held,6.0,0.0,6.0021,0.0021,0.002119,False,closed,open,False,False,False,True,no device binding for this challenge,upstream of the hub stamp; the hub re-stamps at receipt
e2-20260813,E2_nonce_bound_affirmation,19,A1,strong,0.5,attack,release_held,6.0,0.0,6.0024,0.0024,0.002424,False,closed,open,False,False,False,True,no device binding for this challenge,upstream of the hub stamp; the hub re-stamps at receipt
e2-20260813,E2_nonce_bound_affirmation,0,A1,strong,0.5,attack,delay_response,0.0,6.0,6.007,6.007,6.006989,False,closed,open,False,False,False,True,observable age exceeds the freshness budget,upstream of the hub stamp; the hub re-stamps at receipt
e2-20260813,E2_nonce_bound_affirmation,1,A1,strong,0.5,attack,delay_response,0.0,6.0,6.0035,6.0035,6.00351,False,closed,open,False,False,False,True,observable age exceeds the freshness budget,upstream of the hub stamp; the hub re-stamps at receipt
e2-20260813,E2_nonce_bound_affirmation,2,A1,strong,0.5,attack,delay_response,0.0,6.0,6.0052,6.0052,6.005182,False,closed,open,False,False,False,True,observable age exceeds the freshness budget,upstream of the hub stamp; the hub re-stamps at receipt
e2-20260813,E2_nonce_bound_affirmation,3,A1,strong,0.5,attack,delay_response,0.0,6.0,6.0064,6.0064,6.006411,False,closed,open,False,False,False,True,observable age exceeds the freshness budget,upstream of the hub stamp; the hub re-stamps at receipt
e2-20260813,E2_nonce_bound_affirmation,4,A1,strong,0.5,attack,delay_response,0.0,6.0,6.0009,6.0009,6.000934,False,closed,open,False,False,False,True,observable age exceeds the freshness budget,upstream of the hub stamp; the hub re-stamps at receipt
e2-20260813,E2_nonce_bound_affirmation,5,A1,strong,0.5,attack,delay_response,0.0,6.0,6.0044,6.0044,6.004371,False,closed,open,False,False,False,True,observable age exceeds the freshness budget,upstream of the hub stamp; the hub re-stamps at receipt
e2-20260813,E2_nonce_bound_affirmation,6,A1,strong,0.5,attack,delay_response,0.0,6.0,6.0044,6.0044,6.004446,False,closed,open,False,False,False,True,observable age exceeds the freshness budget,upstream of the hub stamp; the hub re-stamps at receipt
e2-20260813,E2_nonce_bound_affirmation,7,A1,strong,0.5,attack,delay_response,0.0,6.0,6.0015,6.0015,6.001477,False,closed,open,False,False,False,True,observable age exceeds the freshness budget,upstream of the hub stamp; the hub re-stamps at receipt
e2-20260813,E2_nonce_bound_affirmation,8,A1,strong,0.5,attack,delay_response,0.0,6.0,6.0018,6.0018,6.001823,False,closed,open,False,False,False,True,observable age exceeds the freshness budget,upstream of the hub stamp; the hub re-stamps at receipt
e2-20260813,E2_nonce_bound_affirmation,9,A1,strong,0.5,attack,delay_response,0.0,6.0,6.0011,6.0011,6.001065,False,closed,open,False,False,False,True,observable age exceeds the freshness budget,upstream of the hub stamp; the hub re-stamps at receipt
e2-20260813,E2_nonce_bound_affirmation,10,A1,strong,0.5,attack,delay_response,0.0,6.0,6.004,6.004,6.003996,False,closed,open,False,False,False,True,observable age exceeds the freshness budget,upstream of the hub stamp; the hub re-stamps at receipt
e2-20260813,E2_nonce_bound_affirmation,11,A1,strong,0.5,attack,delay_response,0.0,6.0,6.0022,6.0022,6.002222,False,closed,open,False,False,False,True,observable age exceeds the freshness budget,upstream of the hub stamp; the hub re-stamps at receipt
e2-20260813,E2_nonce_bound_affirmation,12,A1,strong,0.5,attack,delay_response,0.0,6.0,6.0087,6.0087,6.008716,False,closed,open,False,False,False,True,observable age exceeds the freshness budget,upstream of the hub stamp; the hub re-stamps at receipt
e2-20260813,E2_nonce_bound_affirmation,13,A1,strong,0.5,attack,delay_response,0.0,6.0,6.0061,6.0061,6.006127,False,closed,open,False,False,False,True,observable age exceeds the freshness budget,upstream of the hub stamp; the hub re-stamps at receipt
e2-20260813,E2_nonce_bound_affirmation,14,A1,strong,0.5,attack,delay_response,0.0,6.0,6.0057,6.0057,6.005745,False,closed,open,False,False,False,True,observable age exceeds the freshness budget,upstream of the hub stamp; the hub re-stamps at receipt
e2-20260813,E2_nonce_bound_affirmation,15,A1,strong,0.5,attack,delay_response,0.0,6.0,6.0031,6.0031,6.003084,False,closed,open,False,False,False,True,observable age exceeds the freshness budget,upstream of the hub stamp; the hub re-stamps at receipt
e2-20260813,E2_nonce_bound_affirmation,16,A1,strong,0.5,attack,delay_response,0.0,6.0,6.0073,6.0073,6.007275,False,closed,open,False,False,False,True,observable age exceeds the freshness budget,upstream of the hub stamp; the hub re-stamps at receipt
e2-20260813,E2_nonce_bound_affirmation,17,A1,strong,0.5,attack,delay_response,0.0,6.0,6.0073,6.0073,6.007311,False,closed,open,False,False,False,True,observable age exceeds the freshness budget,upstream of the hub stamp; the hub re-stamps at receipt
e2-20260813,E2_nonce_bound_affirmation,18,A1,strong,0.5,attack,delay_response,0.0,6.0,6.001,6.001,6.000973,False,closed,open,False,False,False,True,observable age exceeds the freshness budget,upstream of the hub stamp; the hub re-stamps at receipt
e2-20260813,E2_nonce_bound_affirmation,19,A1,strong,0.5,attack,delay_response,0.0,6.0,6.0045,6.0045,6.004462,False,closed,open,False,False,False,True,observable age exceeds the freshness budget,upstream of the hub stamp; the hub re-stamps at receipt
e2-20260813,E2_nonce_bound_affirmation,0,B,none,0.001,benign,none,0.0,0.0,0.009,0.009,0.008955,True,closed,closed,False,False,False,False,no challenge (v1 timestamp trust),downstream of the hub stamp
e2-20260813,E2_nonce_bound_affirmation,1,B,none,0.001,benign,none,0.0,0.0,0.0015,0.0015,0.001478,True,closed,closed,False,False,False,False,no challenge (v1 timestamp trust),downstream of the hub stamp
e2-20260813,E2_nonce_bound_affirmation,2,B,none,0.001,benign,none,0.0,0.0,0.0021,0.0021,0.002071,True,closed,closed,False,False,False,False,no challenge (v1 timestamp trust),downstream of the hub stamp
e2-20260813,E2_nonce_bound_affirmation,3,B,none,0.001,benign,none,0.0,0.0,0.0068,0.0068,0.006771,True,closed,closed,False,False,False,False,no challenge (v1 timestamp trust),downstream of the hub stamp
e2-20260813,E2_nonce_bound_affirmation,4,B,none,0.001,benign,none,0.0,0.0,0.009,0.009,0.008971,True,closed,closed,False,False,False,False,no challenge (v1 timestamp trust),downstream of the hub stamp
e2-20260813,E2_nonce_bound_affirmation,5,B,none,0.001,benign,none,0.0,0.0,0.0086,0.0086,0.008604,True,closed,closed,False,False,False,False,no challenge (v1 timestamp trust),downstream of the hub stamp
e2-20260813,E2_nonce_bound_affirmation,6,B,none,0.001,benign,none,0.0,0.0,0.0069,0.0069,0.006875,True,closed,closed,False,False,False,False,no challenge (v1 timestamp trust),downstream of the hub stamp
e2-20260813,E2_nonce_bound_affirmation,7,B,none,0.001,benign,none,0.0,0.0,0.0077,0.0077,0.00767,True,closed,closed,False,False,False,False,no challenge (v1 timestamp trust),downstream of the hub stamp
e2-20260813,E2_nonce_bound_affirmation,8,B,none,0.001,benign,none,0.0,0.0,0.0045,0.0045,0.004451,True,closed,closed,False,False,False,False,no challenge (v1 timestamp trust),downstream of the hub stamp
e2-20260813,E2_nonce_bound_affirmation,9,B,none,0.001,benign,none,0.0,0.0,0.0023,0.0023,0.00226,True,closed,closed,False,False,False,False,no challenge (v1 timestamp trust),downstream of the hub stamp
e2-20260813,E2_nonce_bound_affirmation,10,B,none,0.001,benign,none,0.0,0.0,0.0073,0.0073,0.00728,True,closed,closed,False,False,False,False,no challenge (v1 timestamp trust),downstream of the hub stamp
e2-20260813,E2_nonce_bound_affirmation,11,B,none,0.001,benign,none,0.0,0.0,0.0075,0.0075,0.007538,True,closed,closed,False,False,False,False,no challenge (v1 timestamp trust),downstream of the hub stamp
e2-20260813,E2_nonce_bound_affirmation,12,B,none,0.001,benign,none,0.0,0.0,0.004,0.004,0.003957,True,closed,closed,False,False,False,False,no challenge (v1 timestamp trust),downstream of the hub stamp
e2-20260813,E2_nonce_bound_affirmation,13,B,none,0.001,benign,none,0.0,0.0,0.0049,0.0049,0.004929,True,closed,closed,False,False,False,False,no challenge (v1 timestamp trust),downstream of the hub stamp
e2-20260813,E2_nonce_bound_affirmation,14,B,none,0.001,benign,none,0.0,0.0,0.0018,0.0018,0.001834,True,closed,closed,False,False,False,False,no challenge (v1 timestamp trust),downstream of the hub stamp
e2-20260813,E2_nonce_bound_affirmation,15,B,none,0.001,benign,none,0.0,0.0,0.0082,0.0082,0.008243,True,closed,closed,False,False,False,False,no challenge (v1 timestamp trust),downstream of the hub stamp
e2-20260813,E2_nonce_bound_affirmation,16,B,none,0.001,benign,none,0.0,0.0,0.0071,0.0071,0.007107,True,closed,closed,False,False,False,False,no challenge (v1 timestamp trust),downstream of the hub stamp
e2-20260813,E2_nonce_bound_affirmation,17,B,none,0.001,benign,none,0.0,0.0,0.0037,0.0037,0.003678,True,closed,closed,False,False,False,False,no challenge (v1 timestamp trust),downstream of the hub stamp
e2-20260813,E2_nonce_bound_affirmation,18,B,none,0.001,benign,none,0.0,0.0,0.0078,0.0078,0.00779,True,closed,closed,False,False,False,False,no challenge (v1 timestamp trust),downstream of the hub stamp
e2-20260813,E2_nonce_bound_affirmation,19,B,none,0.001,benign,none,0.0,0.0,0.0031,0.0031,0.003061,True,closed,closed,False,False,False,False,no challenge (v1 timestamp trust),downstream of the hub stamp
e2-20260813,E2_nonce_bound_affirmation,0,B,none,0.001,attack,release_held,6.0,0.0,6.0072,6.0072,0.007174,False,closed,open,False,False,False,False,observable age exceeds the freshness budget,downstream of the hub stamp
e2-20260813,E2_nonce_bound_affirmation,1,B,none,0.001,attack,release_held,6.0,0.0,6.0041,6.0041,0.004076,False,closed,open,False,False,False,False,observable age exceeds the freshness budget,downstream of the hub stamp
e2-20260813,E2_nonce_bound_affirmation,2,B,none,0.001,attack,release_held,6.0,0.0,6.0053,6.0053,0.005254,False,closed,open,False,False,False,False,observable age exceeds the freshness budget,downstream of the hub stamp
e2-20260813,E2_nonce_bound_affirmation,3,B,none,0.001,attack,release_held,6.0,0.0,6.009,6.009,0.008979,False,closed,open,False,False,False,False,observable age exceeds the freshness budget,downstream of the hub stamp
e2-20260813,E2_nonce_bound_affirmation,4,B,none,0.001,attack,release_held,6.0,0.0,6.0045,6.0045,0.004482,False,closed,open,False,False,False,False,observable age exceeds the freshness budget,downstream of the hub stamp
e2-20260813,E2_nonce_bound_affirmation,5,B,none,0.001,attack,release_held,6.0,0.0,6.0075,6.0075,0.007508,False,closed,open,False,False,False,False,observable age exceeds the freshness budget,downstream of the hub stamp
e2-20260813,E2_nonce_bound_affirmation,6,B,none,0.001,attack,release_held,6.0,0.0,6.0085,6.0085,0.008496,False,closed,open,False,False,False,False,observable age exceeds the freshness budget,downstream of the hub stamp
e2-20260813,E2_nonce_bound_affirmation,7,B,none,0.001,attack,release_held,6.0,0.0,6.007,6.007,0.00695,False,closed,open,False,False,False,False,observable age exceeds the freshness budget,downstream of the hub stamp
e2-20260813,E2_nonce_bound_affirmation,8,B,none,0.001,attack,release_held,6.0,0.0,6.0057,6.0057,0.00575,False,closed,open,False,False,False,False,observable age exceeds the freshness budget,downstream of the hub stamp
e2-20260813,E2_nonce_bound_affirmation,9,B,none,0.001,attack,release_held,6.0,0.0,6.0026,6.0026,0.002616,False,closed,open,False,False,False,False,observable age exceeds the freshness budget,downstream of the hub stamp
e2-20260813,E2_nonce_bound_affirmation,10,B,none,0.001,attack,release_held,6.0,0.0,6.0036,6.0036,0.003629,False,closed,open,False,False,False,False,observable age exceeds the freshness budget,downstream of the hub stamp
e2-20260813,E2_nonce_bound_affirmation,11,B,none,0.001,attack,release_held,6.0,0.0,6.0041,6.0041,0.00413,False,closed,open,False,False,False,False,observable age exceeds the freshness budget,downstream of the hub stamp
e2-20260813,E2_nonce_bound_affirmation,12,B,none,0.001,attack,release_held,6.0,0.0,6.0033,6.0033,0.003325,False,closed,open,False,False,False,False,observable age exceeds the freshness budget,downstream of the hub stamp
e2-20260813,E2_nonce_bound_affirmation,13,B,none,0.001,attack,release_held,6.0,0.0,6.0086,6.0086,0.008574,False,closed,open,False,False,False,False,observable age exceeds the freshness budget,downstream of the hub stamp
e2-20260813,E2_nonce_bound_affirmation,14,B,none,0.001,attack,release_held,6.0,0.0,6.001,6.001,0.00103,False,closed,open,False,False,False,False,observable age exceeds the freshness budget,downstream of the hub stamp
e2-20260813,E2_nonce_bound_affirmation,15,B,none,0.001,attack,release_held,6.0,0.0,6.0054,6.0054,0.0054,False,closed,open,False,False,False,False,observable age exceeds the freshness budget,downstream of the hub stamp
e2-20260813,E2_nonce_bound_affirmation,16,B,none,0.001,attack,release_held,6.0,0.0,6.0012,6.0012,0.001187,False,closed,open,False,False,False,False,observable age exceeds the freshness budget,downstream of the hub stamp
e2-20260813,E2_nonce_bound_affirmation,17,B,none,0.001,attack,release_held,6.0,0.0,6.002,6.002,0.001993,False,closed,open,False,False,False,False,observable age exceeds the freshness budget,downstream of the hub stamp
e2-20260813,E2_nonce_bound_affirmation,18,B,none,0.001,attack,release_held,6.0,0.0,6.0081,6.0081,0.008097,False,closed,open,False,False,False,False,observable age exceeds the freshness budget,downstream of the hub stamp
e2-20260813,E2_nonce_bound_affirmation,19,B,none,0.001,attack,release_held,6.0,0.0,6.0034,6.0034,0.003355,False,closed,open,False,False,False,False,observable age exceeds the freshness budget,downstream of the hub stamp
e2-20260813,E2_nonce_bound_affirmation,0,B,none,0.001,attack,delay_response,0.0,6.0,6.0032,6.0032,6.003161,False,closed,open,False,False,False,False,observable age exceeds the freshness budget,downstream of the hub stamp
e2-20260813,E2_nonce_bound_affirmation,1,B,none,0.001,attack,delay_response,0.0,6.0,6.0043,6.0043,6.004328,False,closed,open,False,False,False,False,observable age exceeds the freshness budget,downstream of the hub stamp
e2-20260813,E2_nonce_bound_affirmation,2,B,none,0.001,attack,delay_response,0.0,6.0,6.0082,6.0082,6.008162,False,closed,open,False,False,False,False,observable age exceeds the freshness budget,downstream of the hub stamp
e2-20260813,E2_nonce_bound_affirmation,3,B,none,0.001,attack,delay_response,0.0,6.0,6.0072,6.0072,6.007166,False,closed,open,False,False,False,False,observable age exceeds the freshness budget,downstream of the hub stamp
e2-20260813,E2_nonce_bound_affirmation,4,B,none,0.001,attack,delay_response,0.0,6.0,6.0057,6.0057,6.005708,False,closed,open,False,False,False,False,observable age exceeds the freshness budget,downstream of the hub stamp
e2-20260813,E2_nonce_bound_affirmation,5,B,none,0.001,attack,delay_response,0.0,6.0,6.0034,6.0034,6.003353,False,closed,open,False,False,False,False,observable age exceeds the freshness budget,downstream of the hub stamp
e2-20260813,E2_nonce_bound_affirmation,6,B,none,0.001,attack,delay_response,0.0,6.0,6.008,6.008,6.008012,False,closed,open,False,False,False,False,observable age exceeds the freshness budget,downstream of the hub stamp
e2-20260813,E2_nonce_bound_affirmation,7,B,none,0.001,attack,delay_response,0.0,6.0,6.004,6.004,6.00398,False,closed,open,False,False,False,False,observable age exceeds the freshness budget,downstream of the hub stamp
e2-20260813,E2_nonce_bound_affirmation,8,B,none,0.001,attack,delay_response,0.0,6.0,6.0078,6.0078,6.007845,False,closed,open,False,False,False,False,observable age exceeds the freshness budget,downstream of the hub stamp
e2-20260813,E2_nonce_bound_affirmation,9,B,none,0.001,attack,delay_response,0.0,6.0,6.0052,6.0052,6.005177,False,closed,open,False,False,False,False,observable age exceeds the freshness budget,downstream of the hub stamp
e2-20260813,E2_nonce_bound_affirmation,10,B,none,0.001,attack,delay_response,0.0,6.0,6.0089,6.0089,6.008886,False,closed,open,False,False,False,False,observable age exceeds the freshness budget,downstream of the hub stamp
e2-20260813,E2_nonce_bound_affirmation,11,B,none,0.001,attack,delay_response,0.0,6.0,6.0047,6.0047,6.004736,False,closed,open,False,False,False,False,observable age exceeds the freshness budget,downstream of the hub stamp
e2-20260813,E2_nonce_bound_affirmation,12,B,none,0.001,attack,delay_response,0.0,6.0,6.0021,6.0021,6.00207,False,closed,open,False,False,False,False,observable age exceeds the freshness budget,downstream of the hub stamp
e2-20260813,E2_nonce_bound_affirmation,13,B,none,0.001,attack,delay_response,0.0,6.0,6.0061,6.0061,6.006087,False,closed,open,False,False,False,False,observable age exceeds the freshness budget,downstream of the hub stamp
e2-20260813,E2_nonce_bound_affirmation,14,B,none,0.001,attack,delay_response,0.0,6.0,6.0041,6.0041,6.004104,False,closed,open,False,False,False,False,observable age exceeds the freshness budget,downstream of the hub stamp
e2-20260813,E2_nonce_bound_affirmation,15,B,none,0.001,attack,delay_response,0.0,6.0,6.0019,6.0019,6.001875,False,closed,open,False,False,False,False,observable age exceeds the freshness budget,downstream of the hub stamp
e2-20260813,E2_nonce_bound_affirmation,16,B,none,0.001,attack,delay_response,0.0,6.0,6.0009,6.0009,6.000895,False,closed,open,False,False,False,False,observable age exceeds the freshness budget,downstream of the hub stamp
e2-20260813,E2_nonce_bound_affirmation,17,B,none,0.001,attack,delay_response,0.0,6.0,6.0027,6.0027,6.002665,False,closed,open,False,False,False,False,observable age exceeds the freshness budget,downstream of the hub stamp
e2-20260813,E2_nonce_bound_affirmation,18,B,none,0.001,attack,delay_response,0.0,6.0,6.0026,6.0026,6.002645,False,closed,open,False,False,False,False,observable age exceeds the freshness budget,downstream of the hub stamp
e2-20260813,E2_nonce_bound_affirmation,19,B,none,0.001,attack,delay_response,0.0,6.0,6.0055,6.0055,6.005454,False,closed,open,False,False,False,False,observable age exceeds the freshness budget,downstream of the hub stamp
e2-20260813,E2_nonce_bound_affirmation,0,B,none,0.002,benign,none,0.0,0.0,0.0077,0.0077,0.007711,True,closed,closed,False,False,False,False,no challenge (v1 timestamp trust),downstream of the hub stamp
e2-20260813,E2_nonce_bound_affirmation,1,B,none,0.002,benign,none,0.0,0.0,0.0037,0.0037,0.003674,True,closed,closed,False,False,False,False,no challenge (v1 timestamp trust),downstream of the hub stamp
e2-20260813,E2_nonce_bound_affirmation,2,B,none,0.002,benign,none,0.0,0.0,0.006,0.006,0.006021,True,closed,closed,False,False,False,False,no challenge (v1 timestamp trust),downstream of the hub stamp
e2-20260813,E2_nonce_bound_affirmation,3,B,none,0.002,benign,none,0.0,0.0,0.0067,0.0067,0.006664,True,closed,closed,False,False,False,False,no challenge (v1 timestamp trust),downstream of the hub stamp
e2-20260813,E2_nonce_bound_affirmation,4,B,none,0.002,benign,none,0.0,0.0,0.0015,0.0015,0.001536,True,closed,closed,False,False,False,False,no challenge (v1 timestamp trust),downstream of the hub stamp
e2-20260813,E2_nonce_bound_affirmation,5,B,none,0.002,benign,none,0.0,0.0,0.0049,0.0049,0.004921,True,closed,closed,False,False,False,False,no challenge (v1 timestamp trust),downstream of the hub stamp
e2-20260813,E2_nonce_bound_affirmation,6,B,none,0.002,benign,none,0.0,0.0,0.006,0.006,0.006012,True,closed,closed,False,False,False,False,no challenge (v1 timestamp trust),downstream of the hub stamp
e2-20260813,E2_nonce_bound_affirmation,7,B,none,0.002,benign,none,0.0,0.0,0.0042,0.0042,0.004215,True,closed,closed,False,False,False,False,no challenge (v1 timestamp trust),downstream of the hub stamp
e2-20260813,E2_nonce_bound_affirmation,8,B,none,0.002,benign,none,0.0,0.0,0.0073,0.0073,0.007277,True,closed,closed,False,False,False,False,no challenge (v1 timestamp trust),downstream of the hub stamp
e2-20260813,E2_nonce_bound_affirmation,9,B,none,0.002,benign,none,0.0,0.0,0.0013,0.0013,0.001342,True,closed,closed,False,False,False,False,no challenge (v1 timestamp trust),downstream of the hub stamp
e2-20260813,E2_nonce_bound_affirmation,10,B,none,0.002,benign,none,0.0,0.0,0.0086,0.0086,0.008592,True,closed,closed,False,False,False,False,no challenge (v1 timestamp trust),downstream of the hub stamp
e2-20260813,E2_nonce_bound_affirmation,11,B,none,0.002,benign,none,0.0,0.0,0.0077,0.0077,0.007667,True,closed,closed,False,False,False,False,no challenge (v1 timestamp trust),downstream of the hub stamp
e2-20260813,E2_nonce_bound_affirmation,12,B,none,0.002,benign,none,0.0,0.0,0.0088,0.0088,0.008805,True,closed,closed,False,False,False,False,no challenge (v1 timestamp trust),downstream of the hub stamp
e2-20260813,E2_nonce_bound_affirmation,13,B,none,0.002,benign,none,0.0,0.0,0.0071,0.0071,0.007134,True,closed,closed,False,False,False,False,no challenge (v1 timestamp trust),downstream of the hub stamp
e2-20260813,E2_nonce_bound_affirmation,14,B,none,0.002,benign,none,0.0,0.0,0.0066,0.0066,0.006582,True,closed,closed,False,False,False,False,no challenge (v1 timestamp trust),downstream of the hub stamp
e2-20260813,E2_nonce_bound_affirmation,15,B,none,0.002,benign,none,0.0,0.0,0.0037,0.0037,0.003738,True,closed,closed,False,False,False,False,no challenge (v1 timestamp trust),downstream of the hub stamp
e2-20260813,E2_nonce_bound_affirmation,16,B,none,0.002,benign,none,0.0,0.0,0.0042,0.0042,0.004202,True,closed,closed,False,False,False,False,no challenge (v1 timestamp trust),downstream of the hub stamp
e2-20260813,E2_nonce_bound_affirmation,17,B,none,0.002,benign,none,0.0,0.0,0.0042,0.0042,0.004176,True,closed,closed,False,False,False,False,no challenge (v1 timestamp trust),downstream of the hub stamp
e2-20260813,E2_nonce_bound_affirmation,18,B,none,0.002,benign,none,0.0,0.0,0.0066,0.0066,0.006587,True,closed,closed,False,False,False,False,no challenge (v1 timestamp trust),downstream of the hub stamp
e2-20260813,E2_nonce_bound_affirmation,19,B,none,0.002,benign,none,0.0,0.0,0.0031,0.0031,0.003099,True,closed,closed,False,False,False,False,no challenge (v1 timestamp trust),downstream of the hub stamp
e2-20260813,E2_nonce_bound_affirmation,0,B,none,0.002,attack,release_held,6.0,0.0,6.0085,6.0085,0.008462,False,closed,open,False,False,False,False,observable age exceeds the freshness budget,downstream of the hub stamp
e2-20260813,E2_nonce_bound_affirmation,1,B,none,0.002,attack,release_held,6.0,0.0,6.0057,6.0057,0.005733,False,closed,open,False,False,False,False,observable age exceeds the freshness budget,downstream of the hub stamp
e2-20260813,E2_nonce_bound_affirmation,2,B,none,0.002,attack,release_held,6.0,0.0,6.0009,6.0009,0.000931,False,closed,open,False,False,False,False,observable age exceeds the freshness budget,downstream of the hub stamp
e2-20260813,E2_nonce_bound_affirmation,3,B,none,0.002,attack,release_held,6.0,0.0,6.0066,6.0066,0.006641,False,closed,open,False,False,False,False,observable age exceeds the freshness budget,downstream of the hub stamp
e2-20260813,E2_nonce_bound_affirmation,4,B,none,0.002,attack,release_held,6.0,0.0,6.0055,6.0055,0.005547,False,closed,open,False,False,False,False,observable age exceeds the freshness budget,downstream of the hub stamp
e2-20260813,E2_nonce_bound_affirmation,5,B,none,0.002,attack,release_held,6.0,0.0,6.005,6.005,0.005037,False,closed,open,False,False,False,False,observable age exceeds the freshness budget,downstream of the hub stamp
e2-20260813,E2_nonce_bound_affirmation,6,B,none,0.002,attack,release_held,6.0,0.0,6.0033,6.0033,0.003339,False,closed,open,False,False,False,False,observable age exceeds the freshness budget,downstream of the hub stamp
e2-20260813,E2_nonce_bound_affirmation,7,B,none,0.002,attack,release_held,6.0,0.0,6.0061,6.0061,0.006144,False,closed,open,False,False,False,False,observable age exceeds the freshness budget,downstream of the hub stamp
e2-20260813,E2_nonce_bound_affirmation,8,B,none,0.002,attack,release_held,6.0,0.0,6.0077,6.0077,0.007677,False,closed,open,False,False,False,False,observable age exceeds the freshness budget,downstream of the hub stamp
e2-20260813,E2_nonce_bound_affirmation,9,B,none,0.002,attack,release_held,6.0,0.0,6.0048,6.0048,0.004789,False,closed,open,False,False,False,False,observable age exceeds the freshness budget,downstream of the hub stamp
e2-20260813,E2_nonce_bound_affirmation,10,B,none,0.002,attack,release_held,6.0,0.0,6.0025,6.0025,0.002481,False,closed,open,False,False,False,False,observable age exceeds the freshness budget,downstream of the hub stamp
e2-20260813,E2_nonce_bound_affirmation,11,B,none,0.002,attack,release_held,6.0,0.0,6.0055,6.0055,0.005488,False,closed,open,False,False,False,False,observable age exceeds the freshness budget,downstream of the hub stamp
e2-20260813,E2_nonce_bound_affirmation,12,B,none,0.002,attack,release_held,6.0,0.0,6.0018,6.0018,0.001849,False,closed,open,False,False,False,False,observable age exceeds the freshness budget,downstream of the hub stamp
e2-20260813,E2_nonce_bound_affirmation,13,B,none,0.002,attack,release_held,6.0,0.0,6.009,6.009,0.008991,False,closed,open,False,False,False,False,observable age exceeds the freshness budget,downstream of the hub stamp
e2-20260813,E2_nonce_bound_affirmation,14,B,none,0.002,attack,release_held,6.0,0.0,6.0088,6.0088,0.008808,False,closed,open,False,False,False,False,observable age exceeds the freshness budget,downstream of the hub stamp
e2-20260813,E2_nonce_bound_affirmation,15,B,none,0.002,attack,release_held,6.0,0.0,6.0036,6.0036,0.003605,False,closed,open,False,False,False,False,observable age exceeds the freshness budget,downstream of the hub stamp
e2-20260813,E2_nonce_bound_affirmation,16,B,none,0.002,attack,release_held,6.0,0.0,6.005,6.005,0.00505,False,closed,open,False,False,False,False,observable age exceeds the freshness budget,downstream of the hub stamp
e2-20260813,E2_nonce_bound_affirmation,17,B,none,0.002,attack,release_held,6.0,0.0,6.0026,6.0026,0.002626,False,closed,open,False,False,False,False,observable age exceeds the freshness budget,downstream of the hub stamp
e2-20260813,E2_nonce_bound_affirmation,18,B,none,0.002,attack,release_held,6.0,0.0,6.0084,6.0084,0.008394,False,closed,open,False,False,False,False,observable age exceeds the freshness budget,downstream of the hub stamp
e2-20260813,E2_nonce_bound_affirmation,19,B,none,0.002,attack,release_held,6.0,0.0,6.0089,6.0089,0.008904,False,closed,open,False,False,False,False,observable age exceeds the freshness budget,downstream of the hub stamp
e2-20260813,E2_nonce_bound_affirmation,0,B,none,0.002,attack,delay_response,0.0,6.0,6.0075,6.0075,6.007484,False,closed,open,False,False,False,False,observable age exceeds the freshness budget,downstream of the hub stamp
e2-20260813,E2_nonce_bound_affirmation,1,B,none,0.002,attack,delay_response,0.0,6.0,6.0087,6.0087,6.008743,False,closed,open,False,False,False,False,observable age exceeds the freshness budget,downstream of the hub stamp
e2-20260813,E2_nonce_bound_affirmation,2,B,none,0.002,attack,delay_response,0.0,6.0,6.0075,6.0075,6.007493,False,closed,open,False,False,False,False,observable age exceeds the freshness budget,downstream of the hub stamp
e2-20260813,E2_nonce_bound_affirmation,3,B,none,0.002,attack,delay_response,0.0,6.0,6.0076,6.0076,6.007634,False,closed,open,False,False,False,False,observable age exceeds the freshness budget,downstream of the hub stamp
e2-20260813,E2_nonce_bound_affirmation,4,B,none,0.002,attack,delay_response,0.0,6.0,6.0047,6.0047,6.004698,False,closed,open,False,False,False,False,observable age exceeds the freshness budget,downstream of the hub stamp
e2-20260813,E2_nonce_bound_affirmation,5,B,none,0.002,attack,delay_response,0.0,6.0,6.0064,6.0064,6.006428,False,closed,open,False,False,False,False,observable age exceeds the freshness budget,downstream of the hub stamp
e2-20260813,E2_nonce_bound_affirmation,6,B,none,0.002,attack,delay_response,0.0,6.0,6.0023,6.0023,6.002326,False,closed,open,False,False,False,False,observable age exceeds the freshness budget,downstream of the hub stamp
e2-20260813,E2_nonce_bound_affirmation,7,B,none,0.002,attack,delay_response,0.0,6.0,6.006,6.006,6.006013,False,closed,open,False,False,False,False,observable age exceeds the freshness budget,downstream of the hub stamp
e2-20260813,E2_nonce_bound_affirmation,8,B,none,0.002,attack,delay_response,0.0,6.0,6.0053,6.0053,6.005315,False,closed,open,False,False,False,False,observable age exceeds the freshness budget,downstream of the hub stamp
e2-20260813,E2_nonce_bound_affirmation,9,B,none,0.002,attack,delay_response,0.0,6.0,6.0085,6.0085,6.008506,False,closed,open,False,False,False,False,observable age exceeds the freshness budget,downstream of the hub stamp
e2-20260813,E2_nonce_bound_affirmation,10,B,none,0.002,attack,delay_response,0.0,6.0,6.0069,6.0069,6.006921,False,closed,open,False,False,False,False,observable age exceeds the freshness budget,downstream of the hub stamp
e2-20260813,E2_nonce_bound_affirmation,11,B,none,0.002,attack,delay_response,0.0,6.0,6.0014,6.0014,6.001373,False,closed,open,False,False,False,False,observable age exceeds the freshness budget,downstream of the hub stamp
e2-20260813,E2_nonce_bound_affirmation,12,B,none,0.002,attack,delay_response,0.0,6.0,6.002,6.002,6.002,False,closed,open,False,False,False,False,observable age exceeds the freshness budget,downstream of the hub stamp
e2-20260813,E2_nonce_bound_affirmation,13,B,none,0.002,attack,delay_response,0.0,6.0,6.0069,6.0069,6.006909,False,closed,open,False,False,False,False,observable age exceeds the freshness budget,downstream of the hub stamp
e2-20260813,E2_nonce_bound_affirmation,14,B,none,0.002,attack,delay_response,0.0,6.0,6.0018,6.0018,6.001837,False,closed,open,False,False,False,False,observable age exceeds the freshness budget,downstream of the hub stamp
e2-20260813,E2_nonce_bound_affirmation,15,B,none,0.002,attack,delay_response,0.0,6.0,6.0012,6.0012,6.001195,False,closed,open,False,False,False,False,observable age exceeds the freshness budget,downstream of the hub stamp
e2-20260813,E2_nonce_bound_affirmation,16,B,none,0.002,attack,delay_response,0.0,6.0,6.002,6.002,6.002014,False,closed,open,False,False,False,False,observable age exceeds the freshness budget,downstream of the hub stamp
e2-20260813,E2_nonce_bound_affirmation,17,B,none,0.002,attack,delay_response,0.0,6.0,6.0031,6.0031,6.003121,False,closed,open,False,False,False,False,observable age exceeds the freshness budget,downstream of the hub stamp
e2-20260813,E2_nonce_bound_affirmation,18,B,none,0.002,attack,delay_response,0.0,6.0,6.0056,6.0056,6.005613,False,closed,open,False,False,False,False,observable age exceeds the freshness budget,downstream of the hub stamp
e2-20260813,E2_nonce_bound_affirmation,19,B,none,0.002,attack,delay_response,0.0,6.0,6.0041,6.0041,6.004105,False,closed,open,False,False,False,False,observable age exceeds the freshness budget,downstream of the hub stamp
e2-20260813,E2_nonce_bound_affirmation,0,B,none,0.005,benign,none,0.0,0.0,0.003,0.003,0.003035,True,closed,closed,False,False,False,False,no challenge (v1 timestamp trust),downstream of the hub stamp
e2-20260813,E2_nonce_bound_affirmation,1,B,none,0.005,benign,none,0.0,0.0,0.0057,0.0057,0.005714,True,closed,closed,False,False,False,False,no challenge (v1 timestamp trust),downstream of the hub stamp
e2-20260813,E2_nonce_bound_affirmation,2,B,none,0.005,benign,none,0.0,0.0,0.0077,0.0077,0.00767,True,closed,closed,False,False,False,False,no challenge (v1 timestamp trust),downstream of the hub stamp
e2-20260813,E2_nonce_bound_affirmation,3,B,none,0.005,benign,none,0.0,0.0,0.0019,0.0019,0.001877,True,closed,closed,False,False,False,False,no challenge (v1 timestamp trust),downstream of the hub stamp
e2-20260813,E2_nonce_bound_affirmation,4,B,none,0.005,benign,none,0.0,0.0,0.0067,0.0067,0.006722,True,closed,closed,False,False,False,False,no challenge (v1 timestamp trust),downstream of the hub stamp
e2-20260813,E2_nonce_bound_affirmation,5,B,none,0.005,benign,none,0.0,0.0,0.0084,0.0084,0.008414,True,closed,closed,False,False,False,False,no challenge (v1 timestamp trust),downstream of the hub stamp
e2-20260813,E2_nonce_bound_affirmation,6,B,none,0.005,benign,none,0.0,0.0,0.0061,0.0061,0.00605,True,closed,closed,False,False,False,False,no challenge (v1 timestamp trust),downstream of the hub stamp
e2-20260813,E2_nonce_bound_affirmation,7,B,none,0.005,benign,none,0.0,0.0,0.0019,0.0019,0.001908,True,closed,closed,False,False,False,False,no challenge (v1 timestamp trust),downstream of the hub stamp
e2-20260813,E2_nonce_bound_affirmation,8,B,none,0.005,benign,none,0.0,0.0,0.0025,0.0025,0.002546,True,closed,closed,False,False,False,False,no challenge (v1 timestamp trust),downstream of the hub stamp
e2-20260813,E2_nonce_bound_affirmation,9,B,none,0.005,benign,none,0.0,0.0,0.0066,0.0066,0.006587,True,closed,closed,False,False,False,False,no challenge (v1 timestamp trust),downstream of the hub stamp
e2-20260813,E2_nonce_bound_affirmation,10,B,none,0.005,benign,none,0.0,0.0,0.0051,0.0051,0.005147,True,closed,closed,False,False,False,False,no challenge (v1 timestamp trust),downstream of the hub stamp
e2-20260813,E2_nonce_bound_affirmation,11,B,none,0.005,benign,none,0.0,0.0,0.0082,0.0082,0.00822,True,closed,closed,False,False,False,False,no challenge (v1 timestamp trust),downstream of the hub stamp
e2-20260813,E2_nonce_bound_affirmation,12,B,none,0.005,benign,none,0.0,0.0,0.0057,0.0057,0.005701,True,closed,closed,False,False,False,False,no challenge (v1 timestamp trust),downstream of the hub stamp
e2-20260813,E2_nonce_bound_affirmation,13,B,none,0.005,benign,none,0.0,0.0,0.0035,0.0035,0.00351,True,closed,closed,False,False,False,False,no challenge (v1 timestamp trust),downstream of the hub stamp
e2-20260813,E2_nonce_bound_affirmation,14,B,none,0.005,benign,none,0.0,0.0,0.0063,0.0063,0.006276,True,closed,closed,False,False,False,False,no challenge (v1 timestamp trust),downstream of the hub stamp
e2-20260813,E2_nonce_bound_affirmation,15,B,none,0.005,benign,none,0.0,0.0,0.0063,0.0063,0.006293,True,closed,closed,False,False,False,False,no challenge (v1 timestamp trust),downstream of the hub stamp
e2-20260813,E2_nonce_bound_affirmation,16,B,none,0.005,benign,none,0.0,0.0,0.0029,0.0029,0.002908,True,closed,closed,False,False,False,False,no challenge (v1 timestamp trust),downstream of the hub stamp
e2-20260813,E2_nonce_bound_affirmation,17,B,none,0.005,benign,none,0.0,0.0,0.0021,0.0021,0.00215,True,closed,closed,False,False,False,False,no challenge (v1 timestamp trust),downstream of the hub stamp
e2-20260813,E2_nonce_bound_affirmation,18,B,none,0.005,benign,none,0.0,0.0,0.0069,0.0069,0.006886,True,closed,closed,False,False,False,False,no challenge (v1 timestamp trust),downstream of the hub stamp
e2-20260813,E2_nonce_bound_affirmation,19,B,none,0.005,benign,none,0.0,0.0,0.0061,0.0061,0.006056,True,closed,closed,False,False,False,False,no challenge (v1 timestamp trust),downstream of the hub stamp
e2-20260813,E2_nonce_bound_affirmation,0,B,none,0.005,attack,release_held,6.0,0.0,6.0052,6.0052,0.005215,False,closed,open,False,False,False,False,observable age exceeds the freshness budget,downstream of the hub stamp
e2-20260813,E2_nonce_bound_affirmation,1,B,none,0.005,attack,release_held,6.0,0.0,6.0074,6.0074,0.007361,False,closed,open,False,False,False,False,observable age exceeds the freshness budget,downstream of the hub stamp
e2-20260813,E2_nonce_bound_affirmation,2,B,none,0.005,attack,release_held,6.0,0.0,6.0085,6.0085,0.008471,False,closed,open,False,False,False,False,observable age exceeds the freshness budget,downstream of the hub stamp
e2-20260813,E2_nonce_bound_affirmation,3,B,none,0.005,attack,release_held,6.0,0.0,6.002,6.002,0.002001,False,closed,open,False,False,False,False,observable age exceeds the freshness budget,downstream of the hub stamp
e2-20260813,E2_nonce_bound_affirmation,4,B,none,0.005,attack,release_held,6.0,0.0,6.0023,6.0023,0.002296,False,closed,open,False,False,False,False,observable age exceeds the freshness budget,downstream of the hub stamp
e2-20260813,E2_nonce_bound_affirmation,5,B,none,0.005,attack,release_held,6.0,0.0,6.002,6.002,0.002034,False,closed,open,False,False,False,False,observable age exceeds the freshness budget,downstream of the hub stamp
e2-20260813,E2_nonce_bound_affirmation,6,B,none,0.005,attack,release_held,6.0,0.0,6.0039,6.0039,0.003898,False,closed,open,False,False,False,False,observable age exceeds the freshness budget,downstream of the hub stamp
e2-20260813,E2_nonce_bound_affirmation,7,B,none,0.005,attack,release_held,6.0,0.0,6.0009,6.0009,0.000934,False,closed,open,False,False,False,False,observable age exceeds the freshness budget,downstream of the hub stamp
e2-20260813,E2_nonce_bound_affirmation,8,B,none,0.005,attack,release_held,6.0,0.0,6.0019,6.0019,0.001889,False,closed,open,False,False,False,False,observable age exceeds the freshness budget,downstream of the hub stamp
e2-20260813,E2_nonce_bound_affirmation,9,B,none,0.005,attack,release_held,6.0,0.0,6.0018,6.0018,0.001812,False,closed,open,False,False,False,False,observable age exceeds the freshness budget,downstream of the hub stamp
e2-20260813,E2_nonce_bound_affirmation,10,B,none,0.005,attack,release_held,6.0,0.0,6.0008,6.0008,0.000804,False,closed,open,False,False,False,False,observable age exceeds the freshness budget,downstream of the hub stamp
e2-20260813,E2_nonce_bound_affirmation,11,B,none,0.005,attack,release_held,6.0,0.0,6.0031,6.0031,0.0031,False,closed,open,False,False,False,False,observable age exceeds the freshness budget,downstream of the hub stamp
e2-20260813,E2_nonce_bound_affirmation,12,B,none,0.005,attack,release_held,6.0,0.0,6.0022,6.0022,0.002172,False,closed,open,False,False,False,False,observable age exceeds the freshness budget,downstream of the hub stamp
e2-20260813,E2_nonce_bound_affirmation,13,B,none,0.005,attack,release_held,6.0,0.0,6.0049,6.0049,0.00491,False,closed,open,False,False,False,False,observable age exceeds the freshness budget,downstream of the hub stamp
e2-20260813,E2_nonce_bound_affirmation,14,B,none,0.005,attack,release_held,6.0,0.0,6.0059,6.0059,0.005898,False,closed,open,False,False,False,False,observable age exceeds the freshness budget,downstream of the hub stamp
e2-20260813,E2_nonce_bound_affirmation,15,B,none,0.005,attack,release_held,6.0,0.0,6.0038,6.0038,0.003848,False,closed,open,False,False,False,False,observable age exceeds the freshness budget,downstream of the hub stamp
e2-20260813,E2_nonce_bound_affirmation,16,B,none,0.005,attack,release_held,6.0,0.0,6.0051,6.0051,0.005052,False,closed,open,False,False,False,False,observable age exceeds the freshness budget,downstream of the hub stamp
e2-20260813,E2_nonce_bound_affirmation,17,B,none,0.005,attack,release_held,6.0,0.0,6.007,6.007,0.007038,False,closed,open,False,False,False,False,observable age exceeds the freshness budget,downstream of the hub stamp
e2-20260813,E2_nonce_bound_affirmation,18,B,none,0.005,attack,release_held,6.0,0.0,6.0047,6.0047,0.004658,False,closed,open,False,False,False,False,observable age exceeds the freshness budget,downstream of the hub stamp
e2-20260813,E2_nonce_bound_affirmation,19,B,none,0.005,attack,release_held,6.0,0.0,6.0011,6.0011,0.00106,False,closed,open,False,False,False,False,observable age exceeds the freshness budget,downstream of the hub stamp
e2-20260813,E2_nonce_bound_affirmation,0,B,none,0.005,attack,delay_response,0.0,6.0,6.0022,6.0022,6.002228,False,closed,open,False,False,False,False,observable age exceeds the freshness budget,downstream of the hub stamp
e2-20260813,E2_nonce_bound_affirmation,1,B,none,0.005,attack,delay_response,0.0,6.0,6.0057,6.0057,6.005738,False,closed,open,False,False,False,False,observable age exceeds the freshness budget,downstream of the hub stamp
e2-20260813,E2_nonce_bound_affirmation,2,B,none,0.005,attack,delay_response,0.0,6.0,6.0072,6.0072,6.007192,False,closed,open,False,False,False,False,observable age exceeds the freshness budget,downstream of the hub stamp
e2-20260813,E2_nonce_bound_affirmation,3,B,none,0.005,attack,delay_response,0.0,6.0,6.0038,6.0038,6.003799,False,closed,open,False,False,False,False,observable age exceeds the freshness budget,downstream of the hub stamp
e2-20260813,E2_nonce_bound_affirmation,4,B,none,0.005,attack,delay_response,0.0,6.0,6.0033,6.0033,6.00326,False,closed,open,False,False,False,False,observable age exceeds the freshness budget,downstream of the hub stamp
e2-20260813,E2_nonce_bound_affirmation,5,B,none,0.005,attack,delay_response,0.0,6.0,6.0017,6.0017,6.00173,False,closed,open,False,False,False,False,observable age exceeds the freshness budget,downstream of the hub stamp
e2-20260813,E2_nonce_bound_affirmation,6,B,none,0.005,attack,delay_response,0.0,6.0,6.0083,6.0083,6.008332,False,closed,open,False,False,False,False,observable age exceeds the freshness budget,downstream of the hub stamp
e2-20260813,E2_nonce_bound_affirmation,7,B,none,0.005,attack,delay_response,0.0,6.0,6.0033,6.0033,6.003317,False,closed,open,False,False,False,False,observable age exceeds the freshness budget,downstream of the hub stamp
e2-20260813,E2_nonce_bound_affirmation,8,B,none,0.005,attack,delay_response,0.0,6.0,6.0048,6.0048,6.004839,False,closed,open,False,False,False,False,observable age exceeds the freshness budget,downstream of the hub stamp
e2-20260813,E2_nonce_bound_affirmation,9,B,none,0.005,attack,delay_response,0.0,6.0,6.0044,6.0044,6.004443,False,closed,open,False,False,False,False,observable age exceeds the freshness budget,downstream of the hub stamp
e2-20260813,E2_nonce_bound_affirmation,10,B,none,0.005,attack,delay_response,0.0,6.0,6.0051,6.0051,6.005085,False,closed,open,False,False,False,False,observable age exceeds the freshness budget,downstream of the hub stamp
e2-20260813,E2_nonce_bound_affirmation,11,B,none,0.005,attack,delay_response,0.0,6.0,6.0072,6.0072,6.007188,False,closed,open,False,False,False,False,observable age exceeds the freshness budget,downstream of the hub stamp
e2-20260813,E2_nonce_bound_affirmation,12,B,none,0.005,attack,delay_response,0.0,6.0,6.0075,6.0075,6.007534,False,closed,open,False,False,False,False,observable age exceeds the freshness budget,downstream of the hub stamp
e2-20260813,E2_nonce_bound_affirmation,13,B,none,0.005,attack,delay_response,0.0,6.0,6.007,6.007,6.007018,False,closed,open,False,False,False,False,observable age exceeds the freshness budget,downstream of the hub stamp
e2-20260813,E2_nonce_bound_affirmation,14,B,none,0.005,attack,delay_response,0.0,6.0,6.0087,6.0087,6.008722,False,closed,open,False,False,False,False,observable age exceeds the freshness budget,downstream of the hub stamp
e2-20260813,E2_nonce_bound_affirmation,15,B,none,0.005,attack,delay_response,0.0,6.0,6.0044,6.0044,6.004392,False,closed,open,False,False,False,False,observable age exceeds the freshness budget,downstream of the hub stamp
e2-20260813,E2_nonce_bound_affirmation,16,B,none,0.005,attack,delay_response,0.0,6.0,6.0011,6.0011,6.001061,False,closed,open,False,False,False,False,observable age exceeds the freshness budget,downstream of the hub stamp
e2-20260813,E2_nonce_bound_affirmation,17,B,none,0.005,attack,delay_response,0.0,6.0,6.0065,6.0065,6.006541,False,closed,open,False,False,False,False,observable age exceeds the freshness budget,downstream of the hub stamp
e2-20260813,E2_nonce_bound_affirmation,18,B,none,0.005,attack,delay_response,0.0,6.0,6.0031,6.0031,6.003115,False,closed,open,False,False,False,False,observable age exceeds the freshness budget,downstream of the hub stamp
e2-20260813,E2_nonce_bound_affirmation,19,B,none,0.005,attack,delay_response,0.0,6.0,6.0044,6.0044,6.004362,False,closed,open,False,False,False,False,observable age exceeds the freshness budget,downstream of the hub stamp
e2-20260813,E2_nonce_bound_affirmation,0,B,none,0.025,benign,none,0.0,0.0,0.0079,0.0079,0.007883,True,closed,closed,False,False,False,False,no challenge (v1 timestamp trust),downstream of the hub stamp
e2-20260813,E2_nonce_bound_affirmation,1,B,none,0.025,benign,none,0.0,0.0,0.0048,0.0048,0.004767,True,closed,closed,False,False,False,False,no challenge (v1 timestamp trust),downstream of the hub stamp
e2-20260813,E2_nonce_bound_affirmation,2,B,none,0.025,benign,none,0.0,0.0,0.0039,0.0039,0.0039,True,closed,closed,False,False,False,False,no challenge (v1 timestamp trust),downstream of the hub stamp
e2-20260813,E2_nonce_bound_affirmation,3,B,none,0.025,benign,none,0.0,0.0,0.0019,0.0019,0.0019,True,closed,closed,False,False,False,False,no challenge (v1 timestamp trust),downstream of the hub stamp
e2-20260813,E2_nonce_bound_affirmation,4,B,none,0.025,benign,none,0.0,0.0,0.0017,0.0017,0.001695,True,closed,closed,False,False,False,False,no challenge (v1 timestamp trust),downstream of the hub stamp
e2-20260813,E2_nonce_bound_affirmation,5,B,none,0.025,benign,none,0.0,0.0,0.0013,0.0013,0.001315,True,closed,closed,False,False,False,False,no challenge (v1 timestamp trust),downstream of the hub stamp
e2-20260813,E2_nonce_bound_affirmation,6,B,none,0.025,benign,none,0.0,0.0,0.0021,0.0021,0.002146,True,closed,closed,False,False,False,False,no challenge (v1 timestamp trust),downstream of the hub stamp
e2-20260813,E2_nonce_bound_affirmation,7,B,none,0.025,benign,none,0.0,0.0,0.0057,0.0057,0.005687,True,closed,closed,False,False,False,False,no challenge (v1 timestamp trust),downstream of the hub stamp
e2-20260813,E2_nonce_bound_affirmation,8,B,none,0.025,benign,none,0.0,0.0,0.0079,0.0079,0.007895,True,closed,closed,False,False,False,False,no challenge (v1 timestamp trust),downstream of the hub stamp
e2-20260813,E2_nonce_bound_affirmation,9,B,none,0.025,benign,none,0.0,0.0,0.0081,0.0081,0.00809,True,closed,closed,False,False,False,False,no challenge (v1 timestamp trust),downstream of the hub stamp
e2-20260813,E2_nonce_bound_affirmation,10,B,none,0.025,benign,none,0.0,0.0,0.0033,0.0033,0.003267,True,closed,closed,False,False,False,False,no challenge (v1 timestamp trust),downstream of the hub stamp
e2-20260813,E2_nonce_bound_affirmation,11,B,none,0.025,benign,none,0.0,0.0,0.0083,0.0083,0.008263,True,closed,closed,False,False,False,False,no challenge (v1 timestamp trust),downstream of the hub stamp
e2-20260813,E2_nonce_bound_affirmation,12,B,none,0.025,benign,none,0.0,0.0,0.0085,0.0085,0.008475,True,closed,closed,False,False,False,False,no challenge (v1 timestamp trust),downstream of the hub stamp
e2-20260813,E2_nonce_bound_affirmation,13,B,none,0.025,benign,none,0.0,0.0,0.0083,0.0083,0.008268,True,closed,closed,False,False,False,False,no challenge (v1 timestamp trust),downstream of the hub stamp
e2-20260813,E2_nonce_bound_affirmation,14,B,none,0.025,benign,none,0.0,0.0,0.0011,0.0011,0.001087,True,closed,closed,False,False,False,False,no challenge (v1 timestamp trust),downstream of the hub stamp
e2-20260813,E2_nonce_bound_affirmation,15,B,none,0.025,benign,none,0.0,0.0,0.0023,0.0023,0.002269,True,closed,closed,False,False,False,False,no challenge (v1 timestamp trust),downstream of the hub stamp
e2-20260813,E2_nonce_bound_affirmation,16,B,none,0.025,benign,none,0.0,0.0,0.0023,0.0023,0.002261,True,closed,closed,False,False,False,False,no challenge (v1 timestamp trust),downstream of the hub stamp
e2-20260813,E2_nonce_bound_affirmation,17,B,none,0.025,benign,none,0.0,0.0,0.0029,0.0029,0.002856,True,closed,closed,False,False,False,False,no challenge (v1 timestamp trust),downstream of the hub stamp
e2-20260813,E2_nonce_bound_affirmation,18,B,none,0.025,benign,none,0.0,0.0,0.004,0.004,0.003997,True,closed,closed,False,False,False,False,no challenge (v1 timestamp trust),downstream of the hub stamp
e2-20260813,E2_nonce_bound_affirmation,19,B,none,0.025,benign,none,0.0,0.0,0.0016,0.0016,0.001613,True,closed,closed,False,False,False,False,no challenge (v1 timestamp trust),downstream of the hub stamp
e2-20260813,E2_nonce_bound_affirmation,0,B,none,0.025,attack,release_held,6.0,0.0,6.0065,6.0065,0.006464,False,closed,open,False,False,False,False,observable age exceeds the freshness budget,downstream of the hub stamp
e2-20260813,E2_nonce_bound_affirmation,1,B,none,0.025,attack,release_held,6.0,0.0,6.001,6.001,0.00097,False,closed,open,False,False,False,False,observable age exceeds the freshness budget,downstream of the hub stamp
e2-20260813,E2_nonce_bound_affirmation,2,B,none,0.025,attack,release_held,6.0,0.0,6.0034,6.0034,0.003418,False,closed,open,False,False,False,False,observable age exceeds the freshness budget,downstream of the hub stamp
e2-20260813,E2_nonce_bound_affirmation,3,B,none,0.025,attack,release_held,6.0,0.0,6.0066,6.0066,0.006588,False,closed,open,False,False,False,False,observable age exceeds the freshness budget,downstream of the hub stamp
e2-20260813,E2_nonce_bound_affirmation,4,B,none,0.025,attack,release_held,6.0,0.0,6.0009,6.0009,0.000903,False,closed,open,False,False,False,False,observable age exceeds the freshness budget,downstream of the hub stamp
e2-20260813,E2_nonce_bound_affirmation,5,B,none,0.025,attack,release_held,6.0,0.0,6.0054,6.0054,0.005441,False,closed,open,False,False,False,False,observable age exceeds the freshness budget,downstream of the hub stamp
e2-20260813,E2_nonce_bound_affirmation,6,B,none,0.025,attack,release_held,6.0,0.0,6.0012,6.0012,0.001208,False,closed,open,False,False,False,False,observable age exceeds the freshness budget,downstream of the hub stamp
e2-20260813,E2_nonce_bound_affirmation,7,B,none,0.025,attack,release_held,6.0,0.0,6.008,6.008,0.007991,False,closed,open,False,False,False,False,observable age exceeds the freshness budget,downstream of the hub stamp
e2-20260813,E2_nonce_bound_affirmation,8,B,none,0.025,attack,release_held,6.0,0.0,6.0033,6.0033,0.003267,False,closed,open,False,False,False,False,observable age exceeds the freshness budget,downstream of the hub stamp
e2-20260813,E2_nonce_bound_affirmation,9,B,none,0.025,attack,release_held,6.0,0.0,6.003,6.003,0.003016,False,closed,open,False,False,False,False,observable age exceeds the freshness budget,downstream of the hub stamp
e2-20260813,E2_nonce_bound_affirmation,10,B,none,0.025,attack,release_held,6.0,0.0,6.0015,6.0015,0.001479,False,closed,open,False,False,False,False,observable age exceeds the freshness budget,downstream of the hub stamp
e2-20260813,E2_nonce_bound_affirmation,11,B,none,0.025,attack,release_held,6.0,0.0,6.0019,6.0019,0.001931,False,closed,open,False,False,False,False,observable age exceeds the freshness budget,downstream of the hub stamp
e2-20260813,E2_nonce_bound_affirmation,12,B,none,0.025,attack,release_held,6.0,0.0,6.0081,6.0081,0.008092,False,closed,open,False,False,False,False,observable age exceeds the freshness budget,downstream of the hub stamp
e2-20260813,E2_nonce_bound_affirmation,13,B,none,0.025,attack,release_held,6.0,0.0,6.0046,6.0046,0.004601,False,closed,open,False,False,False,False,observable age exceeds the freshness budget,downstream of the hub stamp
e2-20260813,E2_nonce_bound_affirmation,14,B,none,0.025,attack,release_held,6.0,0.0,6.0075,6.0075,0.007505,False,closed,open,False,False,False,False,observable age exceeds the freshness budget,downstream of the hub stamp
e2-20260813,E2_nonce_bound_affirmation,15,B,none,0.025,attack,release_held,6.0,0.0,6.0043,6.0043,0.004322,False,closed,open,False,False,False,False,observable age exceeds the freshness budget,downstream of the hub stamp
e2-20260813,E2_nonce_bound_affirmation,16,B,none,0.025,attack,release_held,6.0,0.0,6.0074,6.0074,0.007355,False,closed,open,False,False,False,False,observable age exceeds the freshness budget,downstream of the hub stamp
e2-20260813,E2_nonce_bound_affirmation,17,B,none,0.025,attack,release_held,6.0,0.0,6.0088,6.0088,0.008757,False,closed,open,False,False,False,False,observable age exceeds the freshness budget,downstream of the hub stamp
e2-20260813,E2_nonce_bound_affirmation,18,B,none,0.025,attack,release_held,6.0,0.0,6.0057,6.0057,0.005691,False,closed,open,False,False,False,False,observable age exceeds the freshness budget,downstream of the hub stamp
e2-20260813,E2_nonce_bound_affirmation,19,B,none,0.025,attack,release_held,6.0,0.0,6.0079,6.0079,0.007892,False,closed,open,False,False,False,False,observable age exceeds the freshness budget,downstream of the hub stamp
e2-20260813,E2_nonce_bound_affirmation,0,B,none,0.025,attack,delay_response,0.0,6.0,6.0026,6.0026,6.002643,False,closed,open,False,False,False,False,observable age exceeds the freshness budget,downstream of the hub stamp
e2-20260813,E2_nonce_bound_affirmation,1,B,none,0.025,attack,delay_response,0.0,6.0,6.0054,6.0054,6.005402,False,closed,open,False,False,False,False,observable age exceeds the freshness budget,downstream of the hub stamp
e2-20260813,E2_nonce_bound_affirmation,2,B,none,0.025,attack,delay_response,0.0,6.0,6.002,6.002,6.001953,False,closed,open,False,False,False,False,observable age exceeds the freshness budget,downstream of the hub stamp
e2-20260813,E2_nonce_bound_affirmation,3,B,none,0.025,attack,delay_response,0.0,6.0,6.0074,6.0074,6.007351,False,closed,open,False,False,False,False,observable age exceeds the freshness budget,downstream of the hub stamp
e2-20260813,E2_nonce_bound_affirmation,4,B,none,0.025,attack,delay_response,0.0,6.0,6.0021,6.0021,6.002144,False,closed,open,False,False,False,False,observable age exceeds the freshness budget,downstream of the hub stamp
e2-20260813,E2_nonce_bound_affirmation,5,B,none,0.025,attack,delay_response,0.0,6.0,6.0037,6.0037,6.003671,False,closed,open,False,False,False,False,observable age exceeds the freshness budget,downstream of the hub stamp
e2-20260813,E2_nonce_bound_affirmation,6,B,none,0.025,attack,delay_response,0.0,6.0,6.0026,6.0026,6.002629,False,closed,open,False,False,False,False,observable age exceeds the freshness budget,downstream of the hub stamp
e2-20260813,E2_nonce_bound_affirmation,7,B,none,0.025,attack,delay_response,0.0,6.0,6.0041,6.0041,6.004068,False,closed,open,False,False,False,False,observable age exceeds the freshness budget,downstream of the hub stamp
e2-20260813,E2_nonce_bound_affirmation,8,B,none,0.025,attack,delay_response,0.0,6.0,6.008,6.008,6.008043,False,closed,open,False,False,False,False,observable age exceeds the freshness budget,downstream of the hub stamp
e2-20260813,E2_nonce_bound_affirmation,9,B,none,0.025,attack,delay_response,0.0,6.0,6.0033,6.0033,6.003324,False,closed,open,False,False,False,False,observable age exceeds the freshness budget,downstream of the hub stamp
e2-20260813,E2_nonce_bound_affirmation,10,B,none,0.025,attack,delay_response,0.0,6.0,6.0047,6.0047,6.004731,False,closed,open,False,False,False,False,observable age exceeds the freshness budget,downstream of the hub stamp
e2-20260813,E2_nonce_bound_affirmation,11,B,none,0.025,attack,delay_response,0.0,6.0,6.0076,6.0076,6.007596,False,closed,open,False,False,False,False,observable age exceeds the freshness budget,downstream of the hub stamp
e2-20260813,E2_nonce_bound_affirmation,12,B,none,0.025,attack,delay_response,0.0,6.0,6.0067,6.0067,6.006685,False,closed,open,False,False,False,False,observable age exceeds the freshness budget,downstream of the hub stamp
e2-20260813,E2_nonce_bound_affirmation,13,B,none,0.025,attack,delay_response,0.0,6.0,6.002,6.002,6.001977,False,closed,open,False,False,False,False,observable age exceeds the freshness budget,downstream of the hub stamp
e2-20260813,E2_nonce_bound_affirmation,14,B,none,0.025,attack,delay_response,0.0,6.0,6.0029,6.0029,6.002878,False,closed,open,False,False,False,False,observable age exceeds the freshness budget,downstream of the hub stamp
e2-20260813,E2_nonce_bound_affirmation,15,B,none,0.025,attack,delay_response,0.0,6.0,6.0057,6.0057,6.005667,False,closed,open,False,False,False,False,observable age exceeds the freshness budget,downstream of the hub stamp
e2-20260813,E2_nonce_bound_affirmation,16,B,none,0.025,attack,delay_response,0.0,6.0,6.0029,6.0029,6.002882,False,closed,open,False,False,False,False,observable age exceeds the freshness budget,downstream of the hub stamp
e2-20260813,E2_nonce_bound_affirmation,17,B,none,0.025,attack,delay_response,0.0,6.0,6.0086,6.0086,6.008637,False,closed,open,False,False,False,False,observable age exceeds the freshness budget,downstream of the hub stamp
e2-20260813,E2_nonce_bound_affirmation,18,B,none,0.025,attack,delay_response,0.0,6.0,6.0081,6.0081,6.008131,False,closed,open,False,False,False,False,observable age exceeds the freshness budget,downstream of the hub stamp
e2-20260813,E2_nonce_bound_affirmation,19,B,none,0.025,attack,delay_response,0.0,6.0,6.007,6.007,6.007029,False,closed,open,False,False,False,False,observable age exceeds the freshness budget,downstream of the hub stamp
e2-20260813,E2_nonce_bound_affirmation,0,B,none,0.1,benign,none,0.0,0.0,0.0029,0.0029,0.002867,True,closed,closed,False,False,False,False,no challenge (v1 timestamp trust),downstream of the hub stamp
e2-20260813,E2_nonce_bound_affirmation,1,B,none,0.1,benign,none,0.0,0.0,0.006,0.006,0.005992,True,closed,closed,False,False,False,False,no challenge (v1 timestamp trust),downstream of the hub stamp
e2-20260813,E2_nonce_bound_affirmation,2,B,none,0.1,benign,none,0.0,0.0,0.0074,0.0074,0.007391,True,closed,closed,False,False,False,False,no challenge (v1 timestamp trust),downstream of the hub stamp
e2-20260813,E2_nonce_bound_affirmation,3,B,none,0.1,benign,none,0.0,0.0,0.0038,0.0038,0.003809,True,closed,closed,False,False,False,False,no challenge (v1 timestamp trust),downstream of the hub stamp
e2-20260813,E2_nonce_bound_affirmation,4,B,none,0.1,benign,none,0.0,0.0,0.0054,0.0054,0.005416,True,closed,closed,False,False,False,False,no challenge (v1 timestamp trust),downstream of the hub stamp
e2-20260813,E2_nonce_bound_affirmation,5,B,none,0.1,benign,none,0.0,0.0,0.0032,0.0032,0.003192,True,closed,closed,False,False,False,False,no challenge (v1 timestamp trust),downstream of the hub stamp
e2-20260813,E2_nonce_bound_affirmation,6,B,none,0.1,benign,none,0.0,0.0,0.0088,0.0088,0.008751,True,closed,closed,False,False,False,False,no challenge (v1 timestamp trust),downstream of the hub stamp
e2-20260813,E2_nonce_bound_affirmation,7,B,none,0.1,benign,none,0.0,0.0,0.0085,0.0085,0.00848,True,closed,closed,False,False,False,False,no challenge (v1 timestamp trust),downstream of the hub stamp
e2-20260813,E2_nonce_bound_affirmation,8,B,none,0.1,benign,none,0.0,0.0,0.0067,0.0067,0.006695,True,closed,closed,False,False,False,False,no challenge (v1 timestamp trust),downstream of the hub stamp
e2-20260813,E2_nonce_bound_affirmation,9,B,none,0.1,benign,none,0.0,0.0,0.0012,0.0012,0.001175,True,closed,closed,False,False,False,False,no challenge (v1 timestamp trust),downstream of the hub stamp
e2-20260813,E2_nonce_bound_affirmation,10,B,none,0.1,benign,none,0.0,0.0,0.0058,0.0058,0.005796,True,closed,closed,False,False,False,False,no challenge (v1 timestamp trust),downstream of the hub stamp
e2-20260813,E2_nonce_bound_affirmation,11,B,none,0.1,benign,none,0.0,0.0,0.0053,0.0053,0.005291,True,closed,closed,False,False,False,False,no challenge (v1 timestamp trust),downstream of the hub stamp
e2-20260813,E2_nonce_bound_affirmation,12,B,none,0.1,benign,none,0.0,0.0,0.0084,0.0084,0.008399,True,closed,closed,False,False,False,False,no challenge (v1 timestamp trust),downstream of the hub stamp
e2-20260813,E2_nonce_bound_affirmation,13,B,none,0.1,benign,none,0.0,0.0,0.0085,0.0085,0.008517,True,closed,closed,False,False,False,False,no challenge (v1 timestamp trust),downstream of the hub stamp
e2-20260813,E2_nonce_bound_affirmation,14,B,none,0.1,benign,none,0.0,0.0,0.0069,0.0069,0.006916,True,closed,closed,False,False,False,False,no challenge (v1 timestamp trust),downstream of the hub stamp
e2-20260813,E2_nonce_bound_affirmation,15,B,none,0.1,benign,none,0.0,0.0,0.0056,0.0056,0.005629,True,closed,closed,False,False,False,False,no challenge (v1 timestamp trust),downstream of the hub stamp
e2-20260813,E2_nonce_bound_affirmation,16,B,none,0.1,benign,none,0.0,0.0,0.0053,0.0053,0.005289,True,closed,closed,False,False,False,False,no challenge (v1 timestamp trust),downstream of the hub stamp
e2-20260813,E2_nonce_bound_affirmation,17,B,none,0.1,benign,none,0.0,0.0,0.0024,0.0024,0.002385,True,closed,closed,False,False,False,False,no challenge (v1 timestamp trust),downstream of the hub stamp
e2-20260813,E2_nonce_bound_affirmation,18,B,none,0.1,benign,none,0.0,0.0,0.0052,0.0052,0.005198,True,closed,closed,False,False,False,False,no challenge (v1 timestamp trust),downstream of the hub stamp
e2-20260813,E2_nonce_bound_affirmation,19,B,none,0.1,benign,none,0.0,0.0,0.0054,0.0054,0.005352,True,closed,closed,False,False,False,False,no challenge (v1 timestamp trust),downstream of the hub stamp
e2-20260813,E2_nonce_bound_affirmation,0,B,none,0.1,attack,release_held,6.0,0.0,6.0046,6.0046,0.004607,False,closed,open,False,False,False,False,observable age exceeds the freshness budget,downstream of the hub stamp
e2-20260813,E2_nonce_bound_affirmation,1,B,none,0.1,attack,release_held,6.0,0.0,6.0088,6.0088,0.00875,False,closed,open,False,False,False,False,observable age exceeds the freshness budget,downstream of the hub stamp
e2-20260813,E2_nonce_bound_affirmation,2,B,none,0.1,attack,release_held,6.0,0.0,6.0041,6.0041,0.004114,False,closed,open,False,False,False,False,observable age exceeds the freshness budget,downstream of the hub stamp
e2-20260813,E2_nonce_bound_affirmation,3,B,none,0.1,attack,release_held,6.0,0.0,6.0035,6.0035,0.003477,False,closed,open,False,False,False,False,observable age exceeds the freshness budget,downstream of the hub stamp
e2-20260813,E2_nonce_bound_affirmation,4,B,none,0.1,attack,release_held,6.0,0.0,6.0079,6.0079,0.007874,False,closed,open,False,False,False,False,observable age exceeds the freshness budget,downstream of the hub stamp
e2-20260813,E2_nonce_bound_affirmation,5,B,none,0.1,attack,release_held,6.0,0.0,6.0081,6.0081,0.008091,False,closed,open,False,False,False,False,observable age exceeds the freshness budget,downstream of the hub stamp
e2-20260813,E2_nonce_bound_affirmation,6,B,none,0.1,attack,release_held,6.0,0.0,6.0025,6.0025,0.002467,False,closed,open,False,False,False,False,observable age exceeds the freshness budget,downstream of the hub stamp
e2-20260813,E2_nonce_bound_affirmation,7,B,none,0.1,attack,release_held,6.0,0.0,6.008,6.008,0.008006,False,closed,open,False,False,False,False,observable age exceeds the freshness budget,downstream of the hub stamp
e2-20260813,E2_nonce_bound_affirmation,8,B,none,0.1,attack,release_held,6.0,0.0,6.0039,6.0039,0.003887,False,closed,open,False,False,False,False,observable age exceeds the freshness budget,downstream of the hub stamp
e2-20260813,E2_nonce_bound_affirmation,9,B,none,0.1,attack,release_held,6.0,0.0,6.0063,6.0063,0.006343,False,closed,open,False,False,False,False,observable age exceeds the freshness budget,downstream of the hub stamp
e2-20260813,E2_nonce_bound_affirmation,10,B,none,0.1,attack,release_held,6.0,0.0,6.0015,6.0015,0.001531,False,closed,open,False,False,False,False,observable age exceeds the freshness budget,downstream of the hub stamp
e2-20260813,E2_nonce_bound_affirmation,11,B,none,0.1,attack,release_held,6.0,0.0,6.0083,6.0083,0.008328,False,closed,open,False,False,False,False,observable age exceeds the freshness budget,downstream of the hub stamp
e2-20260813,E2_nonce_bound_affirmation,12,B,none,0.1,attack,release_held,6.0,0.0,6.0039,6.0039,0.003886,False,closed,open,False,False,False,False,observable age exceeds the freshness budget,downstream of the hub stamp
e2-20260813,E2_nonce_bound_affirmation,13,B,none,0.1,attack,release_held,6.0,0.0,6.0056,6.0056,0.005642,False,closed,open,False,False,False,False,observable age exceeds the freshness budget,downstream of the hub stamp
e2-20260813,E2_nonce_bound_affirmation,14,B,none,0.1,attack,release_held,6.0,0.0,6.0075,6.0075,0.007507,False,closed,open,False,False,False,False,observable age exceeds the freshness budget,downstream of the hub stamp
e2-20260813,E2_nonce_bound_affirmation,15,B,none,0.1,attack,release_held,6.0,0.0,6.0044,6.0044,0.004389,False,closed,open,False,False,False,False,observable age exceeds the freshness budget,downstream of the hub stamp
e2-20260813,E2_nonce_bound_affirmation,16,B,none,0.1,attack,release_held,6.0,0.0,6.0019,6.0019,0.001862,False,closed,open,False,False,False,False,observable age exceeds the freshness budget,downstream of the hub stamp
e2-20260813,E2_nonce_bound_affirmation,17,B,none,0.1,attack,release_held,6.0,0.0,6.0049,6.0049,0.004919,False,closed,open,False,False,False,False,observable age exceeds the freshness budget,downstream of the hub stamp
e2-20260813,E2_nonce_bound_affirmation,18,B,none,0.1,attack,release_held,6.0,0.0,6.0053,6.0053,0.005306,False,closed,open,False,False,False,False,observable age exceeds the freshness budget,downstream of the hub stamp
e2-20260813,E2_nonce_bound_affirmation,19,B,none,0.1,attack,release_held,6.0,0.0,6.0069,6.0069,0.006903,False,closed,open,False,False,False,False,observable age exceeds the freshness budget,downstream of the hub stamp
e2-20260813,E2_nonce_bound_affirmation,0,B,none,0.1,attack,delay_response,0.0,6.0,6.007,6.007,6.006993,False,closed,open,False,False,False,False,observable age exceeds the freshness budget,downstream of the hub stamp
e2-20260813,E2_nonce_bound_affirmation,1,B,none,0.1,attack,delay_response,0.0,6.0,6.0064,6.0064,6.006409,False,closed,open,False,False,False,False,observable age exceeds the freshness budget,downstream of the hub stamp
e2-20260813,E2_nonce_bound_affirmation,2,B,none,0.1,attack,delay_response,0.0,6.0,6.0087,6.0087,6.008681,False,closed,open,False,False,False,False,observable age exceeds the freshness budget,downstream of the hub stamp
e2-20260813,E2_nonce_bound_affirmation,3,B,none,0.1,attack,delay_response,0.0,6.0,6.0014,6.0014,6.001416,False,closed,open,False,False,False,False,observable age exceeds the freshness budget,downstream of the hub stamp
e2-20260813,E2_nonce_bound_affirmation,4,B,none,0.1,attack,delay_response,0.0,6.0,6.0064,6.0064,6.006355,False,closed,open,False,False,False,False,observable age exceeds the freshness budget,downstream of the hub stamp
e2-20260813,E2_nonce_bound_affirmation,5,B,none,0.1,attack,delay_response,0.0,6.0,6.0065,6.0065,6.006459,False,closed,open,False,False,False,False,observable age exceeds the freshness budget,downstream of the hub stamp
e2-20260813,E2_nonce_bound_affirmation,6,B,none,0.1,attack,delay_response,0.0,6.0,6.0014,6.0014,6.001363,False,closed,open,False,False,False,False,observable age exceeds the freshness budget,downstream of the hub stamp
e2-20260813,E2_nonce_bound_affirmation,7,B,none,0.1,attack,delay_response,0.0,6.0,6.0045,6.0045,6.004535,False,closed,open,False,False,False,False,observable age exceeds the freshness budget,downstream of the hub stamp
e2-20260813,E2_nonce_bound_affirmation,8,B,none,0.1,attack,delay_response,0.0,6.0,6.0041,6.0041,6.004061,False,closed,open,False,False,False,False,observable age exceeds the freshness budget,downstream of the hub stamp
e2-20260813,E2_nonce_bound_affirmation,9,B,none,0.1,attack,delay_response,0.0,6.0,6.0069,6.0069,6.006875,False,closed,open,False,False,False,False,observable age exceeds the freshness budget,downstream of the hub stamp
e2-20260813,E2_nonce_bound_affirmation,10,B,none,0.1,attack,delay_response,0.0,6.0,6.001,6.001,6.000966,False,closed,open,False,False,False,False,observable age exceeds the freshness budget,downstream of the hub stamp
e2-20260813,E2_nonce_bound_affirmation,11,B,none,0.1,attack,delay_response,0.0,6.0,6.0015,6.0015,6.001473,False,closed,open,False,False,False,False,observable age exceeds the freshness budget,downstream of the hub stamp
e2-20260813,E2_nonce_bound_affirmation,12,B,none,0.1,attack,delay_response,0.0,6.0,6.0041,6.0041,6.004059,False,closed,open,False,False,False,False,observable age exceeds the freshness budget,downstream of the hub stamp
e2-20260813,E2_nonce_bound_affirmation,13,B,none,0.1,attack,delay_response,0.0,6.0,6.0027,6.0027,6.002686,False,closed,open,False,False,False,False,observable age exceeds the freshness budget,downstream of the hub stamp
e2-20260813,E2_nonce_bound_affirmation,14,B,none,0.1,attack,delay_response,0.0,6.0,6.0059,6.0059,6.005942,False,closed,open,False,False,False,False,observable age exceeds the freshness budget,downstream of the hub stamp
e2-20260813,E2_nonce_bound_affirmation,15,B,none,0.1,attack,delay_response,0.0,6.0,6.0085,6.0085,6.00854,False,closed,open,False,False,False,False,observable age exceeds the freshness budget,downstream of the hub stamp
e2-20260813,E2_nonce_bound_affirmation,16,B,none,0.1,attack,delay_response,0.0,6.0,6.0053,6.0053,6.005334,False,closed,open,False,False,False,False,observable age exceeds the freshness budget,downstream of the hub stamp
e2-20260813,E2_nonce_bound_affirmation,17,B,none,0.1,attack,delay_response,0.0,6.0,6.0074,6.0074,6.007421,False,closed,open,False,False,False,False,observable age exceeds the freshness budget,downstream of the hub stamp
e2-20260813,E2_nonce_bound_affirmation,18,B,none,0.1,attack,delay_response,0.0,6.0,6.006,6.006,6.006005,False,closed,open,False,False,False,False,observable age exceeds the freshness budget,downstream of the hub stamp
e2-20260813,E2_nonce_bound_affirmation,19,B,none,0.1,attack,delay_response,0.0,6.0,6.0058,6.0058,6.005767,False,closed,open,False,False,False,False,observable age exceeds the freshness budget,downstream of the hub stamp
e2-20260813,E2_nonce_bound_affirmation,0,B,none,0.5,benign,none,0.0,0.0,0.0023,0.0023,0.002251,True,closed,closed,False,False,False,False,no challenge (v1 timestamp trust),downstream of the hub stamp
e2-20260813,E2_nonce_bound_affirmation,1,B,none,0.5,benign,none,0.0,0.0,0.0089,0.0089,0.008917,True,closed,closed,False,False,False,False,no challenge (v1 timestamp trust),downstream of the hub stamp
e2-20260813,E2_nonce_bound_affirmation,2,B,none,0.5,benign,none,0.0,0.0,0.0065,0.0065,0.006524,True,closed,closed,False,False,False,False,no challenge (v1 timestamp trust),downstream of the hub stamp
e2-20260813,E2_nonce_bound_affirmation,3,B,none,0.5,benign,none,0.0,0.0,0.0056,0.0056,0.005603,True,closed,closed,False,False,False,False,no challenge (v1 timestamp trust),downstream of the hub stamp
e2-20260813,E2_nonce_bound_affirmation,4,B,none,0.5,benign,none,0.0,0.0,0.0045,0.0045,0.004525,True,closed,closed,False,False,False,False,no challenge (v1 timestamp trust),downstream of the hub stamp
e2-20260813,E2_nonce_bound_affirmation,5,B,none,0.5,benign,none,0.0,0.0,0.0035,0.0035,0.003545,True,closed,closed,False,False,False,False,no challenge (v1 timestamp trust),downstream of the hub stamp
e2-20260813,E2_nonce_bound_affirmation,6,B,none,0.5,benign,none,0.0,0.0,0.0065,0.0065,0.006481,True,closed,closed,False,False,False,False,no challenge (v1 timestamp trust),downstream of the hub stamp
e2-20260813,E2_nonce_bound_affirmation,7,B,none,0.5,benign,none,0.0,0.0,0.0059,0.0059,0.005851,True,closed,closed,False,False,False,False,no challenge (v1 timestamp trust),downstream of the hub stamp
e2-20260813,E2_nonce_bound_affirmation,8,B,none,0.5,benign,none,0.0,0.0,0.0053,0.0053,0.005338,True,closed,closed,False,False,False,False,no challenge (v1 timestamp trust),downstream of the hub stamp
e2-20260813,E2_nonce_bound_affirmation,9,B,none,0.5,benign,none,0.0,0.0,0.0024,0.0024,0.002356,True,closed,closed,False,False,False,False,no challenge (v1 timestamp trust),downstream of the hub stamp
e2-20260813,E2_nonce_bound_affirmation,10,B,none,0.5,benign,none,0.0,0.0,0.0061,0.0061,0.006056,True,closed,closed,False,False,False,False,no challenge (v1 timestamp trust),downstream of the hub stamp
e2-20260813,E2_nonce_bound_affirmation,11,B,none,0.5,benign,none,0.0,0.0,0.0026,0.0026,0.002593,True,closed,closed,False,False,False,False,no challenge (v1 timestamp trust),downstream of the hub stamp
e2-20260813,E2_nonce_bound_affirmation,12,B,none,0.5,benign,none,0.0,0.0,0.0066,0.0066,0.00661,True,closed,closed,False,False,False,False,no challenge (v1 timestamp trust),downstream of the hub stamp
e2-20260813,E2_nonce_bound_affirmation,13,B,none,0.5,benign,none,0.0,0.0,0.0037,0.0037,0.003708,True,closed,closed,False,False,False,False,no challenge (v1 timestamp trust),downstream of the hub stamp
e2-20260813,E2_nonce_bound_affirmation,14,B,none,0.5,benign,none,0.0,0.0,0.008,0.008,0.008047,True,closed,closed,False,False,False,False,no challenge (v1 timestamp trust),downstream of the hub stamp
e2-20260813,E2_nonce_bound_affirmation,15,B,none,0.5,benign,none,0.0,0.0,0.0081,0.0081,0.008083,True,closed,closed,False,False,False,False,no challenge (v1 timestamp trust),downstream of the hub stamp
e2-20260813,E2_nonce_bound_affirmation,16,B,none,0.5,benign,none,0.0,0.0,0.0032,0.0032,0.003156,True,closed,closed,False,False,False,False,no challenge (v1 timestamp trust),downstream of the hub stamp
e2-20260813,E2_nonce_bound_affirmation,17,B,none,0.5,benign,none,0.0,0.0,0.0052,0.0052,0.005229,True,closed,closed,False,False,False,False,no challenge (v1 timestamp trust),downstream of the hub stamp
e2-20260813,E2_nonce_bound_affirmation,18,B,none,0.5,benign,none,0.0,0.0,0.003,0.003,0.003028,True,closed,closed,False,False,False,False,no challenge (v1 timestamp trust),downstream of the hub stamp
e2-20260813,E2_nonce_bound_affirmation,19,B,none,0.5,benign,none,0.0,0.0,0.0047,0.0047,0.004651,True,closed,closed,False,False,False,False,no challenge (v1 timestamp trust),downstream of the hub stamp
e2-20260813,E2_nonce_bound_affirmation,0,B,none,0.5,attack,release_held,6.0,0.0,6.008,6.008,0.008011,False,closed,open,False,False,False,False,observable age exceeds the freshness budget,downstream of the hub stamp
e2-20260813,E2_nonce_bound_affirmation,1,B,none,0.5,attack,release_held,6.0,0.0,6.0014,6.0014,0.00145,False,closed,open,False,False,False,False,observable age exceeds the freshness budget,downstream of the hub stamp
e2-20260813,E2_nonce_bound_affirmation,2,B,none,0.5,attack,release_held,6.0,0.0,6.0055,6.0055,0.005516,False,closed,open,False,False,False,False,observable age exceeds the freshness budget,downstream of the hub stamp
e2-20260813,E2_nonce_bound_affirmation,3,B,none,0.5,attack,release_held,6.0,0.0,6.0058,6.0058,0.00575,False,closed,open,False,False,False,False,observable age exceeds the freshness budget,downstream of the hub stamp
e2-20260813,E2_nonce_bound_affirmation,4,B,none,0.5,attack,release_held,6.0,0.0,6.0015,6.0015,0.001472,False,closed,open,False,False,False,False,observable age exceeds the freshness budget,downstream of the hub stamp
e2-20260813,E2_nonce_bound_affirmation,5,B,none,0.5,attack,release_held,6.0,0.0,6.0067,6.0067,0.006671,False,closed,open,False,False,False,False,observable age exceeds the freshness budget,downstream of the hub stamp
e2-20260813,E2_nonce_bound_affirmation,6,B,none,0.5,attack,release_held,6.0,0.0,6.0027,6.0027,0.002717,False,closed,open,False,False,False,False,observable age exceeds the freshness budget,downstream of the hub stamp
e2-20260813,E2_nonce_bound_affirmation,7,B,none,0.5,attack,release_held,6.0,0.0,6.0068,6.0068,0.00684,False,closed,open,False,False,False,False,observable age exceeds the freshness budget,downstream of the hub stamp
e2-20260813,E2_nonce_bound_affirmation,8,B,none,0.5,attack,release_held,6.0,0.0,6.0064,6.0064,0.006369,False,closed,open,False,False,False,False,observable age exceeds the freshness budget,downstream of the hub stamp
e2-20260813,E2_nonce_bound_affirmation,9,B,none,0.5,attack,release_held,6.0,0.0,6.0018,6.0018,0.001791,False,closed,open,False,False,False,False,observable age exceeds the freshness budget,downstream of the hub stamp
e2-20260813,E2_nonce_bound_affirmation,10,B,none,0.5,attack,release_held,6.0,0.0,6.0077,6.0077,0.007705,False,closed,open,False,False,False,False,observable age exceeds the freshness budget,downstream of the hub stamp
e2-20260813,E2_nonce_bound_affirmation,11,B,none,0.5,attack,release_held,6.0,0.0,6.0058,6.0058,0.005811,False,closed,open,False,False,False,False,observable age exceeds the freshness budget,downstream of the hub stamp
e2-20260813,E2_nonce_bound_affirmation,12,B,none,0.5,attack,release_held,6.0,0.0,6.0049,6.0049,0.004942,False,closed,open,False,False,False,False,observable age exceeds the freshness budget,downstream of the hub stamp
e2-20260813,E2_nonce_bound_affirmation,13,B,none,0.5,attack,release_held,6.0,0.0,6.0015,6.0015,0.00152,False,closed,open,False,False,False,False,observable age exceeds the freshness budget,downstream of the hub stamp
e2-20260813,E2_nonce_bound_affirmation,14,B,none,0.5,attack,release_held,6.0,0.0,6.0069,6.0069,0.006906,False,closed,open,False,False,False,False,observable age exceeds the freshness budget,downstream of the hub stamp
e2-20260813,E2_nonce_bound_affirmation,15,B,none,0.5,attack,release_held,6.0,0.0,6.003,6.003,0.003037,False,closed,open,False,False,False,False,observable age exceeds the freshness budget,downstream of the hub stamp
e2-20260813,E2_nonce_bound_affirmation,16,B,none,0.5,attack,release_held,6.0,0.0,6.0036,6.0036,0.003645,False,closed,open,False,False,False,False,observable age exceeds the freshness budget,downstream of the hub stamp
e2-20260813,E2_nonce_bound_affirmation,17,B,none,0.5,attack,release_held,6.0,0.0,6.0048,6.0048,0.004794,False,closed,open,False,False,False,False,observable age exceeds the freshness budget,downstream of the hub stamp
e2-20260813,E2_nonce_bound_affirmation,18,B,none,0.5,attack,release_held,6.0,0.0,6.0052,6.0052,0.005212,False,closed,open,False,False,False,False,observable age exceeds the freshness budget,downstream of the hub stamp
e2-20260813,E2_nonce_bound_affirmation,19,B,none,0.5,attack,release_held,6.0,0.0,6.0076,6.0076,0.007624,False,closed,open,False,False,False,False,observable age exceeds the freshness budget,downstream of the hub stamp
e2-20260813,E2_nonce_bound_affirmation,0,B,none,0.5,attack,delay_response,0.0,6.0,6.0056,6.0056,6.005579,False,closed,open,False,False,False,False,observable age exceeds the freshness budget,downstream of the hub stamp
e2-20260813,E2_nonce_bound_affirmation,1,B,none,0.5,attack,delay_response,0.0,6.0,6.0043,6.0043,6.004282,False,closed,open,False,False,False,False,observable age exceeds the freshness budget,downstream of the hub stamp
e2-20260813,E2_nonce_bound_affirmation,2,B,none,0.5,attack,delay_response,0.0,6.0,6.0072,6.0072,6.007208,False,closed,open,False,False,False,False,observable age exceeds the freshness budget,downstream of the hub stamp
e2-20260813,E2_nonce_bound_affirmation,3,B,none,0.5,attack,delay_response,0.0,6.0,6.0014,6.0014,6.001396,False,closed,open,False,False,False,False,observable age exceeds the freshness budget,downstream of the hub stamp
e2-20260813,E2_nonce_bound_affirmation,4,B,none,0.5,attack,delay_response,0.0,6.0,6.0042,6.0042,6.00419,False,closed,open,False,False,False,False,observable age exceeds the freshness budget,downstream of the hub stamp
e2-20260813,E2_nonce_bound_affirmation,5,B,none,0.5,attack,delay_response,0.0,6.0,6.0078,6.0078,6.007811,False,closed,open,False,False,False,False,observable age exceeds the freshness budget,downstream of the hub stamp
e2-20260813,E2_nonce_bound_affirmation,6,B,none,0.5,attack,delay_response,0.0,6.0,6.0041,6.0041,6.004066,False,closed,open,False,False,False,False,observable age exceeds the freshness budget,downstream of the hub stamp
e2-20260813,E2_nonce_bound_affirmation,7,B,none,0.5,attack,delay_response,0.0,6.0,6.0041,6.0041,6.004075,False,closed,open,False,False,False,False,observable age exceeds the freshness budget,downstream of the hub stamp
e2-20260813,E2_nonce_bound_affirmation,8,B,none,0.5,attack,delay_response,0.0,6.0,6.0019,6.0019,6.001918,False,closed,open,False,False,False,False,observable age exceeds the freshness budget,downstream of the hub stamp
e2-20260813,E2_nonce_bound_affirmation,9,B,none,0.5,attack,delay_response,0.0,6.0,6.0018,6.0018,6.001751,False,closed,open,False,False,False,False,observable age exceeds the freshness budget,downstream of the hub stamp
e2-20260813,E2_nonce_bound_affirmation,10,B,none,0.5,attack,delay_response,0.0,6.0,6.0084,6.0084,6.008447,False,closed,open,False,False,False,False,observable age exceeds the freshness budget,downstream of the hub stamp
e2-20260813,E2_nonce_bound_affirmation,11,B,none,0.5,attack,delay_response,0.0,6.0,6.0058,6.0058,6.005755,False,closed,open,False,False,False,False,observable age exceeds the freshness budget,downstream of the hub stamp
e2-20260813,E2_nonce_bound_affirmation,12,B,none,0.5,attack,delay_response,0.0,6.0,6.0012,6.0012,6.001178,False,closed,open,False,False,False,False,observable age exceeds the freshness budget,downstream of the hub stamp
e2-20260813,E2_nonce_bound_affirmation,13,B,none,0.5,attack,delay_response,0.0,6.0,6.0039,6.0039,6.00395,False,closed,open,False,False,False,False,observable age exceeds the freshness budget,downstream of the hub stamp
e2-20260813,E2_nonce_bound_affirmation,14,B,none,0.5,attack,delay_response,0.0,6.0,6.0085,6.0085,6.008532,False,closed,open,False,False,False,False,observable age exceeds the freshness budget,downstream of the hub stamp
e2-20260813,E2_nonce_bound_affirmation,15,B,none,0.5,attack,delay_response,0.0,6.0,6.0026,6.0026,6.002622,False,closed,open,False,False,False,False,observable age exceeds the freshness budget,downstream of the hub stamp
e2-20260813,E2_nonce_bound_affirmation,16,B,none,0.5,attack,delay_response,0.0,6.0,6.0074,6.0074,6.007428,False,closed,open,False,False,False,False,observable age exceeds the freshness budget,downstream of the hub stamp
e2-20260813,E2_nonce_bound_affirmation,17,B,none,0.5,attack,delay_response,0.0,6.0,6.0086,6.0086,6.008611,False,closed,open,False,False,False,False,observable age exceeds the freshness budget,downstream of the hub stamp
e2-20260813,E2_nonce_bound_affirmation,18,B,none,0.5,attack,delay_response,0.0,6.0,6.0079,6.0079,6.007912,False,closed,open,False,False,False,False,observable age exceeds the freshness budget,downstream of the hub stamp
e2-20260813,E2_nonce_bound_affirmation,19,B,none,0.5,attack,delay_response,0.0,6.0,6.0088,6.0088,6.008815,False,closed,open,False,False,False,False,observable age exceeds the freshness budget,downstream of the hub stamp
e2-20260813,E2_nonce_bound_affirmation,0,B,deployable,0.001,benign,none,0.0,0.0,0.0079,0.0079,0.007869,False,closed,closed,False,False,True,False,round trip 0.008s > bound 0.001s,downstream of the hub stamp
e2-20260813,E2_nonce_bound_affirmation,1,B,deployable,0.001,benign,none,0.0,0.0,0.0036,0.0036,0.003609,False,closed,closed,False,False,True,False,round trip 0.004s > bound 0.001s,downstream of the hub stamp
e2-20260813,E2_nonce_bound_affirmation,2,B,deployable,0.001,benign,none,0.0,0.0,0.0066,0.0066,0.006581,False,closed,closed,False,False,True,False,round trip 0.007s > bound 0.001s,downstream of the hub stamp
e2-20260813,E2_nonce_bound_affirmation,3,B,deployable,0.001,benign,none,0.0,0.0,0.0075,0.0075,0.007482,False,closed,closed,False,False,True,False,round trip 0.007s > bound 0.001s,downstream of the hub stamp
e2-20260813,E2_nonce_bound_affirmation,4,B,deployable,0.001,benign,none,0.0,0.0,0.0012,0.0012,0.001182,False,closed,closed,False,False,True,False,round trip 0.001s > bound 0.001s,downstream of the hub stamp
e2-20260813,E2_nonce_bound_affirmation,5,B,deployable,0.001,benign,none,0.0,0.0,0.003,0.003,0.002967,False,closed,closed,False,False,True,False,round trip 0.003s > bound 0.001s,downstream of the hub stamp
e2-20260813,E2_nonce_bound_affirmation,6,B,deployable,0.001,benign,none,0.0,0.0,0.0072,0.0072,0.007163,False,closed,closed,False,False,True,False,round trip 0.007s > bound 0.001s,downstream of the hub stamp
e2-20260813,E2_nonce_bound_affirmation,7,B,deployable,0.001,benign,none,0.0,0.0,0.0081,0.0081,0.008104,False,closed,closed,False,False,True,False,round trip 0.008s > bound 0.001s,downstream of the hub stamp
e2-20260813,E2_nonce_bound_affirmation,8,B,deployable,0.001,benign,none,0.0,0.0,0.0049,0.0049,0.004878,False,closed,closed,False,False,True,False,round trip 0.005s > bound 0.001s,downstream of the hub stamp
e2-20260813,E2_nonce_bound_affirmation,9,B,deployable,0.001,benign,none,0.0,0.0,0.0008,0.0008,0.000814,True,closed,closed,False,False,False,False,response inside the round-trip bound,downstream of the hub stamp
e2-20260813,E2_nonce_bound_affirmation,10,B,deployable,0.001,benign,none,0.0,0.0,0.0032,0.0032,0.003247,False,closed,closed,False,False,True,False,round trip 0.003s > bound 0.001s,downstream of the hub stamp
e2-20260813,E2_nonce_bound_affirmation,11,B,deployable,0.001,benign,none,0.0,0.0,0.0072,0.0072,0.007195,False,closed,closed,False,False,True,False,round trip 0.007s > bound 0.001s,downstream of the hub stamp
e2-20260813,E2_nonce_bound_affirmation,12,B,deployable,0.001,benign,none,0.0,0.0,0.0043,0.0043,0.004313,False,closed,closed,False,False,True,False,round trip 0.004s > bound 0.001s,downstream of the hub stamp
e2-20260813,E2_nonce_bound_affirmation,13,B,deployable,0.001,benign,none,0.0,0.0,0.0075,0.0075,0.007478,False,closed,closed,False,False,True,False,round trip 0.007s > bound 0.001s,downstream of the hub stamp
e2-20260813,E2_nonce_bound_affirmation,14,B,deployable,0.001,benign,none,0.0,0.0,0.0051,0.0051,0.005063,False,closed,closed,False,False,True,False,round trip 0.005s > bound 0.001s,downstream of the hub stamp
e2-20260813,E2_nonce_bound_affirmation,15,B,deployable,0.001,benign,none,0.0,0.0,0.0016,0.0016,0.00155,False,closed,closed,False,False,True,False,round trip 0.002s > bound 0.001s,downstream of the hub stamp
e2-20260813,E2_nonce_bound_affirmation,16,B,deployable,0.001,benign,none,0.0,0.0,0.0014,0.0014,0.001413,False,closed,closed,False,False,True,False,round trip 0.001s > bound 0.001s,downstream of the hub stamp
e2-20260813,E2_nonce_bound_affirmation,17,B,deployable,0.001,benign,none,0.0,0.0,0.0038,0.0038,0.003759,False,closed,closed,False,False,True,False,round trip 0.004s > bound 0.001s,downstream of the hub stamp
e2-20260813,E2_nonce_bound_affirmation,18,B,deployable,0.001,benign,none,0.0,0.0,0.001,0.001,0.001002,False,closed,closed,False,False,True,False,round trip 0.001s > bound 0.001s,downstream of the hub stamp
e2-20260813,E2_nonce_bound_affirmation,19,B,deployable,0.001,benign,none,0.0,0.0,0.0054,0.0054,0.005353,False,closed,closed,False,False,True,False,round trip 0.005s > bound 0.001s,downstream of the hub stamp
e2-20260813,E2_nonce_bound_affirmation,0,B,deployable,0.001,attack,release_held,6.0,0.0,6.0016,6.0016,0.001612,False,closed,open,False,False,False,False,observable age exceeds the freshness budget,downstream of the hub stamp
e2-20260813,E2_nonce_bound_affirmation,1,B,deployable,0.001,attack,release_held,6.0,0.0,6.0052,6.0052,0.005192,False,closed,open,False,False,False,False,observable age exceeds the freshness budget,downstream of the hub stamp
e2-20260813,E2_nonce_bound_affirmation,2,B,deployable,0.001,attack,release_held,6.0,0.0,6.0021,6.0021,0.002109,False,closed,open,False,False,False,False,observable age exceeds the freshness budget,downstream of the hub stamp
e2-20260813,E2_nonce_bound_affirmation,3,B,deployable,0.001,attack,release_held,6.0,0.0,6.0017,6.0017,0.001655,False,closed,open,False,False,False,False,observable age exceeds the freshness budget,downstream of the hub stamp
e2-20260813,E2_nonce_bound_affirmation,4,B,deployable,0.001,attack,release_held,6.0,0.0,6.0018,6.0018,0.001761,False,closed,open,False,False,False,False,observable age exceeds the freshness budget,downstream of the hub stamp
e2-20260813,E2_nonce_bound_affirmation,5,B,deployable,0.001,attack,release_held,6.0,0.0,6.0028,6.0028,0.002836,False,closed,open,False,False,False,False,observable age exceeds the freshness budget,downstream of the hub stamp
e2-20260813,E2_nonce_bound_affirmation,6,B,deployable,0.001,attack,release_held,6.0,0.0,6.0084,6.0084,0.008363,False,closed,open,False,False,False,False,observable age exceeds the freshness budget,downstream of the hub stamp
e2-20260813,E2_nonce_bound_affirmation,7,B,deployable,0.001,attack,release_held,6.0,0.0,6.0035,6.0035,0.003532,False,closed,open,False,False,False,False,observable age exceeds the freshness budget,downstream of the hub stamp
e2-20260813,E2_nonce_bound_affirmation,8,B,deployable,0.001,attack,release_held,6.0,0.0,6.0038,6.0038,0.00378,False,closed,open,False,False,False,False,observable age exceeds the freshness budget,downstream of the hub stamp
e2-20260813,E2_nonce_bound_affirmation,9,B,deployable,0.001,attack,release_held,6.0,0.0,6.0074,6.0074,0.007363,False,closed,open,False,False,False,False,observable age exceeds the freshness budget,downstream of the hub stamp
e2-20260813,E2_nonce_bound_affirmation,10,B,deployable,0.001,attack,release_held,6.0,0.0,6.0044,6.0044,0.004378,False,closed,open,False,False,False,False,observable age exceeds the freshness budget,downstream of the hub stamp
e2-20260813,E2_nonce_bound_affirmation,11,B,deployable,0.001,attack,release_held,6.0,0.0,6.0039,6.0039,0.00395,False,closed,open,False,False,False,False,observable age exceeds the freshness budget,downstream of the hub stamp
e2-20260813,E2_nonce_bound_affirmation,12,B,deployable,0.001,attack,release_held,6.0,0.0,6.0082,6.0082,0.008205,False,closed,open,False,False,False,False,observable age exceeds the freshness budget,downstream of the hub stamp
e2-20260813,E2_nonce_bound_affirmation,13,B,deployable,0.001,attack,release_held,6.0,0.0,6.0031,6.0031,0.003106,False,closed,open,False,False,False,False,observable age exceeds the freshness budget,downstream of the hub stamp
e2-20260813,E2_nonce_bound_affirmation,14,B,deployable,0.001,attack,release_held,6.0,0.0,6.0037,6.0037,0.003706,False,closed,open,False,False,False,False,observable age exceeds the freshness budget,downstream of the hub stamp
e2-20260813,E2_nonce_bound_affirmation,15,B,deployable,0.001,attack,release_held,6.0,0.0,6.0078,6.0078,0.007785,False,closed,open,False,False,False,False,observable age exceeds the freshness budget,downstream of the hub stamp
e2-20260813,E2_nonce_bound_affirmation,16,B,deployable,0.001,attack,release_held,6.0,0.0,6.0077,6.0077,0.007675,False,closed,open,False,False,False,False,observable age exceeds the freshness budget,downstream of the hub stamp
e2-20260813,E2_nonce_bound_affirmation,17,B,deployable,0.001,attack,release_held,6.0,0.0,6.0068,6.0068,0.006767,False,closed,open,False,False,False,False,observable age exceeds the freshness budget,downstream of the hub stamp
e2-20260813,E2_nonce_bound_affirmation,18,B,deployable,0.001,attack,release_held,6.0,0.0,6.0017,6.0017,0.00172,False,closed,open,False,False,False,False,observable age exceeds the freshness budget,downstream of the hub stamp
e2-20260813,E2_nonce_bound_affirmation,19,B,deployable,0.001,attack,release_held,6.0,0.0,6.0009,6.0009,0.000857,False,closed,open,False,False,False,False,observable age exceeds the freshness budget,downstream of the hub stamp
e2-20260813,E2_nonce_bound_affirmation,0,B,deployable,0.001,attack,delay_response,0.0,6.0,6.0021,6.0021,6.002097,False,closed,open,False,False,False,False,observable age exceeds the freshness budget,downstream of the hub stamp
e2-20260813,E2_nonce_bound_affirmation,1,B,deployable,0.001,attack,delay_response,0.0,6.0,6.0057,6.0057,6.005748,False,closed,open,False,False,False,False,observable age exceeds the freshness budget,downstream of the hub stamp
e2-20260813,E2_nonce_bound_affirmation,2,B,deployable,0.001,attack,delay_response,0.0,6.0,6.0086,6.0086,6.008563,False,closed,open,False,False,False,False,observable age exceeds the freshness budget,downstream of the hub stamp
e2-20260813,E2_nonce_bound_affirmation,3,B,deployable,0.001,attack,delay_response,0.0,6.0,6.006,6.006,6.005997,False,closed,open,False,False,False,False,observable age exceeds the freshness budget,downstream of the hub stamp
e2-20260813,E2_nonce_bound_affirmation,4,B,deployable,0.001,attack,delay_response,0.0,6.0,6.0063,6.0063,6.006265,False,closed,open,False,False,False,False,observable age exceeds the freshness budget,downstream of the hub stamp
e2-20260813,E2_nonce_bound_affirmation,5,B,deployable,0.001,attack,delay_response,0.0,6.0,6.0056,6.0056,6.005568,False,closed,open,False,False,False,False,observable age exceeds the freshness budget,downstream of the hub stamp
e2-20260813,E2_nonce_bound_affirmation,6,B,deployable,0.001,attack,delay_response,0.0,6.0,6.0057,6.0057,6.00574,False,closed,open,False,False,False,False,observable age exceeds the freshness budget,downstream of the hub stamp
e2-20260813,E2_nonce_bound_affirmation,7,B,deployable,0.001,attack,delay_response,0.0,6.0,6.006,6.006,6.005965,False,closed,open,False,False,False,False,observable age exceeds the freshness budget,downstream of the hub stamp
e2-20260813,E2_nonce_bound_affirmation,8,B,deployable,0.001,attack,delay_response,0.0,6.0,6.001,6.001,6.001015,False,closed,open,False,False,False,False,observable age exceeds the freshness budget,downstream of the hub stamp
e2-20260813,E2_nonce_bound_affirmation,9,B,deployable,0.001,attack,delay_response,0.0,6.0,6.0031,6.0031,6.00309,False,closed,open,False,False,False,False,observable age exceeds the freshness budget,downstream of the hub stamp
e2-20260813,E2_nonce_bound_affirmation,10,B,deployable,0.001,attack,delay_response,0.0,6.0,6.0077,6.0077,6.007717,False,closed,open,False,False,False,False,observable age exceeds the freshness budget,downstream of the hub stamp
e2-20260813,E2_nonce_bound_affirmation,11,B,deployable,0.001,attack,delay_response,0.0,6.0,6.001,6.001,6.000973,False,closed,open,False,False,False,False,observable age exceeds the freshness budget,downstream of the hub stamp
e2-20260813,E2_nonce_bound_affirmation,12,B,deployable,0.001,attack,delay_response,0.0,6.0,6.0021,6.0021,6.002129,False,closed,open,False,False,False,False,observable age exceeds the freshness budget,downstream of the hub stamp
e2-20260813,E2_nonce_bound_affirmation,13,B,deployable,0.001,attack,delay_response,0.0,6.0,6.0052,6.0052,6.00517,False,closed,open,False,False,False,False,observable age exceeds the freshness budget,downstream of the hub stamp
e2-20260813,E2_nonce_bound_affirmation,14,B,deployable,0.001,attack,delay_response,0.0,6.0,6.0088,6.0088,6.008781,False,closed,open,False,False,False,False,observable age exceeds the freshness budget,downstream of the hub stamp
e2-20260813,E2_nonce_bound_affirmation,15,B,deployable,0.001,attack,delay_response,0.0,6.0,6.0036,6.0036,6.003576,False,closed,open,False,False,False,False,observable age exceeds the freshness budget,downstream of the hub stamp
e2-20260813,E2_nonce_bound_affirmation,16,B,deployable,0.001,attack,delay_response,0.0,6.0,6.0089,6.0089,6.008933,False,closed,open,False,False,False,False,observable age exceeds the freshness budget,downstream of the hub stamp
e2-20260813,E2_nonce_bound_affirmation,17,B,deployable,0.001,attack,delay_response,0.0,6.0,6.0082,6.0082,6.008167,False,closed,open,False,False,False,False,observable age exceeds the freshness budget,downstream of the hub stamp
e2-20260813,E2_nonce_bound_affirmation,18,B,deployable,0.001,attack,delay_response,0.0,6.0,6.0079,6.0079,6.007852,False,closed,open,False,False,False,False,observable age exceeds the freshness budget,downstream of the hub stamp
e2-20260813,E2_nonce_bound_affirmation,19,B,deployable,0.001,attack,delay_response,0.0,6.0,6.0015,6.0015,6.001546,False,closed,open,False,False,False,False,observable age exceeds the freshness budget,downstream of the hub stamp
e2-20260813,E2_nonce_bound_affirmation,0,B,deployable,0.002,benign,none,0.0,0.0,0.0036,0.0036,0.003619,False,closed,closed,False,False,True,False,round trip 0.004s > bound 0.002s,downstream of the hub stamp
e2-20260813,E2_nonce_bound_affirmation,1,B,deployable,0.002,benign,none,0.0,0.0,0.0032,0.0032,0.003242,False,closed,closed,False,False,True,False,round trip 0.003s > bound 0.002s,downstream of the hub stamp
e2-20260813,E2_nonce_bound_affirmation,2,B,deployable,0.002,benign,none,0.0,0.0,0.0065,0.0065,0.006518,False,closed,closed,False,False,True,False,round trip 0.007s > bound 0.002s,downstream of the hub stamp
e2-20260813,E2_nonce_bound_affirmation,3,B,deployable,0.002,benign,none,0.0,0.0,0.007,0.007,0.006959,False,closed,closed,False,False,True,False,round trip 0.007s > bound 0.002s,downstream of the hub stamp
e2-20260813,E2_nonce_bound_affirmation,4,B,deployable,0.002,benign,none,0.0,0.0,0.007,0.007,0.007003,False,closed,closed,False,False,True,False,round trip 0.007s > bound 0.002s,downstream of the hub stamp
e2-20260813,E2_nonce_bound_affirmation,5,B,deployable,0.002,benign,none,0.0,0.0,0.002,0.002,0.002033,False,closed,closed,False,False,True,False,round trip 0.002s > bound 0.002s,downstream of the hub stamp
e2-20260813,E2_nonce_bound_affirmation,6,B,deployable,0.002,benign,none,0.0,0.0,0.0051,0.0051,0.005113,False,closed,closed,False,False,True,False,round trip 0.005s > bound 0.002s,downstream of the hub stamp
e2-20260813,E2_nonce_bound_affirmation,7,B,deployable,0.002,benign,none,0.0,0.0,0.0084,0.0084,0.008422,False,closed,closed,False,False,True,False,round trip 0.008s > bound 0.002s,downstream of the hub stamp
e2-20260813,E2_nonce_bound_affirmation,8,B,deployable,0.002,benign,none,0.0,0.0,0.0071,0.0071,0.00714,False,closed,closed,False,False,True,False,round trip 0.007s > bound 0.002s,downstream of the hub stamp
e2-20260813,E2_nonce_bound_affirmation,9,B,deployable,0.002,benign,none,0.0,0.0,0.005,0.005,0.004977,False,closed,closed,False,False,True,False,round trip 0.005s > bound 0.002s,downstream of the hub stamp
e2-20260813,E2_nonce_bound_affirmation,10,B,deployable,0.002,benign,none,0.0,0.0,0.0073,0.0073,0.007311,False,closed,closed,False,False,True,False,round trip 0.007s > bound 0.002s,downstream of the hub stamp
e2-20260813,E2_nonce_bound_affirmation,11,B,deployable,0.002,benign,none,0.0,0.0,0.002,0.002,0.002045,False,closed,closed,False,False,True,False,round trip 0.002s > bound 0.002s,downstream of the hub stamp
e2-20260813,E2_nonce_bound_affirmation,12,B,deployable,0.002,benign,none,0.0,0.0,0.0027,0.0027,0.002738,False,closed,closed,False,False,True,False,round trip 0.003s > bound 0.002s,downstream of the hub stamp
e2-20260813,E2_nonce_bound_affirmation,13,B,deployable,0.002,benign,none,0.0,0.0,0.0065,0.0065,0.006504,False,closed,closed,False,False,True,False,round trip 0.007s > bound 0.002s,downstream of the hub stamp
e2-20260813,E2_nonce_bound_affirmation,14,B,deployable,0.002,benign,none,0.0,0.0,0.0069,0.0069,0.006853,False,closed,closed,False,False,True,False,round trip 0.007s > bound 0.002s,downstream of the hub stamp
e2-20260813,E2_nonce_bound_affirmation,15,B,deployable,0.002,benign,none,0.0,0.0,0.0031,0.0031,0.003109,False,closed,closed,False,False,True,False,round trip 0.003s > bound 0.002s,downstream of the hub stamp
e2-20260813,E2_nonce_bound_affirmation,16,B,deployable,0.002,benign,none,0.0,0.0,0.0088,0.0088,0.008834,False,closed,closed,False,False,True,False,round trip 0.009s > bound 0.002s,downstream of the hub stamp
e2-20260813,E2_nonce_bound_affirmation,17,B,deployable,0.002,benign,none,0.0,0.0,0.0078,0.0078,0.007837,False,closed,closed,False,False,True,False,round trip 0.008s > bound 0.002s,downstream of the hub stamp
e2-20260813,E2_nonce_bound_affirmation,18,B,deployable,0.002,benign,none,0.0,0.0,0.0072,0.0072,0.007153,False,closed,closed,False,False,True,False,round trip 0.007s > bound 0.002s,downstream of the hub stamp
e2-20260813,E2_nonce_bound_affirmation,19,B,deployable,0.002,benign,none,0.0,0.0,0.0061,0.0061,0.006128,False,closed,closed,False,False,True,False,round trip 0.006s > bound 0.002s,downstream of the hub stamp
e2-20260813,E2_nonce_bound_affirmation,0,B,deployable,0.002,attack,release_held,6.0,0.0,6.0037,6.0037,0.003715,False,closed,open,False,False,False,False,observable age exceeds the freshness budget,downstream of the hub stamp
e2-20260813,E2_nonce_bound_affirmation,1,B,deployable,0.002,attack,release_held,6.0,0.0,6.0045,6.0045,0.004469,False,closed,open,False,False,False,False,observable age exceeds the freshness budget,downstream of the hub stamp
e2-20260813,E2_nonce_bound_affirmation,2,B,deployable,0.002,attack,release_held,6.0,0.0,6.0062,6.0062,0.006177,False,closed,open,False,False,False,False,observable age exceeds the freshness budget,downstream of the hub stamp
e2-20260813,E2_nonce_bound_affirmation,3,B,deployable,0.002,attack,release_held,6.0,0.0,6.0089,6.0089,0.00892,False,closed,open,False,False,False,False,observable age exceeds the freshness budget,downstream of the hub stamp
e2-20260813,E2_nonce_bound_affirmation,4,B,deployable,0.002,attack,release_held,6.0,0.0,6.0034,6.0034,0.003404,False,closed,open,False,False,False,False,observable age exceeds the freshness budget,downstream of the hub stamp
e2-20260813,E2_nonce_bound_affirmation,5,B,deployable,0.002,attack,release_held,6.0,0.0,6.0043,6.0043,0.004301,False,closed,open,False,False,False,False,observable age exceeds the freshness budget,downstream of the hub stamp
e2-20260813,E2_nonce_bound_affirmation,6,B,deployable,0.002,attack,release_held,6.0,0.0,6.0082,6.0082,0.008226,False,closed,open,False,False,False,False,observable age exceeds the freshness budget,downstream of the hub stamp
e2-20260813,E2_nonce_bound_affirmation,7,B,deployable,0.002,attack,release_held,6.0,0.0,6.0043,6.0043,0.00432,False,closed,open,False,False,False,False,observable age exceeds the freshness budget,downstream of the hub stamp
e2-20260813,E2_nonce_bound_affirmation,8,B,deployable,0.002,attack,release_held,6.0,0.0,6.0015,6.0015,0.001525,False,closed,open,False,False,False,False,observable age exceeds the freshness budget,downstream of the hub stamp
e2-20260813,E2_nonce_bound_affirmation,9,B,deployable,0.002,attack,release_held,6.0,0.0,6.0059,6.0059,0.005926,False,closed,open,False,False,False,False,observable age exceeds the freshness budget,downstream of the hub stamp
e2-20260813,E2_nonce_bound_affirmation,10,B,deployable,0.002,attack,release_held,6.0,0.0,6.0029,6.0029,0.002857,False,closed,open,False,False,False,False,observable age exceeds the freshness budget,downstream of the hub stamp
e2-20260813,E2_nonce_bound_affirmation,11,B,deployable,0.002,attack,release_held,6.0,0.0,6.0086,6.0086,0.008588,False,closed,open,False,False,False,False,observable age exceeds the freshness budget,downstream of the hub stamp
e2-20260813,E2_nonce_bound_affirmation,12,B,deployable,0.002,attack,release_held,6.0,0.0,6.0072,6.0072,0.007215,False,closed,open,False,False,False,False,observable age exceeds the freshness budget,downstream of the hub stamp
e2-20260813,E2_nonce_bound_affirmation,13,B,deployable,0.002,attack,release_held,6.0,0.0,6.0044,6.0044,0.004417,False,closed,open,False,False,False,False,observable age exceeds the freshness budget,downstream of the hub stamp
e2-20260813,E2_nonce_bound_affirmation,14,B,deployable,0.002,attack,release_held,6.0,0.0,6.0086,6.0086,0.008557,False,closed,open,False,False,False,False,observable age exceeds the freshness budget,downstream of the hub stamp
e2-20260813,E2_nonce_bound_affirmation,15,B,deployable,0.002,attack,release_held,6.0,0.0,6.0071,6.0071,0.007146,False,closed,open,False,False,False,False,observable age exceeds the freshness budget,downstream of the hub stamp
e2-20260813,E2_nonce_bound_affirmation,16,B,deployable,0.002,attack,release_held,6.0,0.0,6.0012,6.0012,0.001157,False,closed,open,False,False,False,False,observable age exceeds the freshness budget,downstream of the hub stamp
e2-20260813,E2_nonce_bound_affirmation,17,B,deployable,0.002,attack,release_held,6.0,0.0,6.0046,6.0046,0.004575,False,closed,open,False,False,False,False,observable age exceeds the freshness budget,downstream of the hub stamp
e2-20260813,E2_nonce_bound_affirmation,18,B,deployable,0.002,attack,release_held,6.0,0.0,6.002,6.002,0.002028,False,closed,open,False,False,False,False,observable age exceeds the freshness budget,downstream of the hub stamp
e2-20260813,E2_nonce_bound_affirmation,19,B,deployable,0.002,attack,release_held,6.0,0.0,6.0043,6.0043,0.004324,False,closed,open,False,False,False,False,observable age exceeds the freshness budget,downstream of the hub stamp
e2-20260813,E2_nonce_bound_affirmation,0,B,deployable,0.002,attack,delay_response,0.0,6.0,6.004,6.004,6.003955,False,closed,open,False,False,False,False,observable age exceeds the freshness budget,downstream of the hub stamp
e2-20260813,E2_nonce_bound_affirmation,1,B,deployable,0.002,attack,delay_response,0.0,6.0,6.0064,6.0064,6.006357,False,closed,open,False,False,False,False,observable age exceeds the freshness budget,downstream of the hub stamp
e2-20260813,E2_nonce_bound_affirmation,2,B,deployable,0.002,attack,delay_response,0.0,6.0,6.0055,6.0055,6.005462,False,closed,open,False,False,False,False,observable age exceeds the freshness budget,downstream of the hub stamp
e2-20260813,E2_nonce_bound_affirmation,3,B,deployable,0.002,attack,delay_response,0.0,6.0,6.0036,6.0036,6.003592,False,closed,open,False,False,False,False,observable age exceeds the freshness budget,downstream of the hub stamp
e2-20260813,E2_nonce_bound_affirmation,4,B,deployable,0.002,attack,delay_response,0.0,6.0,6.001,6.001,6.00104,False,closed,open,False,False,False,False,observable age exceeds the freshness budget,downstream of the hub stamp
e2-20260813,E2_nonce_bound_affirmation,5,B,deployable,0.002,attack,delay_response,0.0,6.0,6.0078,6.0078,6.007784,False,closed,open,False,False,False,False,observable age exceeds the freshness budget,downstream of the hub stamp
e2-20260813,E2_nonce_bound_affirmation,6,B,deployable,0.002,attack,delay_response,0.0,6.0,6.0072,6.0072,6.007239,False,closed,open,False,False,False,False,observable age exceeds the freshness budget,downstream of the hub stamp
e2-20260813,E2_nonce_bound_affirmation,7,B,deployable,0.002,attack,delay_response,0.0,6.0,6.0048,6.0048,6.00478,False,closed,open,False,False,False,False,observable age exceeds the freshness budget,downstream of the hub stamp
e2-20260813,E2_nonce_bound_affirmation,8,B,deployable,0.002,attack,delay_response,0.0,6.0,6.0064,6.0064,6.006378,False,closed,open,False,False,False,False,observable age exceeds the freshness budget,downstream of the hub stamp
e2-20260813,E2_nonce_bound_affirmation,9,B,deployable,0.002,attack,delay_response,0.0,6.0,6.0026,6.0026,6.002555,False,closed,open,False,False,False,False,observable age exceeds the freshness budget,downstream of the hub stamp
e2-20260813,E2_nonce_bound_affirmation,10,B,deployable,0.002,attack,delay_response,0.0,6.0,6.0056,6.0056,6.005649,False,closed,open,False,False,False,False,observable age exceeds the freshness budget,downstream of the hub stamp
e2-20260813,E2_nonce_bound_affirmation,11,B,deployable,0.002,attack,delay_response,0.0,6.0,6.0039,6.0039,6.003937,False,closed,open,False,False,False,False,observable age exceeds the freshness budget,downstream of the hub stamp
e2-20260813,E2_nonce_bound_affirmation,12,B,deployable,0.002,attack,delay_response,0.0,6.0,6.0019,6.0019,6.001915,False,closed,open,False,False,False,False,observable age exceeds the freshness budget,downstream of the hub stamp
e2-20260813,E2_nonce_bound_affirmation,13,B,deployable,0.002,attack,delay_response,0.0,6.0,6.0053,6.0053,6.005257,False,closed,open,False,False,False,False,observable age exceeds the freshness budget,downstream of the hub stamp
e2-20260813,E2_nonce_bound_affirmation,14,B,deployable,0.002,attack,delay_response,0.0,6.0,6.0053,6.0053,6.005297,False,closed,open,False,False,False,False,observable age exceeds the freshness budget,downstream of the hub stamp
e2-20260813,E2_nonce_bound_affirmation,15,B,deployable,0.002,attack,delay_response,0.0,6.0,6.002,6.002,6.002045,False,closed,open,False,False,False,False,observable age exceeds the freshness budget,downstream of the hub stamp
e2-20260813,E2_nonce_bound_affirmation,16,B,deployable,0.002,attack,delay_response,0.0,6.0,6.0081,6.0081,6.008136,False,closed,open,False,False,False,False,observable age exceeds the freshness budget,downstream of the hub stamp
e2-20260813,E2_nonce_bound_affirmation,17,B,deployable,0.002,attack,delay_response,0.0,6.0,6.0036,6.0036,6.003606,False,closed,open,False,False,False,False,observable age exceeds the freshness budget,downstream of the hub stamp
e2-20260813,E2_nonce_bound_affirmation,18,B,deployable,0.002,attack,delay_response,0.0,6.0,6.0013,6.0013,6.001266,False,closed,open,False,False,False,False,observable age exceeds the freshness budget,downstream of the hub stamp
e2-20260813,E2_nonce_bound_affirmation,19,B,deployable,0.002,attack,delay_response,0.0,6.0,6.0013,6.0013,6.001284,False,closed,open,False,False,False,False,observable age exceeds the freshness budget,downstream of the hub stamp
e2-20260813,E2_nonce_bound_affirmation,0,B,deployable,0.005,benign,none,0.0,0.0,0.0053,0.0053,0.005254,False,closed,closed,False,False,True,False,round trip 0.005s > bound 0.005s,downstream of the hub stamp
e2-20260813,E2_nonce_bound_affirmation,1,B,deployable,0.005,benign,none,0.0,0.0,0.0023,0.0023,0.002288,True,closed,closed,False,False,False,False,response inside the round-trip bound,downstream of the hub stamp
e2-20260813,E2_nonce_bound_affirmation,2,B,deployable,0.005,benign,none,0.0,0.0,0.0069,0.0069,0.006863,False,closed,closed,False,False,True,False,round trip 0.007s > bound 0.005s,downstream of the hub stamp
e2-20260813,E2_nonce_bound_affirmation,3,B,deployable,0.005,benign,none,0.0,0.0,0.0027,0.0027,0.002738,True,closed,closed,False,False,False,False,response inside the round-trip bound,downstream of the hub stamp
e2-20260813,E2_nonce_bound_affirmation,4,B,deployable,0.005,benign,none,0.0,0.0,0.0049,0.0049,0.004869,True,closed,closed,False,False,False,False,response inside the round-trip bound,downstream of the hub stamp
e2-20260813,E2_nonce_bound_affirmation,5,B,deployable,0.005,benign,none,0.0,0.0,0.0013,0.0013,0.001291,True,closed,closed,False,False,False,False,response inside the round-trip bound,downstream of the hub stamp
e2-20260813,E2_nonce_bound_affirmation,6,B,deployable,0.005,benign,none,0.0,0.0,0.0087,0.0087,0.00867,False,closed,closed,False,False,True,False,round trip 0.009s > bound 0.005s,downstream of the hub stamp
e2-20260813,E2_nonce_bound_affirmation,7,B,deployable,0.005,benign,none,0.0,0.0,0.001,0.001,0.001047,True,closed,closed,False,False,False,False,response inside the round-trip bound,downstream of the hub stamp
e2-20260813,E2_nonce_bound_affirmation,8,B,deployable,0.005,benign,none,0.0,0.0,0.005,0.005,0.004977,True,closed,closed,False,False,False,False,response inside the round-trip bound,downstream of the hub stamp
e2-20260813,E2_nonce_bound_affirmation,9,B,deployable,0.005,benign,none,0.0,0.0,0.0008,0.0008,0.000832,True,closed,closed,False,False,False,False,response inside the round-trip bound,downstream of the hub stamp
e2-20260813,E2_nonce_bound_affirmation,10,B,deployable,0.005,benign,none,0.0,0.0,0.0077,0.0077,0.007723,False,closed,closed,False,False,True,False,round trip 0.008s > bound 0.005s,downstream of the hub stamp
e2-20260813,E2_nonce_bound_affirmation,11,B,deployable,0.005,benign,none,0.0,0.0,0.0041,0.0041,0.004066,True,closed,closed,False,False,False,False,response inside the round-trip bound,downstream of the hub stamp
e2-20260813,E2_nonce_bound_affirmation,12,B,deployable,0.005,benign,none,0.0,0.0,0.0086,0.0086,0.008611,False,closed,closed,False,False,True,False,round trip 0.009s > bound 0.005s,downstream of the hub stamp
e2-20260813,E2_nonce_bound_affirmation,13,B,deployable,0.005,benign,none,0.0,0.0,0.0028,0.0028,0.002834,True,closed,closed,False,False,False,False,response inside the round-trip bound,downstream of the hub stamp
e2-20260813,E2_nonce_bound_affirmation,14,B,deployable,0.005,benign,none,0.0,0.0,0.0026,0.0026,0.002579,True,closed,closed,False,False,False,False,response inside the round-trip bound,downstream of the hub stamp
e2-20260813,E2_nonce_bound_affirmation,15,B,deployable,0.005,benign,none,0.0,0.0,0.004,0.004,0.004009,True,closed,closed,False,False,False,False,response inside the round-trip bound,downstream of the hub stamp
e2-20260813,E2_nonce_bound_affirmation,16,B,deployable,0.005,benign,none,0.0,0.0,0.007,0.007,0.006974,False,closed,closed,False,False,True,False,round trip 0.007s > bound 0.005s,downstream of the hub stamp
e2-20260813,E2_nonce_bound_affirmation,17,B,deployable,0.005,benign,none,0.0,0.0,0.0075,0.0075,0.007532,False,closed,closed,False,False,True,False,round trip 0.008s > bound 0.005s,downstream of the hub stamp
e2-20260813,E2_nonce_bound_affirmation,18,B,deployable,0.005,benign,none,0.0,0.0,0.0009,0.0009,0.000862,True,closed,closed,False,False,False,False,response inside the round-trip bound,downstream of the hub stamp
e2-20260813,E2_nonce_bound_affirmation,19,B,deployable,0.005,benign,none,0.0,0.0,0.0084,0.0084,0.008403,False,closed,closed,False,False,True,False,round trip 0.008s > bound 0.005s,downstream of the hub stamp
e2-20260813,E2_nonce_bound_affirmation,0,B,deployable,0.005,attack,release_held,6.0,0.0,6.006,6.006,0.005979,False,closed,open,False,False,False,False,observable age exceeds the freshness budget,downstream of the hub stamp
e2-20260813,E2_nonce_bound_affirmation,1,B,deployable,0.005,attack,release_held,6.0,0.0,6.0065,6.0065,0.006475,False,closed,open,False,False,False,False,observable age exceeds the freshness budget,downstream of the hub stamp
e2-20260813,E2_nonce_bound_affirmation,2,B,deployable,0.005,attack,release_held,6.0,0.0,6.0019,6.0019,0.001854,False,closed,open,False,False,False,False,observable age exceeds the freshness budget,downstream of the hub stamp
e2-20260813,E2_nonce_bound_affirmation,3,B,deployable,0.005,attack,release_held,6.0,0.0,6.0026,6.0026,0.002646,False,closed,open,False,False,False,False,observable age exceeds the freshness budget,downstream of the hub stamp
e2-20260813,E2_nonce_bound_affirmation,4,B,deployable,0.005,attack,release_held,6.0,0.0,6.0086,6.0086,0.008587,False,closed,open,False,False,False,False,observable age exceeds the freshness budget,downstream of the hub stamp
e2-20260813,E2_nonce_bound_affirmation,5,B,deployable,0.005,attack,release_held,6.0,0.0,6.0064,6.0064,0.006449,False,closed,open,False,False,False,False,observable age exceeds the freshness budget,downstream of the hub stamp
e2-20260813,E2_nonce_bound_affirmation,6,B,deployable,0.005,attack,release_held,6.0,0.0,6.0014,6.0014,0.001375,False,closed,open,False,False,False,False,observable age exceeds the freshness budget,downstream of the hub stamp
e2-20260813,E2_nonce_bound_affirmation,7,B,deployable,0.005,attack,release_held,6.0,0.0,6.0012,6.0012,0.001248,False,closed,open,False,False,False,False,observable age exceeds the freshness budget,downstream of the hub stamp
e2-20260813,E2_nonce_bound_affirmation,8,B,deployable,0.005,attack,release_held,6.0,0.0,6.0036,6.0036,0.003593,False,closed,open,False,False,False,False,observable age exceeds the freshness budget,downstream of the hub stamp
e2-20260813,E2_nonce_bound_affirmation,9,B,deployable,0.005,attack,release_held,6.0,0.0,6.0024,6.0024,0.002369,False,closed,open,False,False,False,False,observable age exceeds the freshness budget,downstream of the hub stamp
e2-20260813,E2_nonce_bound_affirmation,10,B,deployable,0.005,attack,release_held,6.0,0.0,6.0041,6.0041,0.004073,False,closed,open,False,False,False,False,observable age exceeds the freshness budget,downstream of the hub stamp
e2-20260813,E2_nonce_bound_affirmation,11,B,deployable,0.005,attack,release_held,6.0,0.0,6.0052,6.0052,0.005189,False,closed,open,False,False,False,False,observable age exceeds the freshness budget,downstream of the hub stamp
e2-20260813,E2_nonce_bound_affirmation,12,B,deployable,0.005,attack,release_held,6.0,0.0,6.0081,6.0081,0.008092,False,closed,open,False,False,False,False,observable age exceeds the freshness budget,downstream of the hub stamp
e2-20260813,E2_nonce_bound_affirmation,13,B,deployable,0.005,attack,release_held,6.0,0.0,6.0058,6.0058,0.005815,False,closed,open,False,False,False,False,observable age exceeds the freshness budget,downstream of the hub stamp
e2-20260813,E2_nonce_bound_affirmation,14,B,deployable,0.005,attack,release_held,6.0,0.0,6.0058,6.0058,0.00583,False,closed,open,False,False,False,False,observable age exceeds the freshness budget,downstream of the hub stamp
e2-20260813,E2_nonce_bound_affirmation,15,B,deployable,0.005,attack,release_held,6.0,0.0,6.0018,6.0018,0.001833,False,closed,open,False,False,False,False,observable age exceeds the freshness budget,downstream of the hub stamp
e2-20260813,E2_nonce_bound_affirmation,16,B,deployable,0.005,attack,release_held,6.0,0.0,6.0014,6.0014,0.001358,False,closed,open,False,False,False,False,observable age exceeds the freshness budget,downstream of the hub stamp
e2-20260813,E2_nonce_bound_affirmation,17,B,deployable,0.005,attack,release_held,6.0,0.0,6.0051,6.0051,0.005147,False,closed,open,False,False,False,False,observable age exceeds the freshness budget,downstream of the hub stamp
e2-20260813,E2_nonce_bound_affirmation,18,B,deployable,0.005,attack,release_held,6.0,0.0,6.0055,6.0055,0.005524,False,closed,open,False,False,False,False,observable age exceeds the freshness budget,downstream of the hub stamp
e2-20260813,E2_nonce_bound_affirmation,19,B,deployable,0.005,attack,release_held,6.0,0.0,6.0082,6.0082,0.008232,False,closed,open,False,False,False,False,observable age exceeds the freshness budget,downstream of the hub stamp
e2-20260813,E2_nonce_bound_affirmation,0,B,deployable,0.005,attack,delay_response,0.0,6.0,6.0016,6.0016,6.001645,False,closed,open,False,False,False,False,observable age exceeds the freshness budget,downstream of the hub stamp
e2-20260813,E2_nonce_bound_affirmation,1,B,deployable,0.005,attack,delay_response,0.0,6.0,6.0054,6.0054,6.005364,False,closed,open,False,False,False,False,observable age exceeds the freshness budget,downstream of the hub stamp
e2-20260813,E2_nonce_bound_affirmation,2,B,deployable,0.005,attack,delay_response,0.0,6.0,6.0021,6.0021,6.002097,False,closed,open,False,False,False,False,observable age exceeds the freshness budget,downstream of the hub stamp
e2-20260813,E2_nonce_bound_affirmation,3,B,deployable,0.005,attack,delay_response,0.0,6.0,6.0086,6.0086,6.008617,False,closed,open,False,False,False,False,observable age exceeds the freshness budget,downstream of the hub stamp
e2-20260813,E2_nonce_bound_affirmation,4,B,deployable,0.005,attack,delay_response,0.0,6.0,6.0085,6.0085,6.008466,False,closed,open,False,False,False,False,observable age exceeds the freshness budget,downstream of the hub stamp
e2-20260813,E2_nonce_bound_affirmation,5,B,deployable,0.005,attack,delay_response,0.0,6.0,6.0038,6.0038,6.003822,False,closed,open,False,False,False,False,observable age exceeds the freshness budget,downstream of the hub stamp
e2-20260813,E2_nonce_bound_affirmation,6,B,deployable,0.005,attack,delay_response,0.0,6.0,6.0082,6.0082,6.00816,False,closed,open,False,False,False,False,observable age exceeds the freshness budget,downstream of the hub stamp
e2-20260813,E2_nonce_bound_affirmation,7,B,deployable,0.005,attack,delay_response,0.0,6.0,6.0063,6.0063,6.006271,False,closed,open,False,False,False,False,observable age exceeds the freshness budget,downstream of the hub stamp
e2-20260813,E2_nonce_bound_affirmation,8,B,deployable,0.005,attack,delay_response,0.0,6.0,6.0057,6.0057,6.005736,False,closed,open,False,False,False,False,observable age exceeds the freshness budget,downstream of the hub stamp
e2-20260813,E2_nonce_bound_affirmation,9,B,deployable,0.005,attack,delay_response,0.0,6.0,6.0055,6.0055,6.005485,False,closed,open,False,False,False,False,observable age exceeds the freshness budget,downstream of the hub stamp
e2-20260813,E2_nonce_bound_affirmation,10,B,deployable,0.005,attack,delay_response,0.0,6.0,6.0047,6.0047,6.004746,False,closed,open,False,False,False,False,observable age exceeds the freshness budget,downstream of the hub stamp
e2-20260813,E2_nonce_bound_affirmation,11,B,deployable,0.005,attack,delay_response,0.0,6.0,6.0051,6.0051,6.005063,False,closed,open,False,False,False,False,observable age exceeds the freshness budget,downstream of the hub stamp
e2-20260813,E2_nonce_bound_affirmation,12,B,deployable,0.005,attack,delay_response,0.0,6.0,6.0064,6.0064,6.006384,False,closed,open,False,False,False,False,observable age exceeds the freshness budget,downstream of the hub stamp
e2-20260813,E2_nonce_bound_affirmation,13,B,deployable,0.005,attack,delay_response,0.0,6.0,6.0015,6.0015,6.001549,False,closed,open,False,False,False,False,observable age exceeds the freshness budget,downstream of the hub stamp
e2-20260813,E2_nonce_bound_affirmation,14,B,deployable,0.005,attack,delay_response,0.0,6.0,6.0089,6.0089,6.00893,False,closed,open,False,False,False,False,observable age exceeds the freshness budget,downstream of the hub stamp
e2-20260813,E2_nonce_bound_affirmation,15,B,deployable,0.005,attack,delay_response,0.0,6.0,6.0071,6.0071,6.007142,False,closed,open,False,False,False,False,observable age exceeds the freshness budget,downstream of the hub stamp
e2-20260813,E2_nonce_bound_affirmation,16,B,deployable,0.005,attack,delay_response,0.0,6.0,6.0033,6.0033,6.003279,False,closed,open,False,False,False,False,observable age exceeds the freshness budget,downstream of the hub stamp
e2-20260813,E2_nonce_bound_affirmation,17,B,deployable,0.005,attack,delay_response,0.0,6.0,6.0059,6.0059,6.005911,False,closed,open,False,False,False,False,observable age exceeds the freshness budget,downstream of the hub stamp
e2-20260813,E2_nonce_bound_affirmation,18,B,deployable,0.005,attack,delay_response,0.0,6.0,6.0079,6.0079,6.007888,False,closed,open,False,False,False,False,observable age exceeds the freshness budget,downstream of the hub stamp
e2-20260813,E2_nonce_bound_affirmation,19,B,deployable,0.005,attack,delay_response,0.0,6.0,6.0021,6.0021,6.002138,False,closed,open,False,False,False,False,observable age exceeds the freshness budget,downstream of the hub stamp
e2-20260813,E2_nonce_bound_affirmation,0,B,deployable,0.025,benign,none,0.0,0.0,0.0032,0.0032,0.003187,True,closed,closed,False,False,False,False,response inside the round-trip bound,downstream of the hub stamp
e2-20260813,E2_nonce_bound_affirmation,1,B,deployable,0.025,benign,none,0.0,0.0,0.0056,0.0056,0.005621,True,closed,closed,False,False,False,False,response inside the round-trip bound,downstream of the hub stamp
e2-20260813,E2_nonce_bound_affirmation,2,B,deployable,0.025,benign,none,0.0,0.0,0.0084,0.0084,0.008447,True,closed,closed,False,False,False,False,response inside the round-trip bound,downstream of the hub stamp
e2-20260813,E2_nonce_bound_affirmation,3,B,deployable,0.025,benign,none,0.0,0.0,0.0053,0.0053,0.005294,True,closed,closed,False,False,False,False,response inside the round-trip bound,downstream of the hub stamp
e2-20260813,E2_nonce_bound_affirmation,4,B,deployable,0.025,benign,none,0.0,0.0,0.0071,0.0071,0.007125,True,closed,closed,False,False,False,False,response inside the round-trip bound,downstream of the hub stamp
e2-20260813,E2_nonce_bound_affirmation,5,B,deployable,0.025,benign,none,0.0,0.0,0.0051,0.0051,0.005064,True,closed,closed,False,False,False,False,response inside the round-trip bound,downstream of the hub stamp
e2-20260813,E2_nonce_bound_affirmation,6,B,deployable,0.025,benign,none,0.0,0.0,0.002,0.002,0.002005,True,closed,closed,False,False,False,False,response inside the round-trip bound,downstream of the hub stamp
e2-20260813,E2_nonce_bound_affirmation,7,B,deployable,0.025,benign,none,0.0,0.0,0.0072,0.0072,0.007199,True,closed,closed,False,False,False,False,response inside the round-trip bound,downstream of the hub stamp
e2-20260813,E2_nonce_bound_affirmation,8,B,deployable,0.025,benign,none,0.0,0.0,0.0031,0.0031,0.003073,True,closed,closed,False,False,False,False,response inside the round-trip bound,downstream of the hub stamp
e2-20260813,E2_nonce_bound_affirmation,9,B,deployable,0.025,benign,none,0.0,0.0,0.0084,0.0084,0.008389,True,closed,closed,False,False,False,False,response inside the round-trip bound,downstream of the hub stamp
e2-20260813,E2_nonce_bound_affirmation,10,B,deployable,0.025,benign,none,0.0,0.0,0.0031,0.0031,0.003094,True,closed,closed,False,False,False,False,response inside the round-trip bound,downstream of the hub stamp
e2-20260813,E2_nonce_bound_affirmation,11,B,deployable,0.025,benign,none,0.0,0.0,0.0074,0.0074,0.007418,True,closed,closed,False,False,False,False,response inside the round-trip bound,downstream of the hub stamp
e2-20260813,E2_nonce_bound_affirmation,12,B,deployable,0.025,benign,none,0.0,0.0,0.0015,0.0015,0.001547,True,closed,closed,False,False,False,False,response inside the round-trip bound,downstream of the hub stamp
e2-20260813,E2_nonce_bound_affirmation,13,B,deployable,0.025,benign,none,0.0,0.0,0.0021,0.0021,0.002076,True,closed,closed,False,False,False,False,response inside the round-trip bound,downstream of the hub stamp
e2-20260813,E2_nonce_bound_affirmation,14,B,deployable,0.025,benign,none,0.0,0.0,0.0027,0.0027,0.002743,True,closed,closed,False,False,False,False,response inside the round-trip bound,downstream of the hub stamp
e2-20260813,E2_nonce_bound_affirmation,15,B,deployable,0.025,benign,none,0.0,0.0,0.0085,0.0085,0.008548,True,closed,closed,False,False,False,False,response inside the round-trip bound,downstream of the hub stamp
e2-20260813,E2_nonce_bound_affirmation,16,B,deployable,0.025,benign,none,0.0,0.0,0.0082,0.0082,0.008208,True,closed,closed,False,False,False,False,response inside the round-trip bound,downstream of the hub stamp
e2-20260813,E2_nonce_bound_affirmation,17,B,deployable,0.025,benign,none,0.0,0.0,0.0038,0.0038,0.003819,True,closed,closed,False,False,False,False,response inside the round-trip bound,downstream of the hub stamp
e2-20260813,E2_nonce_bound_affirmation,18,B,deployable,0.025,benign,none,0.0,0.0,0.0024,0.0024,0.002389,True,closed,closed,False,False,False,False,response inside the round-trip bound,downstream of the hub stamp
e2-20260813,E2_nonce_bound_affirmation,19,B,deployable,0.025,benign,none,0.0,0.0,0.0067,0.0067,0.006729,True,closed,closed,False,False,False,False,response inside the round-trip bound,downstream of the hub stamp
e2-20260813,E2_nonce_bound_affirmation,0,B,deployable,0.025,attack,release_held,6.0,0.0,6.0046,6.0046,0.004587,False,closed,open,False,False,False,False,observable age exceeds the freshness budget,downstream of the hub stamp
e2-20260813,E2_nonce_bound_affirmation,1,B,deployable,0.025,attack,release_held,6.0,0.0,6.0047,6.0047,0.004678,False,closed,open,False,False,False,False,observable age exceeds the freshness budget,downstream of the hub stamp
e2-20260813,E2_nonce_bound_affirmation,2,B,deployable,0.025,attack,release_held,6.0,0.0,6.008,6.008,0.007997,False,closed,open,False,False,False,False,observable age exceeds the freshness budget,downstream of the hub stamp
e2-20260813,E2_nonce_bound_affirmation,3,B,deployable,0.025,attack,release_held,6.0,0.0,6.0037,6.0037,0.003701,False,closed,open,False,False,False,False,observable age exceeds the freshness budget,downstream of the hub stamp
e2-20260813,E2_nonce_bound_affirmation,4,B,deployable,0.025,attack,release_held,6.0,0.0,6.0025,6.0025,0.002549,False,closed,open,False,False,False,False,observable age exceeds the freshness budget,downstream of the hub stamp
e2-20260813,E2_nonce_bound_affirmation,5,B,deployable,0.025,attack,release_held,6.0,0.0,6.0061,6.0061,0.006061,False,closed,open,False,False,False,False,observable age exceeds the freshness budget,downstream of the hub stamp
e2-20260813,E2_nonce_bound_affirmation,6,B,deployable,0.025,attack,release_held,6.0,0.0,6.0052,6.0052,0.00522,False,closed,open,False,False,False,False,observable age exceeds the freshness budget,downstream of the hub stamp
e2-20260813,E2_nonce_bound_affirmation,7,B,deployable,0.025,attack,release_held,6.0,0.0,6.0084,6.0084,0.008363,False,closed,open,False,False,False,False,observable age exceeds the freshness budget,downstream of the hub stamp
e2-20260813,E2_nonce_bound_affirmation,8,B,deployable,0.025,attack,release_held,6.0,0.0,6.0028,6.0028,0.002802,False,closed,open,False,False,False,False,observable age exceeds the freshness budget,downstream of the hub stamp
e2-20260813,E2_nonce_bound_affirmation,9,B,deployable,0.025,attack,release_held,6.0,0.0,6.008,6.008,0.00796,False,closed,open,False,False,False,False,observable age exceeds the freshness budget,downstream of the hub stamp
e2-20260813,E2_nonce_bound_affirmation,10,B,deployable,0.025,attack,release_held,6.0,0.0,6.0085,6.0085,0.008475,False,closed,open,False,False,False,False,observable age exceeds the freshness budget,downstream of the hub stamp
e2-20260813,E2_nonce_bound_affirmation,11,B,deployable,0.025,attack,release_held,6.0,0.0,6.0049,6.0049,0.004935,False,closed,open,False,False,False,False,observable age exceeds the freshness budget,downstream of the hub stamp
e2-20260813,E2_nonce_bound_affirmation,12,B,deployable,0.025,attack,release_held,6.0,0.0,6.0087,6.0087,0.008715,False,closed,open,False,False,False,False,observable age exceeds the freshness budget,downstream of the hub stamp
e2-20260813,E2_nonce_bound_affirmation,13,B,deployable,0.025,attack,release_held,6.0,0.0,6.0062,6.0062,0.006241,False,closed,open,False,False,False,False,observable age exceeds the freshness budget,downstream of the hub stamp
e2-20260813,E2_nonce_bound_affirmation,14,B,deployable,0.025,attack,release_held,6.0,0.0,6.0037,6.0037,0.003735,False,closed,open,False,False,False,False,observable age exceeds the freshness budget,downstream of the hub stamp
e2-20260813,E2_nonce_bound_affirmation,15,B,deployable,0.025,attack,release_held,6.0,0.0,6.0039,6.0039,0.003876,False,closed,open,False,False,False,False,observable age exceeds the freshness budget,downstream of the hub stamp
e2-20260813,E2_nonce_bound_affirmation,16,B,deployable,0.025,attack,release_held,6.0,0.0,6.0081,6.0081,0.008134,False,closed,open,False,False,False,False,observable age exceeds the freshness budget,downstream of the hub stamp
e2-20260813,E2_nonce_bound_affirmation,17,B,deployable,0.025,attack,release_held,6.0,0.0,6.0064,6.0064,0.006425,False,closed,open,False,False,False,False,observable age exceeds the freshness budget,downstream of the hub stamp
e2-20260813,E2_nonce_bound_affirmation,18,B,deployable,0.025,attack,release_held,6.0,0.0,6.0054,6.0054,0.005421,False,closed,open,False,False,False,False,observable age exceeds the freshness budget,downstream of the hub stamp
e2-20260813,E2_nonce_bound_affirmation,19,B,deployable,0.025,attack,release_held,6.0,0.0,6.0029,6.0029,0.002858,False,closed,open,False,False,False,False,observable age exceeds the freshness budget,downstream of the hub stamp
e2-20260813,E2_nonce_bound_affirmation,0,B,deployable,0.025,attack,delay_response,0.0,6.0,6.0068,6.0068,6.006833,False,closed,open,False,False,False,False,observable age exceeds the freshness budget,downstream of the hub stamp
e2-20260813,E2_nonce_bound_affirmation,1,B,deployable,0.025,attack,delay_response,0.0,6.0,6.0036,6.0036,6.003642,False,closed,open,False,False,False,False,observable age exceeds the freshness budget,downstream of the hub stamp
e2-20260813,E2_nonce_bound_affirmation,2,B,deployable,0.025,attack,delay_response,0.0,6.0,6.0065,6.0065,6.006542,False,closed,open,False,False,False,False,observable age exceeds the freshness budget,downstream of the hub stamp
e2-20260813,E2_nonce_bound_affirmation,3,B,deployable,0.025,attack,delay_response,0.0,6.0,6.0022,6.0022,6.002164,False,closed,open,False,False,False,False,observable age exceeds the freshness budget,downstream of the hub stamp
e2-20260813,E2_nonce_bound_affirmation,4,B,deployable,0.025,attack,delay_response,0.0,6.0,6.0037,6.0037,6.003716,False,closed,open,False,False,False,False,observable age exceeds the freshness budget,downstream of the hub stamp
e2-20260813,E2_nonce_bound_affirmation,5,B,deployable,0.025,attack,delay_response,0.0,6.0,6.0027,6.0027,6.002732,False,closed,open,False,False,False,False,observable age exceeds the freshness budget,downstream of the hub stamp
e2-20260813,E2_nonce_bound_affirmation,6,B,deployable,0.025,attack,delay_response,0.0,6.0,6.0075,6.0075,6.007487,False,closed,open,False,False,False,False,observable age exceeds the freshness budget,downstream of the hub stamp
e2-20260813,E2_nonce_bound_affirmation,7,B,deployable,0.025,attack,delay_response,0.0,6.0,6.0046,6.0046,6.004642,False,closed,open,False,False,False,False,observable age exceeds the freshness budget,downstream of the hub stamp
e2-20260813,E2_nonce_bound_affirmation,8,B,deployable,0.025,attack,delay_response,0.0,6.0,6.008,6.008,6.008037,False,closed,open,False,False,False,False,observable age exceeds the freshness budget,downstream of the hub stamp
e2-20260813,E2_nonce_bound_affirmation,9,B,deployable,0.025,attack,delay_response,0.0,6.0,6.0052,6.0052,6.005212,False,closed,open,False,False,False,False,observable age exceeds the freshness budget,downstream of the hub stamp
e2-20260813,E2_nonce_bound_affirmation,10,B,deployable,0.025,attack,delay_response,0.0,6.0,6.0074,6.0074,6.007421,False,closed,open,False,False,False,False,observable age exceeds the freshness budget,downstream of the hub stamp
e2-20260813,E2_nonce_bound_affirmation,11,B,deployable,0.025,attack,delay_response,0.0,6.0,6.0079,6.0079,6.007858,False,closed,open,False,False,False,False,observable age exceeds the freshness budget,downstream of the hub stamp
e2-20260813,E2_nonce_bound_affirmation,12,B,deployable,0.025,attack,delay_response,0.0,6.0,6.0014,6.0014,6.001441,False,closed,open,False,False,False,False,observable age exceeds the freshness budget,downstream of the hub stamp
e2-20260813,E2_nonce_bound_affirmation,13,B,deployable,0.025,attack,delay_response,0.0,6.0,6.0018,6.0018,6.001774,False,closed,open,False,False,False,False,observable age exceeds the freshness budget,downstream of the hub stamp
e2-20260813,E2_nonce_bound_affirmation,14,B,deployable,0.025,attack,delay_response,0.0,6.0,6.0024,6.0024,6.00245,False,closed,open,False,False,False,False,observable age exceeds the freshness budget,downstream of the hub stamp
e2-20260813,E2_nonce_bound_affirmation,15,B,deployable,0.025,attack,delay_response,0.0,6.0,6.001,6.001,6.000967,False,closed,open,False,False,False,False,observable age exceeds the freshness budget,downstream of the hub stamp
e2-20260813,E2_nonce_bound_affirmation,16,B,deployable,0.025,attack,delay_response,0.0,6.0,6.0087,6.0087,6.008707,False,closed,open,False,False,False,False,observable age exceeds the freshness budget,downstream of the hub stamp
e2-20260813,E2_nonce_bound_affirmation,17,B,deployable,0.025,attack,delay_response,0.0,6.0,6.0079,6.0079,6.00794,False,closed,open,False,False,False,False,observable age exceeds the freshness budget,downstream of the hub stamp
e2-20260813,E2_nonce_bound_affirmation,18,B,deployable,0.025,attack,delay_response,0.0,6.0,6.0008,6.0008,6.00083,False,closed,open,False,False,False,False,observable age exceeds the freshness budget,downstream of the hub stamp
e2-20260813,E2_nonce_bound_affirmation,19,B,deployable,0.025,attack,delay_response,0.0,6.0,6.0014,6.0014,6.00135,False,closed,open,False,False,False,False,observable age exceeds the freshness budget,downstream of the hub stamp
e2-20260813,E2_nonce_bound_affirmation,0,B,deployable,0.1,benign,none,0.0,0.0,0.0009,0.0009,0.000947,True,closed,closed,False,False,False,False,response inside the round-trip bound,downstream of the hub stamp
e2-20260813,E2_nonce_bound_affirmation,1,B,deployable,0.1,benign,none,0.0,0.0,0.0025,0.0025,0.002463,True,closed,closed,False,False,False,False,response inside the round-trip bound,downstream of the hub stamp
e2-20260813,E2_nonce_bound_affirmation,2,B,deployable,0.1,benign,none,0.0,0.0,0.0088,0.0088,0.008841,True,closed,closed,False,False,False,False,response inside the round-trip bound,downstream of the hub stamp
e2-20260813,E2_nonce_bound_affirmation,3,B,deployable,0.1,benign,none,0.0,0.0,0.0014,0.0014,0.001361,True,closed,closed,False,False,False,False,response inside the round-trip bound,downstream of the hub stamp
e2-20260813,E2_nonce_bound_affirmation,4,B,deployable,0.1,benign,none,0.0,0.0,0.0027,0.0027,0.002724,True,closed,closed,False,False,False,False,response inside the round-trip bound,downstream of the hub stamp
e2-20260813,E2_nonce_bound_affirmation,5,B,deployable,0.1,benign,none,0.0,0.0,0.0016,0.0016,0.001558,True,closed,closed,False,False,False,False,response inside the round-trip bound,downstream of the hub stamp
e2-20260813,E2_nonce_bound_affirmation,6,B,deployable,0.1,benign,none,0.0,0.0,0.002,0.002,0.002022,True,closed,closed,False,False,False,False,response inside the round-trip bound,downstream of the hub stamp
e2-20260813,E2_nonce_bound_affirmation,7,B,deployable,0.1,benign,none,0.0,0.0,0.0076,0.0076,0.00758,True,closed,closed,False,False,False,False,response inside the round-trip bound,downstream of the hub stamp
e2-20260813,E2_nonce_bound_affirmation,8,B,deployable,0.1,benign,none,0.0,0.0,0.0036,0.0036,0.003639,True,closed,closed,False,False,False,False,response inside the round-trip bound,downstream of the hub stamp
e2-20260813,E2_nonce_bound_affirmation,9,B,deployable,0.1,benign,none,0.0,0.0,0.0034,0.0034,0.003438,True,closed,closed,False,False,False,False,response inside the round-trip bound,downstream of the hub stamp
e2-20260813,E2_nonce_bound_affirmation,10,B,deployable,0.1,benign,none,0.0,0.0,0.0085,0.0085,0.008481,True,closed,closed,False,False,False,False,response inside the round-trip bound,downstream of the hub stamp
e2-20260813,E2_nonce_bound_affirmation,11,B,deployable,0.1,benign,none,0.0,0.0,0.0077,0.0077,0.007671,True,closed,closed,False,False,False,False,response inside the round-trip bound,downstream of the hub stamp
e2-20260813,E2_nonce_bound_affirmation,12,B,deployable,0.1,benign,none,0.0,0.0,0.0074,0.0074,0.007417,True,closed,closed,False,False,False,False,response inside the round-trip bound,downstream of the hub stamp
e2-20260813,E2_nonce_bound_affirmation,13,B,deployable,0.1,benign,none,0.0,0.0,0.004,0.004,0.00397,True,closed,closed,False,False,False,False,response inside the round-trip bound,downstream of the hub stamp
e2-20260813,E2_nonce_bound_affirmation,14,B,deployable,0.1,benign,none,0.0,0.0,0.0048,0.0048,0.004758,True,closed,closed,False,False,False,False,response inside the round-trip bound,downstream of the hub stamp
e2-20260813,E2_nonce_bound_affirmation,15,B,deployable,0.1,benign,none,0.0,0.0,0.0087,0.0087,0.008712,True,closed,closed,False,False,False,False,response inside the round-trip bound,downstream of the hub stamp
e2-20260813,E2_nonce_bound_affirmation,16,B,deployable,0.1,benign,none,0.0,0.0,0.0056,0.0056,0.005602,True,closed,closed,False,False,False,False,response inside the round-trip bound,downstream of the hub stamp
e2-20260813,E2_nonce_bound_affirmation,17,B,deployable,0.1,benign,none,0.0,0.0,0.0051,0.0051,0.005145,True,closed,closed,False,False,False,False,response inside the round-trip bound,downstream of the hub stamp
e2-20260813,E2_nonce_bound_affirmation,18,B,deployable,0.1,benign,none,0.0,0.0,0.0064,0.0064,0.006391,True,closed,closed,False,False,False,False,response inside the round-trip bound,downstream of the hub stamp
e2-20260813,E2_nonce_bound_affirmation,19,B,deployable,0.1,benign,none,0.0,0.0,0.0053,0.0053,0.005288,True,closed,closed,False,False,False,False,response inside the round-trip bound,downstream of the hub stamp
e2-20260813,E2_nonce_bound_affirmation,0,B,deployable,0.1,attack,release_held,6.0,0.0,6.0056,6.0056,0.005575,False,closed,open,False,False,False,False,observable age exceeds the freshness budget,downstream of the hub stamp
e2-20260813,E2_nonce_bound_affirmation,1,B,deployable,0.1,attack,release_held,6.0,0.0,6.0049,6.0049,0.004928,False,closed,open,False,False,False,False,observable age exceeds the freshness budget,downstream of the hub stamp
e2-20260813,E2_nonce_bound_affirmation,2,B,deployable,0.1,attack,release_held,6.0,0.0,6.0032,6.0032,0.003176,False,closed,open,False,False,False,False,observable age exceeds the freshness budget,downstream of the hub stamp
e2-20260813,E2_nonce_bound_affirmation,3,B,deployable,0.1,attack,release_held,6.0,0.0,6.009,6.009,0.00896,False,closed,open,False,False,False,False,observable age exceeds the freshness budget,downstream of the hub stamp
e2-20260813,E2_nonce_bound_affirmation,4,B,deployable,0.1,attack,release_held,6.0,0.0,6.0068,6.0068,0.006799,False,closed,open,False,False,False,False,observable age exceeds the freshness budget,downstream of the hub stamp
e2-20260813,E2_nonce_bound_affirmation,5,B,deployable,0.1,attack,release_held,6.0,0.0,6.0023,6.0023,0.002303,False,closed,open,False,False,False,False,observable age exceeds the freshness budget,downstream of the hub stamp
e2-20260813,E2_nonce_bound_affirmation,6,B,deployable,0.1,attack,release_held,6.0,0.0,6.0083,6.0083,0.008349,False,closed,open,False,False,False,False,observable age exceeds the freshness budget,downstream of the hub stamp
e2-20260813,E2_nonce_bound_affirmation,7,B,deployable,0.1,attack,release_held,6.0,0.0,6.0064,6.0064,0.006422,False,closed,open,False,False,False,False,observable age exceeds the freshness budget,downstream of the hub stamp
e2-20260813,E2_nonce_bound_affirmation,8,B,deployable,0.1,attack,release_held,6.0,0.0,6.005,6.005,0.005007,False,closed,open,False,False,False,False,observable age exceeds the freshness budget,downstream of the hub stamp
e2-20260813,E2_nonce_bound_affirmation,9,B,deployable,0.1,attack,release_held,6.0,0.0,6.0022,6.0022,0.002196,False,closed,open,False,False,False,False,observable age exceeds the freshness budget,downstream of the hub stamp
e2-20260813,E2_nonce_bound_affirmation,10,B,deployable,0.1,attack,release_held,6.0,0.0,6.0057,6.0057,0.005727,False,closed,open,False,False,False,False,observable age exceeds the freshness budget,downstream of the hub stamp
e2-20260813,E2_nonce_bound_affirmation,11,B,deployable,0.1,attack,release_held,6.0,0.0,6.0087,6.0087,0.008676,False,closed,open,False,False,False,False,observable age exceeds the freshness budget,downstream of the hub stamp
e2-20260813,E2_nonce_bound_affirmation,12,B,deployable,0.1,attack,release_held,6.0,0.0,6.0072,6.0072,0.00725,False,closed,open,False,False,False,False,observable age exceeds the freshness budget,downstream of the hub stamp
e2-20260813,E2_nonce_bound_affirmation,13,B,deployable,0.1,attack,release_held,6.0,0.0,6.0085,6.0085,0.008509,False,closed,open,False,False,False,False,observable age exceeds the freshness budget,downstream of the hub stamp
e2-20260813,E2_nonce_bound_affirmation,14,B,deployable,0.1,attack,release_held,6.0,0.0,6.0069,6.0069,0.006866,False,closed,open,False,False,False,False,observable age exceeds the freshness budget,downstream of the hub stamp
e2-20260813,E2_nonce_bound_affirmation,15,B,deployable,0.1,attack,release_held,6.0,0.0,6.0036,6.0036,0.00363,False,closed,open,False,False,False,False,observable age exceeds the freshness budget,downstream of the hub stamp
e2-20260813,E2_nonce_bound_affirmation,16,B,deployable,0.1,attack,release_held,6.0,0.0,6.0021,6.0021,0.002094,False,closed,open,False,False,False,False,observable age exceeds the freshness budget,downstream of the hub stamp
e2-20260813,E2_nonce_bound_affirmation,17,B,deployable,0.1,attack,release_held,6.0,0.0,6.003,6.003,0.003011,False,closed,open,False,False,False,False,observable age exceeds the freshness budget,downstream of the hub stamp
e2-20260813,E2_nonce_bound_affirmation,18,B,deployable,0.1,attack,release_held,6.0,0.0,6.0073,6.0073,0.007308,False,closed,open,False,False,False,False,observable age exceeds the freshness budget,downstream of the hub stamp
e2-20260813,E2_nonce_bound_affirmation,19,B,deployable,0.1,attack,release_held,6.0,0.0,6.0038,6.0038,0.003818,False,closed,open,False,False,False,False,observable age exceeds the freshness budget,downstream of the hub stamp
e2-20260813,E2_nonce_bound_affirmation,0,B,deployable,0.1,attack,delay_response,0.0,6.0,6.0017,6.0017,6.001658,False,closed,open,False,False,False,False,observable age exceeds the freshness budget,downstream of the hub stamp
e2-20260813,E2_nonce_bound_affirmation,1,B,deployable,0.1,attack,delay_response,0.0,6.0,6.0019,6.0019,6.001931,False,closed,open,False,False,False,False,observable age exceeds the freshness budget,downstream of the hub stamp
e2-20260813,E2_nonce_bound_affirmation,2,B,deployable,0.1,attack,delay_response,0.0,6.0,6.006,6.006,6.005981,False,closed,open,False,False,False,False,observable age exceeds the freshness budget,downstream of the hub stamp
e2-20260813,E2_nonce_bound_affirmation,3,B,deployable,0.1,attack,delay_response,0.0,6.0,6.0056,6.0056,6.005555,False,closed,open,False,False,False,False,observable age exceeds the freshness budget,downstream of the hub stamp
e2-20260813,E2_nonce_bound_affirmation,4,B,deployable,0.1,attack,delay_response,0.0,6.0,6.005,6.005,6.005026,False,closed,open,False,False,False,False,observable age exceeds the freshness budget,downstream of the hub stamp
e2-20260813,E2_nonce_bound_affirmation,5,B,deployable,0.1,attack,delay_response,0.0,6.0,6.001,6.001,6.000963,False,closed,open,False,False,False,False,observable age exceeds the freshness budget,downstream of the hub stamp
e2-20260813,E2_nonce_bound_affirmation,6,B,deployable,0.1,attack,delay_response,0.0,6.0,6.0079,6.0079,6.007932,False,closed,open,False,False,False,False,observable age exceeds the freshness budget,downstream of the hub stamp
e2-20260813,E2_nonce_bound_affirmation,7,B,deployable,0.1,attack,delay_response,0.0,6.0,6.0057,6.0057,6.005658,False,closed,open,False,False,False,False,observable age exceeds the freshness budget,downstream of the hub stamp
e2-20260813,E2_nonce_bound_affirmation,8,B,deployable,0.1,attack,delay_response,0.0,6.0,6.0066,6.0066,6.006591,False,closed,open,False,False,False,False,observable age exceeds the freshness budget,downstream of the hub stamp
e2-20260813,E2_nonce_bound_affirmation,9,B,deployable,0.1,attack,delay_response,0.0,6.0,6.0037,6.0037,6.003667,False,closed,open,False,False,False,False,observable age exceeds the freshness budget,downstream of the hub stamp
e2-20260813,E2_nonce_bound_affirmation,10,B,deployable,0.1,attack,delay_response,0.0,6.0,6.0075,6.0075,6.00754,False,closed,open,False,False,False,False,observable age exceeds the freshness budget,downstream of the hub stamp
e2-20260813,E2_nonce_bound_affirmation,11,B,deployable,0.1,attack,delay_response,0.0,6.0,6.0025,6.0025,6.002518,False,closed,open,False,False,False,False,observable age exceeds the freshness budget,downstream of the hub stamp
e2-20260813,E2_nonce_bound_affirmation,12,B,deployable,0.1,attack,delay_response,0.0,6.0,6.0015,6.0015,6.001472,False,closed,open,False,False,False,False,observable age exceeds the freshness budget,downstream of the hub stamp
e2-20260813,E2_nonce_bound_affirmation,13,B,deployable,0.1,attack,delay_response,0.0,6.0,6.0067,6.0067,6.006671,False,closed,open,False,False,False,False,observable age exceeds the freshness budget,downstream of the hub stamp
e2-20260813,E2_nonce_bound_affirmation,14,B,deployable,0.1,attack,delay_response,0.0,6.0,6.0022,6.0022,6.002175,False,closed,open,False,False,False,False,observable age exceeds the freshness budget,downstream of the hub stamp
e2-20260813,E2_nonce_bound_affirmation,15,B,deployable,0.1,attack,delay_response,0.0,6.0,6.0062,6.0062,6.006196,False,closed,open,False,False,False,False,observable age exceeds the freshness budget,downstream of the hub stamp
e2-20260813,E2_nonce_bound_affirmation,16,B,deployable,0.1,attack,delay_response,0.0,6.0,6.0058,6.0058,6.005766,False,closed,open,False,False,False,False,observable age exceeds the freshness budget,downstream of the hub stamp
e2-20260813,E2_nonce_bound_affirmation,17,B,deployable,0.1,attack,delay_response,0.0,6.0,6.0028,6.0028,6.002832,False,closed,open,False,False,False,False,observable age exceeds the freshness budget,downstream of the hub stamp
e2-20260813,E2_nonce_bound_affirmation,18,B,deployable,0.1,attack,delay_response,0.0,6.0,6.0009,6.0009,6.000855,False,closed,open,False,False,False,False,observable age exceeds the freshness budget,downstream of the hub stamp
e2-20260813,E2_nonce_bound_affirmation,19,B,deployable,0.1,attack,delay_response,0.0,6.0,6.0062,6.0062,6.006227,False,closed,open,False,False,False,False,observable age exceeds the freshness budget,downstream of the hub stamp
e2-20260813,E2_nonce_bound_affirmation,0,B,deployable,0.5,benign,none,0.0,0.0,0.0051,0.0051,0.005098,True,closed,closed,False,False,False,False,response inside the round-trip bound,downstream of the hub stamp
e2-20260813,E2_nonce_bound_affirmation,1,B,deployable,0.5,benign,none,0.0,0.0,0.0035,0.0035,0.003477,True,closed,closed,False,False,False,False,response inside the round-trip bound,downstream of the hub stamp
e2-20260813,E2_nonce_bound_affirmation,2,B,deployable,0.5,benign,none,0.0,0.0,0.0023,0.0023,0.002332,True,closed,closed,False,False,False,False,response inside the round-trip bound,downstream of the hub stamp
e2-20260813,E2_nonce_bound_affirmation,3,B,deployable,0.5,benign,none,0.0,0.0,0.0047,0.0047,0.004708,True,closed,closed,False,False,False,False,response inside the round-trip bound,downstream of the hub stamp
e2-20260813,E2_nonce_bound_affirmation,4,B,deployable,0.5,benign,none,0.0,0.0,0.0048,0.0048,0.004831,True,closed,closed,False,False,False,False,response inside the round-trip bound,downstream of the hub stamp
e2-20260813,E2_nonce_bound_affirmation,5,B,deployable,0.5,benign,none,0.0,0.0,0.0021,0.0021,0.002132,True,closed,closed,False,False,False,False,response inside the round-trip bound,downstream of the hub stamp
e2-20260813,E2_nonce_bound_affirmation,6,B,deployable,0.5,benign,none,0.0,0.0,0.007,0.007,0.007041,True,closed,closed,False,False,False,False,response inside the round-trip bound,downstream of the hub stamp
e2-20260813,E2_nonce_bound_affirmation,7,B,deployable,0.5,benign,none,0.0,0.0,0.0068,0.0068,0.006786,True,closed,closed,False,False,False,False,response inside the round-trip bound,downstream of the hub stamp
e2-20260813,E2_nonce_bound_affirmation,8,B,deployable,0.5,benign,none,0.0,0.0,0.0084,0.0084,0.008427,True,closed,closed,False,False,False,False,response inside the round-trip bound,downstream of the hub stamp
e2-20260813,E2_nonce_bound_affirmation,9,B,deployable,0.5,benign,none,0.0,0.0,0.0012,0.0012,0.001184,True,closed,closed,False,False,False,False,response inside the round-trip bound,downstream of the hub stamp
e2-20260813,E2_nonce_bound_affirmation,10,B,deployable,0.5,benign,none,0.0,0.0,0.0066,0.0066,0.006635,True,closed,closed,False,False,False,False,response inside the round-trip bound,downstream of the hub stamp
e2-20260813,E2_nonce_bound_affirmation,11,B,deployable,0.5,benign,none,0.0,0.0,0.0017,0.0017,0.001687,True,closed,closed,False,False,False,False,response inside the round-trip bound,downstream of the hub stamp
e2-20260813,E2_nonce_bound_affirmation,12,B,deployable,0.5,benign,none,0.0,0.0,0.0074,0.0074,0.00735,True,closed,closed,False,False,False,False,response inside the round-trip bound,downstream of the hub stamp
e2-20260813,E2_nonce_bound_affirmation,13,B,deployable,0.5,benign,none,0.0,0.0,0.0018,0.0018,0.001846,True,closed,closed,False,False,False,False,response inside the round-trip bound,downstream of the hub stamp
e2-20260813,E2_nonce_bound_affirmation,14,B,deployable,0.5,benign,none,0.0,0.0,0.0031,0.0031,0.003149,True,closed,closed,False,False,False,False,response inside the round-trip bound,downstream of the hub stamp
e2-20260813,E2_nonce_bound_affirmation,15,B,deployable,0.5,benign,none,0.0,0.0,0.0033,0.0033,0.003304,True,closed,closed,False,False,False,False,response inside the round-trip bound,downstream of the hub stamp
e2-20260813,E2_nonce_bound_affirmation,16,B,deployable,0.5,benign,none,0.0,0.0,0.0084,0.0084,0.008445,True,closed,closed,False,False,False,False,response inside the round-trip bound,downstream of the hub stamp
e2-20260813,E2_nonce_bound_affirmation,17,B,deployable,0.5,benign,none,0.0,0.0,0.008,0.008,0.008044,True,closed,closed,False,False,False,False,response inside the round-trip bound,downstream of the hub stamp
e2-20260813,E2_nonce_bound_affirmation,18,B,deployable,0.5,benign,none,0.0,0.0,0.0022,0.0022,0.002227,True,closed,closed,False,False,False,False,response inside the round-trip bound,downstream of the hub stamp
e2-20260813,E2_nonce_bound_affirmation,19,B,deployable,0.5,benign,none,0.0,0.0,0.0049,0.0049,0.004946,True,closed,closed,False,False,False,False,response inside the round-trip bound,downstream of the hub stamp
e2-20260813,E2_nonce_bound_affirmation,0,B,deployable,0.5,attack,release_held,6.0,0.0,6.0076,6.0076,0.007626,False,closed,open,False,False,False,False,observable age exceeds the freshness budget,downstream of the hub stamp
e2-20260813,E2_nonce_bound_affirmation,1,B,deployable,0.5,attack,release_held,6.0,0.0,6.0086,6.0086,0.008554,False,closed,open,False,False,False,False,observable age exceeds the freshness budget,downstream of the hub stamp
e2-20260813,E2_nonce_bound_affirmation,2,B,deployable,0.5,attack,release_held,6.0,0.0,6.0086,6.0086,0.00858,False,closed,open,False,False,False,False,observable age exceeds the freshness budget,downstream of the hub stamp
e2-20260813,E2_nonce_bound_affirmation,3,B,deployable,0.5,attack,release_held,6.0,0.0,6.0046,6.0046,0.004646,False,closed,open,False,False,False,False,observable age exceeds the freshness budget,downstream of the hub stamp
e2-20260813,E2_nonce_bound_affirmation,4,B,deployable,0.5,attack,release_held,6.0,0.0,6.0027,6.0027,0.002651,False,closed,open,False,False,False,False,observable age exceeds the freshness budget,downstream of the hub stamp
e2-20260813,E2_nonce_bound_affirmation,5,B,deployable,0.5,attack,release_held,6.0,0.0,6.0079,6.0079,0.00791,False,closed,open,False,False,False,False,observable age exceeds the freshness budget,downstream of the hub stamp
e2-20260813,E2_nonce_bound_affirmation,6,B,deployable,0.5,attack,release_held,6.0,0.0,6.0017,6.0017,0.001708,False,closed,open,False,False,False,False,observable age exceeds the freshness budget,downstream of the hub stamp
e2-20260813,E2_nonce_bound_affirmation,7,B,deployable,0.5,attack,release_held,6.0,0.0,6.0061,6.0061,0.006072,False,closed,open,False,False,False,False,observable age exceeds the freshness budget,downstream of the hub stamp
e2-20260813,E2_nonce_bound_affirmation,8,B,deployable,0.5,attack,release_held,6.0,0.0,6.0052,6.0052,0.005248,False,closed,open,False,False,False,False,observable age exceeds the freshness budget,downstream of the hub stamp
e2-20260813,E2_nonce_bound_affirmation,9,B,deployable,0.5,attack,release_held,6.0,0.0,6.0035,6.0035,0.003489,False,closed,open,False,False,False,False,observable age exceeds the freshness budget,downstream of the hub stamp
e2-20260813,E2_nonce_bound_affirmation,10,B,deployable,0.5,attack,release_held,6.0,0.0,6.0063,6.0063,0.006254,False,closed,open,False,False,False,False,observable age exceeds the freshness budget,downstream of the hub stamp
e2-20260813,E2_nonce_bound_affirmation,11,B,deployable,0.5,attack,release_held,6.0,0.0,6.0008,6.0008,0.000832,False,closed,open,False,False,False,False,observable age exceeds the freshness budget,downstream of the hub stamp
e2-20260813,E2_nonce_bound_affirmation,12,B,deployable,0.5,attack,release_held,6.0,0.0,6.0028,6.0028,0.002842,False,closed,open,False,False,False,False,observable age exceeds the freshness budget,downstream of the hub stamp
e2-20260813,E2_nonce_bound_affirmation,13,B,deployable,0.5,attack,release_held,6.0,0.0,6.0078,6.0078,0.007818,False,closed,open,False,False,False,False,observable age exceeds the freshness budget,downstream of the hub stamp
e2-20260813,E2_nonce_bound_affirmation,14,B,deployable,0.5,attack,release_held,6.0,0.0,6.0029,6.0029,0.002917,False,closed,open,False,False,False,False,observable age exceeds the freshness budget,downstream of the hub stamp
e2-20260813,E2_nonce_bound_affirmation,15,B,deployable,0.5,attack,release_held,6.0,0.0,6.0051,6.0051,0.005142,False,closed,open,False,False,False,False,observable age exceeds the freshness budget,downstream of the hub stamp
e2-20260813,E2_nonce_bound_affirmation,16,B,deployable,0.5,attack,release_held,6.0,0.0,6.0026,6.0026,0.002609,False,closed,open,False,False,False,False,observable age exceeds the freshness budget,downstream of the hub stamp
e2-20260813,E2_nonce_bound_affirmation,17,B,deployable,0.5,attack,release_held,6.0,0.0,6.0063,6.0063,0.006306,False,closed,open,False,False,False,False,observable age exceeds the freshness budget,downstream of the hub stamp
e2-20260813,E2_nonce_bound_affirmation,18,B,deployable,0.5,attack,release_held,6.0,0.0,6.0038,6.0038,0.003775,False,closed,open,False,False,False,False,observable age exceeds the freshness budget,downstream of the hub stamp
e2-20260813,E2_nonce_bound_affirmation,19,B,deployable,0.5,attack,release_held,6.0,0.0,6.0044,6.0044,0.004429,False,closed,open,False,False,False,False,observable age exceeds the freshness budget,downstream of the hub stamp
e2-20260813,E2_nonce_bound_affirmation,0,B,deployable,0.5,attack,delay_response,0.0,6.0,6.008,6.008,6.008036,False,closed,open,False,False,False,False,observable age exceeds the freshness budget,downstream of the hub stamp
e2-20260813,E2_nonce_bound_affirmation,1,B,deployable,0.5,attack,delay_response,0.0,6.0,6.0079,6.0079,6.007854,False,closed,open,False,False,False,False,observable age exceeds the freshness budget,downstream of the hub stamp
e2-20260813,E2_nonce_bound_affirmation,2,B,deployable,0.5,attack,delay_response,0.0,6.0,6.0088,6.0088,6.008828,False,closed,open,False,False,False,False,observable age exceeds the freshness budget,downstream of the hub stamp
e2-20260813,E2_nonce_bound_affirmation,3,B,deployable,0.5,attack,delay_response,0.0,6.0,6.0022,6.0022,6.002193,False,closed,open,False,False,False,False,observable age exceeds the freshness budget,downstream of the hub stamp
e2-20260813,E2_nonce_bound_affirmation,4,B,deployable,0.5,attack,delay_response,0.0,6.0,6.0021,6.0021,6.002114,False,closed,open,False,False,False,False,observable age exceeds the freshness budget,downstream of the hub stamp
e2-20260813,E2_nonce_bound_affirmation,5,B,deployable,0.5,attack,delay_response,0.0,6.0,6.0039,6.0039,6.003852,False,closed,open,False,False,False,False,observable age exceeds the freshness budget,downstream of the hub stamp
e2-20260813,E2_nonce_bound_affirmation,6,B,deployable,0.5,attack,delay_response,0.0,6.0,6.0088,6.0088,6.008793,False,closed,open,False,False,False,False,observable age exceeds the freshness budget,downstream of the hub stamp
e2-20260813,E2_nonce_bound_affirmation,7,B,deployable,0.5,attack,delay_response,0.0,6.0,6.0055,6.0055,6.005516,False,closed,open,False,False,False,False,observable age exceeds the freshness budget,downstream of the hub stamp
e2-20260813,E2_nonce_bound_affirmation,8,B,deployable,0.5,attack,delay_response,0.0,6.0,6.0083,6.0083,6.008251,False,closed,open,False,False,False,False,observable age exceeds the freshness budget,downstream of the hub stamp
e2-20260813,E2_nonce_bound_affirmation,9,B,deployable,0.5,attack,delay_response,0.0,6.0,6.0052,6.0052,6.005169,False,closed,open,False,False,False,False,observable age exceeds the freshness budget,downstream of the hub stamp
e2-20260813,E2_nonce_bound_affirmation,10,B,deployable,0.5,attack,delay_response,0.0,6.0,6.0036,6.0036,6.003586,False,closed,open,False,False,False,False,observable age exceeds the freshness budget,downstream of the hub stamp
e2-20260813,E2_nonce_bound_affirmation,11,B,deployable,0.5,attack,delay_response,0.0,6.0,6.0084,6.0084,6.008369,False,closed,open,False,False,False,False,observable age exceeds the freshness budget,downstream of the hub stamp
e2-20260813,E2_nonce_bound_affirmation,12,B,deployable,0.5,attack,delay_response,0.0,6.0,6.0088,6.0088,6.008781,False,closed,open,False,False,False,False,observable age exceeds the freshness budget,downstream of the hub stamp
e2-20260813,E2_nonce_bound_affirmation,13,B,deployable,0.5,attack,delay_response,0.0,6.0,6.0085,6.0085,6.008549,False,closed,open,False,False,False,False,observable age exceeds the freshness budget,downstream of the hub stamp
e2-20260813,E2_nonce_bound_affirmation,14,B,deployable,0.5,attack,delay_response,0.0,6.0,6.0062,6.0062,6.006217,False,closed,open,False,False,False,False,observable age exceeds the freshness budget,downstream of the hub stamp
e2-20260813,E2_nonce_bound_affirmation,15,B,deployable,0.5,attack,delay_response,0.0,6.0,6.0016,6.0016,6.001595,False,closed,open,False,False,False,False,observable age exceeds the freshness budget,downstream of the hub stamp
e2-20260813,E2_nonce_bound_affirmation,16,B,deployable,0.5,attack,delay_response,0.0,6.0,6.0023,6.0023,6.002284,False,closed,open,False,False,False,False,observable age exceeds the freshness budget,downstream of the hub stamp
e2-20260813,E2_nonce_bound_affirmation,17,B,deployable,0.5,attack,delay_response,0.0,6.0,6.0072,6.0072,6.007187,False,closed,open,False,False,False,False,observable age exceeds the freshness budget,downstream of the hub stamp
e2-20260813,E2_nonce_bound_affirmation,18,B,deployable,0.5,attack,delay_response,0.0,6.0,6.0041,6.0041,6.004082,False,closed,open,False,False,False,False,observable age exceeds the freshness budget,downstream of the hub stamp
e2-20260813,E2_nonce_bound_affirmation,19,B,deployable,0.5,attack,delay_response,0.0,6.0,6.0071,6.0071,6.007053,False,closed,open,False,False,False,False,observable age exceeds the freshness budget,downstream of the hub stamp
e2-20260813,E2_nonce_bound_affirmation,0,B,strong,0.001,benign,none,0.0,0.0,0.005,0.005,0.005021,False,closed,closed,False,False,True,True,round trip 0.005s > bound 0.001s,downstream of the hub stamp
e2-20260813,E2_nonce_bound_affirmation,1,B,strong,0.001,benign,none,0.0,0.0,0.0052,0.0052,0.005212,False,closed,closed,False,False,True,True,round trip 0.005s > bound 0.001s,downstream of the hub stamp
e2-20260813,E2_nonce_bound_affirmation,2,B,strong,0.001,benign,none,0.0,0.0,0.0023,0.0023,0.002339,False,closed,closed,False,False,True,True,round trip 0.002s > bound 0.001s,downstream of the hub stamp
e2-20260813,E2_nonce_bound_affirmation,3,B,strong,0.001,benign,none,0.0,0.0,0.0071,0.0071,0.00709,False,closed,closed,False,False,True,True,round trip 0.007s > bound 0.001s,downstream of the hub stamp
e2-20260813,E2_nonce_bound_affirmation,4,B,strong,0.001,benign,none,0.0,0.0,0.0056,0.0056,0.005609,False,closed,closed,False,False,True,True,round trip 0.006s > bound 0.001s,downstream of the hub stamp
e2-20260813,E2_nonce_bound_affirmation,5,B,strong,0.001,benign,none,0.0,0.0,0.0066,0.0066,0.006602,False,closed,closed,False,False,True,True,round trip 0.007s > bound 0.001s,downstream of the hub stamp
e2-20260813,E2_nonce_bound_affirmation,6,B,strong,0.001,benign,none,0.0,0.0,0.003,0.003,0.00304,False,closed,closed,False,False,True,True,round trip 0.003s > bound 0.001s,downstream of the hub stamp
e2-20260813,E2_nonce_bound_affirmation,7,B,strong,0.001,benign,none,0.0,0.0,0.0035,0.0035,0.003465,False,closed,closed,False,False,True,True,round trip 0.003s > bound 0.001s,downstream of the hub stamp
e2-20260813,E2_nonce_bound_affirmation,8,B,strong,0.001,benign,none,0.0,0.0,0.0044,0.0044,0.004377,False,closed,closed,False,False,True,True,round trip 0.004s > bound 0.001s,downstream of the hub stamp
e2-20260813,E2_nonce_bound_affirmation,9,B,strong,0.001,benign,none,0.0,0.0,0.0087,0.0087,0.008749,False,closed,closed,False,False,True,True,round trip 0.009s > bound 0.001s,downstream of the hub stamp
e2-20260813,E2_nonce_bound_affirmation,10,B,strong,0.001,benign,none,0.0,0.0,0.0078,0.0078,0.007801,False,closed,closed,False,False,True,True,round trip 0.008s > bound 0.001s,downstream of the hub stamp
e2-20260813,E2_nonce_bound_affirmation,11,B,strong,0.001,benign,none,0.0,0.0,0.0089,0.0089,0.008897,False,closed,closed,False,False,True,True,round trip 0.009s > bound 0.001s,downstream of the hub stamp
e2-20260813,E2_nonce_bound_affirmation,12,B,strong,0.001,benign,none,0.0,0.0,0.0081,0.0081,0.008132,False,closed,closed,False,False,True,True,round trip 0.008s > bound 0.001s,downstream of the hub stamp
e2-20260813,E2_nonce_bound_affirmation,13,B,strong,0.001,benign,none,0.0,0.0,0.0048,0.0048,0.004839,False,closed,closed,False,False,True,True,round trip 0.005s > bound 0.001s,downstream of the hub stamp
e2-20260813,E2_nonce_bound_affirmation,14,B,strong,0.001,benign,none,0.0,0.0,0.004,0.004,0.004012,False,closed,closed,False,False,True,True,round trip 0.004s > bound 0.001s,downstream of the hub stamp
e2-20260813,E2_nonce_bound_affirmation,15,B,strong,0.001,benign,none,0.0,0.0,0.0078,0.0078,0.007828,False,closed,closed,False,False,True,True,round trip 0.008s > bound 0.001s,downstream of the hub stamp
e2-20260813,E2_nonce_bound_affirmation,16,B,strong,0.001,benign,none,0.0,0.0,0.0027,0.0027,0.002745,False,closed,closed,False,False,True,True,round trip 0.003s > bound 0.001s,downstream of the hub stamp
e2-20260813,E2_nonce_bound_affirmation,17,B,strong,0.001,benign,none,0.0,0.0,0.0014,0.0014,0.001387,False,closed,closed,False,False,True,True,round trip 0.001s > bound 0.001s,downstream of the hub stamp
e2-20260813,E2_nonce_bound_affirmation,18,B,strong,0.001,benign,none,0.0,0.0,0.0009,0.0009,0.000854,True,closed,closed,False,False,False,True,device-bound affirmation inside the bound,downstream of the hub stamp
e2-20260813,E2_nonce_bound_affirmation,19,B,strong,0.001,benign,none,0.0,0.0,0.0072,0.0072,0.007211,False,closed,closed,False,False,True,True,round trip 0.007s > bound 0.001s,downstream of the hub stamp
e2-20260813,E2_nonce_bound_affirmation,0,B,strong,0.001,attack,release_held,6.0,0.0,6.0077,6.0077,0.007724,False,closed,open,False,False,False,True,observable age exceeds the freshness budget,downstream of the hub stamp
e2-20260813,E2_nonce_bound_affirmation,1,B,strong,0.001,attack,release_held,6.0,0.0,6.0021,6.0021,0.00209,False,closed,open,False,False,False,True,observable age exceeds the freshness budget,downstream of the hub stamp
e2-20260813,E2_nonce_bound_affirmation,2,B,strong,0.001,attack,release_held,6.0,0.0,6.0063,6.0063,0.00632,False,closed,open,False,False,False,True,observable age exceeds the freshness budget,downstream of the hub stamp
e2-20260813,E2_nonce_bound_affirmation,3,B,strong,0.001,attack,release_held,6.0,0.0,6.0067,6.0067,0.006682,False,closed,open,False,False,False,True,observable age exceeds the freshness budget,downstream of the hub stamp
e2-20260813,E2_nonce_bound_affirmation,4,B,strong,0.001,attack,release_held,6.0,0.0,6.007,6.007,0.006981,False,closed,open,False,False,False,True,observable age exceeds the freshness budget,downstream of the hub stamp
e2-20260813,E2_nonce_bound_affirmation,5,B,strong,0.001,attack,release_held,6.0,0.0,6.0021,6.0021,0.002083,False,closed,open,False,False,False,True,observable age exceeds the freshness budget,downstream of the hub stamp
e2-20260813,E2_nonce_bound_affirmation,6,B,strong,0.001,attack,release_held,6.0,0.0,6.0051,6.0051,0.005094,False,closed,open,False,False,False,True,observable age exceeds the freshness budget,downstream of the hub stamp
e2-20260813,E2_nonce_bound_affirmation,7,B,strong,0.001,attack,release_held,6.0,0.0,6.0085,6.0085,0.008496,False,closed,open,False,False,False,True,observable age exceeds the freshness budget,downstream of the hub stamp
e2-20260813,E2_nonce_bound_affirmation,8,B,strong,0.001,attack,release_held,6.0,0.0,6.0084,6.0084,0.008396,False,closed,open,False,False,False,True,observable age exceeds the freshness budget,downstream of the hub stamp
e2-20260813,E2_nonce_bound_affirmation,9,B,strong,0.001,attack,release_held,6.0,0.0,6.0046,6.0046,0.004589,False,closed,open,False,False,False,True,observable age exceeds the freshness budget,downstream of the hub stamp
e2-20260813,E2_nonce_bound_affirmation,10,B,strong,0.001,attack,release_held,6.0,0.0,6.0034,6.0034,0.00343,False,closed,open,False,False,False,True,observable age exceeds the freshness budget,downstream of the hub stamp
e2-20260813,E2_nonce_bound_affirmation,11,B,strong,0.001,attack,release_held,6.0,0.0,6.0027,6.0027,0.002747,False,closed,open,False,False,False,True,observable age exceeds the freshness budget,downstream of the hub stamp
e2-20260813,E2_nonce_bound_affirmation,12,B,strong,0.001,attack,release_held,6.0,0.0,6.0082,6.0082,0.00823,False,closed,open,False,False,False,True,observable age exceeds the freshness budget,downstream of the hub stamp
e2-20260813,E2_nonce_bound_affirmation,13,B,strong,0.001,attack,release_held,6.0,0.0,6.0072,6.0072,0.007191,False,closed,open,False,False,False,True,observable age exceeds the freshness budget,downstream of the hub stamp
e2-20260813,E2_nonce_bound_affirmation,14,B,strong,0.001,attack,release_held,6.0,0.0,6.0037,6.0037,0.003709,False,closed,open,False,False,False,True,observable age exceeds the freshness budget,downstream of the hub stamp
e2-20260813,E2_nonce_bound_affirmation,15,B,strong,0.001,attack,release_held,6.0,0.0,6.0056,6.0056,0.005582,False,closed,open,False,False,False,True,observable age exceeds the freshness budget,downstream of the hub stamp
e2-20260813,E2_nonce_bound_affirmation,16,B,strong,0.001,attack,release_held,6.0,0.0,6.003,6.003,0.002959,False,closed,open,False,False,False,True,observable age exceeds the freshness budget,downstream of the hub stamp
e2-20260813,E2_nonce_bound_affirmation,17,B,strong,0.001,attack,release_held,6.0,0.0,6.0076,6.0076,0.007573,False,closed,open,False,False,False,True,observable age exceeds the freshness budget,downstream of the hub stamp
e2-20260813,E2_nonce_bound_affirmation,18,B,strong,0.001,attack,release_held,6.0,0.0,6.0064,6.0064,0.006428,False,closed,open,False,False,False,True,observable age exceeds the freshness budget,downstream of the hub stamp
e2-20260813,E2_nonce_bound_affirmation,19,B,strong,0.001,attack,release_held,6.0,0.0,6.0022,6.0022,0.002235,False,closed,open,False,False,False,True,observable age exceeds the freshness budget,downstream of the hub stamp
e2-20260813,E2_nonce_bound_affirmation,0,B,strong,0.001,attack,delay_response,0.0,6.0,6.0065,6.0065,6.006481,False,closed,open,False,False,False,True,observable age exceeds the freshness budget,downstream of the hub stamp
e2-20260813,E2_nonce_bound_affirmation,1,B,strong,0.001,attack,delay_response,0.0,6.0,6.0069,6.0069,6.006944,False,closed,open,False,False,False,True,observable age exceeds the freshness budget,downstream of the hub stamp
e2-20260813,E2_nonce_bound_affirmation,2,B,strong,0.001,attack,delay_response,0.0,6.0,6.009,6.009,6.008983,False,closed,open,False,False,False,True,observable age exceeds the freshness budget,downstream of the hub stamp
e2-20260813,E2_nonce_bound_affirmation,3,B,strong,0.001,attack,delay_response,0.0,6.0,6.0049,6.0049,6.004947,False,closed,open,False,False,False,True,observable age exceeds the freshness budget,downstream of the hub stamp
e2-20260813,E2_nonce_bound_affirmation,4,B,strong,0.001,attack,delay_response,0.0,6.0,6.006,6.006,6.005959,False,closed,open,False,False,False,True,observable age exceeds the freshness budget,downstream of the hub stamp
e2-20260813,E2_nonce_bound_affirmation,5,B,strong,0.001,attack,delay_response,0.0,6.0,6.0053,6.0053,6.005307,False,closed,open,False,False,False,True,observable age exceeds the freshness budget,downstream of the hub stamp
e2-20260813,E2_nonce_bound_affirmation,6,B,strong,0.001,attack,delay_response,0.0,6.0,6.0033,6.0033,6.003305,False,closed,open,False,False,False,True,observable age exceeds the freshness budget,downstream of the hub stamp
e2-20260813,E2_nonce_bound_affirmation,7,B,strong,0.001,attack,delay_response,0.0,6.0,6.004,6.004,6.003961,False,closed,open,False,False,False,True,observable age exceeds the freshness budget,downstream of the hub stamp
e2-20260813,E2_nonce_bound_affirmation,8,B,strong,0.001,attack,delay_response,0.0,6.0,6.0064,6.0064,6.006356,False,closed,open,False,False,False,True,observable age exceeds the freshness budget,downstream of the hub stamp
e2-20260813,E2_nonce_bound_affirmation,9,B,strong,0.001,attack,delay_response,0.0,6.0,6.0074,6.0074,6.007355,False,closed,open,False,False,False,True,observable age exceeds the freshness budget,downstream of the hub stamp
e2-20260813,E2_nonce_bound_affirmation,10,B,strong,0.001,attack,delay_response,0.0,6.0,6.0013,6.0013,6.00127,False,closed,open,False,False,False,True,observable age exceeds the freshness budget,downstream of the hub stamp
e2-20260813,E2_nonce_bound_affirmation,11,B,strong,0.001,attack,delay_response,0.0,6.0,6.0045,6.0045,6.004477,False,closed,open,False,False,False,True,observable age exceeds the freshness budget,downstream of the hub stamp
e2-20260813,E2_nonce_bound_affirmation,12,B,strong,0.001,attack,delay_response,0.0,6.0,6.0086,6.0086,6.008563,False,closed,open,False,False,False,True,observable age exceeds the freshness budget,downstream of the hub stamp
e2-20260813,E2_nonce_bound_affirmation,13,B,strong,0.001,attack,delay_response,0.0,6.0,6.0079,6.0079,6.007907,False,closed,open,False,False,False,True,observable age exceeds the freshness budget,downstream of the hub stamp
e2-20260813,E2_nonce_bound_affirmation,14,B,strong,0.001,attack,delay_response,0.0,6.0,6.008,6.008,6.007981,False,closed,open,False,False,False,True,observable age exceeds the freshness budget,downstream of the hub stamp
e2-20260813,E2_nonce_bound_affirmation,15,B,strong,0.001,attack,delay_response,0.0,6.0,6.0048,6.0048,6.004763,False,closed,open,False,False,False,True,observable age exceeds the freshness budget,downstream of the hub stamp
e2-20260813,E2_nonce_bound_affirmation,16,B,strong,0.001,attack,delay_response,0.0,6.0,6.0017,6.0017,6.001653,False,closed,open,False,False,False,True,observable age exceeds the freshness budget,downstream of the hub stamp
e2-20260813,E2_nonce_bound_affirmation,17,B,strong,0.001,attack,delay_response,0.0,6.0,6.0032,6.0032,6.003216,False,closed,open,False,False,False,True,observable age exceeds the freshness budget,downstream of the hub stamp
e2-20260813,E2_nonce_bound_affirmation,18,B,strong,0.001,attack,delay_response,0.0,6.0,6.0009,6.0009,6.000872,False,closed,open,False,False,False,True,observable age exceeds the freshness budget,downstream of the hub stamp
e2-20260813,E2_nonce_bound_affirmation,19,B,strong,0.001,attack,delay_response,0.0,6.0,6.0079,6.0079,6.00794,False,closed,open,False,False,False,True,observable age exceeds the freshness budget,downstream of the hub stamp
e2-20260813,E2_nonce_bound_affirmation,0,B,strong,0.002,benign,none,0.0,0.0,0.0082,0.0082,0.00823,False,closed,closed,False,False,True,True,round trip 0.008s > bound 0.002s,downstream of the hub stamp
e2-20260813,E2_nonce_bound_affirmation,1,B,strong,0.002,benign,none,0.0,0.0,0.0085,0.0085,0.008548,False,closed,closed,False,False,True,True,round trip 0.009s > bound 0.002s,downstream of the hub stamp
e2-20260813,E2_nonce_bound_affirmation,2,B,strong,0.002,benign,none,0.0,0.0,0.0067,0.0067,0.006696,False,closed,closed,False,False,True,True,round trip 0.007s > bound 0.002s,downstream of the hub stamp
e2-20260813,E2_nonce_bound_affirmation,3,B,strong,0.002,benign,none,0.0,0.0,0.0012,0.0012,0.001245,True,closed,closed,False,False,False,True,device-bound affirmation inside the bound,downstream of the hub stamp
e2-20260813,E2_nonce_bound_affirmation,4,B,strong,0.002,benign,none,0.0,0.0,0.0012,0.0012,0.001247,True,closed,closed,False,False,False,True,device-bound affirmation inside the bound,downstream of the hub stamp
e2-20260813,E2_nonce_bound_affirmation,5,B,strong,0.002,benign,none,0.0,0.0,0.0076,0.0076,0.007601,False,closed,closed,False,False,True,True,round trip 0.008s > bound 0.002s,downstream of the hub stamp
e2-20260813,E2_nonce_bound_affirmation,6,B,strong,0.002,benign,none,0.0,0.0,0.0055,0.0055,0.005517,False,closed,closed,False,False,True,True,round trip 0.006s > bound 0.002s,downstream of the hub stamp
e2-20260813,E2_nonce_bound_affirmation,7,B,strong,0.002,benign,none,0.0,0.0,0.0069,0.0069,0.006947,False,closed,closed,False,False,True,True,round trip 0.007s > bound 0.002s,downstream of the hub stamp
e2-20260813,E2_nonce_bound_affirmation,8,B,strong,0.002,benign,none,0.0,0.0,0.0032,0.0032,0.003156,False,closed,closed,False,False,True,True,round trip 0.003s > bound 0.002s,downstream of the hub stamp
e2-20260813,E2_nonce_bound_affirmation,9,B,strong,0.002,benign,none,0.0,0.0,0.0044,0.0044,0.004435,False,closed,closed,False,False,True,True,round trip 0.004s > bound 0.002s,downstream of the hub stamp
e2-20260813,E2_nonce_bound_affirmation,10,B,strong,0.002,benign,none,0.0,0.0,0.0019,0.0019,0.001894,True,closed,closed,False,False,False,True,device-bound affirmation inside the bound,downstream of the hub stamp
e2-20260813,E2_nonce_bound_affirmation,11,B,strong,0.002,benign,none,0.0,0.0,0.0056,0.0056,0.005622,False,closed,closed,False,False,True,True,round trip 0.006s > bound 0.002s,downstream of the hub stamp
e2-20260813,E2_nonce_bound_affirmation,12,B,strong,0.002,benign,none,0.0,0.0,0.0072,0.0072,0.007176,False,closed,closed,False,False,True,True,round trip 0.007s > bound 0.002s,downstream of the hub stamp
e2-20260813,E2_nonce_bound_affirmation,13,B,strong,0.002,benign,none,0.0,0.0,0.0073,0.0073,0.007312,False,closed,closed,False,False,True,True,round trip 0.007s > bound 0.002s,downstream of the hub stamp
e2-20260813,E2_nonce_bound_affirmation,14,B,strong,0.002,benign,none,0.0,0.0,0.0071,0.0071,0.00706,False,closed,closed,False,False,True,True,round trip 0.007s > bound 0.002s,downstream of the hub stamp
e2-20260813,E2_nonce_bound_affirmation,15,B,strong,0.002,benign,none,0.0,0.0,0.0024,0.0024,0.002377,False,closed,closed,False,False,True,True,round trip 0.002s > bound 0.002s,downstream of the hub stamp
e2-20260813,E2_nonce_bound_affirmation,16,B,strong,0.002,benign,none,0.0,0.0,0.0047,0.0047,0.004656,False,closed,closed,False,False,True,True,round trip 0.005s > bound 0.002s,downstream of the hub stamp
e2-20260813,E2_nonce_bound_affirmation,17,B,strong,0.002,benign,none,0.0,0.0,0.0042,0.0042,0.004213,False,closed,closed,False,False,True,True,round trip 0.004s > bound 0.002s,downstream of the hub stamp
e2-20260813,E2_nonce_bound_affirmation,18,B,strong,0.002,benign,none,0.0,0.0,0.0051,0.0051,0.005077,False,closed,closed,False,False,True,True,round trip 0.005s > bound 0.002s,downstream of the hub stamp
e2-20260813,E2_nonce_bound_affirmation,19,B,strong,0.002,benign,none,0.0,0.0,0.009,0.009,0.008981,False,closed,closed,False,False,True,True,round trip 0.009s > bound 0.002s,downstream of the hub stamp
e2-20260813,E2_nonce_bound_affirmation,0,B,strong,0.002,attack,release_held,6.0,0.0,6.0012,6.0012,0.001185,False,closed,open,False,False,False,True,observable age exceeds the freshness budget,downstream of the hub stamp
e2-20260813,E2_nonce_bound_affirmation,1,B,strong,0.002,attack,release_held,6.0,0.0,6.0029,6.0029,0.002922,False,closed,open,False,False,False,True,observable age exceeds the freshness budget,downstream of the hub stamp
e2-20260813,E2_nonce_bound_affirmation,2,B,strong,0.002,attack,release_held,6.0,0.0,6.0086,6.0086,0.008587,False,closed,open,False,False,False,True,observable age exceeds the freshness budget,downstream of the hub stamp
e2-20260813,E2_nonce_bound_affirmation,3,B,strong,0.002,attack,release_held,6.0,0.0,6.0022,6.0022,0.002166,False,closed,open,False,False,False,True,observable age exceeds the freshness budget,downstream of the hub stamp
e2-20260813,E2_nonce_bound_affirmation,4,B,strong,0.002,attack,release_held,6.0,0.0,6.0049,6.0049,0.004877,False,closed,open,False,False,False,True,observable age exceeds the freshness budget,downstream of the hub stamp
e2-20260813,E2_nonce_bound_affirmation,5,B,strong,0.002,attack,release_held,6.0,0.0,6.0021,6.0021,0.002137,False,closed,open,False,False,False,True,observable age exceeds the freshness budget,downstream of the hub stamp
e2-20260813,E2_nonce_bound_affirmation,6,B,strong,0.002,attack,release_held,6.0,0.0,6.0015,6.0015,0.001501,False,closed,open,False,False,False,True,observable age exceeds the freshness budget,downstream of the hub stamp
e2-20260813,E2_nonce_bound_affirmation,7,B,strong,0.002,attack,release_held,6.0,0.0,6.0064,6.0064,0.006404,False,closed,open,False,False,False,True,observable age exceeds the freshness budget,downstream of the hub stamp
e2-20260813,E2_nonce_bound_affirmation,8,B,strong,0.002,attack,release_held,6.0,0.0,6.0065,6.0065,0.006518,False,closed,open,False,False,False,True,observable age exceeds the freshness budget,downstream of the hub stamp
e2-20260813,E2_nonce_bound_affirmation,9,B,strong,0.002,attack,release_held,6.0,0.0,6.0088,6.0088,0.008829,False,closed,open,False,False,False,True,observable age exceeds the freshness budget,downstream of the hub stamp
e2-20260813,E2_nonce_bound_affirmation,10,B,strong,0.002,attack,release_held,6.0,0.0,6.0089,6.0089,0.008899,False,closed,open,False,False,False,True,observable age exceeds the freshness budget,downstream of the hub stamp
e2-20260813,E2_nonce_bound_affirmation,11,B,strong,0.002,attack,release_held,6.0,0.0,6.005,6.005,0.004963,False,closed,open,False,False,False,True,observable age exceeds the freshness budget,downstream of the hub stamp
e2-20260813,E2_nonce_bound_affirmation,12,B,strong,0.002,attack,release_held,6.0,0.0,6.0046,6.0046,0.004622,False,closed,open,False,False,False,True,observable age exceeds the freshness budget,downstream of the hub stamp
e2-20260813,E2_nonce_bound_affirmation,13,B,strong,0.002,attack,release_held,6.0,0.0,6.0071,6.0071,0.007119,False,closed,open,False,False,False,True,observable age exceeds the freshness budget,downstream of the hub stamp
e2-20260813,E2_nonce_bound_affirmation,14,B,strong,0.002,attack,release_held,6.0,0.0,6.0089,6.0089,0.008888,False,closed,open,False,False,False,True,observable age exceeds the freshness budget,downstream of the hub stamp
e2-20260813,E2_nonce_bound_affirmation,15,B,strong,0.002,attack,release_held,6.0,0.0,6.0049,6.0049,0.004878,False,closed,open,False,False,False,True,observable age exceeds the freshness budget,downstream of the hub stamp
e2-20260813,E2_nonce_bound_affirmation,16,B,strong,0.002,attack,release_held,6.0,0.0,6.0026,6.0026,0.002569,False,closed,open,False,False,False,True,observable age exceeds the freshness budget,downstream of the hub stamp
e2-20260813,E2_nonce_bound_affirmation,17,B,strong,0.002,attack,release_held,6.0,0.0,6.0026,6.0026,0.002575,False,closed,open,False,False,False,True,observable age exceeds the freshness budget,downstream of the hub stamp
e2-20260813,E2_nonce_bound_affirmation,18,B,strong,0.002,attack,release_held,6.0,0.0,6.0023,6.0023,0.002257,False,closed,open,False,False,False,True,observable age exceeds the freshness budget,downstream of the hub stamp
e2-20260813,E2_nonce_bound_affirmation,19,B,strong,0.002,attack,release_held,6.0,0.0,6.0048,6.0048,0.004757,False,closed,open,False,False,False,True,observable age exceeds the freshness budget,downstream of the hub stamp
e2-20260813,E2_nonce_bound_affirmation,0,B,strong,0.002,attack,delay_response,0.0,6.0,6.0088,6.0088,6.008821,False,closed,open,False,False,False,True,observable age exceeds the freshness budget,downstream of the hub stamp
e2-20260813,E2_nonce_bound_affirmation,1,B,strong,0.002,attack,delay_response,0.0,6.0,6.0037,6.0037,6.003701,False,closed,open,False,False,False,True,observable age exceeds the freshness budget,downstream of the hub stamp
e2-20260813,E2_nonce_bound_affirmation,2,B,strong,0.002,attack,delay_response,0.0,6.0,6.0087,6.0087,6.008658,False,closed,open,False,False,False,True,observable age exceeds the freshness budget,downstream of the hub stamp
e2-20260813,E2_nonce_bound_affirmation,3,B,strong,0.002,attack,delay_response,0.0,6.0,6.0084,6.0084,6.008434,False,closed,open,False,False,False,True,observable age exceeds the freshness budget,downstream of the hub stamp
e2-20260813,E2_nonce_bound_affirmation,4,B,strong,0.002,attack,delay_response,0.0,6.0,6.0063,6.0063,6.00633,False,closed,open,False,False,False,True,observable age exceeds the freshness budget,downstream of the hub stamp
e2-20260813,E2_nonce_bound_affirmation,5,B,strong,0.002,attack,delay_response,0.0,6.0,6.001,6.001,6.000988,False,closed,open,False,False,False,True,observable age exceeds the freshness budget,downstream of the hub stamp
e2-20260813,E2_nonce_bound_affirmation,6,B,strong,0.002,attack,delay_response,0.0,6.0,6.003,6.003,6.002956,False,closed,open,False,False,False,True,observable age exceeds the freshness budget,downstream of the hub stamp
e2-20260813,E2_nonce_bound_affirmation,7,B,strong,0.002,attack,delay_response,0.0,6.0,6.0075,6.0075,6.007478,False,closed,open,False,False,False,True,observable age exceeds the freshness budget,downstream of the hub stamp
e2-20260813,E2_nonce_bound_affirmation,8,B,strong,0.002,attack,delay_response,0.0,6.0,6.0081,6.0081,6.00808,False,closed,open,False,False,False,True,observable age exceeds the freshness budget,downstream of the hub stamp
e2-20260813,E2_nonce_bound_affirmation,9,B,strong,0.002,attack,delay_response,0.0,6.0,6.0022,6.0022,6.002239,False,closed,open,False,False,False,True,observable age exceeds the freshness budget,downstream of the hub stamp
e2-20260813,E2_nonce_bound_affirmation,10,B,strong,0.002,attack,delay_response,0.0,6.0,6.0008,6.0008,6.000815,False,closed,open,False,False,False,True,observable age exceeds the freshness budget,downstream of the hub stamp
e2-20260813,E2_nonce_bound_affirmation,11,B,strong,0.002,attack,delay_response,0.0,6.0,6.0047,6.0047,6.004721,False,closed,open,False,False,False,True,observable age exceeds the freshness budget,downstream of the hub stamp
e2-20260813,E2_nonce_bound_affirmation,12,B,strong,0.002,attack,delay_response,0.0,6.0,6.0051,6.0051,6.005117,False,closed,open,False,False,False,True,observable age exceeds the freshness budget,downstream of the hub stamp
e2-20260813,E2_nonce_bound_affirmation,13,B,strong,0.002,attack,delay_response,0.0,6.0,6.0041,6.0041,6.004105,False,closed,open,False,False,False,True,observable age exceeds the freshness budget,downstream of the hub stamp
e2-20260813,E2_nonce_bound_affirmation,14,B,strong,0.002,attack,delay_response,0.0,6.0,6.0043,6.0043,6.004284,False,closed,open,False,False,False,True,observable age exceeds the freshness budget,downstream of the hub stamp
e2-20260813,E2_nonce_bound_affirmation,15,B,strong,0.002,attack,delay_response,0.0,6.0,6.0086,6.0086,6.008608,False,closed,open,False,False,False,True,observable age exceeds the freshness budget,downstream of the hub stamp
e2-20260813,E2_nonce_bound_affirmation,16,B,strong,0.002,attack,delay_response,0.0,6.0,6.0016,6.0016,6.001639,False,closed,open,False,False,False,True,observable age exceeds the freshness budget,downstream of the hub stamp
e2-20260813,E2_nonce_bound_affirmation,17,B,strong,0.002,attack,delay_response,0.0,6.0,6.0065,6.0065,6.006456,False,closed,open,False,False,False,True,observable age exceeds the freshness budget,downstream of the hub stamp
e2-20260813,E2_nonce_bound_affirmation,18,B,strong,0.002,attack,delay_response,0.0,6.0,6.003,6.003,6.003009,False,closed,open,False,False,False,True,observable age exceeds the freshness budget,downstream of the hub stamp
e2-20260813,E2_nonce_bound_affirmation,19,B,strong,0.002,attack,delay_response,0.0,6.0,6.0058,6.0058,6.005784,False,closed,open,False,False,False,True,observable age exceeds the freshness budget,downstream of the hub stamp
e2-20260813,E2_nonce_bound_affirmation,0,B,strong,0.005,benign,none,0.0,0.0,0.0013,0.0013,0.001314,True,closed,closed,False,False,False,True,device-bound affirmation inside the bound,downstream of the hub stamp
e2-20260813,E2_nonce_bound_affirmation,1,B,strong,0.005,benign,none,0.0,0.0,0.0038,0.0038,0.003824,True,closed,closed,False,False,False,True,device-bound affirmation inside the bound,downstream of the hub stamp
e2-20260813,E2_nonce_bound_affirmation,2,B,strong,0.005,benign,none,0.0,0.0,0.0044,0.0044,0.004397,True,closed,closed,False,False,False,True,device-bound affirmation inside the bound,downstream of the hub stamp
e2-20260813,E2_nonce_bound_affirmation,3,B,strong,0.005,benign,none,0.0,0.0,0.0022,0.0022,0.002166,True,closed,closed,False,False,False,True,device-bound affirmation inside the bound,downstream of the hub stamp
e2-20260813,E2_nonce_bound_affirmation,4,B,strong,0.005,benign,none,0.0,0.0,0.0048,0.0048,0.004826,True,closed,closed,False,False,False,True,device-bound affirmation inside the bound,downstream of the hub stamp
e2-20260813,E2_nonce_bound_affirmation,5,B,strong,0.005,benign,none,0.0,0.0,0.0026,0.0026,0.002597,True,closed,closed,False,False,False,True,device-bound affirmation inside the bound,downstream of the hub stamp
e2-20260813,E2_nonce_bound_affirmation,6,B,strong,0.005,benign,none,0.0,0.0,0.0054,0.0054,0.005356,False,closed,closed,False,False,True,True,round trip 0.005s > bound 0.005s,downstream of the hub stamp
e2-20260813,E2_nonce_bound_affirmation,7,B,strong,0.005,benign,none,0.0,0.0,0.008,0.008,0.008044,False,closed,closed,False,False,True,True,round trip 0.008s > bound 0.005s,downstream of the hub stamp
e2-20260813,E2_nonce_bound_affirmation,8,B,strong,0.005,benign,none,0.0,0.0,0.0016,0.0016,0.001596,True,closed,closed,False,False,False,True,device-bound affirmation inside the bound,downstream of the hub stamp
e2-20260813,E2_nonce_bound_affirmation,9,B,strong,0.005,benign,none,0.0,0.0,0.0021,0.0021,0.002097,True,closed,closed,False,False,False,True,device-bound affirmation inside the bound,downstream of the hub stamp
e2-20260813,E2_nonce_bound_affirmation,10,B,strong,0.005,benign,none,0.0,0.0,0.0075,0.0075,0.007478,False,closed,closed,False,False,True,True,round trip 0.007s > bound 0.005s,downstream of the hub stamp
e2-20260813,E2_nonce_bound_affirmation,11,B,strong,0.005,benign,none,0.0,0.0,0.0008,0.0008,0.000817,True,closed,closed,False,False,False,True,device-bound affirmation inside the bound,downstream of the hub stamp
e2-20260813,E2_nonce_bound_affirmation,12,B,strong,0.005,benign,none,0.0,0.0,0.0078,0.0078,0.00776,False,closed,closed,False,False,True,True,round trip 0.008s > bound 0.005s,downstream of the hub stamp
e2-20260813,E2_nonce_bound_affirmation,13,B,strong,0.005,benign,none,0.0,0.0,0.0021,0.0021,0.002055,True,closed,closed,False,False,False,True,device-bound affirmation inside the bound,downstream of the hub stamp
e2-20260813,E2_nonce_bound_affirmation,14,B,strong,0.005,benign,none,0.0,0.0,0.0087,0.0087,0.008656,False,closed,closed,False,False,True,True,round trip 0.009s > bound 0.005s,downstream of the hub stamp
e2-20260813,E2_nonce_bound_affirmation,15,B,strong,0.005,benign,none,0.0,0.0,0.0027,0.0027,0.002689,True,closed,closed,False,False,False,True,device-bound affirmation inside the bound,downstream of the hub stamp
e2-20260813,E2_nonce_bound_affirmation,16,B,strong,0.005,benign,none,0.0,0.0,0.0088,0.0088,0.008841,False,closed,closed,False,False,True,True,round trip 0.009s > bound 0.005s,downstream of the hub stamp
e2-20260813,E2_nonce_bound_affirmation,17,B,strong,0.005,benign,none,0.0,0.0,0.0025,0.0025,0.002528,True,closed,closed,False,False,False,True,device-bound affirmation inside the bound,downstream of the hub stamp
e2-20260813,E2_nonce_bound_affirmation,18,B,strong,0.005,benign,none,0.0,0.0,0.0032,0.0032,0.003152,True,closed,closed,False,False,False,True,device-bound affirmation inside the bound,downstream of the hub stamp
e2-20260813,E2_nonce_bound_affirmation,19,B,strong,0.005,benign,none,0.0,0.0,0.0071,0.0071,0.007091,False,closed,closed,False,False,True,True,round trip 0.007s > bound 0.005s,downstream of the hub stamp
e2-20260813,E2_nonce_bound_affirmation,0,B,strong,0.005,attack,release_held,6.0,0.0,6.0052,6.0052,0.00525,False,closed,open,False,False,False,True,observable age exceeds the freshness budget,downstream of the hub stamp
e2-20260813,E2_nonce_bound_affirmation,1,B,strong,0.005,attack,release_held,6.0,0.0,6.0016,6.0016,0.00159,False,closed,open,False,False,False,True,observable age exceeds the freshness budget,downstream of the hub stamp
e2-20260813,E2_nonce_bound_affirmation,2,B,strong,0.005,attack,release_held,6.0,0.0,6.0021,6.0021,0.002066,False,closed,open,False,False,False,True,observable age exceeds the freshness budget,downstream of the hub stamp
e2-20260813,E2_nonce_bound_affirmation,3,B,strong,0.005,attack,release_held,6.0,0.0,6.0025,6.0025,0.002541,False,closed,open,False,False,False,True,observable age exceeds the freshness budget,downstream of the hub stamp
e2-20260813,E2_nonce_bound_affirmation,4,B,strong,0.005,attack,release_held,6.0,0.0,6.0021,6.0021,0.002064,False,closed,open,False,False,False,True,observable age exceeds the freshness budget,downstream of the hub stamp
e2-20260813,E2_nonce_bound_affirmation,5,B,strong,0.005,attack,release_held,6.0,0.0,6.0016,6.0016,0.001555,False,closed,open,False,False,False,True,observable age exceeds the freshness budget,downstream of the hub stamp
e2-20260813,E2_nonce_bound_affirmation,6,B,strong,0.005,attack,release_held,6.0,0.0,6.0071,6.0071,0.007084,False,closed,open,False,False,False,True,observable age exceeds the freshness budget,downstream of the hub stamp
e2-20260813,E2_nonce_bound_affirmation,7,B,strong,0.005,attack,release_held,6.0,0.0,6.0081,6.0081,0.008057,False,closed,open,False,False,False,True,observable age exceeds the freshness budget,downstream of the hub stamp
e2-20260813,E2_nonce_bound_affirmation,8,B,strong,0.005,attack,release_held,6.0,0.0,6.0043,6.0043,0.004349,False,closed,open,False,False,False,True,observable age exceeds the freshness budget,downstream of the hub stamp
e2-20260813,E2_nonce_bound_affirmation,9,B,strong,0.005,attack,release_held,6.0,0.0,6.0036,6.0036,0.003624,False,closed,open,False,False,False,True,observable age exceeds the freshness budget,downstream of the hub stamp
e2-20260813,E2_nonce_bound_affirmation,10,B,strong,0.005,attack,release_held,6.0,0.0,6.0021,6.0021,0.002054,False,closed,open,False,False,False,True,observable age exceeds the freshness budget,downstream of the hub stamp
e2-20260813,E2_nonce_bound_affirmation,11,B,strong,0.005,attack,release_held,6.0,0.0,6.0074,6.0074,0.007395,False,closed,open,False,False,False,True,observable age exceeds the freshness budget,downstream of the hub stamp
e2-20260813,E2_nonce_bound_affirmation,12,B,strong,0.005,attack,release_held,6.0,0.0,6.0077,6.0077,0.007733,False,closed,open,False,False,False,True,observable age exceeds the freshness budget,downstream of the hub stamp
e2-20260813,E2_nonce_bound_affirmation,13,B,strong,0.005,attack,release_held,6.0,0.0,6.007,6.007,0.007002,False,closed,open,False,False,False,True,observable age exceeds the freshness budget,downstream of the hub stamp
e2-20260813,E2_nonce_bound_affirmation,14,B,strong,0.005,attack,release_held,6.0,0.0,6.0065,6.0065,0.006499,False,closed,open,False,False,False,True,observable age exceeds the freshness budget,downstream of the hub stamp
e2-20260813,E2_nonce_bound_affirmation,15,B,strong,0.005,attack,release_held,6.0,0.0,6.0073,6.0073,0.007332,False,closed,open,False,False,False,True,observable age exceeds the freshness budget,downstream of the hub stamp
e2-20260813,E2_nonce_bound_affirmation,16,B,strong,0.005,attack,release_held,6.0,0.0,6.0011,6.0011,0.001072,False,closed,open,False,False,False,True,observable age exceeds the freshness budget,downstream of the hub stamp
e2-20260813,E2_nonce_bound_affirmation,17,B,strong,0.005,attack,release_held,6.0,0.0,6.0017,6.0017,0.001727,False,closed,open,False,False,False,True,observable age exceeds the freshness budget,downstream of the hub stamp
e2-20260813,E2_nonce_bound_affirmation,18,B,strong,0.005,attack,release_held,6.0,0.0,6.0087,6.0087,0.008694,False,closed,open,False,False,False,True,observable age exceeds the freshness budget,downstream of the hub stamp
e2-20260813,E2_nonce_bound_affirmation,19,B,strong,0.005,attack,release_held,6.0,0.0,6.0055,6.0055,0.005539,False,closed,open,False,False,False,True,observable age exceeds the freshness budget,downstream of the hub stamp
e2-20260813,E2_nonce_bound_affirmation,0,B,strong,0.005,attack,delay_response,0.0,6.0,6.0087,6.0087,6.008667,False,closed,open,False,False,False,True,observable age exceeds the freshness budget,downstream of the hub stamp
e2-20260813,E2_nonce_bound_affirmation,1,B,strong,0.005,attack,delay_response,0.0,6.0,6.0044,6.0044,6.004423,False,closed,open,False,False,False,True,observable age exceeds the freshness budget,downstream of the hub stamp
e2-20260813,E2_nonce_bound_affirmation,2,B,strong,0.005,attack,delay_response,0.0,6.0,6.0035,6.0035,6.003532,False,closed,open,False,False,False,True,observable age exceeds the freshness budget,downstream of the hub stamp
e2-20260813,E2_nonce_bound_affirmation,3,B,strong,0.005,attack,delay_response,0.0,6.0,6.0068,6.0068,6.006833,False,closed,open,False,False,False,True,observable age exceeds the freshness budget,downstream of the hub stamp
e2-20260813,E2_nonce_bound_affirmation,4,B,strong,0.005,attack,delay_response,0.0,6.0,6.0081,6.0081,6.008085,False,closed,open,False,False,False,True,observable age exceeds the freshness budget,downstream of the hub stamp
e2-20260813,E2_nonce_bound_affirmation,5,B,strong,0.005,attack,delay_response,0.0,6.0,6.006,6.006,6.006018,False,closed,open,False,False,False,True,observable age exceeds the freshness budget,downstream of the hub stamp
e2-20260813,E2_nonce_bound_affirmation,6,B,strong,0.005,attack,delay_response,0.0,6.0,6.0017,6.0017,6.001683,False,closed,open,False,False,False,True,observable age exceeds the freshness budget,downstream of the hub stamp
e2-20260813,E2_nonce_bound_affirmation,7,B,strong,0.005,attack,delay_response,0.0,6.0,6.0072,6.0072,6.007242,False,closed,open,False,False,False,True,observable age exceeds the freshness budget,downstream of the hub stamp
e2-20260813,E2_nonce_bound_affirmation,8,B,strong,0.005,attack,delay_response,0.0,6.0,6.0009,6.0009,6.000937,False,closed,open,False,False,False,True,observable age exceeds the freshness budget,downstream of the hub stamp
e2-20260813,E2_nonce_bound_affirmation,9,B,strong,0.005,attack,delay_response,0.0,6.0,6.0013,6.0013,6.001335,False,closed,open,False,False,False,True,observable age exceeds the freshness budget,downstream of the hub stamp
e2-20260813,E2_nonce_bound_affirmation,10,B,strong,0.005,attack,delay_response,0.0,6.0,6.0074,6.0074,6.0074,False,closed,open,False,False,False,True,observable age exceeds the freshness budget,downstream of the hub stamp
e2-20260813,E2_nonce_bound_affirmation,11,B,strong,0.005,attack,delay_response,0.0,6.0,6.0067,6.0067,6.00671,False,closed,open,False,False,False,True,observable age exceeds the freshness budget,downstream of the hub stamp
e2-20260813,E2_nonce_bound_affirmation,12,B,strong,0.005,attack,delay_response,0.0,6.0,6.0073,6.0073,6.0073,False,closed,open,False,False,False,True,observable age exceeds the freshness budget,downstream of the hub stamp
e2-20260813,E2_nonce_bound_affirmation,13,B,strong,0.005,attack,delay_response,0.0,6.0,6.0053,6.0053,6.005269,False,closed,open,False,False,False,True,observable age exceeds the freshness budget,downstream of the hub stamp
e2-20260813,E2_nonce_bound_affirmation,14,B,strong,0.005,attack,delay_response,0.0,6.0,6.0074,6.0074,6.00739,False,closed,open,False,False,False,True,observable age exceeds the freshness budget,downstream of the hub stamp
e2-20260813,E2_nonce_bound_affirmation,15,B,strong,0.005,attack,delay_response,0.0,6.0,6.0031,6.0031,6.003147,False,closed,open,False,False,False,True,observable age exceeds the freshness budget,downstream of the hub stamp
e2-20260813,E2_nonce_bound_affirmation,16,B,strong,0.005,attack,delay_response,0.0,6.0,6.0032,6.0032,6.003201,False,closed,open,False,False,False,True,observable age exceeds the freshness budget,downstream of the hub stamp
e2-20260813,E2_nonce_bound_affirmation,17,B,strong,0.005,attack,delay_response,0.0,6.0,6.008,6.008,6.007981,False,closed,open,False,False,False,True,observable age exceeds the freshness budget,downstream of the hub stamp
e2-20260813,E2_nonce_bound_affirmation,18,B,strong,0.005,attack,delay_response,0.0,6.0,6.0084,6.0084,6.008356,False,closed,open,False,False,False,True,observable age exceeds the freshness budget,downstream of the hub stamp
e2-20260813,E2_nonce_bound_affirmation,19,B,strong,0.005,attack,delay_response,0.0,6.0,6.0038,6.0038,6.00377,False,closed,open,False,False,False,True,observable age exceeds the freshness budget,downstream of the hub stamp
e2-20260813,E2_nonce_bound_affirmation,0,B,strong,0.025,benign,none,0.0,0.0,0.001,0.001,0.001037,True,closed,closed,False,False,False,True,device-bound affirmation inside the bound,downstream of the hub stamp
e2-20260813,E2_nonce_bound_affirmation,1,B,strong,0.025,benign,none,0.0,0.0,0.0015,0.0015,0.001519,True,closed,closed,False,False,False,True,device-bound affirmation inside the bound,downstream of the hub stamp
e2-20260813,E2_nonce_bound_affirmation,2,B,strong,0.025,benign,none,0.0,0.0,0.0036,0.0036,0.003623,True,closed,closed,False,False,False,True,device-bound affirmation inside the bound,downstream of the hub stamp
e2-20260813,E2_nonce_bound_affirmation,3,B,strong,0.025,benign,none,0.0,0.0,0.0067,0.0067,0.006719,True,closed,closed,False,False,False,True,device-bound affirmation inside the bound,downstream of the hub stamp
e2-20260813,E2_nonce_bound_affirmation,4,B,strong,0.025,benign,none,0.0,0.0,0.0011,0.0011,0.001097,True,closed,closed,False,False,False,True,device-bound affirmation inside the bound,downstream of the hub stamp
e2-20260813,E2_nonce_bound_affirmation,5,B,strong,0.025,benign,none,0.0,0.0,0.0049,0.0049,0.004933,True,closed,closed,False,False,False,True,device-bound affirmation inside the bound,downstream of the hub stamp
e2-20260813,E2_nonce_bound_affirmation,6,B,strong,0.025,benign,none,0.0,0.0,0.0015,0.0015,0.001528,True,closed,closed,False,False,False,True,device-bound affirmation inside the bound,downstream of the hub stamp
e2-20260813,E2_nonce_bound_affirmation,7,B,strong,0.025,benign,none,0.0,0.0,0.0011,0.0011,0.001136,True,closed,closed,False,False,False,True,device-bound affirmation inside the bound,downstream of the hub stamp
e2-20260813,E2_nonce_bound_affirmation,8,B,strong,0.025,benign,none,0.0,0.0,0.0022,0.0022,0.002236,True,closed,closed,False,False,False,True,device-bound affirmation inside the bound,downstream of the hub stamp
e2-20260813,E2_nonce_bound_affirmation,9,B,strong,0.025,benign,none,0.0,0.0,0.0035,0.0035,0.003531,True,closed,closed,False,False,False,True,device-bound affirmation inside the bound,downstream of the hub stamp
e2-20260813,E2_nonce_bound_affirmation,10,B,strong,0.025,benign,none,0.0,0.0,0.0083,0.0083,0.008331,True,closed,closed,False,False,False,True,device-bound affirmation inside the bound,downstream of the hub stamp
e2-20260813,E2_nonce_bound_affirmation,11,B,strong,0.025,benign,none,0.0,0.0,0.0018,0.0018,0.001807,True,closed,closed,False,False,False,True,device-bound affirmation inside the bound,downstream of the hub stamp
e2-20260813,E2_nonce_bound_affirmation,12,B,strong,0.025,benign,none,0.0,0.0,0.0043,0.0043,0.004264,True,closed,closed,False,False,False,True,device-bound affirmation inside the bound,downstream of the hub stamp
e2-20260813,E2_nonce_bound_affirmation,13,B,strong,0.025,benign,none,0.0,0.0,0.0055,0.0055,0.005534,True,closed,closed,False,False,False,True,device-bound affirmation inside the bound,downstream of the hub stamp
e2-20260813,E2_nonce_bound_affirmation,14,B,strong,0.025,benign,none,0.0,0.0,0.0031,0.0031,0.003088,True,closed,closed,False,False,False,True,device-bound affirmation inside the bound,downstream of the hub stamp
e2-20260813,E2_nonce_bound_affirmation,15,B,strong,0.025,benign,none,0.0,0.0,0.0062,0.0062,0.00616,True,closed,closed,False,False,False,True,device-bound affirmation inside the bound,downstream of the hub stamp
e2-20260813,E2_nonce_bound_affirmation,16,B,strong,0.025,benign,none,0.0,0.0,0.0074,0.0074,0.007445,True,closed,closed,False,False,False,True,device-bound affirmation inside the bound,downstream of the hub stamp
e2-20260813,E2_nonce_bound_affirmation,17,B,strong,0.025,benign,none,0.0,0.0,0.0012,0.0012,0.001248,True,closed,closed,False,False,False,True,device-bound affirmation inside the bound,downstream of the hub stamp
e2-20260813,E2_nonce_bound_affirmation,18,B,strong,0.025,benign,none,0.0,0.0,0.005,0.005,0.005043,True,closed,closed,False,False,False,True,device-bound affirmation inside the bound,downstream of the hub stamp
e2-20260813,E2_nonce_bound_affirmation,19,B,strong,0.025,benign,none,0.0,0.0,0.0028,0.0028,0.002804,True,closed,closed,False,False,False,True,device-bound affirmation inside the bound,downstream of the hub stamp
e2-20260813,E2_nonce_bound_affirmation,0,B,strong,0.025,attack,release_held,6.0,0.0,6.0048,6.0048,0.004835,False,closed,open,False,False,False,True,observable age exceeds the freshness budget,downstream of the hub stamp
e2-20260813,E2_nonce_bound_affirmation,1,B,strong,0.025,attack,release_held,6.0,0.0,6.0081,6.0081,0.008103,False,closed,open,False,False,False,True,observable age exceeds the freshness budget,downstream of the hub stamp
e2-20260813,E2_nonce_bound_affirmation,2,B,strong,0.025,attack,release_held,6.0,0.0,6.0017,6.0017,0.001667,False,closed,open,False,False,False,True,observable age exceeds the freshness budget,downstream of the hub stamp
e2-20260813,E2_nonce_bound_affirmation,3,B,strong,0.025,attack,release_held,6.0,0.0,6.0086,6.0086,0.008555,False,closed,open,False,False,False,True,observable age exceeds the freshness budget,downstream of the hub stamp
e2-20260813,E2_nonce_bound_affirmation,4,B,strong,0.025,attack,release_held,6.0,0.0,6.0024,6.0024,0.002387,False,closed,open,False,False,False,True,observable age exceeds the freshness budget,downstream of the hub stamp
e2-20260813,E2_nonce_bound_affirmation,5,B,strong,0.025,attack,release_held,6.0,0.0,6.0052,6.0052,0.005188,False,closed,open,False,False,False,True,observable age exceeds the freshness budget,downstream of the hub stamp
e2-20260813,E2_nonce_bound_affirmation,6,B,strong,0.025,attack,release_held,6.0,0.0,6.0071,6.0071,0.007064,False,closed,open,False,False,False,True,observable age exceeds the freshness budget,downstream of the hub stamp
e2-20260813,E2_nonce_bound_affirmation,7,B,strong,0.025,attack,release_held,6.0,0.0,6.0067,6.0067,0.006706,False,closed,open,False,False,False,True,observable age exceeds the freshness budget,downstream of the hub stamp
e2-20260813,E2_nonce_bound_affirmation,8,B,strong,0.025,attack,release_held,6.0,0.0,6.0056,6.0056,0.005618,False,closed,open,False,False,False,True,observable age exceeds the freshness budget,downstream of the hub stamp
e2-20260813,E2_nonce_bound_affirmation,9,B,strong,0.025,attack,release_held,6.0,0.0,6.0079,6.0079,0.007886,False,closed,open,False,False,False,True,observable age exceeds the freshness budget,downstream of the hub stamp
e2-20260813,E2_nonce_bound_affirmation,10,B,strong,0.025,attack,release_held,6.0,0.0,6.0028,6.0028,0.002818,False,closed,open,False,False,False,True,observable age exceeds the freshness budget,downstream of the hub stamp
e2-20260813,E2_nonce_bound_affirmation,11,B,strong,0.025,attack,release_held,6.0,0.0,6.0074,6.0074,0.007383,False,closed,open,False,False,False,True,observable age exceeds the freshness budget,downstream of the hub stamp
e2-20260813,E2_nonce_bound_affirmation,12,B,strong,0.025,attack,release_held,6.0,0.0,6.0024,6.0024,0.002368,False,closed,open,False,False,False,True,observable age exceeds the freshness budget,downstream of the hub stamp
e2-20260813,E2_nonce_bound_affirmation,13,B,strong,0.025,attack,release_held,6.0,0.0,6.0047,6.0047,0.004655,False,closed,open,False,False,False,True,observable age exceeds the freshness budget,downstream of the hub stamp
e2-20260813,E2_nonce_bound_affirmation,14,B,strong,0.025,attack,release_held,6.0,0.0,6.0048,6.0048,0.004754,False,closed,open,False,False,False,True,observable age exceeds the freshness budget,downstream of the hub stamp
e2-20260813,E2_nonce_bound_affirmation,15,B,strong,0.025,attack,release_held,6.0,0.0,6.0017,6.0017,0.001729,False,closed,open,False,False,False,True,observable age exceeds the freshness budget,downstream of the hub stamp
e2-20260813,E2_nonce_bound_affirmation,16,B,strong,0.025,attack,release_held,6.0,0.0,6.0017,6.0017,0.001682,False,closed,open,False,False,False,True,observable age exceeds the freshness budget,downstream of the hub stamp
e2-20260813,E2_nonce_bound_affirmation,17,B,strong,0.025,attack,release_held,6.0,0.0,6.0036,6.0036,0.003579,False,closed,open,False,False,False,True,observable age exceeds the freshness budget,downstream of the hub stamp
e2-20260813,E2_nonce_bound_affirmation,18,B,strong,0.025,attack,release_held,6.0,0.0,6.004,6.004,0.003972,False,closed,open,False,False,False,True,observable age exceeds the freshness budget,downstream of the hub stamp
e2-20260813,E2_nonce_bound_affirmation,19,B,strong,0.025,attack,release_held,6.0,0.0,6.0052,6.0052,0.00523,False,closed,open,False,False,False,True,observable age exceeds the freshness budget,downstream of the hub stamp
e2-20260813,E2_nonce_bound_affirmation,0,B,strong,0.025,attack,delay_response,0.0,6.0,6.0042,6.0042,6.004246,False,closed,open,False,False,False,True,observable age exceeds the freshness budget,downstream of the hub stamp
e2-20260813,E2_nonce_bound_affirmation,1,B,strong,0.025,attack,delay_response,0.0,6.0,6.0015,6.0015,6.001463,False,closed,open,False,False,False,True,observable age exceeds the freshness budget,downstream of the hub stamp
e2-20260813,E2_nonce_bound_affirmation,2,B,strong,0.025,attack,delay_response,0.0,6.0,6.0059,6.0059,6.005946,False,closed,open,False,False,False,True,observable age exceeds the freshness budget,downstream of the hub stamp
e2-20260813,E2_nonce_bound_affirmation,3,B,strong,0.025,attack,delay_response,0.0,6.0,6.0045,6.0045,6.004511,False,closed,open,False,False,False,True,observable age exceeds the freshness budget,downstream of the hub stamp
e2-20260813,E2_nonce_bound_affirmation,4,B,strong,0.025,attack,delay_response,0.0,6.0,6.0011,6.0011,6.001131,False,closed,open,False,False,False,True,observable age exceeds the freshness budget,downstream of the hub stamp
e2-20260813,E2_nonce_bound_affirmation,5,B,strong,0.025,attack,delay_response,0.0,6.0,6.0025,6.0025,6.002538,False,closed,open,False,False,False,True,observable age exceeds the freshness budget,downstream of the hub stamp
e2-20260813,E2_nonce_bound_affirmation,6,B,strong,0.025,attack,delay_response,0.0,6.0,6.0025,6.0025,6.002536,False,closed,open,False,False,False,True,observable age exceeds the freshness budget,downstream of the hub stamp
e2-20260813,E2_nonce_bound_affirmation,7,B,strong,0.025,attack,delay_response,0.0,6.0,6.0058,6.0058,6.005781,False,closed,open,False,False,False,True,observable age exceeds the freshness budget,downstream of the hub stamp
e2-20260813,E2_nonce_bound_affirmation,8,B,strong,0.025,attack,delay_response,0.0,6.0,6.0009,6.0009,6.000876,False,closed,open,False,False,False,True,observable age exceeds the freshness budget,downstream of the hub stamp
e2-20260813,E2_nonce_bound_affirmation,9,B,strong,0.025,attack,delay_response,0.0,6.0,6.006,6.006,6.006009,False,closed,open,False,False,False,True,observable age exceeds the freshness budget,downstream of the hub stamp
e2-20260813,E2_nonce_bound_affirmation,10,B,strong,0.025,attack,delay_response,0.0,6.0,6.0065,6.0065,6.006538,False,closed,open,False,False,False,True,observable age exceeds the freshness budget,downstream of the hub stamp
e2-20260813,E2_nonce_bound_affirmation,11,B,strong,0.025,attack,delay_response,0.0,6.0,6.0088,6.0088,6.008767,False,closed,open,False,False,False,True,observable age exceeds the freshness budget,downstream of the hub stamp
e2-20260813,E2_nonce_bound_affirmation,12,B,strong,0.025,attack,delay_response,0.0,6.0,6.006,6.006,6.005983,False,closed,open,False,False,False,True,observable age exceeds the freshness budget,downstream of the hub stamp
e2-20260813,E2_nonce_bound_affirmation,13,B,strong,0.025,attack,delay_response,0.0,6.0,6.0083,6.0083,6.008342,False,closed,open,False,False,False,True,observable age exceeds the freshness budget,downstream of the hub stamp
e2-20260813,E2_nonce_bound_affirmation,14,B,strong,0.025,attack,delay_response,0.0,6.0,6.0066,6.0066,6.006565,False,closed,open,False,False,False,True,observable age exceeds the freshness budget,downstream of the hub stamp
e2-20260813,E2_nonce_bound_affirmation,15,B,strong,0.025,attack,delay_response,0.0,6.0,6.0056,6.0056,6.005559,False,closed,open,False,False,False,True,observable age exceeds the freshness budget,downstream of the hub stamp
e2-20260813,E2_nonce_bound_affirmation,16,B,strong,0.025,attack,delay_response,0.0,6.0,6.0066,6.0066,6.006633,False,closed,open,False,False,False,True,observable age exceeds the freshness budget,downstream of the hub stamp
e2-20260813,E2_nonce_bound_affirmation,17,B,strong,0.025,attack,delay_response,0.0,6.0,6.0057,6.0057,6.005673,False,closed,open,False,False,False,True,observable age exceeds the freshness budget,downstream of the hub stamp
e2-20260813,E2_nonce_bound_affirmation,18,B,strong,0.025,attack,delay_response,0.0,6.0,6.0048,6.0048,6.004813,False,closed,open,False,False,False,True,observable age exceeds the freshness budget,downstream of the hub stamp
e2-20260813,E2_nonce_bound_affirmation,19,B,strong,0.025,attack,delay_response,0.0,6.0,6.0048,6.0048,6.00477,False,closed,open,False,False,False,True,observable age exceeds the freshness budget,downstream of the hub stamp
e2-20260813,E2_nonce_bound_affirmation,0,B,strong,0.1,benign,none,0.0,0.0,0.0051,0.0051,0.005064,True,closed,closed,False,False,False,True,device-bound affirmation inside the bound,downstream of the hub stamp
e2-20260813,E2_nonce_bound_affirmation,1,B,strong,0.1,benign,none,0.0,0.0,0.0043,0.0043,0.004286,True,closed,closed,False,False,False,True,device-bound affirmation inside the bound,downstream of the hub stamp
e2-20260813,E2_nonce_bound_affirmation,2,B,strong,0.1,benign,none,0.0,0.0,0.0025,0.0025,0.002462,True,closed,closed,False,False,False,True,device-bound affirmation inside the bound,downstream of the hub stamp
e2-20260813,E2_nonce_bound_affirmation,3,B,strong,0.1,benign,none,0.0,0.0,0.0067,0.0067,0.006716,True,closed,closed,False,False,False,True,device-bound affirmation inside the bound,downstream of the hub stamp
e2-20260813,E2_nonce_bound_affirmation,4,B,strong,0.1,benign,none,0.0,0.0,0.004,0.004,0.004029,True,closed,closed,False,False,False,True,device-bound affirmation inside the bound,downstream of the hub stamp
e2-20260813,E2_nonce_bound_affirmation,5,B,strong,0.1,benign,none,0.0,0.0,0.0037,0.0037,0.003665,True,closed,closed,False,False,False,True,device-bound affirmation inside the bound,downstream of the hub stamp
e2-20260813,E2_nonce_bound_affirmation,6,B,strong,0.1,benign,none,0.0,0.0,0.0055,0.0055,0.005468,True,closed,closed,False,False,False,True,device-bound affirmation inside the bound,downstream of the hub stamp
e2-20260813,E2_nonce_bound_affirmation,7,B,strong,0.1,benign,none,0.0,0.0,0.0038,0.0038,0.003765,True,closed,closed,False,False,False,True,device-bound affirmation inside the bound,downstream of the hub stamp
e2-20260813,E2_nonce_bound_affirmation,8,B,strong,0.1,benign,none,0.0,0.0,0.0086,0.0086,0.008639,True,closed,closed,False,False,False,True,device-bound affirmation inside the bound,downstream of the hub stamp
e2-20260813,E2_nonce_bound_affirmation,9,B,strong,0.1,benign,none,0.0,0.0,0.0038,0.0038,0.003753,True,closed,closed,False,False,False,True,device-bound affirmation inside the bound,downstream of the hub stamp
e2-20260813,E2_nonce_bound_affirmation,10,B,strong,0.1,benign,none,0.0,0.0,0.0088,0.0088,0.008773,True,closed,closed,False,False,False,True,device-bound affirmation inside the bound,downstream of the hub stamp
e2-20260813,E2_nonce_bound_affirmation,11,B,strong,0.1,benign,none,0.0,0.0,0.0052,0.0052,0.005196,True,closed,closed,False,False,False,True,device-bound affirmation inside the bound,downstream of the hub stamp
e2-20260813,E2_nonce_bound_affirmation,12,B,strong,0.1,benign,none,0.0,0.0,0.0057,0.0057,0.005742,True,closed,closed,False,False,False,True,device-bound affirmation inside the bound,downstream of the hub stamp
e2-20260813,E2_nonce_bound_affirmation,13,B,strong,0.1,benign,none,0.0,0.0,0.0044,0.0044,0.004415,True,closed,closed,False,False,False,True,device-bound affirmation inside the bound,downstream of the hub stamp
e2-20260813,E2_nonce_bound_affirmation,14,B,strong,0.1,benign,none,0.0,0.0,0.0012,0.0012,0.001199,True,closed,closed,False,False,False,True,device-bound affirmation inside the bound,downstream of the hub stamp
e2-20260813,E2_nonce_bound_affirmation,15,B,strong,0.1,benign,none,0.0,0.0,0.0068,0.0068,0.006815,True,closed,closed,False,False,False,True,device-bound affirmation inside the bound,downstream of the hub stamp
e2-20260813,E2_nonce_bound_affirmation,16,B,strong,0.1,benign,none,0.0,0.0,0.0055,0.0055,0.00554,True,closed,closed,False,False,False,True,device-bound affirmation inside the bound,downstream of the hub stamp
e2-20260813,E2_nonce_bound_affirmation,17,B,strong,0.1,benign,none,0.0,0.0,0.0034,0.0034,0.003367,True,closed,closed,False,False,False,True,device-bound affirmation inside the bound,downstream of the hub stamp
e2-20260813,E2_nonce_bound_affirmation,18,B,strong,0.1,benign,none,0.0,0.0,0.0081,0.0081,0.008144,True,closed,closed,False,False,False,True,device-bound affirmation inside the bound,downstream of the hub stamp
e2-20260813,E2_nonce_bound_affirmation,19,B,strong,0.1,benign,none,0.0,0.0,0.0013,0.0013,0.00129,True,closed,closed,False,False,False,True,device-bound affirmation inside the bound,downstream of the hub stamp
e2-20260813,E2_nonce_bound_affirmation,0,B,strong,0.1,attack,release_held,6.0,0.0,6.0073,6.0073,0.007323,False,closed,open,False,False,False,True,observable age exceeds the freshness budget,downstream of the hub stamp
e2-20260813,E2_nonce_bound_affirmation,1,B,strong,0.1,attack,release_held,6.0,0.0,6.0012,6.0012,0.001173,False,closed,open,False,False,False,True,observable age exceeds the freshness budget,downstream of the hub stamp
e2-20260813,E2_nonce_bound_affirmation,2,B,strong,0.1,attack,release_held,6.0,0.0,6.0083,6.0083,0.008321,False,closed,open,False,False,False,True,observable age exceeds the freshness budget,downstream of the hub stamp
e2-20260813,E2_nonce_bound_affirmation,3,B,strong,0.1,attack,release_held,6.0,0.0,6.0009,6.0009,0.000925,False,closed,open,False,False,False,True,observable age exceeds the freshness budget,downstream of the hub stamp
e2-20260813,E2_nonce_bound_affirmation,4,B,strong,0.1,attack,release_held,6.0,0.0,6.0054,6.0054,0.005377,False,closed,open,False,False,False,True,observable age exceeds the freshness budget,downstream of the hub stamp
e2-20260813,E2_nonce_bound_affirmation,5,B,strong,0.1,attack,release_held,6.0,0.0,6.0063,6.0063,0.006287,False,closed,open,False,False,False,True,observable age exceeds the freshness budget,downstream of the hub stamp
e2-20260813,E2_nonce_bound_affirmation,6,B,strong,0.1,attack,release_held,6.0,0.0,6.0089,6.0089,0.00893,False,closed,open,False,False,False,True,observable age exceeds the freshness budget,downstream of the hub stamp
e2-20260813,E2_nonce_bound_affirmation,7,B,strong,0.1,attack,release_held,6.0,0.0,6.0039,6.0039,0.003864,False,closed,open,False,False,False,True,observable age exceeds the freshness budget,downstream of the hub stamp
e2-20260813,E2_nonce_bound_affirmation,8,B,strong,0.1,attack,release_held,6.0,0.0,6.0073,6.0073,0.007263,False,closed,open,False,False,False,True,observable age exceeds the freshness budget,downstream of the hub stamp
e2-20260813,E2_nonce_bound_affirmation,9,B,strong,0.1,attack,release_held,6.0,0.0,6.0068,6.0068,0.006757,False,closed,open,False,False,False,True,observable age exceeds the freshness budget,downstream of the hub stamp
e2-20260813,E2_nonce_bound_affirmation,10,B,strong,0.1,attack,release_held,6.0,0.0,6.0015,6.0015,0.001485,False,closed,open,False,False,False,True,observable age exceeds the freshness budget,downstream of the hub stamp
e2-20260813,E2_nonce_bound_affirmation,11,B,strong,0.1,attack,release_held,6.0,0.0,6.0051,6.0051,0.005135,False,closed,open,False,False,False,True,observable age exceeds the freshness budget,downstream of the hub stamp
e2-20260813,E2_nonce_bound_affirmation,12,B,strong,0.1,attack,release_held,6.0,0.0,6.0026,6.0026,0.002578,False,closed,open,False,False,False,True,observable age exceeds the freshness budget,downstream of the hub stamp
e2-20260813,E2_nonce_bound_affirmation,13,B,strong,0.1,attack,release_held,6.0,0.0,6.007,6.007,0.007039,False,closed,open,False,False,False,True,observable age exceeds the freshness budget,downstream of the hub stamp
e2-20260813,E2_nonce_bound_affirmation,14,B,strong,0.1,attack,release_held,6.0,0.0,6.0083,6.0083,0.008295,False,closed,open,False,False,False,True,observable age exceeds the freshness budget,downstream of the hub stamp
e2-20260813,E2_nonce_bound_affirmation,15,B,strong,0.1,attack,release_held,6.0,0.0,6.0011,6.0011,0.001105,False,closed,open,False,False,False,True,observable age exceeds the freshness budget,downstream of the hub stamp
e2-20260813,E2_nonce_bound_affirmation,16,B,strong,0.1,attack,release_held,6.0,0.0,6.003,6.003,0.002993,False,closed,open,False,False,False,True,observable age exceeds the freshness budget,downstream of the hub stamp
e2-20260813,E2_nonce_bound_affirmation,17,B,strong,0.1,attack,release_held,6.0,0.0,6.0009,6.0009,0.00086,False,closed,open,False,False,False,True,observable age exceeds the freshness budget,downstream of the hub stamp
e2-20260813,E2_nonce_bound_affirmation,18,B,strong,0.1,attack,release_held,6.0,0.0,6.005,6.005,0.005048,False,closed,open,False,False,False,True,observable age exceeds the freshness budget,downstream of the hub stamp
e2-20260813,E2_nonce_bound_affirmation,19,B,strong,0.1,attack,release_held,6.0,0.0,6.0015,6.0015,0.001495,False,closed,open,False,False,False,True,observable age exceeds the freshness budget,downstream of the hub stamp
e2-20260813,E2_nonce_bound_affirmation,0,B,strong,0.1,attack,delay_response,0.0,6.0,6.0022,6.0022,6.002199,False,closed,open,False,False,False,True,observable age exceeds the freshness budget,downstream of the hub stamp
e2-20260813,E2_nonce_bound_affirmation,1,B,strong,0.1,attack,delay_response,0.0,6.0,6.0072,6.0072,6.007226,False,closed,open,False,False,False,True,observable age exceeds the freshness budget,downstream of the hub stamp
e2-20260813,E2_nonce_bound_affirmation,2,B,strong,0.1,attack,delay_response,0.0,6.0,6.0049,6.0049,6.004884,False,closed,open,False,False,False,True,observable age exceeds the freshness budget,downstream of the hub stamp
e2-20260813,E2_nonce_bound_affirmation,3,B,strong,0.1,attack,delay_response,0.0,6.0,6.0031,6.0031,6.003128,False,closed,open,False,False,False,True,observable age exceeds the freshness budget,downstream of the hub stamp
e2-20260813,E2_nonce_bound_affirmation,4,B,strong,0.1,attack,delay_response,0.0,6.0,6.0019,6.0019,6.001884,False,closed,open,False,False,False,True,observable age exceeds the freshness budget,downstream of the hub stamp
e2-20260813,E2_nonce_bound_affirmation,5,B,strong,0.1,attack,delay_response,0.0,6.0,6.0073,6.0073,6.007266,False,closed,open,False,False,False,True,observable age exceeds the freshness budget,downstream of the hub stamp
e2-20260813,E2_nonce_bound_affirmation,6,B,strong,0.1,attack,delay_response,0.0,6.0,6.0088,6.0088,6.008781,False,closed,open,False,False,False,True,observable age exceeds the freshness budget,downstream of the hub stamp
e2-20260813,E2_nonce_bound_affirmation,7,B,strong,0.1,attack,delay_response,0.0,6.0,6.0081,6.0081,6.008134,False,closed,open,False,False,False,True,observable age exceeds the freshness budget,downstream of the hub stamp
e2-20260813,E2_nonce_bound_affirmation,8,B,strong,0.1,attack,delay_response,0.0,6.0,6.0084,6.0084,6.008376,False,closed,open,False,False,False,True,observable age exceeds the freshness budget,downstream of the hub stamp
e2-20260813,E2_nonce_bound_affirmation,9,B,strong,0.1,attack,delay_response,0.0,6.0,6.0046,6.0046,6.004607,False,closed,open,False,False,False,True,observable age exceeds the freshness budget,downstream of the hub stamp
e2-20260813,E2_nonce_bound_affirmation,10,B,strong,0.1,attack,delay_response,0.0,6.0,6.0089,6.0089,6.008906,False,closed,open,False,False,False,True,observable age exceeds the freshness budget,downstream of the hub stamp
e2-20260813,E2_nonce_bound_affirmation,11,B,strong,0.1,attack,delay_response,0.0,6.0,6.0028,6.0028,6.002818,False,closed,open,False,False,False,True,observable age exceeds the freshness budget,downstream of the hub stamp
e2-20260813,E2_nonce_bound_affirmation,12,B,strong,0.1,attack,delay_response,0.0,6.0,6.0013,6.0013,6.001286,False,closed,open,False,False,False,True,observable age exceeds the freshness budget,downstream of the hub stamp
e2-20260813,E2_nonce_bound_affirmation,13,B,strong,0.1,attack,delay_response,0.0,6.0,6.0079,6.0079,6.007936,False,closed,open,False,False,False,True,observable age exceeds the freshness budget,downstream of the hub stamp
e2-20260813,E2_nonce_bound_affirmation,14,B,strong,0.1,attack,delay_response,0.0,6.0,6.0071,6.0071,6.007107,False,closed,open,False,False,False,True,observable age exceeds the freshness budget,downstream of the hub stamp
e2-20260813,E2_nonce_bound_affirmation,15,B,strong,0.1,attack,delay_response,0.0,6.0,6.0073,6.0073,6.007339,False,closed,open,False,False,False,True,observable age exceeds the freshness budget,downstream of the hub stamp
e2-20260813,E2_nonce_bound_affirmation,16,B,strong,0.1,attack,delay_response,0.0,6.0,6.0078,6.0078,6.007848,False,closed,open,False,False,False,True,observable age exceeds the freshness budget,downstream of the hub stamp
e2-20260813,E2_nonce_bound_affirmation,17,B,strong,0.1,attack,delay_response,0.0,6.0,6.0021,6.0021,6.002124,False,closed,open,False,False,False,True,observable age exceeds the freshness budget,downstream of the hub stamp
e2-20260813,E2_nonce_bound_affirmation,18,B,strong,0.1,attack,delay_response,0.0,6.0,6.0083,6.0083,6.008286,False,closed,open,False,False,False,True,observable age exceeds the freshness budget,downstream of the hub stamp
e2-20260813,E2_nonce_bound_affirmation,19,B,strong,0.1,attack,delay_response,0.0,6.0,6.006,6.006,6.005987,False,closed,open,False,False,False,True,observable age exceeds the freshness budget,downstream of the hub stamp
e2-20260813,E2_nonce_bound_affirmation,0,B,strong,0.5,benign,none,0.0,0.0,0.0064,0.0064,0.006411,True,closed,closed,False,False,False,True,device-bound affirmation inside the bound,downstream of the hub stamp
e2-20260813,E2_nonce_bound_affirmation,1,B,strong,0.5,benign,none,0.0,0.0,0.008,0.008,0.007967,True,closed,closed,False,False,False,True,device-bound affirmation inside the bound,downstream of the hub stamp
e2-20260813,E2_nonce_bound_affirmation,2,B,strong,0.5,benign,none,0.0,0.0,0.0056,0.0056,0.005604,True,closed,closed,False,False,False,True,device-bound affirmation inside the bound,downstream of the hub stamp
e2-20260813,E2_nonce_bound_affirmation,3,B,strong,0.5,benign,none,0.0,0.0,0.0065,0.0065,0.006527,True,closed,closed,False,False,False,True,device-bound affirmation inside the bound,downstream of the hub stamp
e2-20260813,E2_nonce_bound_affirmation,4,B,strong,0.5,benign,none,0.0,0.0,0.0084,0.0084,0.00844,True,closed,closed,False,False,False,True,device-bound affirmation inside the bound,downstream of the hub stamp
e2-20260813,E2_nonce_bound_affirmation,5,B,strong,0.5,benign,none,0.0,0.0,0.0022,0.0022,0.002247,True,closed,closed,False,False,False,True,device-bound affirmation inside the bound,downstream of the hub stamp
e2-20260813,E2_nonce_bound_affirmation,6,B,strong,0.5,benign,none,0.0,0.0,0.0012,0.0012,0.001164,True,closed,closed,False,False,False,True,device-bound affirmation inside the bound,downstream of the hub stamp
e2-20260813,E2_nonce_bound_affirmation,7,B,strong,0.5,benign,none,0.0,0.0,0.0043,0.0043,0.004334,True,closed,closed,False,False,False,True,device-bound affirmation inside the bound,downstream of the hub stamp
e2-20260813,E2_nonce_bound_affirmation,8,B,strong,0.5,benign,none,0.0,0.0,0.0017,0.0017,0.001702,True,closed,closed,False,False,False,True,device-bound affirmation inside the bound,downstream of the hub stamp
e2-20260813,E2_nonce_bound_affirmation,9,B,strong,0.5,benign,none,0.0,0.0,0.0062,0.0062,0.006229,True,closed,closed,False,False,False,True,device-bound affirmation inside the bound,downstream of the hub stamp
e2-20260813,E2_nonce_bound_affirmation,10,B,strong,0.5,benign,none,0.0,0.0,0.0033,0.0033,0.003257,True,closed,closed,False,False,False,True,device-bound affirmation inside the bound,downstream of the hub stamp
e2-20260813,E2_nonce_bound_affirmation,11,B,strong,0.5,benign,none,0.0,0.0,0.0068,0.0068,0.006834,True,closed,closed,False,False,False,True,device-bound affirmation inside the bound,downstream of the hub stamp
e2-20260813,E2_nonce_bound_affirmation,12,B,strong,0.5,benign,none,0.0,0.0,0.0041,0.0041,0.004095,True,closed,closed,False,False,False,True,device-bound affirmation inside the bound,downstream of the hub stamp
e2-20260813,E2_nonce_bound_affirmation,13,B,strong,0.5,benign,none,0.0,0.0,0.007,0.007,0.007003,True,closed,closed,False,False,False,True,device-bound affirmation inside the bound,downstream of the hub stamp
e2-20260813,E2_nonce_bound_affirmation,14,B,strong,0.5,benign,none,0.0,0.0,0.0017,0.0017,0.001704,True,closed,closed,False,False,False,True,device-bound affirmation inside the bound,downstream of the hub stamp
e2-20260813,E2_nonce_bound_affirmation,15,B,strong,0.5,benign,none,0.0,0.0,0.0078,0.0078,0.00782,True,closed,closed,False,False,False,True,device-bound affirmation inside the bound,downstream of the hub stamp
e2-20260813,E2_nonce_bound_affirmation,16,B,strong,0.5,benign,none,0.0,0.0,0.0074,0.0074,0.007355,True,closed,closed,False,False,False,True,device-bound affirmation inside the bound,downstream of the hub stamp
e2-20260813,E2_nonce_bound_affirmation,17,B,strong,0.5,benign,none,0.0,0.0,0.004,0.004,0.004022,True,closed,closed,False,False,False,True,device-bound affirmation inside the bound,downstream of the hub stamp
e2-20260813,E2_nonce_bound_affirmation,18,B,strong,0.5,benign,none,0.0,0.0,0.0074,0.0074,0.007359,True,closed,closed,False,False,False,True,device-bound affirmation inside the bound,downstream of the hub stamp
e2-20260813,E2_nonce_bound_affirmation,19,B,strong,0.5,benign,none,0.0,0.0,0.0043,0.0043,0.004315,True,closed,closed,False,False,False,True,device-bound affirmation inside the bound,downstream of the hub stamp
e2-20260813,E2_nonce_bound_affirmation,0,B,strong,0.5,attack,release_held,6.0,0.0,6.0048,6.0048,0.004844,False,closed,open,False,False,False,True,observable age exceeds the freshness budget,downstream of the hub stamp
e2-20260813,E2_nonce_bound_affirmation,1,B,strong,0.5,attack,release_held,6.0,0.0,6.0087,6.0087,0.008725,False,closed,open,False,False,False,True,observable age exceeds the freshness budget,downstream of the hub stamp
e2-20260813,E2_nonce_bound_affirmation,2,B,strong,0.5,attack,release_held,6.0,0.0,6.0021,6.0021,0.002052,False,closed,open,False,False,False,True,observable age exceeds the freshness budget,downstream of the hub stamp
e2-20260813,E2_nonce_bound_affirmation,3,B,strong,0.5,attack,release_held,6.0,0.0,6.0015,6.0015,0.001493,False,closed,open,False,False,False,True,observable age exceeds the freshness budget,downstream of the hub stamp
e2-20260813,E2_nonce_bound_affirmation,4,B,strong,0.5,attack,release_held,6.0,0.0,6.0048,6.0048,0.004848,False,closed,open,False,False,False,True,observable age exceeds the freshness budget,downstream of the hub stamp
e2-20260813,E2_nonce_bound_affirmation,5,B,strong,0.5,attack,release_held,6.0,0.0,6.0084,6.0084,0.008363,False,closed,open,False,False,False,True,observable age exceeds the freshness budget,downstream of the hub stamp
e2-20260813,E2_nonce_bound_affirmation,6,B,strong,0.5,attack,release_held,6.0,0.0,6.008,6.008,0.007951,False,closed,open,False,False,False,True,observable age exceeds the freshness budget,downstream of the hub stamp
e2-20260813,E2_nonce_bound_affirmation,7,B,strong,0.5,attack,release_held,6.0,0.0,6.0051,6.0051,0.005071,False,closed,open,False,False,False,True,observable age exceeds the freshness budget,downstream of the hub stamp
e2-20260813,E2_nonce_bound_affirmation,8,B,strong,0.5,attack,release_held,6.0,0.0,6.005,6.005,0.004963,False,closed,open,False,False,False,True,observable age exceeds the freshness budget,downstream of the hub stamp
e2-20260813,E2_nonce_bound_affirmation,9,B,strong,0.5,attack,release_held,6.0,0.0,6.005,6.005,0.005039,False,closed,open,False,False,False,True,observable age exceeds the freshness budget,downstream of the hub stamp
e2-20260813,E2_nonce_bound_affirmation,10,B,strong,0.5,attack,release_held,6.0,0.0,6.0008,6.0008,0.000824,False,closed,open,False,False,False,True,observable age exceeds the freshness budget,downstream of the hub stamp
e2-20260813,E2_nonce_bound_affirmation,11,B,strong,0.5,attack,release_held,6.0,0.0,6.0035,6.0035,0.003543,False,closed,open,False,False,False,True,observable age exceeds the freshness budget,downstream of the hub stamp
e2-20260813,E2_nonce_bound_affirmation,12,B,strong,0.5,attack,release_held,6.0,0.0,6.005,6.005,0.004992,False,closed,open,False,False,False,True,observable age exceeds the freshness budget,downstream of the hub stamp
e2-20260813,E2_nonce_bound_affirmation,13,B,strong,0.5,attack,release_held,6.0,0.0,6.0036,6.0036,0.003581,False,closed,open,False,False,False,True,observable age exceeds the freshness budget,downstream of the hub stamp
e2-20260813,E2_nonce_bound_affirmation,14,B,strong,0.5,attack,release_held,6.0,0.0,6.0041,6.0041,0.004084,False,closed,open,False,False,False,True,observable age exceeds the freshness budget,downstream of the hub stamp
e2-20260813,E2_nonce_bound_affirmation,15,B,strong,0.5,attack,release_held,6.0,0.0,6.0042,6.0042,0.004208,False,closed,open,False,False,False,True,observable age exceeds the freshness budget,downstream of the hub stamp
e2-20260813,E2_nonce_bound_affirmation,16,B,strong,0.5,attack,release_held,6.0,0.0,6.0012,6.0012,0.001208,False,closed,open,False,False,False,True,observable age exceeds the freshness budget,downstream of the hub stamp
e2-20260813,E2_nonce_bound_affirmation,17,B,strong,0.5,attack,release_held,6.0,0.0,6.002,6.002,0.001978,False,closed,open,False,False,False,True,observable age exceeds the freshness budget,downstream of the hub stamp
e2-20260813,E2_nonce_bound_affirmation,18,B,strong,0.5,attack,release_held,6.0,0.0,6.0059,6.0059,0.005886,False,closed,open,False,False,False,True,observable age exceeds the freshness budget,downstream of the hub stamp
e2-20260813,E2_nonce_bound_affirmation,19,B,strong,0.5,attack,release_held,6.0,0.0,6.0081,6.0081,0.008105,False,closed,open,False,False,False,True,observable age exceeds the freshness budget,downstream of the hub stamp
e2-20260813,E2_nonce_bound_affirmation,0,B,strong,0.5,attack,delay_response,0.0,6.0,6.0037,6.0037,6.003682,False,closed,open,False,False,False,True,observable age exceeds the freshness budget,downstream of the hub stamp
e2-20260813,E2_nonce_bound_affirmation,1,B,strong,0.5,attack,delay_response,0.0,6.0,6.0029,6.0029,6.002893,False,closed,open,False,False,False,True,observable age exceeds the freshness budget,downstream of the hub stamp
e2-20260813,E2_nonce_bound_affirmation,2,B,strong,0.5,attack,delay_response,0.0,6.0,6.0011,6.0011,6.001138,False,closed,open,False,False,False,True,observable age exceeds the freshness budget,downstream of the hub stamp
e2-20260813,E2_nonce_bound_affirmation,3,B,strong,0.5,attack,delay_response,0.0,6.0,6.0014,6.0014,6.001357,False,closed,open,False,False,False,True,observable age exceeds the freshness budget,downstream of the hub stamp
e2-20260813,E2_nonce_bound_affirmation,4,B,strong,0.5,attack,delay_response,0.0,6.0,6.0064,6.0064,6.006384,False,closed,open,False,False,False,True,observable age exceeds the freshness budget,downstream of the hub stamp
e2-20260813,E2_nonce_bound_affirmation,5,B,strong,0.5,attack,delay_response,0.0,6.0,6.0047,6.0047,6.00467,False,closed,open,False,False,False,True,observable age exceeds the freshness budget,downstream of the hub stamp
e2-20260813,E2_nonce_bound_affirmation,6,B,strong,0.5,attack,delay_response,0.0,6.0,6.0042,6.0042,6.004221,False,closed,open,False,False,False,True,observable age exceeds the freshness budget,downstream of the hub stamp
e2-20260813,E2_nonce_bound_affirmation,7,B,strong,0.5,attack,delay_response,0.0,6.0,6.0031,6.0031,6.003117,False,closed,open,False,False,False,True,observable age exceeds the freshness budget,downstream of the hub stamp
e2-20260813,E2_nonce_bound_affirmation,8,B,strong,0.5,attack,delay_response,0.0,6.0,6.0075,6.0075,6.00748,False,closed,open,False,False,False,True,observable age exceeds the freshness budget,downstream of the hub stamp
e2-20260813,E2_nonce_bound_affirmation,9,B,strong,0.5,attack,delay_response,0.0,6.0,6.0085,6.0085,6.008522,False,closed,open,False,False,False,True,observable age exceeds the freshness budget,downstream of the hub stamp
e2-20260813,E2_nonce_bound_affirmation,10,B,strong,0.5,attack,delay_response,0.0,6.0,6.0014,6.0014,6.00145,False,closed,open,False,False,False,True,observable age exceeds the freshness budget,downstream of the hub stamp
e2-20260813,E2_nonce_bound_affirmation,11,B,strong,0.5,attack,delay_response,0.0,6.0,6.0046,6.0046,6.004613,False,closed,open,False,False,False,True,observable age exceeds the freshness budget,downstream of the hub stamp
e2-20260813,E2_nonce_bound_affirmation,12,B,strong,0.5,attack,delay_response,0.0,6.0,6.0033,6.0033,6.003323,False,closed,open,False,False,False,True,observable age exceeds the freshness budget,downstream of the hub stamp
e2-20260813,E2_nonce_bound_affirmation,13,B,strong,0.5,attack,delay_response,0.0,6.0,6.0026,6.0026,6.002563,False,closed,open,False,False,False,True,observable age exceeds the freshness budget,downstream of the hub stamp
e2-20260813,E2_nonce_bound_affirmation,14,B,strong,0.5,attack,delay_response,0.0,6.0,6.004,6.004,6.004022,False,closed,open,False,False,False,True,observable age exceeds the freshness budget,downstream of the hub stamp
e2-20260813,E2_nonce_bound_affirmation,15,B,strong,0.5,attack,delay_response,0.0,6.0,6.0056,6.0056,6.005605,False,closed,open,False,False,False,True,observable age exceeds the freshness budget,downstream of the hub stamp
e2-20260813,E2_nonce_bound_affirmation,16,B,strong,0.5,attack,delay_response,0.0,6.0,6.007,6.007,6.007045,False,closed,open,False,False,False,True,observable age exceeds the freshness budget,downstream of the hub stamp
e2-20260813,E2_nonce_bound_affirmation,17,B,strong,0.5,attack,delay_response,0.0,6.0,6.0056,6.0056,6.005582,False,closed,open,False,False,False,True,observable age exceeds the freshness budget,downstream of the hub stamp
e2-20260813,E2_nonce_bound_affirmation,18,B,strong,0.5,attack,delay_response,0.0,6.0,6.0046,6.0046,6.004617,False,closed,open,False,False,False,True,observable age exceeds the freshness budget,downstream of the hub stamp
e2-20260813,E2_nonce_bound_affirmation,19,B,strong,0.5,attack,delay_response,0.0,6.0,6.0059,6.0059,6.005881,False,closed,open,False,False,False,True,observable age exceeds the freshness budget,downstream of the hub stamp
