run_id,scenario,trial,arm,guard,sigma_max_s,gap_s,t_contact_m,t_lock_m,t_alarm_m,measurement_spread_s,per_fact_fresh,admitted,witness_set_size,coherent,coherence_violation,benign_task_lost,reason,notes
e3-20260813,E3_joint_witness_coherence,0,incoherent,v1,0.05,0.6,2.6527,3.7334,2.4742,1.2592,True,True,0,False,True,False,per-fact freshness only,incoherent construction (Thm 5): lock engages after the door opens
e3-20260813,E3_joint_witness_coherence,1,incoherent,v1,0.05,0.6,2.9093,3.6827,2.7453,0.9374,True,True,0,False,True,False,per-fact freshness only,incoherent construction (Thm 5): lock engages after the door opens
e3-20260813,E3_joint_witness_coherence,2,incoherent,v1,0.05,0.6,2.6652,3.9494,2.5389,1.4105,True,True,0,False,True,False,per-fact freshness only,incoherent construction (Thm 5): lock engages after the door opens
e3-20260813,E3_joint_witness_coherence,3,incoherent,v1,0.05,0.6,2.7855,3.887,2.7115,1.1756,True,True,0,False,True,False,per-fact freshness only,incoherent construction (Thm 5): lock engages after the door opens
e3-20260813,E3_joint_witness_coherence,4,incoherent,v1,0.05,0.6,2.8763,3.9159,2.8142,1.1017,True,True,0,False,True,False,per-fact freshness only,incoherent construction (Thm 5): lock engages after the door opens
e3-20260813,E3_joint_witness_coherence,5,incoherent,v1,0.05,0.6,2.8166,3.8638,2.7337,1.1301,True,True,0,False,True,False,per-fact freshness only,incoherent construction (Thm 5): lock engages after the door opens
e3-20260813,E3_joint_witness_coherence,6,incoherent,v1,0.05,0.6,2.6699,3.8817,2.5964,1.2853,True,True,0,False,True,False,per-fact freshness only,incoherent construction (Thm 5): lock engages after the door opens
e3-20260813,E3_joint_witness_coherence,7,incoherent,v1,0.05,0.6,2.907,3.7844,2.7242,1.0602,True,True,0,False,True,False,per-fact freshness only,incoherent construction (Thm 5): lock engages after the door opens
e3-20260813,E3_joint_witness_coherence,8,incoherent,v1,0.05,0.6,2.7721,3.7421,2.5804,1.1617,True,True,0,False,True,False,per-fact freshness only,incoherent construction (Thm 5): lock engages after the door opens
e3-20260813,E3_joint_witness_coherence,9,incoherent,v1,0.05,0.6,2.8401,3.7603,2.6684,1.0919,True,True,0,False,True,False,per-fact freshness only,incoherent construction (Thm 5): lock engages after the door opens
e3-20260813,E3_joint_witness_coherence,10,incoherent,v1,0.05,0.6,2.8608,3.947,2.6675,1.2796,True,True,0,False,True,False,per-fact freshness only,incoherent construction (Thm 5): lock engages after the door opens
e3-20260813,E3_joint_witness_coherence,11,incoherent,v1,0.05,0.6,2.683,3.7435,2.6625,1.081,True,True,0,False,True,False,per-fact freshness only,incoherent construction (Thm 5): lock engages after the door opens
e3-20260813,E3_joint_witness_coherence,12,incoherent,v1,0.05,0.6,2.8035,3.8411,2.7622,1.0789,True,True,0,False,True,False,per-fact freshness only,incoherent construction (Thm 5): lock engages after the door opens
e3-20260813,E3_joint_witness_coherence,13,incoherent,v1,0.05,0.6,2.6842,3.7606,2.6029,1.1577,True,True,0,False,True,False,per-fact freshness only,incoherent construction (Thm 5): lock engages after the door opens
e3-20260813,E3_joint_witness_coherence,14,incoherent,v1,0.05,0.6,2.9222,3.8265,2.8772,0.9493,True,True,0,False,True,False,per-fact freshness only,incoherent construction (Thm 5): lock engages after the door opens
e3-20260813,E3_joint_witness_coherence,15,incoherent,v1,0.05,0.6,2.8913,3.8112,2.7564,1.0548,True,True,0,False,True,False,per-fact freshness only,incoherent construction (Thm 5): lock engages after the door opens
e3-20260813,E3_joint_witness_coherence,16,incoherent,v1,0.05,0.6,2.8443,3.9456,2.7128,1.2328,True,True,0,False,True,False,per-fact freshness only,incoherent construction (Thm 5): lock engages after the door opens
e3-20260813,E3_joint_witness_coherence,17,incoherent,v1,0.05,0.6,2.7952,3.698,2.7167,0.9813,True,True,0,False,True,False,per-fact freshness only,incoherent construction (Thm 5): lock engages after the door opens
e3-20260813,E3_joint_witness_coherence,18,incoherent,v1,0.05,0.6,2.791,3.6751,2.6295,1.0456,True,True,0,False,True,False,per-fact freshness only,incoherent construction (Thm 5): lock engages after the door opens
e3-20260813,E3_joint_witness_coherence,19,incoherent,v1,0.05,0.6,2.7009,3.8889,2.6883,1.2006,True,True,0,False,True,False,per-fact freshness only,incoherent construction (Thm 5): lock engages after the door opens
e3-20260813,E3_joint_witness_coherence,0,incoherent,v1,0.25,0.6,2.7321,3.7972,2.6899,1.1073,True,True,0,False,True,False,per-fact freshness only,incoherent construction (Thm 5): lock engages after the door opens
e3-20260813,E3_joint_witness_coherence,1,incoherent,v1,0.25,0.6,2.751,3.6702,2.7465,0.9237,True,True,0,False,True,False,per-fact freshness only,incoherent construction (Thm 5): lock engages after the door opens
e3-20260813,E3_joint_witness_coherence,2,incoherent,v1,0.25,0.6,2.7257,3.7713,2.7078,1.0635,True,True,0,False,True,False,per-fact freshness only,incoherent construction (Thm 5): lock engages after the door opens
e3-20260813,E3_joint_witness_coherence,3,incoherent,v1,0.25,0.6,2.8708,3.8256,2.7334,1.0922,True,True,0,False,True,False,per-fact freshness only,incoherent construction (Thm 5): lock engages after the door opens
e3-20260813,E3_joint_witness_coherence,4,incoherent,v1,0.25,0.6,2.6582,3.8383,2.4972,1.3412,True,True,0,False,True,False,per-fact freshness only,incoherent construction (Thm 5): lock engages after the door opens
e3-20260813,E3_joint_witness_coherence,5,incoherent,v1,0.25,0.6,2.7198,3.6587,2.5303,1.1284,True,True,0,False,True,False,per-fact freshness only,incoherent construction (Thm 5): lock engages after the door opens
e3-20260813,E3_joint_witness_coherence,6,incoherent,v1,0.25,0.6,2.7925,3.7805,2.6822,1.0983,True,True,0,False,True,False,per-fact freshness only,incoherent construction (Thm 5): lock engages after the door opens
e3-20260813,E3_joint_witness_coherence,7,incoherent,v1,0.25,0.6,2.9181,3.8257,2.8516,0.9742,True,True,0,False,True,False,per-fact freshness only,incoherent construction (Thm 5): lock engages after the door opens
e3-20260813,E3_joint_witness_coherence,8,incoherent,v1,0.25,0.6,2.8636,3.8223,2.7456,1.0766,True,True,0,False,True,False,per-fact freshness only,incoherent construction (Thm 5): lock engages after the door opens
e3-20260813,E3_joint_witness_coherence,9,incoherent,v1,0.25,0.6,2.7068,3.7103,2.5704,1.1399,True,True,0,False,True,False,per-fact freshness only,incoherent construction (Thm 5): lock engages after the door opens
e3-20260813,E3_joint_witness_coherence,10,incoherent,v1,0.25,0.6,2.7496,3.7809,2.7256,1.0553,True,True,0,False,True,False,per-fact freshness only,incoherent construction (Thm 5): lock engages after the door opens
e3-20260813,E3_joint_witness_coherence,11,incoherent,v1,0.25,0.6,2.7581,3.8216,2.5734,1.2482,True,True,0,False,True,False,per-fact freshness only,incoherent construction (Thm 5): lock engages after the door opens
e3-20260813,E3_joint_witness_coherence,12,incoherent,v1,0.25,0.6,2.7243,3.774,2.5488,1.2252,True,True,0,False,True,False,per-fact freshness only,incoherent construction (Thm 5): lock engages after the door opens
e3-20260813,E3_joint_witness_coherence,13,incoherent,v1,0.25,0.6,2.902,3.8425,2.8993,0.9432,True,True,0,False,True,False,per-fact freshness only,incoherent construction (Thm 5): lock engages after the door opens
e3-20260813,E3_joint_witness_coherence,14,incoherent,v1,0.25,0.6,2.8428,3.7424,2.6752,1.0672,True,True,0,False,True,False,per-fact freshness only,incoherent construction (Thm 5): lock engages after the door opens
e3-20260813,E3_joint_witness_coherence,15,incoherent,v1,0.25,0.6,2.9083,3.8376,2.8335,1.0042,True,True,0,False,True,False,per-fact freshness only,incoherent construction (Thm 5): lock engages after the door opens
e3-20260813,E3_joint_witness_coherence,16,incoherent,v1,0.25,0.6,2.682,3.8785,2.6763,1.2021,True,True,0,False,True,False,per-fact freshness only,incoherent construction (Thm 5): lock engages after the door opens
e3-20260813,E3_joint_witness_coherence,17,incoherent,v1,0.25,0.6,2.9086,3.8541,2.8146,1.0396,True,True,0,False,True,False,per-fact freshness only,incoherent construction (Thm 5): lock engages after the door opens
e3-20260813,E3_joint_witness_coherence,18,incoherent,v1,0.25,0.6,2.7595,3.6664,2.6052,1.0612,True,True,0,False,True,False,per-fact freshness only,incoherent construction (Thm 5): lock engages after the door opens
e3-20260813,E3_joint_witness_coherence,19,incoherent,v1,0.25,0.6,2.7541,3.9091,2.6116,1.2974,True,True,0,False,True,False,per-fact freshness only,incoherent construction (Thm 5): lock engages after the door opens
e3-20260813,E3_joint_witness_coherence,0,incoherent,v1,0.5,0.6,2.7272,3.6599,2.7086,0.9513,True,True,0,False,True,False,per-fact freshness only,incoherent construction (Thm 5): lock engages after the door opens
e3-20260813,E3_joint_witness_coherence,1,incoherent,v1,0.5,0.6,2.9211,3.832,2.866,0.966,True,True,0,False,True,False,per-fact freshness only,incoherent construction (Thm 5): lock engages after the door opens
e3-20260813,E3_joint_witness_coherence,2,incoherent,v1,0.5,0.6,2.9299,3.657,2.7929,0.8641,True,True,0,False,True,False,per-fact freshness only,incoherent construction (Thm 5): lock engages after the door opens
e3-20260813,E3_joint_witness_coherence,3,incoherent,v1,0.5,0.6,2.8075,3.8555,2.6213,1.2343,True,True,0,False,True,False,per-fact freshness only,incoherent construction (Thm 5): lock engages after the door opens
e3-20260813,E3_joint_witness_coherence,4,incoherent,v1,0.5,0.6,2.948,3.695,2.883,0.812,True,True,0,False,True,False,per-fact freshness only,incoherent construction (Thm 5): lock engages after the door opens
e3-20260813,E3_joint_witness_coherence,5,incoherent,v1,0.5,0.6,2.6559,3.8487,2.576,1.2727,True,True,0,False,True,False,per-fact freshness only,incoherent construction (Thm 5): lock engages after the door opens
e3-20260813,E3_joint_witness_coherence,6,incoherent,v1,0.5,0.6,2.8211,3.6805,2.6711,1.0094,True,True,0,False,True,False,per-fact freshness only,incoherent construction (Thm 5): lock engages after the door opens
e3-20260813,E3_joint_witness_coherence,7,incoherent,v1,0.5,0.6,2.7699,3.6781,2.5982,1.08,True,True,0,False,True,False,per-fact freshness only,incoherent construction (Thm 5): lock engages after the door opens
e3-20260813,E3_joint_witness_coherence,8,incoherent,v1,0.5,0.6,2.8958,3.7443,2.8685,0.8758,True,True,0,False,True,False,per-fact freshness only,incoherent construction (Thm 5): lock engages after the door opens
e3-20260813,E3_joint_witness_coherence,9,incoherent,v1,0.5,0.6,2.8871,3.867,2.749,1.1181,True,True,0,False,True,False,per-fact freshness only,incoherent construction (Thm 5): lock engages after the door opens
e3-20260813,E3_joint_witness_coherence,10,incoherent,v1,0.5,0.6,2.9204,3.8327,2.8196,1.0131,True,True,0,False,True,False,per-fact freshness only,incoherent construction (Thm 5): lock engages after the door opens
e3-20260813,E3_joint_witness_coherence,11,incoherent,v1,0.5,0.6,2.7201,3.9189,2.5859,1.333,True,True,0,False,True,False,per-fact freshness only,incoherent construction (Thm 5): lock engages after the door opens
e3-20260813,E3_joint_witness_coherence,12,incoherent,v1,0.5,0.6,2.6804,3.8602,2.5141,1.346,True,True,0,False,True,False,per-fact freshness only,incoherent construction (Thm 5): lock engages after the door opens
e3-20260813,E3_joint_witness_coherence,13,incoherent,v1,0.5,0.6,2.8339,3.9406,2.746,1.1946,True,True,0,False,True,False,per-fact freshness only,incoherent construction (Thm 5): lock engages after the door opens
e3-20260813,E3_joint_witness_coherence,14,incoherent,v1,0.5,0.6,2.7558,3.9229,2.7252,1.1978,True,True,0,False,True,False,per-fact freshness only,incoherent construction (Thm 5): lock engages after the door opens
e3-20260813,E3_joint_witness_coherence,15,incoherent,v1,0.5,0.6,2.6846,3.7751,2.5212,1.2538,True,True,0,False,True,False,per-fact freshness only,incoherent construction (Thm 5): lock engages after the door opens
e3-20260813,E3_joint_witness_coherence,16,incoherent,v1,0.5,0.6,2.7121,3.8934,2.6867,1.2067,True,True,0,False,True,False,per-fact freshness only,incoherent construction (Thm 5): lock engages after the door opens
e3-20260813,E3_joint_witness_coherence,17,incoherent,v1,0.5,0.6,2.7907,3.7526,2.6326,1.12,True,True,0,False,True,False,per-fact freshness only,incoherent construction (Thm 5): lock engages after the door opens
e3-20260813,E3_joint_witness_coherence,18,incoherent,v1,0.5,0.6,2.7604,3.7715,2.7585,1.013,True,True,0,False,True,False,per-fact freshness only,incoherent construction (Thm 5): lock engages after the door opens
e3-20260813,E3_joint_witness_coherence,19,incoherent,v1,0.5,0.6,2.6743,3.9005,2.478,1.4226,True,True,0,False,True,False,per-fact freshness only,incoherent construction (Thm 5): lock engages after the door opens
e3-20260813,E3_joint_witness_coherence,0,incoherent,v1,1.0,0.6,2.7605,3.6617,2.6184,1.0433,True,True,0,False,True,False,per-fact freshness only,incoherent construction (Thm 5): lock engages after the door opens
e3-20260813,E3_joint_witness_coherence,1,incoherent,v1,1.0,0.6,2.8198,3.6791,2.6486,1.0305,True,True,0,False,True,False,per-fact freshness only,incoherent construction (Thm 5): lock engages after the door opens
e3-20260813,E3_joint_witness_coherence,2,incoherent,v1,1.0,0.6,2.9125,3.6702,2.8142,0.856,True,True,0,False,True,False,per-fact freshness only,incoherent construction (Thm 5): lock engages after the door opens
e3-20260813,E3_joint_witness_coherence,3,incoherent,v1,1.0,0.6,2.6985,3.9403,2.5805,1.3598,True,True,0,False,True,False,per-fact freshness only,incoherent construction (Thm 5): lock engages after the door opens
e3-20260813,E3_joint_witness_coherence,4,incoherent,v1,1.0,0.6,2.6547,3.8413,2.6252,1.216,True,True,0,False,True,False,per-fact freshness only,incoherent construction (Thm 5): lock engages after the door opens
e3-20260813,E3_joint_witness_coherence,5,incoherent,v1,1.0,0.6,2.8593,3.8464,2.7906,1.0558,True,True,0,False,True,False,per-fact freshness only,incoherent construction (Thm 5): lock engages after the door opens
e3-20260813,E3_joint_witness_coherence,6,incoherent,v1,1.0,0.6,2.8288,3.8548,2.773,1.0818,True,True,0,False,True,False,per-fact freshness only,incoherent construction (Thm 5): lock engages after the door opens
e3-20260813,E3_joint_witness_coherence,7,incoherent,v1,1.0,0.6,2.7982,3.8819,2.7901,1.0918,True,True,0,False,True,False,per-fact freshness only,incoherent construction (Thm 5): lock engages after the door opens
e3-20260813,E3_joint_witness_coherence,8,incoherent,v1,1.0,0.6,2.7416,3.7414,2.7243,1.0172,True,True,0,False,True,False,per-fact freshness only,incoherent construction (Thm 5): lock engages after the door opens
e3-20260813,E3_joint_witness_coherence,9,incoherent,v1,1.0,0.6,2.691,3.6583,2.6399,1.0184,True,True,0,False,True,False,per-fact freshness only,incoherent construction (Thm 5): lock engages after the door opens
e3-20260813,E3_joint_witness_coherence,10,incoherent,v1,1.0,0.6,2.6746,3.8652,2.6664,1.1988,True,True,0,False,True,False,per-fact freshness only,incoherent construction (Thm 5): lock engages after the door opens
e3-20260813,E3_joint_witness_coherence,11,incoherent,v1,1.0,0.6,2.6775,3.6524,2.67,0.9824,True,True,0,False,True,False,per-fact freshness only,incoherent construction (Thm 5): lock engages after the door opens
e3-20260813,E3_joint_witness_coherence,12,incoherent,v1,1.0,0.6,2.7751,3.6796,2.5777,1.1019,True,True,0,False,True,False,per-fact freshness only,incoherent construction (Thm 5): lock engages after the door opens
e3-20260813,E3_joint_witness_coherence,13,incoherent,v1,1.0,0.6,2.6872,3.8583,2.636,1.2223,True,True,0,False,True,False,per-fact freshness only,incoherent construction (Thm 5): lock engages after the door opens
e3-20260813,E3_joint_witness_coherence,14,incoherent,v1,1.0,0.6,2.8193,3.8399,2.7178,1.1221,True,True,0,False,True,False,per-fact freshness only,incoherent construction (Thm 5): lock engages after the door opens
e3-20260813,E3_joint_witness_coherence,15,incoherent,v1,1.0,0.6,2.7296,3.6726,2.5656,1.107,True,True,0,False,True,False,per-fact freshness only,incoherent construction (Thm 5): lock engages after the door opens
e3-20260813,E3_joint_witness_coherence,16,incoherent,v1,1.0,0.6,2.7925,3.7694,2.7662,1.0032,True,True,0,False,True,False,per-fact freshness only,incoherent construction (Thm 5): lock engages after the door opens
e3-20260813,E3_joint_witness_coherence,17,incoherent,v1,1.0,0.6,2.6997,3.7765,2.5441,1.2324,True,True,0,False,True,False,per-fact freshness only,incoherent construction (Thm 5): lock engages after the door opens
e3-20260813,E3_joint_witness_coherence,18,incoherent,v1,1.0,0.6,2.6644,3.6649,2.6081,1.0568,True,True,0,False,True,False,per-fact freshness only,incoherent construction (Thm 5): lock engages after the door opens
e3-20260813,E3_joint_witness_coherence,19,incoherent,v1,1.0,0.6,2.902,3.6785,2.7197,0.9588,True,True,0,False,True,False,per-fact freshness only,incoherent construction (Thm 5): lock engages after the door opens
e3-20260813,E3_joint_witness_coherence,0,incoherent,v1,2.0,0.6,2.7593,3.6586,2.7188,0.9398,True,True,0,False,True,False,per-fact freshness only,incoherent construction (Thm 5): lock engages after the door opens
e3-20260813,E3_joint_witness_coherence,1,incoherent,v1,2.0,0.6,2.6501,3.7748,2.471,1.3038,True,True,0,False,True,False,per-fact freshness only,incoherent construction (Thm 5): lock engages after the door opens
e3-20260813,E3_joint_witness_coherence,2,incoherent,v1,2.0,0.6,2.6516,3.6542,2.5123,1.1419,True,True,0,False,True,False,per-fact freshness only,incoherent construction (Thm 5): lock engages after the door opens
e3-20260813,E3_joint_witness_coherence,3,incoherent,v1,2.0,0.6,2.7496,3.6906,2.5925,1.098,True,True,0,False,True,False,per-fact freshness only,incoherent construction (Thm 5): lock engages after the door opens
e3-20260813,E3_joint_witness_coherence,4,incoherent,v1,2.0,0.6,2.6657,3.6562,2.5187,1.1375,True,True,0,False,True,False,per-fact freshness only,incoherent construction (Thm 5): lock engages after the door opens
e3-20260813,E3_joint_witness_coherence,5,incoherent,v1,2.0,0.6,2.6783,3.6503,2.6331,1.0172,True,True,0,False,True,False,per-fact freshness only,incoherent construction (Thm 5): lock engages after the door opens
e3-20260813,E3_joint_witness_coherence,6,incoherent,v1,2.0,0.6,2.916,3.7414,2.8318,0.9096,True,True,0,False,True,False,per-fact freshness only,incoherent construction (Thm 5): lock engages after the door opens
e3-20260813,E3_joint_witness_coherence,7,incoherent,v1,2.0,0.6,2.9123,3.9132,2.8458,1.0674,True,True,0,False,True,False,per-fact freshness only,incoherent construction (Thm 5): lock engages after the door opens
e3-20260813,E3_joint_witness_coherence,8,incoherent,v1,2.0,0.6,2.9054,3.7574,2.7966,0.9608,True,True,0,False,True,False,per-fact freshness only,incoherent construction (Thm 5): lock engages after the door opens
e3-20260813,E3_joint_witness_coherence,9,incoherent,v1,2.0,0.6,2.6868,3.9149,2.5982,1.3167,True,True,0,False,True,False,per-fact freshness only,incoherent construction (Thm 5): lock engages after the door opens
e3-20260813,E3_joint_witness_coherence,10,incoherent,v1,2.0,0.6,2.6519,3.9153,2.5585,1.3568,True,True,0,False,True,False,per-fact freshness only,incoherent construction (Thm 5): lock engages after the door opens
e3-20260813,E3_joint_witness_coherence,11,incoherent,v1,2.0,0.6,2.7667,3.8407,2.7587,1.082,True,True,0,False,True,False,per-fact freshness only,incoherent construction (Thm 5): lock engages after the door opens
e3-20260813,E3_joint_witness_coherence,12,incoherent,v1,2.0,0.6,2.9327,3.7604,2.8118,0.9487,True,True,0,False,True,False,per-fact freshness only,incoherent construction (Thm 5): lock engages after the door opens
e3-20260813,E3_joint_witness_coherence,13,incoherent,v1,2.0,0.6,2.9371,3.9238,2.7436,1.1802,True,True,0,False,True,False,per-fact freshness only,incoherent construction (Thm 5): lock engages after the door opens
e3-20260813,E3_joint_witness_coherence,14,incoherent,v1,2.0,0.6,2.8168,3.7095,2.6638,1.0457,True,True,0,False,True,False,per-fact freshness only,incoherent construction (Thm 5): lock engages after the door opens
e3-20260813,E3_joint_witness_coherence,15,incoherent,v1,2.0,0.6,2.6743,3.7254,2.5962,1.1292,True,True,0,False,True,False,per-fact freshness only,incoherent construction (Thm 5): lock engages after the door opens
e3-20260813,E3_joint_witness_coherence,16,incoherent,v1,2.0,0.6,2.8549,3.8128,2.6608,1.152,True,True,0,False,True,False,per-fact freshness only,incoherent construction (Thm 5): lock engages after the door opens
e3-20260813,E3_joint_witness_coherence,17,incoherent,v1,2.0,0.6,2.8159,3.7117,2.714,0.9977,True,True,0,False,True,False,per-fact freshness only,incoherent construction (Thm 5): lock engages after the door opens
e3-20260813,E3_joint_witness_coherence,18,incoherent,v1,2.0,0.6,2.8697,3.786,2.82,0.966,True,True,0,False,True,False,per-fact freshness only,incoherent construction (Thm 5): lock engages after the door opens
e3-20260813,E3_joint_witness_coherence,19,incoherent,v1,2.0,0.6,2.6935,3.7193,2.6331,1.0862,True,True,0,False,True,False,per-fact freshness only,incoherent construction (Thm 5): lock engages after the door opens
e3-20260813,E3_joint_witness_coherence,0,incoherent,M2_spread,0.05,0.6,2.8678,3.7772,2.7133,1.0639,True,False,0,False,False,False,measurement spread 1.064s > sigma_max 0.050s,incoherent construction (Thm 5): lock engages after the door opens
e3-20260813,E3_joint_witness_coherence,1,incoherent,M2_spread,0.05,0.6,2.7708,3.8663,2.575,1.2913,True,False,0,False,False,False,measurement spread 1.291s > sigma_max 0.050s,incoherent construction (Thm 5): lock engages after the door opens
e3-20260813,E3_joint_witness_coherence,2,incoherent,M2_spread,0.05,0.6,2.9415,3.8046,2.7981,1.0066,True,False,0,False,False,False,measurement spread 1.007s > sigma_max 0.050s,incoherent construction (Thm 5): lock engages after the door opens
e3-20260813,E3_joint_witness_coherence,3,incoherent,M2_spread,0.05,0.6,2.7912,3.8446,2.601,1.2437,True,False,0,False,False,False,measurement spread 1.244s > sigma_max 0.050s,incoherent construction (Thm 5): lock engages after the door opens
e3-20260813,E3_joint_witness_coherence,4,incoherent,M2_spread,0.05,0.6,2.6892,3.8615,2.53,1.3315,True,False,0,False,False,False,measurement spread 1.331s > sigma_max 0.050s,incoherent construction (Thm 5): lock engages after the door opens
e3-20260813,E3_joint_witness_coherence,5,incoherent,M2_spread,0.05,0.6,2.8648,3.7039,2.7895,0.9144,True,False,0,False,False,False,measurement spread 0.914s > sigma_max 0.050s,incoherent construction (Thm 5): lock engages after the door opens
e3-20260813,E3_joint_witness_coherence,6,incoherent,M2_spread,0.05,0.6,2.8664,3.9366,2.8331,1.1034,True,False,0,False,False,False,measurement spread 1.103s > sigma_max 0.050s,incoherent construction (Thm 5): lock engages after the door opens
e3-20260813,E3_joint_witness_coherence,7,incoherent,M2_spread,0.05,0.6,2.7741,3.7356,2.636,1.0997,True,False,0,False,False,False,measurement spread 1.100s > sigma_max 0.050s,incoherent construction (Thm 5): lock engages after the door opens
e3-20260813,E3_joint_witness_coherence,8,incoherent,M2_spread,0.05,0.6,2.683,3.9338,2.6766,1.2572,True,False,0,False,False,False,measurement spread 1.257s > sigma_max 0.050s,incoherent construction (Thm 5): lock engages after the door opens
e3-20260813,E3_joint_witness_coherence,9,incoherent,M2_spread,0.05,0.6,2.8039,3.7965,2.6268,1.1697,True,False,0,False,False,False,measurement spread 1.170s > sigma_max 0.050s,incoherent construction (Thm 5): lock engages after the door opens
e3-20260813,E3_joint_witness_coherence,10,incoherent,M2_spread,0.05,0.6,2.8828,3.9025,2.7514,1.1511,True,False,0,False,False,False,measurement spread 1.151s > sigma_max 0.050s,incoherent construction (Thm 5): lock engages after the door opens
e3-20260813,E3_joint_witness_coherence,11,incoherent,M2_spread,0.05,0.6,2.7093,3.8288,2.5615,1.2672,True,False,0,False,False,False,measurement spread 1.267s > sigma_max 0.050s,incoherent construction (Thm 5): lock engages after the door opens
e3-20260813,E3_joint_witness_coherence,12,incoherent,M2_spread,0.05,0.6,2.7443,3.8777,2.7283,1.1494,True,False,0,False,False,False,measurement spread 1.149s > sigma_max 0.050s,incoherent construction (Thm 5): lock engages after the door opens
e3-20260813,E3_joint_witness_coherence,13,incoherent,M2_spread,0.05,0.6,2.7381,3.9378,2.5744,1.3635,True,False,0,False,False,False,measurement spread 1.363s > sigma_max 0.050s,incoherent construction (Thm 5): lock engages after the door opens
e3-20260813,E3_joint_witness_coherence,14,incoherent,M2_spread,0.05,0.6,2.8931,3.8806,2.8494,1.0312,True,False,0,False,False,False,measurement spread 1.031s > sigma_max 0.050s,incoherent construction (Thm 5): lock engages after the door opens
e3-20260813,E3_joint_witness_coherence,15,incoherent,M2_spread,0.05,0.6,2.7087,3.8316,2.6957,1.1359,True,False,0,False,False,False,measurement spread 1.136s > sigma_max 0.050s,incoherent construction (Thm 5): lock engages after the door opens
e3-20260813,E3_joint_witness_coherence,16,incoherent,M2_spread,0.05,0.6,2.7217,3.7488,2.5464,1.2024,True,False,0,False,False,False,measurement spread 1.202s > sigma_max 0.050s,incoherent construction (Thm 5): lock engages after the door opens
e3-20260813,E3_joint_witness_coherence,17,incoherent,M2_spread,0.05,0.6,2.7268,3.8193,2.6176,1.2016,True,False,0,False,False,False,measurement spread 1.202s > sigma_max 0.050s,incoherent construction (Thm 5): lock engages after the door opens
e3-20260813,E3_joint_witness_coherence,18,incoherent,M2_spread,0.05,0.6,2.7224,3.7699,2.5277,1.2423,True,False,0,False,False,False,measurement spread 1.242s > sigma_max 0.050s,incoherent construction (Thm 5): lock engages after the door opens
e3-20260813,E3_joint_witness_coherence,19,incoherent,M2_spread,0.05,0.6,2.9121,3.6779,2.8133,0.8646,True,False,0,False,False,False,measurement spread 0.865s > sigma_max 0.050s,incoherent construction (Thm 5): lock engages after the door opens
e3-20260813,E3_joint_witness_coherence,0,incoherent,M2_spread,0.25,0.6,2.7588,3.8344,2.5686,1.2658,True,False,0,False,False,False,measurement spread 1.266s > sigma_max 0.250s,incoherent construction (Thm 5): lock engages after the door opens
e3-20260813,E3_joint_witness_coherence,1,incoherent,M2_spread,0.25,0.6,2.8757,3.8837,2.7597,1.1241,True,False,0,False,False,False,measurement spread 1.124s > sigma_max 0.250s,incoherent construction (Thm 5): lock engages after the door opens
e3-20260813,E3_joint_witness_coherence,2,incoherent,M2_spread,0.25,0.6,2.9282,3.8691,2.7698,1.0993,True,False,0,False,False,False,measurement spread 1.099s > sigma_max 0.250s,incoherent construction (Thm 5): lock engages after the door opens
e3-20260813,E3_joint_witness_coherence,3,incoherent,M2_spread,0.25,0.6,2.8558,3.8864,2.6786,1.2078,True,False,0,False,False,False,measurement spread 1.208s > sigma_max 0.250s,incoherent construction (Thm 5): lock engages after the door opens
e3-20260813,E3_joint_witness_coherence,4,incoherent,M2_spread,0.25,0.6,2.8434,3.919,2.8409,1.078,True,False,0,False,False,False,measurement spread 1.078s > sigma_max 0.250s,incoherent construction (Thm 5): lock engages after the door opens
e3-20260813,E3_joint_witness_coherence,5,incoherent,M2_spread,0.25,0.6,2.7591,3.9005,2.7355,1.1651,True,False,0,False,False,False,measurement spread 1.165s > sigma_max 0.250s,incoherent construction (Thm 5): lock engages after the door opens
e3-20260813,E3_joint_witness_coherence,6,incoherent,M2_spread,0.25,0.6,2.837,3.8126,2.7392,1.0735,True,False,0,False,False,False,measurement spread 1.073s > sigma_max 0.250s,incoherent construction (Thm 5): lock engages after the door opens
e3-20260813,E3_joint_witness_coherence,7,incoherent,M2_spread,0.25,0.6,2.835,3.803,2.7602,1.0428,True,False,0,False,False,False,measurement spread 1.043s > sigma_max 0.250s,incoherent construction (Thm 5): lock engages after the door opens
e3-20260813,E3_joint_witness_coherence,8,incoherent,M2_spread,0.25,0.6,2.8505,3.7254,2.6693,1.0561,True,False,0,False,False,False,measurement spread 1.056s > sigma_max 0.250s,incoherent construction (Thm 5): lock engages after the door opens
e3-20260813,E3_joint_witness_coherence,9,incoherent,M2_spread,0.25,0.6,2.9052,3.9148,2.819,1.0958,True,False,0,False,False,False,measurement spread 1.096s > sigma_max 0.250s,incoherent construction (Thm 5): lock engages after the door opens
e3-20260813,E3_joint_witness_coherence,10,incoherent,M2_spread,0.25,0.6,2.769,3.9121,2.655,1.2571,True,False,0,False,False,False,measurement spread 1.257s > sigma_max 0.250s,incoherent construction (Thm 5): lock engages after the door opens
e3-20260813,E3_joint_witness_coherence,11,incoherent,M2_spread,0.25,0.6,2.8028,3.7704,2.672,1.0983,True,False,0,False,False,False,measurement spread 1.098s > sigma_max 0.250s,incoherent construction (Thm 5): lock engages after the door opens
e3-20260813,E3_joint_witness_coherence,12,incoherent,M2_spread,0.25,0.6,2.8842,3.7117,2.8321,0.8796,True,False,0,False,False,False,measurement spread 0.880s > sigma_max 0.250s,incoherent construction (Thm 5): lock engages after the door opens
e3-20260813,E3_joint_witness_coherence,13,incoherent,M2_spread,0.25,0.6,2.8997,3.7858,2.7599,1.0259,True,False,0,False,False,False,measurement spread 1.026s > sigma_max 0.250s,incoherent construction (Thm 5): lock engages after the door opens
e3-20260813,E3_joint_witness_coherence,14,incoherent,M2_spread,0.25,0.6,2.8157,3.8039,2.6685,1.1354,True,False,0,False,False,False,measurement spread 1.135s > sigma_max 0.250s,incoherent construction (Thm 5): lock engages after the door opens
e3-20260813,E3_joint_witness_coherence,15,incoherent,M2_spread,0.25,0.6,2.9021,3.8301,2.7491,1.0811,True,False,0,False,False,False,measurement spread 1.081s > sigma_max 0.250s,incoherent construction (Thm 5): lock engages after the door opens
e3-20260813,E3_joint_witness_coherence,16,incoherent,M2_spread,0.25,0.6,2.7806,3.7946,2.6102,1.1844,True,False,0,False,False,False,measurement spread 1.184s > sigma_max 0.250s,incoherent construction (Thm 5): lock engages after the door opens
e3-20260813,E3_joint_witness_coherence,17,incoherent,M2_spread,0.25,0.6,2.669,3.8879,2.5634,1.3245,True,False,0,False,False,False,measurement spread 1.324s > sigma_max 0.250s,incoherent construction (Thm 5): lock engages after the door opens
e3-20260813,E3_joint_witness_coherence,18,incoherent,M2_spread,0.25,0.6,2.931,3.8802,2.8375,1.0427,True,False,0,False,False,False,measurement spread 1.043s > sigma_max 0.250s,incoherent construction (Thm 5): lock engages after the door opens
e3-20260813,E3_joint_witness_coherence,19,incoherent,M2_spread,0.25,0.6,2.7701,3.7855,2.7132,1.0723,True,False,0,False,False,False,measurement spread 1.072s > sigma_max 0.250s,incoherent construction (Thm 5): lock engages after the door opens
e3-20260813,E3_joint_witness_coherence,0,incoherent,M2_spread,0.5,0.6,2.8641,3.8152,2.7427,1.0725,True,False,0,False,False,False,measurement spread 1.072s > sigma_max 0.500s,incoherent construction (Thm 5): lock engages after the door opens
e3-20260813,E3_joint_witness_coherence,1,incoherent,M2_spread,0.5,0.6,2.715,3.9477,2.6515,1.2962,True,False,0,False,False,False,measurement spread 1.296s > sigma_max 0.500s,incoherent construction (Thm 5): lock engages after the door opens
e3-20260813,E3_joint_witness_coherence,2,incoherent,M2_spread,0.5,0.6,2.857,3.6668,2.659,1.0078,True,False,0,False,False,False,measurement spread 1.008s > sigma_max 0.500s,incoherent construction (Thm 5): lock engages after the door opens
e3-20260813,E3_joint_witness_coherence,3,incoherent,M2_spread,0.5,0.6,2.8564,3.8163,2.8205,0.9958,True,False,0,False,False,False,measurement spread 0.996s > sigma_max 0.500s,incoherent construction (Thm 5): lock engages after the door opens
e3-20260813,E3_joint_witness_coherence,4,incoherent,M2_spread,0.5,0.6,2.8633,3.6974,2.8575,0.8399,True,False,0,False,False,False,measurement spread 0.840s > sigma_max 0.500s,incoherent construction (Thm 5): lock engages after the door opens
e3-20260813,E3_joint_witness_coherence,5,incoherent,M2_spread,0.5,0.6,2.8626,3.6769,2.8578,0.8192,True,False,0,False,False,False,measurement spread 0.819s > sigma_max 0.500s,incoherent construction (Thm 5): lock engages after the door opens
e3-20260813,E3_joint_witness_coherence,6,incoherent,M2_spread,0.5,0.6,2.8777,3.7316,2.8006,0.9311,True,False,0,False,False,False,measurement spread 0.931s > sigma_max 0.500s,incoherent construction (Thm 5): lock engages after the door opens
e3-20260813,E3_joint_witness_coherence,7,incoherent,M2_spread,0.5,0.6,2.7738,3.8851,2.7717,1.1134,True,False,0,False,False,False,measurement spread 1.113s > sigma_max 0.500s,incoherent construction (Thm 5): lock engages after the door opens
e3-20260813,E3_joint_witness_coherence,8,incoherent,M2_spread,0.5,0.6,2.8859,3.842,2.7589,1.0831,True,False,0,False,False,False,measurement spread 1.083s > sigma_max 0.500s,incoherent construction (Thm 5): lock engages after the door opens
e3-20260813,E3_joint_witness_coherence,9,incoherent,M2_spread,0.5,0.6,2.782,3.8911,2.5834,1.3077,True,False,0,False,False,False,measurement spread 1.308s > sigma_max 0.500s,incoherent construction (Thm 5): lock engages after the door opens
e3-20260813,E3_joint_witness_coherence,10,incoherent,M2_spread,0.5,0.6,2.7752,3.9153,2.6897,1.2256,True,False,0,False,False,False,measurement spread 1.226s > sigma_max 0.500s,incoherent construction (Thm 5): lock engages after the door opens
e3-20260813,E3_joint_witness_coherence,11,incoherent,M2_spread,0.5,0.6,2.6841,3.6795,2.4975,1.1821,True,False,0,False,False,False,measurement spread 1.182s > sigma_max 0.500s,incoherent construction (Thm 5): lock engages after the door opens
e3-20260813,E3_joint_witness_coherence,12,incoherent,M2_spread,0.5,0.6,2.8936,3.8578,2.7074,1.1503,True,False,0,False,False,False,measurement spread 1.150s > sigma_max 0.500s,incoherent construction (Thm 5): lock engages after the door opens
e3-20260813,E3_joint_witness_coherence,13,incoherent,M2_spread,0.5,0.6,2.7337,3.8582,2.6993,1.1589,True,False,0,False,False,False,measurement spread 1.159s > sigma_max 0.500s,incoherent construction (Thm 5): lock engages after the door opens
e3-20260813,E3_joint_witness_coherence,14,incoherent,M2_spread,0.5,0.6,2.801,3.7688,2.7176,1.0512,True,False,0,False,False,False,measurement spread 1.051s > sigma_max 0.500s,incoherent construction (Thm 5): lock engages after the door opens
e3-20260813,E3_joint_witness_coherence,15,incoherent,M2_spread,0.5,0.6,2.8974,3.6842,2.7749,0.9092,True,False,0,False,False,False,measurement spread 0.909s > sigma_max 0.500s,incoherent construction (Thm 5): lock engages after the door opens
e3-20260813,E3_joint_witness_coherence,16,incoherent,M2_spread,0.5,0.6,2.675,3.7435,2.6604,1.0831,True,False,0,False,False,False,measurement spread 1.083s > sigma_max 0.500s,incoherent construction (Thm 5): lock engages after the door opens
e3-20260813,E3_joint_witness_coherence,17,incoherent,M2_spread,0.5,0.6,2.7231,3.6979,2.5975,1.1004,True,False,0,False,False,False,measurement spread 1.100s > sigma_max 0.500s,incoherent construction (Thm 5): lock engages after the door opens
e3-20260813,E3_joint_witness_coherence,18,incoherent,M2_spread,0.5,0.6,2.8358,3.7988,2.7658,1.0331,True,False,0,False,False,False,measurement spread 1.033s > sigma_max 0.500s,incoherent construction (Thm 5): lock engages after the door opens
e3-20260813,E3_joint_witness_coherence,19,incoherent,M2_spread,0.5,0.6,2.7119,3.7161,2.6773,1.0387,True,False,0,False,False,False,measurement spread 1.039s > sigma_max 0.500s,incoherent construction (Thm 5): lock engages after the door opens
e3-20260813,E3_joint_witness_coherence,0,incoherent,M2_spread,1.0,0.6,2.7834,3.7389,2.7312,1.0076,True,False,0,False,False,False,measurement spread 1.008s > sigma_max 1.000s,incoherent construction (Thm 5): lock engages after the door opens
e3-20260813,E3_joint_witness_coherence,1,incoherent,M2_spread,1.0,0.6,2.6958,3.8814,2.6742,1.2072,True,False,0,False,False,False,measurement spread 1.207s > sigma_max 1.000s,incoherent construction (Thm 5): lock engages after the door opens
e3-20260813,E3_joint_witness_coherence,2,incoherent,M2_spread,1.0,0.6,2.6644,3.8426,2.4735,1.3691,True,False,0,False,False,False,measurement spread 1.369s > sigma_max 1.000s,incoherent construction (Thm 5): lock engages after the door opens
e3-20260813,E3_joint_witness_coherence,3,incoherent,M2_spread,1.0,0.6,2.7218,3.6654,2.7021,0.9633,True,True,0,False,True,False,coherent within sigma_max,incoherent construction (Thm 5): lock engages after the door opens
e3-20260813,E3_joint_witness_coherence,4,incoherent,M2_spread,1.0,0.6,2.8399,3.7754,2.7363,1.039,True,False,0,False,False,False,measurement spread 1.039s > sigma_max 1.000s,incoherent construction (Thm 5): lock engages after the door opens
e3-20260813,E3_joint_witness_coherence,5,incoherent,M2_spread,1.0,0.6,2.8311,3.8174,2.8286,0.9888,True,True,0,False,True,False,coherent within sigma_max,incoherent construction (Thm 5): lock engages after the door opens
e3-20260813,E3_joint_witness_coherence,6,incoherent,M2_spread,1.0,0.6,2.6691,3.7214,2.5847,1.1367,True,False,0,False,False,False,measurement spread 1.137s > sigma_max 1.000s,incoherent construction (Thm 5): lock engages after the door opens
e3-20260813,E3_joint_witness_coherence,7,incoherent,M2_spread,1.0,0.6,2.7006,3.9264,2.5222,1.4042,True,False,0,False,False,False,measurement spread 1.404s > sigma_max 1.000s,incoherent construction (Thm 5): lock engages after the door opens
e3-20260813,E3_joint_witness_coherence,8,incoherent,M2_spread,1.0,0.6,2.7495,3.7049,2.7241,0.9808,True,True,0,False,True,False,coherent within sigma_max,incoherent construction (Thm 5): lock engages after the door opens
e3-20260813,E3_joint_witness_coherence,9,incoherent,M2_spread,1.0,0.6,2.7311,3.7766,2.5477,1.2288,True,False,0,False,False,False,measurement spread 1.229s > sigma_max 1.000s,incoherent construction (Thm 5): lock engages after the door opens
e3-20260813,E3_joint_witness_coherence,10,incoherent,M2_spread,1.0,0.6,2.713,3.8995,2.6602,1.2393,True,False,0,False,False,False,measurement spread 1.239s > sigma_max 1.000s,incoherent construction (Thm 5): lock engages after the door opens
e3-20260813,E3_joint_witness_coherence,11,incoherent,M2_spread,1.0,0.6,2.6674,3.8047,2.512,1.2927,True,False,0,False,False,False,measurement spread 1.293s > sigma_max 1.000s,incoherent construction (Thm 5): lock engages after the door opens
e3-20260813,E3_joint_witness_coherence,12,incoherent,M2_spread,1.0,0.6,2.9416,3.7348,2.9401,0.7948,True,True,0,False,True,False,coherent within sigma_max,incoherent construction (Thm 5): lock engages after the door opens
e3-20260813,E3_joint_witness_coherence,13,incoherent,M2_spread,1.0,0.6,2.7289,3.8889,2.7262,1.1627,True,False,0,False,False,False,measurement spread 1.163s > sigma_max 1.000s,incoherent construction (Thm 5): lock engages after the door opens
e3-20260813,E3_joint_witness_coherence,14,incoherent,M2_spread,1.0,0.6,2.6821,3.8674,2.6034,1.2639,True,False,0,False,False,False,measurement spread 1.264s > sigma_max 1.000s,incoherent construction (Thm 5): lock engages after the door opens
e3-20260813,E3_joint_witness_coherence,15,incoherent,M2_spread,1.0,0.6,2.7919,3.7069,2.6899,1.017,True,False,0,False,False,False,measurement spread 1.017s > sigma_max 1.000s,incoherent construction (Thm 5): lock engages after the door opens
e3-20260813,E3_joint_witness_coherence,16,incoherent,M2_spread,1.0,0.6,2.9462,3.7624,2.8657,0.8967,True,True,0,False,True,False,coherent within sigma_max,incoherent construction (Thm 5): lock engages after the door opens
e3-20260813,E3_joint_witness_coherence,17,incoherent,M2_spread,1.0,0.6,2.948,3.7987,2.8133,0.9854,True,True,0,False,True,False,coherent within sigma_max,incoherent construction (Thm 5): lock engages after the door opens
e3-20260813,E3_joint_witness_coherence,18,incoherent,M2_spread,1.0,0.6,2.7432,3.7549,2.6456,1.1093,True,False,0,False,False,False,measurement spread 1.109s > sigma_max 1.000s,incoherent construction (Thm 5): lock engages after the door opens
e3-20260813,E3_joint_witness_coherence,19,incoherent,M2_spread,1.0,0.6,2.8492,3.6637,2.7136,0.9501,True,True,0,False,True,False,coherent within sigma_max,incoherent construction (Thm 5): lock engages after the door opens
e3-20260813,E3_joint_witness_coherence,0,incoherent,M2_spread,2.0,0.6,2.7058,3.6784,2.5079,1.1705,True,True,0,False,True,False,coherent within sigma_max,incoherent construction (Thm 5): lock engages after the door opens
e3-20260813,E3_joint_witness_coherence,1,incoherent,M2_spread,2.0,0.6,2.9041,3.692,2.7762,0.9158,True,True,0,False,True,False,coherent within sigma_max,incoherent construction (Thm 5): lock engages after the door opens
e3-20260813,E3_joint_witness_coherence,2,incoherent,M2_spread,2.0,0.6,2.7549,3.8279,2.7285,1.0994,True,True,0,False,True,False,coherent within sigma_max,incoherent construction (Thm 5): lock engages after the door opens
e3-20260813,E3_joint_witness_coherence,3,incoherent,M2_spread,2.0,0.6,2.7119,3.9237,2.6488,1.275,True,True,0,False,True,False,coherent within sigma_max,incoherent construction (Thm 5): lock engages after the door opens
e3-20260813,E3_joint_witness_coherence,4,incoherent,M2_spread,2.0,0.6,2.6716,3.8108,2.6357,1.1751,True,True,0,False,True,False,coherent within sigma_max,incoherent construction (Thm 5): lock engages after the door opens
e3-20260813,E3_joint_witness_coherence,5,incoherent,M2_spread,2.0,0.6,2.7411,3.7684,2.6022,1.1662,True,True,0,False,True,False,coherent within sigma_max,incoherent construction (Thm 5): lock engages after the door opens
e3-20260813,E3_joint_witness_coherence,6,incoherent,M2_spread,2.0,0.6,2.8725,3.8873,2.8413,1.046,True,True,0,False,True,False,coherent within sigma_max,incoherent construction (Thm 5): lock engages after the door opens
e3-20260813,E3_joint_witness_coherence,7,incoherent,M2_spread,2.0,0.6,2.8064,3.7045,2.7969,0.9076,True,True,0,False,True,False,coherent within sigma_max,incoherent construction (Thm 5): lock engages after the door opens
e3-20260813,E3_joint_witness_coherence,8,incoherent,M2_spread,2.0,0.6,2.928,3.8828,2.7362,1.1466,True,True,0,False,True,False,coherent within sigma_max,incoherent construction (Thm 5): lock engages after the door opens
e3-20260813,E3_joint_witness_coherence,9,incoherent,M2_spread,2.0,0.6,2.7173,3.8586,2.6883,1.1703,True,True,0,False,True,False,coherent within sigma_max,incoherent construction (Thm 5): lock engages after the door opens
e3-20260813,E3_joint_witness_coherence,10,incoherent,M2_spread,2.0,0.6,2.7566,3.8806,2.5617,1.3189,True,True,0,False,True,False,coherent within sigma_max,incoherent construction (Thm 5): lock engages after the door opens
e3-20260813,E3_joint_witness_coherence,11,incoherent,M2_spread,2.0,0.6,2.7915,3.6581,2.7479,0.9102,True,True,0,False,True,False,coherent within sigma_max,incoherent construction (Thm 5): lock engages after the door opens
e3-20260813,E3_joint_witness_coherence,12,incoherent,M2_spread,2.0,0.6,2.8628,3.7857,2.716,1.0697,True,True,0,False,True,False,coherent within sigma_max,incoherent construction (Thm 5): lock engages after the door opens
e3-20260813,E3_joint_witness_coherence,13,incoherent,M2_spread,2.0,0.6,2.707,3.7969,2.5504,1.2465,True,True,0,False,True,False,coherent within sigma_max,incoherent construction (Thm 5): lock engages after the door opens
e3-20260813,E3_joint_witness_coherence,14,incoherent,M2_spread,2.0,0.6,2.8701,3.6562,2.8042,0.8521,True,True,0,False,True,False,coherent within sigma_max,incoherent construction (Thm 5): lock engages after the door opens
e3-20260813,E3_joint_witness_coherence,15,incoherent,M2_spread,2.0,0.6,2.8152,3.7885,2.8022,0.9863,True,True,0,False,True,False,coherent within sigma_max,incoherent construction (Thm 5): lock engages after the door opens
e3-20260813,E3_joint_witness_coherence,16,incoherent,M2_spread,2.0,0.6,2.8746,3.6853,2.8007,0.8847,True,True,0,False,True,False,coherent within sigma_max,incoherent construction (Thm 5): lock engages after the door opens
e3-20260813,E3_joint_witness_coherence,17,incoherent,M2_spread,2.0,0.6,2.7433,3.9197,2.7245,1.1952,True,True,0,False,True,False,coherent within sigma_max,incoherent construction (Thm 5): lock engages after the door opens
e3-20260813,E3_joint_witness_coherence,18,incoherent,M2_spread,2.0,0.6,2.7704,3.6678,2.5805,1.0873,True,True,0,False,True,False,coherent within sigma_max,incoherent construction (Thm 5): lock engages after the door opens
e3-20260813,E3_joint_witness_coherence,19,incoherent,M2_spread,2.0,0.6,2.7349,3.7192,2.6062,1.113,True,True,0,False,True,False,coherent within sigma_max,incoherent construction (Thm 5): lock engages after the door opens
e3-20260813,E3_joint_witness_coherence,0,incoherent,M2_strong,0.05,0.6,2.7214,3.8361,2.5893,0.0,True,True,241,True,False,False,coherent within sigma_max,incoherent construction (Thm 5): lock engages after the door opens
e3-20260813,E3_joint_witness_coherence,1,incoherent,M2_strong,0.05,0.6,2.8637,3.6623,2.8569,0.0,True,True,241,True,False,False,coherent within sigma_max,incoherent construction (Thm 5): lock engages after the door opens
e3-20260813,E3_joint_witness_coherence,2,incoherent,M2_strong,0.05,0.6,2.824,3.8743,2.7615,0.0,True,True,241,True,False,False,coherent within sigma_max,incoherent construction (Thm 5): lock engages after the door opens
e3-20260813,E3_joint_witness_coherence,3,incoherent,M2_strong,0.05,0.6,2.7848,3.7372,2.7012,0.0,True,True,241,True,False,False,coherent within sigma_max,incoherent construction (Thm 5): lock engages after the door opens
e3-20260813,E3_joint_witness_coherence,4,incoherent,M2_strong,0.05,0.6,2.688,3.813,2.5913,0.0,True,True,241,True,False,False,coherent within sigma_max,incoherent construction (Thm 5): lock engages after the door opens
e3-20260813,E3_joint_witness_coherence,5,incoherent,M2_strong,0.05,0.6,2.9296,3.6602,2.7766,0.0,True,True,241,True,False,False,coherent within sigma_max,incoherent construction (Thm 5): lock engages after the door opens
e3-20260813,E3_joint_witness_coherence,6,incoherent,M2_strong,0.05,0.6,2.87,3.6766,2.776,0.0,True,True,241,True,False,False,coherent within sigma_max,incoherent construction (Thm 5): lock engages after the door opens
e3-20260813,E3_joint_witness_coherence,7,incoherent,M2_strong,0.05,0.6,2.7884,3.8107,2.7004,0.0,True,True,241,True,False,False,coherent within sigma_max,incoherent construction (Thm 5): lock engages after the door opens
e3-20260813,E3_joint_witness_coherence,8,incoherent,M2_strong,0.05,0.6,2.886,3.6782,2.7243,0.0,True,True,241,True,False,False,coherent within sigma_max,incoherent construction (Thm 5): lock engages after the door opens
e3-20260813,E3_joint_witness_coherence,9,incoherent,M2_strong,0.05,0.6,2.9465,3.6922,2.767,0.0,True,True,241,True,False,False,coherent within sigma_max,incoherent construction (Thm 5): lock engages after the door opens
e3-20260813,E3_joint_witness_coherence,10,incoherent,M2_strong,0.05,0.6,2.8514,3.7805,2.7574,0.0,True,True,241,True,False,False,coherent within sigma_max,incoherent construction (Thm 5): lock engages after the door opens
e3-20260813,E3_joint_witness_coherence,11,incoherent,M2_strong,0.05,0.6,2.8419,3.9219,2.7804,0.0,True,True,241,True,False,False,coherent within sigma_max,incoherent construction (Thm 5): lock engages after the door opens
e3-20260813,E3_joint_witness_coherence,12,incoherent,M2_strong,0.05,0.6,2.8641,3.9454,2.8038,0.0,True,True,241,True,False,False,coherent within sigma_max,incoherent construction (Thm 5): lock engages after the door opens
e3-20260813,E3_joint_witness_coherence,13,incoherent,M2_strong,0.05,0.6,2.7684,3.9194,2.6467,0.0,True,True,241,True,False,False,coherent within sigma_max,incoherent construction (Thm 5): lock engages after the door opens
e3-20260813,E3_joint_witness_coherence,14,incoherent,M2_strong,0.05,0.6,2.9008,3.9392,2.7735,0.0,True,True,241,True,False,False,coherent within sigma_max,incoherent construction (Thm 5): lock engages after the door opens
e3-20260813,E3_joint_witness_coherence,15,incoherent,M2_strong,0.05,0.6,2.939,3.6897,2.7828,0.0,True,True,241,True,False,False,coherent within sigma_max,incoherent construction (Thm 5): lock engages after the door opens
e3-20260813,E3_joint_witness_coherence,16,incoherent,M2_strong,0.05,0.6,2.6878,3.8312,2.5617,0.0,True,True,241,True,False,False,coherent within sigma_max,incoherent construction (Thm 5): lock engages after the door opens
e3-20260813,E3_joint_witness_coherence,17,incoherent,M2_strong,0.05,0.6,2.7129,3.8782,2.5599,0.0,True,True,241,True,False,False,coherent within sigma_max,incoherent construction (Thm 5): lock engages after the door opens
e3-20260813,E3_joint_witness_coherence,18,incoherent,M2_strong,0.05,0.6,2.6553,3.9285,2.5713,0.0,True,True,241,True,False,False,coherent within sigma_max,incoherent construction (Thm 5): lock engages after the door opens
e3-20260813,E3_joint_witness_coherence,19,incoherent,M2_strong,0.05,0.6,2.891,3.9307,2.7489,0.0,True,True,241,True,False,False,coherent within sigma_max,incoherent construction (Thm 5): lock engages after the door opens
e3-20260813,E3_joint_witness_coherence,0,incoherent,M2_strong,0.25,0.6,2.6648,3.7246,2.4825,0.0,True,True,241,True,False,False,coherent within sigma_max,incoherent construction (Thm 5): lock engages after the door opens
e3-20260813,E3_joint_witness_coherence,1,incoherent,M2_strong,0.25,0.6,2.8983,3.8369,2.7957,0.0,True,True,241,True,False,False,coherent within sigma_max,incoherent construction (Thm 5): lock engages after the door opens
e3-20260813,E3_joint_witness_coherence,2,incoherent,M2_strong,0.25,0.6,2.7439,3.6587,2.6287,0.0,True,True,241,True,False,False,coherent within sigma_max,incoherent construction (Thm 5): lock engages after the door opens
e3-20260813,E3_joint_witness_coherence,3,incoherent,M2_strong,0.25,0.6,2.6742,3.8858,2.6462,0.0,True,True,241,True,False,False,coherent within sigma_max,incoherent construction (Thm 5): lock engages after the door opens
e3-20260813,E3_joint_witness_coherence,4,incoherent,M2_strong,0.25,0.6,2.8305,3.8763,2.8281,0.0,True,True,241,True,False,False,coherent within sigma_max,incoherent construction (Thm 5): lock engages after the door opens
e3-20260813,E3_joint_witness_coherence,5,incoherent,M2_strong,0.25,0.6,2.8457,3.7855,2.8323,0.0,True,True,241,True,False,False,coherent within sigma_max,incoherent construction (Thm 5): lock engages after the door opens
e3-20260813,E3_joint_witness_coherence,6,incoherent,M2_strong,0.25,0.6,2.7481,3.8564,2.719,0.0,True,True,241,True,False,False,coherent within sigma_max,incoherent construction (Thm 5): lock engages after the door opens
e3-20260813,E3_joint_witness_coherence,7,incoherent,M2_strong,0.25,0.6,2.7906,3.6852,2.7606,0.0,True,True,241,True,False,False,coherent within sigma_max,incoherent construction (Thm 5): lock engages after the door opens
e3-20260813,E3_joint_witness_coherence,8,incoherent,M2_strong,0.25,0.6,2.8803,3.6946,2.7598,0.0,True,True,241,True,False,False,coherent within sigma_max,incoherent construction (Thm 5): lock engages after the door opens
e3-20260813,E3_joint_witness_coherence,9,incoherent,M2_strong,0.25,0.6,2.7263,3.7279,2.5486,0.0,True,True,241,True,False,False,coherent within sigma_max,incoherent construction (Thm 5): lock engages after the door opens
e3-20260813,E3_joint_witness_coherence,10,incoherent,M2_strong,0.25,0.6,2.8616,3.6784,2.7305,0.0,True,True,241,True,False,False,coherent within sigma_max,incoherent construction (Thm 5): lock engages after the door opens
e3-20260813,E3_joint_witness_coherence,11,incoherent,M2_strong,0.25,0.6,2.7337,3.6844,2.6064,0.0,True,True,241,True,False,False,coherent within sigma_max,incoherent construction (Thm 5): lock engages after the door opens
e3-20260813,E3_joint_witness_coherence,12,incoherent,M2_strong,0.25,0.6,2.7137,3.8216,2.6579,0.0,True,True,241,True,False,False,coherent within sigma_max,incoherent construction (Thm 5): lock engages after the door opens
e3-20260813,E3_joint_witness_coherence,13,incoherent,M2_strong,0.25,0.6,2.8143,3.7915,2.7791,0.0,True,True,241,True,False,False,coherent within sigma_max,incoherent construction (Thm 5): lock engages after the door opens
e3-20260813,E3_joint_witness_coherence,14,incoherent,M2_strong,0.25,0.6,2.767,3.7167,2.6673,0.0,True,True,241,True,False,False,coherent within sigma_max,incoherent construction (Thm 5): lock engages after the door opens
e3-20260813,E3_joint_witness_coherence,15,incoherent,M2_strong,0.25,0.6,2.7234,3.945,2.7185,0.0,True,True,241,True,False,False,coherent within sigma_max,incoherent construction (Thm 5): lock engages after the door opens
e3-20260813,E3_joint_witness_coherence,16,incoherent,M2_strong,0.25,0.6,2.7239,3.886,2.5496,0.0,True,True,241,True,False,False,coherent within sigma_max,incoherent construction (Thm 5): lock engages after the door opens
e3-20260813,E3_joint_witness_coherence,17,incoherent,M2_strong,0.25,0.6,2.7602,3.7859,2.5955,0.0,True,True,241,True,False,False,coherent within sigma_max,incoherent construction (Thm 5): lock engages after the door opens
e3-20260813,E3_joint_witness_coherence,18,incoherent,M2_strong,0.25,0.6,2.8513,3.85,2.7312,0.0,True,True,241,True,False,False,coherent within sigma_max,incoherent construction (Thm 5): lock engages after the door opens
e3-20260813,E3_joint_witness_coherence,19,incoherent,M2_strong,0.25,0.6,2.7209,3.7716,2.5652,0.0,True,True,241,True,False,False,coherent within sigma_max,incoherent construction (Thm 5): lock engages after the door opens
e3-20260813,E3_joint_witness_coherence,0,incoherent,M2_strong,0.5,0.6,2.8934,3.7147,2.748,0.0,True,True,241,True,False,False,coherent within sigma_max,incoherent construction (Thm 5): lock engages after the door opens
e3-20260813,E3_joint_witness_coherence,1,incoherent,M2_strong,0.5,0.6,2.8578,3.7267,2.6809,0.0,True,True,241,True,False,False,coherent within sigma_max,incoherent construction (Thm 5): lock engages after the door opens
e3-20260813,E3_joint_witness_coherence,2,incoherent,M2_strong,0.5,0.6,2.7485,3.7143,2.6228,0.0,True,True,241,True,False,False,coherent within sigma_max,incoherent construction (Thm 5): lock engages after the door opens
e3-20260813,E3_joint_witness_coherence,3,incoherent,M2_strong,0.5,0.6,2.9279,3.744,2.877,0.0,True,True,241,True,False,False,coherent within sigma_max,incoherent construction (Thm 5): lock engages after the door opens
e3-20260813,E3_joint_witness_coherence,4,incoherent,M2_strong,0.5,0.6,2.7822,3.8172,2.6451,0.0,True,True,241,True,False,False,coherent within sigma_max,incoherent construction (Thm 5): lock engages after the door opens
e3-20260813,E3_joint_witness_coherence,5,incoherent,M2_strong,0.5,0.6,2.9147,3.724,2.8361,0.0,True,True,241,True,False,False,coherent within sigma_max,incoherent construction (Thm 5): lock engages after the door opens
e3-20260813,E3_joint_witness_coherence,6,incoherent,M2_strong,0.5,0.6,2.6691,3.8686,2.6078,0.0,True,True,241,True,False,False,coherent within sigma_max,incoherent construction (Thm 5): lock engages after the door opens
e3-20260813,E3_joint_witness_coherence,7,incoherent,M2_strong,0.5,0.6,2.8847,3.9351,2.7567,0.0,True,True,241,True,False,False,coherent within sigma_max,incoherent construction (Thm 5): lock engages after the door opens
e3-20260813,E3_joint_witness_coherence,8,incoherent,M2_strong,0.5,0.6,2.9425,3.7352,2.9129,0.0,True,True,241,True,False,False,coherent within sigma_max,incoherent construction (Thm 5): lock engages after the door opens
e3-20260813,E3_joint_witness_coherence,9,incoherent,M2_strong,0.5,0.6,2.7699,3.7026,2.7541,0.0,True,True,241,True,False,False,coherent within sigma_max,incoherent construction (Thm 5): lock engages after the door opens
e3-20260813,E3_joint_witness_coherence,10,incoherent,M2_strong,0.5,0.6,2.9295,3.9403,2.7348,0.0,True,True,241,True,False,False,coherent within sigma_max,incoherent construction (Thm 5): lock engages after the door opens
e3-20260813,E3_joint_witness_coherence,11,incoherent,M2_strong,0.5,0.6,2.683,3.8258,2.5159,0.0,True,True,241,True,False,False,coherent within sigma_max,incoherent construction (Thm 5): lock engages after the door opens
e3-20260813,E3_joint_witness_coherence,12,incoherent,M2_strong,0.5,0.6,2.7182,3.8261,2.6408,0.0,True,True,241,True,False,False,coherent within sigma_max,incoherent construction (Thm 5): lock engages after the door opens
e3-20260813,E3_joint_witness_coherence,13,incoherent,M2_strong,0.5,0.6,2.8768,3.9271,2.8081,0.0,True,True,241,True,False,False,coherent within sigma_max,incoherent construction (Thm 5): lock engages after the door opens
e3-20260813,E3_joint_witness_coherence,14,incoherent,M2_strong,0.5,0.6,2.7043,3.8555,2.7031,0.0,True,True,241,True,False,False,coherent within sigma_max,incoherent construction (Thm 5): lock engages after the door opens
e3-20260813,E3_joint_witness_coherence,15,incoherent,M2_strong,0.5,0.6,2.9447,3.6638,2.8446,0.0,True,True,241,True,False,False,coherent within sigma_max,incoherent construction (Thm 5): lock engages after the door opens
e3-20260813,E3_joint_witness_coherence,16,incoherent,M2_strong,0.5,0.6,2.8674,3.7966,2.6754,0.0,True,True,241,True,False,False,coherent within sigma_max,incoherent construction (Thm 5): lock engages after the door opens
e3-20260813,E3_joint_witness_coherence,17,incoherent,M2_strong,0.5,0.6,2.8815,3.6759,2.7738,0.0,True,True,241,True,False,False,coherent within sigma_max,incoherent construction (Thm 5): lock engages after the door opens
e3-20260813,E3_joint_witness_coherence,18,incoherent,M2_strong,0.5,0.6,2.7451,3.7309,2.7192,0.0,True,True,241,True,False,False,coherent within sigma_max,incoherent construction (Thm 5): lock engages after the door opens
e3-20260813,E3_joint_witness_coherence,19,incoherent,M2_strong,0.5,0.6,2.9281,3.715,2.7478,0.0,True,True,241,True,False,False,coherent within sigma_max,incoherent construction (Thm 5): lock engages after the door opens
e3-20260813,E3_joint_witness_coherence,0,incoherent,M2_strong,1.0,0.6,2.9109,3.8217,2.8713,0.0,True,True,241,True,False,False,coherent within sigma_max,incoherent construction (Thm 5): lock engages after the door opens
e3-20260813,E3_joint_witness_coherence,1,incoherent,M2_strong,1.0,0.6,2.9009,3.7381,2.7524,0.0,True,True,241,True,False,False,coherent within sigma_max,incoherent construction (Thm 5): lock engages after the door opens
e3-20260813,E3_joint_witness_coherence,2,incoherent,M2_strong,1.0,0.6,2.8252,3.8189,2.7392,0.0,True,True,241,True,False,False,coherent within sigma_max,incoherent construction (Thm 5): lock engages after the door opens
e3-20260813,E3_joint_witness_coherence,3,incoherent,M2_strong,1.0,0.6,2.6774,3.8586,2.6339,0.0,True,True,241,True,False,False,coherent within sigma_max,incoherent construction (Thm 5): lock engages after the door opens
e3-20260813,E3_joint_witness_coherence,4,incoherent,M2_strong,1.0,0.6,2.8973,3.9031,2.7202,0.0,True,True,241,True,False,False,coherent within sigma_max,incoherent construction (Thm 5): lock engages after the door opens
e3-20260813,E3_joint_witness_coherence,5,incoherent,M2_strong,1.0,0.6,2.6982,3.6991,2.6546,0.0,True,True,241,True,False,False,coherent within sigma_max,incoherent construction (Thm 5): lock engages after the door opens
e3-20260813,E3_joint_witness_coherence,6,incoherent,M2_strong,1.0,0.6,2.7647,3.7844,2.6142,0.0,True,True,241,True,False,False,coherent within sigma_max,incoherent construction (Thm 5): lock engages after the door opens
e3-20260813,E3_joint_witness_coherence,7,incoherent,M2_strong,1.0,0.6,2.9411,3.8014,2.836,0.0,True,True,241,True,False,False,coherent within sigma_max,incoherent construction (Thm 5): lock engages after the door opens
e3-20260813,E3_joint_witness_coherence,8,incoherent,M2_strong,1.0,0.6,2.8822,3.8863,2.7999,0.0,True,True,241,True,False,False,coherent within sigma_max,incoherent construction (Thm 5): lock engages after the door opens
e3-20260813,E3_joint_witness_coherence,9,incoherent,M2_strong,1.0,0.6,2.8876,3.681,2.8864,0.0,True,True,241,True,False,False,coherent within sigma_max,incoherent construction (Thm 5): lock engages after the door opens
e3-20260813,E3_joint_witness_coherence,10,incoherent,M2_strong,1.0,0.6,2.88,3.7723,2.7197,0.0,True,True,241,True,False,False,coherent within sigma_max,incoherent construction (Thm 5): lock engages after the door opens
e3-20260813,E3_joint_witness_coherence,11,incoherent,M2_strong,1.0,0.6,2.847,3.8306,2.6639,0.0,True,True,241,True,False,False,coherent within sigma_max,incoherent construction (Thm 5): lock engages after the door opens
e3-20260813,E3_joint_witness_coherence,12,incoherent,M2_strong,1.0,0.6,2.6538,3.7162,2.5864,0.0,True,True,241,True,False,False,coherent within sigma_max,incoherent construction (Thm 5): lock engages after the door opens
e3-20260813,E3_joint_witness_coherence,13,incoherent,M2_strong,1.0,0.6,2.8054,3.8186,2.6764,0.0,True,True,241,True,False,False,coherent within sigma_max,incoherent construction (Thm 5): lock engages after the door opens
e3-20260813,E3_joint_witness_coherence,14,incoherent,M2_strong,1.0,0.6,2.7502,3.8222,2.6083,0.0,True,True,241,True,False,False,coherent within sigma_max,incoherent construction (Thm 5): lock engages after the door opens
e3-20260813,E3_joint_witness_coherence,15,incoherent,M2_strong,1.0,0.6,2.9375,3.7406,2.8492,0.0,True,True,241,True,False,False,coherent within sigma_max,incoherent construction (Thm 5): lock engages after the door opens
e3-20260813,E3_joint_witness_coherence,16,incoherent,M2_strong,1.0,0.6,2.7119,3.871,2.6965,0.0,True,True,241,True,False,False,coherent within sigma_max,incoherent construction (Thm 5): lock engages after the door opens
e3-20260813,E3_joint_witness_coherence,17,incoherent,M2_strong,1.0,0.6,2.7674,3.8188,2.7415,0.0,True,True,241,True,False,False,coherent within sigma_max,incoherent construction (Thm 5): lock engages after the door opens
e3-20260813,E3_joint_witness_coherence,18,incoherent,M2_strong,1.0,0.6,2.7859,3.6658,2.6569,0.0,True,True,241,True,False,False,coherent within sigma_max,incoherent construction (Thm 5): lock engages after the door opens
e3-20260813,E3_joint_witness_coherence,19,incoherent,M2_strong,1.0,0.6,2.6929,3.9498,2.5009,0.0,True,True,241,True,False,False,coherent within sigma_max,incoherent construction (Thm 5): lock engages after the door opens
e3-20260813,E3_joint_witness_coherence,0,incoherent,M2_strong,2.0,0.6,2.6744,3.655,2.4812,0.0,True,True,241,True,False,False,coherent within sigma_max,incoherent construction (Thm 5): lock engages after the door opens
e3-20260813,E3_joint_witness_coherence,1,incoherent,M2_strong,2.0,0.6,2.7055,3.8072,2.5929,0.0,True,True,241,True,False,False,coherent within sigma_max,incoherent construction (Thm 5): lock engages after the door opens
e3-20260813,E3_joint_witness_coherence,2,incoherent,M2_strong,2.0,0.6,2.867,3.8009,2.6692,0.0,True,True,241,True,False,False,coherent within sigma_max,incoherent construction (Thm 5): lock engages after the door opens
e3-20260813,E3_joint_witness_coherence,3,incoherent,M2_strong,2.0,0.6,2.6657,3.816,2.6653,0.0,True,True,241,True,False,False,coherent within sigma_max,incoherent construction (Thm 5): lock engages after the door opens
e3-20260813,E3_joint_witness_coherence,4,incoherent,M2_strong,2.0,0.6,2.6584,3.8743,2.5527,0.0,True,True,241,True,False,False,coherent within sigma_max,incoherent construction (Thm 5): lock engages after the door opens
e3-20260813,E3_joint_witness_coherence,5,incoherent,M2_strong,2.0,0.6,2.8312,3.8312,2.7616,0.0,True,True,241,True,False,False,coherent within sigma_max,incoherent construction (Thm 5): lock engages after the door opens
e3-20260813,E3_joint_witness_coherence,6,incoherent,M2_strong,2.0,0.6,2.6969,3.6727,2.5684,0.0,True,True,241,True,False,False,coherent within sigma_max,incoherent construction (Thm 5): lock engages after the door opens
e3-20260813,E3_joint_witness_coherence,7,incoherent,M2_strong,2.0,0.6,2.7327,3.721,2.7007,0.0,True,True,241,True,False,False,coherent within sigma_max,incoherent construction (Thm 5): lock engages after the door opens
e3-20260813,E3_joint_witness_coherence,8,incoherent,M2_strong,2.0,0.6,2.7361,3.8456,2.6801,0.0,True,True,241,True,False,False,coherent within sigma_max,incoherent construction (Thm 5): lock engages after the door opens
e3-20260813,E3_joint_witness_coherence,9,incoherent,M2_strong,2.0,0.6,2.8653,3.8443,2.8089,0.0,True,True,241,True,False,False,coherent within sigma_max,incoherent construction (Thm 5): lock engages after the door opens
e3-20260813,E3_joint_witness_coherence,10,incoherent,M2_strong,2.0,0.6,2.7465,3.7387,2.598,0.0,True,True,241,True,False,False,coherent within sigma_max,incoherent construction (Thm 5): lock engages after the door opens
e3-20260813,E3_joint_witness_coherence,11,incoherent,M2_strong,2.0,0.6,2.757,3.9067,2.5942,0.0,True,True,241,True,False,False,coherent within sigma_max,incoherent construction (Thm 5): lock engages after the door opens
e3-20260813,E3_joint_witness_coherence,12,incoherent,M2_strong,2.0,0.6,2.7468,3.669,2.5994,0.0,True,True,241,True,False,False,coherent within sigma_max,incoherent construction (Thm 5): lock engages after the door opens
e3-20260813,E3_joint_witness_coherence,13,incoherent,M2_strong,2.0,0.6,2.8623,3.8849,2.7538,0.0,True,True,241,True,False,False,coherent within sigma_max,incoherent construction (Thm 5): lock engages after the door opens
e3-20260813,E3_joint_witness_coherence,14,incoherent,M2_strong,2.0,0.6,2.6697,3.846,2.6025,0.0,True,True,241,True,False,False,coherent within sigma_max,incoherent construction (Thm 5): lock engages after the door opens
e3-20260813,E3_joint_witness_coherence,15,incoherent,M2_strong,2.0,0.6,2.7491,3.876,2.6555,0.0,True,True,241,True,False,False,coherent within sigma_max,incoherent construction (Thm 5): lock engages after the door opens
e3-20260813,E3_joint_witness_coherence,16,incoherent,M2_strong,2.0,0.6,2.8081,3.8817,2.7189,0.0,True,True,241,True,False,False,coherent within sigma_max,incoherent construction (Thm 5): lock engages after the door opens
e3-20260813,E3_joint_witness_coherence,17,incoherent,M2_strong,2.0,0.6,2.8081,3.6568,2.6527,0.0,True,True,241,True,False,False,coherent within sigma_max,incoherent construction (Thm 5): lock engages after the door opens
e3-20260813,E3_joint_witness_coherence,18,incoherent,M2_strong,2.0,0.6,2.7912,3.8153,2.6947,0.0,True,True,241,True,False,False,coherent within sigma_max,incoherent construction (Thm 5): lock engages after the door opens
e3-20260813,E3_joint_witness_coherence,19,incoherent,M2_strong,2.0,0.6,2.6587,3.761,2.5544,0.0,True,True,241,True,False,False,coherent within sigma_max,incoherent construction (Thm 5): lock engages after the door opens
e3-20260813,E3_joint_witness_coherence,0,coherent_control,v1,0.05,-0.6,2.8553,2.5559,2.4987,0.3566,True,True,60,True,False,False,per-fact freshness only,coherent control: lock engages before the door opens
e3-20260813,E3_joint_witness_coherence,1,coherent_control,v1,0.05,-0.6,2.8938,2.5044,2.3642,0.5295,True,True,60,True,False,False,per-fact freshness only,coherent control: lock engages before the door opens
e3-20260813,E3_joint_witness_coherence,2,coherent_control,v1,0.05,-0.6,2.6577,2.489,2.4639,0.1938,True,True,60,True,False,False,per-fact freshness only,coherent control: lock engages before the door opens
e3-20260813,E3_joint_witness_coherence,3,coherent_control,v1,0.05,-0.6,2.862,2.602,2.4101,0.4519,True,True,60,True,False,False,per-fact freshness only,coherent control: lock engages before the door opens
e3-20260813,E3_joint_witness_coherence,4,coherent_control,v1,0.05,-0.6,2.901,2.4862,2.3909,0.5101,True,True,60,True,False,False,per-fact freshness only,coherent control: lock engages before the door opens
e3-20260813,E3_joint_witness_coherence,5,coherent_control,v1,0.05,-0.6,2.7783,2.6052,2.4545,0.3238,True,True,60,True,False,False,per-fact freshness only,coherent control: lock engages before the door opens
e3-20260813,E3_joint_witness_coherence,6,coherent_control,v1,0.05,-0.6,2.744,2.5055,2.3694,0.3746,True,True,60,True,False,False,per-fact freshness only,coherent control: lock engages before the door opens
e3-20260813,E3_joint_witness_coherence,7,coherent_control,v1,0.05,-0.6,2.9132,2.6854,2.6366,0.2766,True,True,60,True,False,False,per-fact freshness only,coherent control: lock engages before the door opens
e3-20260813,E3_joint_witness_coherence,8,coherent_control,v1,0.05,-0.6,2.6969,2.6285,2.608,0.089,True,True,60,True,False,False,per-fact freshness only,coherent control: lock engages before the door opens
e3-20260813,E3_joint_witness_coherence,9,coherent_control,v1,0.05,-0.6,2.658,2.4762,2.414,0.244,True,True,60,True,False,False,per-fact freshness only,coherent control: lock engages before the door opens
e3-20260813,E3_joint_witness_coherence,10,coherent_control,v1,0.05,-0.6,2.8142,2.7456,2.6981,0.1162,True,True,60,True,False,False,per-fact freshness only,coherent control: lock engages before the door opens
e3-20260813,E3_joint_witness_coherence,11,coherent_control,v1,0.05,-0.6,2.8227,2.5092,2.5082,0.3146,True,True,60,True,False,False,per-fact freshness only,coherent control: lock engages before the door opens
e3-20260813,E3_joint_witness_coherence,12,coherent_control,v1,0.05,-0.6,2.9193,2.7162,2.5988,0.3205,True,True,60,True,False,False,per-fact freshness only,coherent control: lock engages before the door opens
e3-20260813,E3_joint_witness_coherence,13,coherent_control,v1,0.05,-0.6,2.8318,2.614,2.5836,0.2482,True,True,60,True,False,False,per-fact freshness only,coherent control: lock engages before the door opens
e3-20260813,E3_joint_witness_coherence,14,coherent_control,v1,0.05,-0.6,2.8556,2.6234,2.5587,0.2969,True,True,60,True,False,False,per-fact freshness only,coherent control: lock engages before the door opens
e3-20260813,E3_joint_witness_coherence,15,coherent_control,v1,0.05,-0.6,2.7032,2.5556,2.5524,0.1508,True,True,60,True,False,False,per-fact freshness only,coherent control: lock engages before the door opens
e3-20260813,E3_joint_witness_coherence,16,coherent_control,v1,0.05,-0.6,2.9156,2.6915,2.5696,0.3459,True,True,60,True,False,False,per-fact freshness only,coherent control: lock engages before the door opens
e3-20260813,E3_joint_witness_coherence,17,coherent_control,v1,0.05,-0.6,2.7193,2.6471,2.5176,0.2017,True,True,60,True,False,False,per-fact freshness only,coherent control: lock engages before the door opens
e3-20260813,E3_joint_witness_coherence,18,coherent_control,v1,0.05,-0.6,2.7779,2.7094,2.6568,0.1211,True,True,60,True,False,False,per-fact freshness only,coherent control: lock engages before the door opens
e3-20260813,E3_joint_witness_coherence,19,coherent_control,v1,0.05,-0.6,2.6621,2.6086,2.5155,0.1466,True,True,60,True,False,False,per-fact freshness only,coherent control: lock engages before the door opens
e3-20260813,E3_joint_witness_coherence,0,coherent_control,v1,0.25,-0.6,2.8793,2.7364,2.6083,0.271,True,True,60,True,False,False,per-fact freshness only,coherent control: lock engages before the door opens
e3-20260813,E3_joint_witness_coherence,1,coherent_control,v1,0.25,-0.6,2.7626,2.5899,2.5107,0.2519,True,True,60,True,False,False,per-fact freshness only,coherent control: lock engages before the door opens
e3-20260813,E3_joint_witness_coherence,2,coherent_control,v1,0.25,-0.6,2.6604,2.5721,2.4292,0.2312,True,True,60,True,False,False,per-fact freshness only,coherent control: lock engages before the door opens
e3-20260813,E3_joint_witness_coherence,3,coherent_control,v1,0.25,-0.6,2.7891,2.6008,2.5732,0.2159,True,True,60,True,False,False,per-fact freshness only,coherent control: lock engages before the door opens
e3-20260813,E3_joint_witness_coherence,4,coherent_control,v1,0.25,-0.6,2.9151,2.5227,2.4955,0.4197,True,True,60,True,False,False,per-fact freshness only,coherent control: lock engages before the door opens
e3-20260813,E3_joint_witness_coherence,5,coherent_control,v1,0.25,-0.6,2.8659,2.4781,2.4593,0.4066,True,True,60,True,False,False,per-fact freshness only,coherent control: lock engages before the door opens
e3-20260813,E3_joint_witness_coherence,6,coherent_control,v1,0.25,-0.6,2.8723,2.5562,2.412,0.4602,True,True,60,True,False,False,per-fact freshness only,coherent control: lock engages before the door opens
e3-20260813,E3_joint_witness_coherence,7,coherent_control,v1,0.25,-0.6,2.9066,2.6227,2.5304,0.3762,True,True,60,True,False,False,per-fact freshness only,coherent control: lock engages before the door opens
e3-20260813,E3_joint_witness_coherence,8,coherent_control,v1,0.25,-0.6,2.7638,2.5709,2.5373,0.2265,True,True,60,True,False,False,per-fact freshness only,coherent control: lock engages before the door opens
e3-20260813,E3_joint_witness_coherence,9,coherent_control,v1,0.25,-0.6,2.9425,2.7405,2.6213,0.3212,True,True,60,True,False,False,per-fact freshness only,coherent control: lock engages before the door opens
e3-20260813,E3_joint_witness_coherence,10,coherent_control,v1,0.25,-0.6,2.6582,2.7322,2.4736,0.2586,True,True,60,True,False,False,per-fact freshness only,coherent control: lock engages before the door opens
e3-20260813,E3_joint_witness_coherence,11,coherent_control,v1,0.25,-0.6,2.8304,2.4999,2.359,0.4714,True,True,60,True,False,False,per-fact freshness only,coherent control: lock engages before the door opens
e3-20260813,E3_joint_witness_coherence,12,coherent_control,v1,0.25,-0.6,2.8567,2.6457,2.6204,0.2363,True,True,60,True,False,False,per-fact freshness only,coherent control: lock engages before the door opens
e3-20260813,E3_joint_witness_coherence,13,coherent_control,v1,0.25,-0.6,2.7688,2.6636,2.6456,0.1232,True,True,60,True,False,False,per-fact freshness only,coherent control: lock engages before the door opens
e3-20260813,E3_joint_witness_coherence,14,coherent_control,v1,0.25,-0.6,2.7707,2.7317,2.6305,0.1402,True,True,60,True,False,False,per-fact freshness only,coherent control: lock engages before the door opens
e3-20260813,E3_joint_witness_coherence,15,coherent_control,v1,0.25,-0.6,2.7987,2.5347,2.3407,0.458,True,True,60,True,False,False,per-fact freshness only,coherent control: lock engages before the door opens
e3-20260813,E3_joint_witness_coherence,16,coherent_control,v1,0.25,-0.6,2.7387,2.4536,2.2783,0.4604,True,True,60,True,False,False,per-fact freshness only,coherent control: lock engages before the door opens
e3-20260813,E3_joint_witness_coherence,17,coherent_control,v1,0.25,-0.6,2.8283,2.4831,2.4751,0.3532,True,True,60,True,False,False,per-fact freshness only,coherent control: lock engages before the door opens
e3-20260813,E3_joint_witness_coherence,18,coherent_control,v1,0.25,-0.6,2.7837,2.6676,2.5777,0.206,True,True,60,True,False,False,per-fact freshness only,coherent control: lock engages before the door opens
e3-20260813,E3_joint_witness_coherence,19,coherent_control,v1,0.25,-0.6,2.9058,2.6089,2.5984,0.3074,True,True,60,True,False,False,per-fact freshness only,coherent control: lock engages before the door opens
e3-20260813,E3_joint_witness_coherence,0,coherent_control,v1,0.5,-0.6,2.8603,2.4913,2.4285,0.4317,True,True,60,True,False,False,per-fact freshness only,coherent control: lock engages before the door opens
e3-20260813,E3_joint_witness_coherence,1,coherent_control,v1,0.5,-0.6,2.8571,2.6585,2.4599,0.3972,True,True,60,True,False,False,per-fact freshness only,coherent control: lock engages before the door opens
e3-20260813,E3_joint_witness_coherence,2,coherent_control,v1,0.5,-0.6,2.8443,2.6658,2.6505,0.1938,True,True,60,True,False,False,per-fact freshness only,coherent control: lock engages before the door opens
e3-20260813,E3_joint_witness_coherence,3,coherent_control,v1,0.5,-0.6,2.7059,2.4797,2.3559,0.3501,True,True,60,True,False,False,per-fact freshness only,coherent control: lock engages before the door opens
e3-20260813,E3_joint_witness_coherence,4,coherent_control,v1,0.5,-0.6,2.7661,2.7032,2.6299,0.1361,True,True,60,True,False,False,per-fact freshness only,coherent control: lock engages before the door opens
e3-20260813,E3_joint_witness_coherence,5,coherent_control,v1,0.5,-0.6,2.7869,2.6043,2.4482,0.3387,True,True,60,True,False,False,per-fact freshness only,coherent control: lock engages before the door opens
e3-20260813,E3_joint_witness_coherence,6,coherent_control,v1,0.5,-0.6,2.6514,2.4698,2.3258,0.3256,True,True,60,True,False,False,per-fact freshness only,coherent control: lock engages before the door opens
e3-20260813,E3_joint_witness_coherence,7,coherent_control,v1,0.5,-0.6,2.7681,2.5002,2.3727,0.3954,True,True,60,True,False,False,per-fact freshness only,coherent control: lock engages before the door opens
e3-20260813,E3_joint_witness_coherence,8,coherent_control,v1,0.5,-0.6,2.672,2.5923,2.5138,0.1582,True,True,60,True,False,False,per-fact freshness only,coherent control: lock engages before the door opens
e3-20260813,E3_joint_witness_coherence,9,coherent_control,v1,0.5,-0.6,2.7258,2.6401,2.4746,0.2512,True,True,60,True,False,False,per-fact freshness only,coherent control: lock engages before the door opens
e3-20260813,E3_joint_witness_coherence,10,coherent_control,v1,0.5,-0.6,2.8868,2.6416,2.5831,0.3037,True,True,60,True,False,False,per-fact freshness only,coherent control: lock engages before the door opens
e3-20260813,E3_joint_witness_coherence,11,coherent_control,v1,0.5,-0.6,2.7193,2.7261,2.5455,0.1806,True,True,60,True,False,False,per-fact freshness only,coherent control: lock engages before the door opens
e3-20260813,E3_joint_witness_coherence,12,coherent_control,v1,0.5,-0.6,2.7882,2.485,2.3374,0.4508,True,True,60,True,False,False,per-fact freshness only,coherent control: lock engages before the door opens
e3-20260813,E3_joint_witness_coherence,13,coherent_control,v1,0.5,-0.6,2.7104,2.6628,2.5969,0.1135,True,True,60,True,False,False,per-fact freshness only,coherent control: lock engages before the door opens
e3-20260813,E3_joint_witness_coherence,14,coherent_control,v1,0.5,-0.6,2.9473,2.4622,2.3041,0.6432,True,True,60,True,False,False,per-fact freshness only,coherent control: lock engages before the door opens
e3-20260813,E3_joint_witness_coherence,15,coherent_control,v1,0.5,-0.6,2.8363,2.4594,2.3385,0.4978,True,True,60,True,False,False,per-fact freshness only,coherent control: lock engages before the door opens
e3-20260813,E3_joint_witness_coherence,16,coherent_control,v1,0.5,-0.6,2.7281,2.678,2.4857,0.2425,True,True,60,True,False,False,per-fact freshness only,coherent control: lock engages before the door opens
e3-20260813,E3_joint_witness_coherence,17,coherent_control,v1,0.5,-0.6,2.7349,2.4833,2.3018,0.4331,True,True,60,True,False,False,per-fact freshness only,coherent control: lock engages before the door opens
e3-20260813,E3_joint_witness_coherence,18,coherent_control,v1,0.5,-0.6,2.928,2.4914,2.3163,0.6117,True,True,60,True,False,False,per-fact freshness only,coherent control: lock engages before the door opens
e3-20260813,E3_joint_witness_coherence,19,coherent_control,v1,0.5,-0.6,2.9172,2.6808,2.603,0.3142,True,True,60,True,False,False,per-fact freshness only,coherent control: lock engages before the door opens
e3-20260813,E3_joint_witness_coherence,0,coherent_control,v1,1.0,-0.6,2.7166,2.7171,2.6091,0.1081,True,True,60,True,False,False,per-fact freshness only,coherent control: lock engages before the door opens
e3-20260813,E3_joint_witness_coherence,1,coherent_control,v1,1.0,-0.6,2.6651,2.5258,2.3913,0.2739,True,True,60,True,False,False,per-fact freshness only,coherent control: lock engages before the door opens
e3-20260813,E3_joint_witness_coherence,2,coherent_control,v1,1.0,-0.6,2.8228,2.6866,2.5583,0.2645,True,True,60,True,False,False,per-fact freshness only,coherent control: lock engages before the door opens
e3-20260813,E3_joint_witness_coherence,3,coherent_control,v1,1.0,-0.6,2.7347,2.4501,2.346,0.3887,True,True,60,True,False,False,per-fact freshness only,coherent control: lock engages before the door opens
e3-20260813,E3_joint_witness_coherence,4,coherent_control,v1,1.0,-0.6,2.943,2.4874,2.4661,0.4769,True,True,60,True,False,False,per-fact freshness only,coherent control: lock engages before the door opens
e3-20260813,E3_joint_witness_coherence,5,coherent_control,v1,1.0,-0.6,2.6592,2.5127,2.3623,0.2969,True,True,60,True,False,False,per-fact freshness only,coherent control: lock engages before the door opens
e3-20260813,E3_joint_witness_coherence,6,coherent_control,v1,1.0,-0.6,2.7367,2.7181,2.5562,0.1805,True,True,60,True,False,False,per-fact freshness only,coherent control: lock engages before the door opens
e3-20260813,E3_joint_witness_coherence,7,coherent_control,v1,1.0,-0.6,2.7649,2.6857,2.6303,0.1346,True,True,60,True,False,False,per-fact freshness only,coherent control: lock engages before the door opens
e3-20260813,E3_joint_witness_coherence,8,coherent_control,v1,1.0,-0.6,2.8061,2.4966,2.3288,0.4774,True,True,60,True,False,False,per-fact freshness only,coherent control: lock engages before the door opens
e3-20260813,E3_joint_witness_coherence,9,coherent_control,v1,1.0,-0.6,2.7673,2.5937,2.4163,0.351,True,True,60,True,False,False,per-fact freshness only,coherent control: lock engages before the door opens
e3-20260813,E3_joint_witness_coherence,10,coherent_control,v1,1.0,-0.6,2.9245,2.5929,2.4141,0.5104,True,True,60,True,False,False,per-fact freshness only,coherent control: lock engages before the door opens
e3-20260813,E3_joint_witness_coherence,11,coherent_control,v1,1.0,-0.6,2.6546,2.6061,2.4259,0.2287,True,True,60,True,False,False,per-fact freshness only,coherent control: lock engages before the door opens
e3-20260813,E3_joint_witness_coherence,12,coherent_control,v1,1.0,-0.6,2.8823,2.5392,2.5055,0.3768,True,True,60,True,False,False,per-fact freshness only,coherent control: lock engages before the door opens
e3-20260813,E3_joint_witness_coherence,13,coherent_control,v1,1.0,-0.6,2.6765,2.6099,2.4454,0.2312,True,True,60,True,False,False,per-fact freshness only,coherent control: lock engages before the door opens
e3-20260813,E3_joint_witness_coherence,14,coherent_control,v1,1.0,-0.6,2.8441,2.6145,2.4846,0.3595,True,True,60,True,False,False,per-fact freshness only,coherent control: lock engages before the door opens
e3-20260813,E3_joint_witness_coherence,15,coherent_control,v1,1.0,-0.6,2.7642,2.5146,2.4569,0.3073,True,True,60,True,False,False,per-fact freshness only,coherent control: lock engages before the door opens
e3-20260813,E3_joint_witness_coherence,16,coherent_control,v1,1.0,-0.6,2.7244,2.7401,2.7058,0.0344,True,True,60,True,False,False,per-fact freshness only,coherent control: lock engages before the door opens
e3-20260813,E3_joint_witness_coherence,17,coherent_control,v1,1.0,-0.6,2.8432,2.7472,2.7377,0.1055,True,True,60,True,False,False,per-fact freshness only,coherent control: lock engages before the door opens
e3-20260813,E3_joint_witness_coherence,18,coherent_control,v1,1.0,-0.6,2.7825,2.5925,2.4216,0.3609,True,True,60,True,False,False,per-fact freshness only,coherent control: lock engages before the door opens
e3-20260813,E3_joint_witness_coherence,19,coherent_control,v1,1.0,-0.6,2.8893,2.6958,2.5146,0.3746,True,True,60,True,False,False,per-fact freshness only,coherent control: lock engages before the door opens
e3-20260813,E3_joint_witness_coherence,0,coherent_control,v1,2.0,-0.6,2.7954,2.7332,2.5346,0.2608,True,True,60,True,False,False,per-fact freshness only,coherent control: lock engages before the door opens
e3-20260813,E3_joint_witness_coherence,1,coherent_control,v1,2.0,-0.6,2.8748,2.681,2.4812,0.3936,True,True,60,True,False,False,per-fact freshness only,coherent control: lock engages before the door opens
e3-20260813,E3_joint_witness_coherence,2,coherent_control,v1,2.0,-0.6,2.7203,2.654,2.4601,0.2603,True,True,60,True,False,False,per-fact freshness only,coherent control: lock engages before the door opens
e3-20260813,E3_joint_witness_coherence,3,coherent_control,v1,2.0,-0.6,2.9488,2.7245,2.6267,0.3221,True,True,60,True,False,False,per-fact freshness only,coherent control: lock engages before the door opens
e3-20260813,E3_joint_witness_coherence,4,coherent_control,v1,2.0,-0.6,2.9336,2.6105,2.5929,0.3408,True,True,60,True,False,False,per-fact freshness only,coherent control: lock engages before the door opens
e3-20260813,E3_joint_witness_coherence,5,coherent_control,v1,2.0,-0.6,2.8636,2.4559,2.4323,0.4313,True,True,60,True,False,False,per-fact freshness only,coherent control: lock engages before the door opens
e3-20260813,E3_joint_witness_coherence,6,coherent_control,v1,2.0,-0.6,2.6787,2.5458,2.5321,0.1465,True,True,60,True,False,False,per-fact freshness only,coherent control: lock engages before the door opens
e3-20260813,E3_joint_witness_coherence,7,coherent_control,v1,2.0,-0.6,2.8697,2.7061,2.5952,0.2746,True,True,60,True,False,False,per-fact freshness only,coherent control: lock engages before the door opens
e3-20260813,E3_joint_witness_coherence,8,coherent_control,v1,2.0,-0.6,2.9415,2.4789,2.4698,0.4717,True,True,60,True,False,False,per-fact freshness only,coherent control: lock engages before the door opens
e3-20260813,E3_joint_witness_coherence,9,coherent_control,v1,2.0,-0.6,2.7881,2.7153,2.5667,0.2214,True,True,60,True,False,False,per-fact freshness only,coherent control: lock engages before the door opens
e3-20260813,E3_joint_witness_coherence,10,coherent_control,v1,2.0,-0.6,2.8795,2.4952,2.4851,0.3943,True,True,60,True,False,False,per-fact freshness only,coherent control: lock engages before the door opens
e3-20260813,E3_joint_witness_coherence,11,coherent_control,v1,2.0,-0.6,2.7297,2.6321,2.6201,0.1096,True,True,60,True,False,False,per-fact freshness only,coherent control: lock engages before the door opens
e3-20260813,E3_joint_witness_coherence,12,coherent_control,v1,2.0,-0.6,2.9098,2.4966,2.4607,0.4491,True,True,60,True,False,False,per-fact freshness only,coherent control: lock engages before the door opens
e3-20260813,E3_joint_witness_coherence,13,coherent_control,v1,2.0,-0.6,2.7226,2.4655,2.3848,0.3378,True,True,60,True,False,False,per-fact freshness only,coherent control: lock engages before the door opens
e3-20260813,E3_joint_witness_coherence,14,coherent_control,v1,2.0,-0.6,2.6647,2.5355,2.4459,0.2188,True,True,60,True,False,False,per-fact freshness only,coherent control: lock engages before the door opens
e3-20260813,E3_joint_witness_coherence,15,coherent_control,v1,2.0,-0.6,2.8155,2.6223,2.5345,0.2811,True,True,60,True,False,False,per-fact freshness only,coherent control: lock engages before the door opens
e3-20260813,E3_joint_witness_coherence,16,coherent_control,v1,2.0,-0.6,2.9113,2.5321,2.5185,0.3928,True,True,60,True,False,False,per-fact freshness only,coherent control: lock engages before the door opens
e3-20260813,E3_joint_witness_coherence,17,coherent_control,v1,2.0,-0.6,2.6789,2.6421,2.5645,0.1144,True,True,60,True,False,False,per-fact freshness only,coherent control: lock engages before the door opens
e3-20260813,E3_joint_witness_coherence,18,coherent_control,v1,2.0,-0.6,2.6505,2.6392,2.5435,0.107,True,True,60,True,False,False,per-fact freshness only,coherent control: lock engages before the door opens
e3-20260813,E3_joint_witness_coherence,19,coherent_control,v1,2.0,-0.6,2.9249,2.5492,2.5402,0.3847,True,True,60,True,False,False,per-fact freshness only,coherent control: lock engages before the door opens
e3-20260813,E3_joint_witness_coherence,0,coherent_control,M2_spread,0.05,-0.6,2.7667,2.5825,2.3997,0.3671,True,False,60,True,False,True,measurement spread 0.367s > sigma_max 0.050s,coherent control: lock engages before the door opens
e3-20260813,E3_joint_witness_coherence,1,coherent_control,M2_spread,0.05,-0.6,2.8027,2.6118,2.438,0.3648,True,False,60,True,False,True,measurement spread 0.365s > sigma_max 0.050s,coherent control: lock engages before the door opens
e3-20260813,E3_joint_witness_coherence,2,coherent_control,M2_spread,0.05,-0.6,2.7609,2.5613,2.4433,0.3177,True,False,60,True,False,True,measurement spread 0.318s > sigma_max 0.050s,coherent control: lock engages before the door opens
e3-20260813,E3_joint_witness_coherence,3,coherent_control,M2_spread,0.05,-0.6,2.6625,2.6023,2.5712,0.0913,True,False,60,True,False,True,measurement spread 0.091s > sigma_max 0.050s,coherent control: lock engages before the door opens
e3-20260813,E3_joint_witness_coherence,4,coherent_control,M2_spread,0.05,-0.6,2.7774,2.6088,2.5341,0.2433,True,False,60,True,False,True,measurement spread 0.243s > sigma_max 0.050s,coherent control: lock engages before the door opens
e3-20260813,E3_joint_witness_coherence,5,coherent_control,M2_spread,0.05,-0.6,2.9325,2.5548,2.4132,0.5194,True,False,60,True,False,True,measurement spread 0.519s > sigma_max 0.050s,coherent control: lock engages before the door opens
e3-20260813,E3_joint_witness_coherence,6,coherent_control,M2_spread,0.05,-0.6,2.8661,2.6018,2.4906,0.3755,True,False,60,True,False,True,measurement spread 0.375s > sigma_max 0.050s,coherent control: lock engages before the door opens
e3-20260813,E3_joint_witness_coherence,7,coherent_control,M2_spread,0.05,-0.6,2.7451,2.7332,2.7288,0.0163,True,True,60,True,False,False,coherent within sigma_max,coherent control: lock engages before the door opens
e3-20260813,E3_joint_witness_coherence,8,coherent_control,M2_spread,0.05,-0.6,2.885,2.6708,2.6539,0.2311,True,False,60,True,False,True,measurement spread 0.231s > sigma_max 0.050s,coherent control: lock engages before the door opens
e3-20260813,E3_joint_witness_coherence,9,coherent_control,M2_spread,0.05,-0.6,2.7916,2.7154,2.6153,0.1763,True,False,60,True,False,True,measurement spread 0.176s > sigma_max 0.050s,coherent control: lock engages before the door opens
e3-20260813,E3_joint_witness_coherence,10,coherent_control,M2_spread,0.05,-0.6,2.8807,2.5649,2.4383,0.4425,True,False,60,True,False,True,measurement spread 0.442s > sigma_max 0.050s,coherent control: lock engages before the door opens
e3-20260813,E3_joint_witness_coherence,11,coherent_control,M2_spread,0.05,-0.6,2.7327,2.7355,2.6329,0.1026,True,False,60,True,False,True,measurement spread 0.103s > sigma_max 0.050s,coherent control: lock engages before the door opens
e3-20260813,E3_joint_witness_coherence,12,coherent_control,M2_spread,0.05,-0.6,2.7782,2.4782,2.3659,0.4123,True,False,60,True,False,True,measurement spread 0.412s > sigma_max 0.050s,coherent control: lock engages before the door opens
e3-20260813,E3_joint_witness_coherence,13,coherent_control,M2_spread,0.05,-0.6,2.8839,2.4676,2.3346,0.5494,True,False,60,True,False,True,measurement spread 0.549s > sigma_max 0.050s,coherent control: lock engages before the door opens
e3-20260813,E3_joint_witness_coherence,14,coherent_control,M2_spread,0.05,-0.6,2.6871,2.663,2.5403,0.1468,True,False,60,True,False,True,measurement spread 0.147s > sigma_max 0.050s,coherent control: lock engages before the door opens
e3-20260813,E3_joint_witness_coherence,15,coherent_control,M2_spread,0.05,-0.6,2.7318,2.6411,2.5735,0.1584,True,False,60,True,False,True,measurement spread 0.158s > sigma_max 0.050s,coherent control: lock engages before the door opens
e3-20260813,E3_joint_witness_coherence,16,coherent_control,M2_spread,0.05,-0.6,2.6868,2.6273,2.5977,0.0891,True,False,60,True,False,True,measurement spread 0.089s > sigma_max 0.050s,coherent control: lock engages before the door opens
e3-20260813,E3_joint_witness_coherence,17,coherent_control,M2_spread,0.05,-0.6,2.721,2.5005,2.4895,0.2314,True,False,60,True,False,True,measurement spread 0.231s > sigma_max 0.050s,coherent control: lock engages before the door opens
e3-20260813,E3_joint_witness_coherence,18,coherent_control,M2_spread,0.05,-0.6,2.6645,2.5612,2.4719,0.1926,True,False,60,True,False,True,measurement spread 0.193s > sigma_max 0.050s,coherent control: lock engages before the door opens
e3-20260813,E3_joint_witness_coherence,19,coherent_control,M2_spread,0.05,-0.6,2.9345,2.5258,2.47,0.4645,True,False,60,True,False,True,measurement spread 0.465s > sigma_max 0.050s,coherent control: lock engages before the door opens
e3-20260813,E3_joint_witness_coherence,0,coherent_control,M2_spread,0.25,-0.6,2.8413,2.6581,2.5552,0.2861,True,False,60,True,False,True,measurement spread 0.286s > sigma_max 0.250s,coherent control: lock engages before the door opens
e3-20260813,E3_joint_witness_coherence,1,coherent_control,M2_spread,0.25,-0.6,2.7387,2.492,2.2974,0.4413,True,False,60,True,False,True,measurement spread 0.441s > sigma_max 0.250s,coherent control: lock engages before the door opens
e3-20260813,E3_joint_witness_coherence,2,coherent_control,M2_spread,0.25,-0.6,2.6523,2.48,2.2849,0.3674,True,False,60,True,False,True,measurement spread 0.367s > sigma_max 0.250s,coherent control: lock engages before the door opens
e3-20260813,E3_joint_witness_coherence,3,coherent_control,M2_spread,0.25,-0.6,2.7345,2.7358,2.5498,0.1859,True,True,60,True,False,False,coherent within sigma_max,coherent control: lock engages before the door opens
e3-20260813,E3_joint_witness_coherence,4,coherent_control,M2_spread,0.25,-0.6,2.7728,2.4534,2.3364,0.4364,True,False,60,True,False,True,measurement spread 0.436s > sigma_max 0.250s,coherent control: lock engages before the door opens
e3-20260813,E3_joint_witness_coherence,5,coherent_control,M2_spread,0.25,-0.6,2.6731,2.4869,2.3412,0.3319,True,False,60,True,False,True,measurement spread 0.332s > sigma_max 0.250s,coherent control: lock engages before the door opens
e3-20260813,E3_joint_witness_coherence,6,coherent_control,M2_spread,0.25,-0.6,2.861,2.689,2.5397,0.3212,True,False,60,True,False,True,measurement spread 0.321s > sigma_max 0.250s,coherent control: lock engages before the door opens
e3-20260813,E3_joint_witness_coherence,7,coherent_control,M2_spread,0.25,-0.6,2.8282,2.549,2.378,0.4502,True,False,60,True,False,True,measurement spread 0.450s > sigma_max 0.250s,coherent control: lock engages before the door opens
e3-20260813,E3_joint_witness_coherence,8,coherent_control,M2_spread,0.25,-0.6,2.8962,2.4609,2.4261,0.4701,True,False,60,True,False,True,measurement spread 0.470s > sigma_max 0.250s,coherent control: lock engages before the door opens
e3-20260813,E3_joint_witness_coherence,9,coherent_control,M2_spread,0.25,-0.6,2.8744,2.5633,2.4451,0.4293,True,False,60,True,False,True,measurement spread 0.429s > sigma_max 0.250s,coherent control: lock engages before the door opens
e3-20260813,E3_joint_witness_coherence,10,coherent_control,M2_spread,0.25,-0.6,2.7133,2.6362,2.4796,0.2337,True,True,60,True,False,False,coherent within sigma_max,coherent control: lock engages before the door opens
e3-20260813,E3_joint_witness_coherence,11,coherent_control,M2_spread,0.25,-0.6,2.8725,2.7034,2.5532,0.3193,True,False,60,True,False,True,measurement spread 0.319s > sigma_max 0.250s,coherent control: lock engages before the door opens
e3-20260813,E3_joint_witness_coherence,12,coherent_control,M2_spread,0.25,-0.6,2.8637,2.6115,2.538,0.3257,True,False,60,True,False,True,measurement spread 0.326s > sigma_max 0.250s,coherent control: lock engages before the door opens
e3-20260813,E3_joint_witness_coherence,13,coherent_control,M2_spread,0.25,-0.6,2.7942,2.6502,2.5408,0.2534,True,False,60,True,False,True,measurement spread 0.253s > sigma_max 0.250s,coherent control: lock engages before the door opens
e3-20260813,E3_joint_witness_coherence,14,coherent_control,M2_spread,0.25,-0.6,2.6763,2.4592,2.2681,0.4082,True,False,60,True,False,True,measurement spread 0.408s > sigma_max 0.250s,coherent control: lock engages before the door opens
e3-20260813,E3_joint_witness_coherence,15,coherent_control,M2_spread,0.25,-0.6,2.7166,2.484,2.3586,0.3579,True,False,60,True,False,True,measurement spread 0.358s > sigma_max 0.250s,coherent control: lock engages before the door opens
e3-20260813,E3_joint_witness_coherence,16,coherent_control,M2_spread,0.25,-0.6,2.9158,2.4863,2.3172,0.5986,True,False,60,True,False,True,measurement spread 0.599s > sigma_max 0.250s,coherent control: lock engages before the door opens
e3-20260813,E3_joint_witness_coherence,17,coherent_control,M2_spread,0.25,-0.6,2.9141,2.7086,2.6166,0.2975,True,False,60,True,False,True,measurement spread 0.298s > sigma_max 0.250s,coherent control: lock engages before the door opens
e3-20260813,E3_joint_witness_coherence,18,coherent_control,M2_spread,0.25,-0.6,2.8648,2.4604,2.3846,0.4803,True,False,60,True,False,True,measurement spread 0.480s > sigma_max 0.250s,coherent control: lock engages before the door opens
e3-20260813,E3_joint_witness_coherence,19,coherent_control,M2_spread,0.25,-0.6,2.6876,2.5248,2.3656,0.322,True,False,60,True,False,True,measurement spread 0.322s > sigma_max 0.250s,coherent control: lock engages before the door opens
e3-20260813,E3_joint_witness_coherence,0,coherent_control,M2_spread,0.5,-0.6,2.9387,2.7219,2.5759,0.3627,True,True,60,True,False,False,coherent within sigma_max,coherent control: lock engages before the door opens
e3-20260813,E3_joint_witness_coherence,1,coherent_control,M2_spread,0.5,-0.6,2.8629,2.5398,2.4448,0.4181,True,True,60,True,False,False,coherent within sigma_max,coherent control: lock engages before the door opens
e3-20260813,E3_joint_witness_coherence,2,coherent_control,M2_spread,0.5,-0.6,2.9247,2.7353,2.635,0.2898,True,True,60,True,False,False,coherent within sigma_max,coherent control: lock engages before the door opens
e3-20260813,E3_joint_witness_coherence,3,coherent_control,M2_spread,0.5,-0.6,2.6524,2.6491,2.4997,0.1527,True,True,60,True,False,False,coherent within sigma_max,coherent control: lock engages before the door opens
e3-20260813,E3_joint_witness_coherence,4,coherent_control,M2_spread,0.5,-0.6,2.6724,2.6238,2.4961,0.1762,True,True,60,True,False,False,coherent within sigma_max,coherent control: lock engages before the door opens
e3-20260813,E3_joint_witness_coherence,5,coherent_control,M2_spread,0.5,-0.6,2.734,2.6477,2.6163,0.1177,True,True,60,True,False,False,coherent within sigma_max,coherent control: lock engages before the door opens
e3-20260813,E3_joint_witness_coherence,6,coherent_control,M2_spread,0.5,-0.6,2.7008,2.7237,2.5026,0.2211,True,True,60,True,False,False,coherent within sigma_max,coherent control: lock engages before the door opens
e3-20260813,E3_joint_witness_coherence,7,coherent_control,M2_spread,0.5,-0.6,2.8002,2.6878,2.5292,0.271,True,True,60,True,False,False,coherent within sigma_max,coherent control: lock engages before the door opens
e3-20260813,E3_joint_witness_coherence,8,coherent_control,M2_spread,0.5,-0.6,2.7257,2.5923,2.5827,0.143,True,True,60,True,False,False,coherent within sigma_max,coherent control: lock engages before the door opens
e3-20260813,E3_joint_witness_coherence,9,coherent_control,M2_spread,0.5,-0.6,2.7745,2.699,2.5839,0.1905,True,True,60,True,False,False,coherent within sigma_max,coherent control: lock engages before the door opens
e3-20260813,E3_joint_witness_coherence,10,coherent_control,M2_spread,0.5,-0.6,2.7361,2.5391,2.4826,0.2535,True,True,60,True,False,False,coherent within sigma_max,coherent control: lock engages before the door opens
e3-20260813,E3_joint_witness_coherence,11,coherent_control,M2_spread,0.5,-0.6,2.7503,2.4848,2.3099,0.4405,True,True,60,True,False,False,coherent within sigma_max,coherent control: lock engages before the door opens
e3-20260813,E3_joint_witness_coherence,12,coherent_control,M2_spread,0.5,-0.6,2.906,2.4952,2.3204,0.5856,True,False,60,True,False,True,measurement spread 0.586s > sigma_max 0.500s,coherent control: lock engages before the door opens
e3-20260813,E3_joint_witness_coherence,13,coherent_control,M2_spread,0.5,-0.6,2.6898,2.5796,2.4115,0.2783,True,True,60,True,False,False,coherent within sigma_max,coherent control: lock engages before the door opens
e3-20260813,E3_joint_witness_coherence,14,coherent_control,M2_spread,0.5,-0.6,2.8969,2.507,2.4405,0.4564,True,True,60,True,False,False,coherent within sigma_max,coherent control: lock engages before the door opens
e3-20260813,E3_joint_witness_coherence,15,coherent_control,M2_spread,0.5,-0.6,2.8551,2.5886,2.4313,0.4238,True,True,60,True,False,False,coherent within sigma_max,coherent control: lock engages before the door opens
e3-20260813,E3_joint_witness_coherence,16,coherent_control,M2_spread,0.5,-0.6,2.8202,2.7198,2.5563,0.2639,True,True,60,True,False,False,coherent within sigma_max,coherent control: lock engages before the door opens
e3-20260813,E3_joint_witness_coherence,17,coherent_control,M2_spread,0.5,-0.6,2.6536,2.6547,2.6304,0.0243,True,True,60,True,False,False,coherent within sigma_max,coherent control: lock engages before the door opens
e3-20260813,E3_joint_witness_coherence,18,coherent_control,M2_spread,0.5,-0.6,2.694,2.657,2.6351,0.0589,True,True,60,True,False,False,coherent within sigma_max,coherent control: lock engages before the door opens
e3-20260813,E3_joint_witness_coherence,19,coherent_control,M2_spread,0.5,-0.6,2.6609,2.7115,2.5801,0.1314,True,True,60,True,False,False,coherent within sigma_max,coherent control: lock engages before the door opens
e3-20260813,E3_joint_witness_coherence,0,coherent_control,M2_spread,1.0,-0.6,2.7688,2.5932,2.4524,0.3164,True,True,60,True,False,False,coherent within sigma_max,coherent control: lock engages before the door opens
e3-20260813,E3_joint_witness_coherence,1,coherent_control,M2_spread,1.0,-0.6,2.7118,2.598,2.4797,0.2321,True,True,60,True,False,False,coherent within sigma_max,coherent control: lock engages before the door opens
e3-20260813,E3_joint_witness_coherence,2,coherent_control,M2_spread,1.0,-0.6,2.8464,2.4807,2.4151,0.4313,True,True,60,True,False,False,coherent within sigma_max,coherent control: lock engages before the door opens
e3-20260813,E3_joint_witness_coherence,3,coherent_control,M2_spread,1.0,-0.6,2.7465,2.6984,2.5976,0.149,True,True,60,True,False,False,coherent within sigma_max,coherent control: lock engages before the door opens
e3-20260813,E3_joint_witness_coherence,4,coherent_control,M2_spread,1.0,-0.6,2.6554,2.4971,2.4659,0.1895,True,True,60,True,False,False,coherent within sigma_max,coherent control: lock engages before the door opens
e3-20260813,E3_joint_witness_coherence,5,coherent_control,M2_spread,1.0,-0.6,2.666,2.475,2.4663,0.1997,True,True,60,True,False,False,coherent within sigma_max,coherent control: lock engages before the door opens
e3-20260813,E3_joint_witness_coherence,6,coherent_control,M2_spread,1.0,-0.6,2.9151,2.7418,2.5675,0.3477,True,True,60,True,False,False,coherent within sigma_max,coherent control: lock engages before the door opens
e3-20260813,E3_joint_witness_coherence,7,coherent_control,M2_spread,1.0,-0.6,2.8801,2.4749,2.3011,0.579,True,True,60,True,False,False,coherent within sigma_max,coherent control: lock engages before the door opens
e3-20260813,E3_joint_witness_coherence,8,coherent_control,M2_spread,1.0,-0.6,2.7468,2.5055,2.3993,0.3475,True,True,60,True,False,False,coherent within sigma_max,coherent control: lock engages before the door opens
e3-20260813,E3_joint_witness_coherence,9,coherent_control,M2_spread,1.0,-0.6,2.805,2.521,2.3425,0.4624,True,True,60,True,False,False,coherent within sigma_max,coherent control: lock engages before the door opens
e3-20260813,E3_joint_witness_coherence,10,coherent_control,M2_spread,1.0,-0.6,2.7553,2.4564,2.304,0.4514,True,True,60,True,False,False,coherent within sigma_max,coherent control: lock engages before the door opens
e3-20260813,E3_joint_witness_coherence,11,coherent_control,M2_spread,1.0,-0.6,2.668,2.4905,2.347,0.321,True,True,60,True,False,False,coherent within sigma_max,coherent control: lock engages before the door opens
e3-20260813,E3_joint_witness_coherence,12,coherent_control,M2_spread,1.0,-0.6,2.6943,2.6523,2.5265,0.1678,True,True,60,True,False,False,coherent within sigma_max,coherent control: lock engages before the door opens
e3-20260813,E3_joint_witness_coherence,13,coherent_control,M2_spread,1.0,-0.6,2.7494,2.7428,2.6191,0.1303,True,True,60,True,False,False,coherent within sigma_max,coherent control: lock engages before the door opens
e3-20260813,E3_joint_witness_coherence,14,coherent_control,M2_spread,1.0,-0.6,2.7038,2.5635,2.5345,0.1693,True,True,60,True,False,False,coherent within sigma_max,coherent control: lock engages before the door opens
e3-20260813,E3_joint_witness_coherence,15,coherent_control,M2_spread,1.0,-0.6,2.7564,2.6006,2.4607,0.2956,True,True,60,True,False,False,coherent within sigma_max,coherent control: lock engages before the door opens
e3-20260813,E3_joint_witness_coherence,16,coherent_control,M2_spread,1.0,-0.6,2.946,2.705,2.5479,0.3981,True,True,60,True,False,False,coherent within sigma_max,coherent control: lock engages before the door opens
e3-20260813,E3_joint_witness_coherence,17,coherent_control,M2_spread,1.0,-0.6,2.7864,2.497,2.33,0.4565,True,True,60,True,False,False,coherent within sigma_max,coherent control: lock engages before the door opens
e3-20260813,E3_joint_witness_coherence,18,coherent_control,M2_spread,1.0,-0.6,2.7292,2.7055,2.6176,0.1116,True,True,60,True,False,False,coherent within sigma_max,coherent control: lock engages before the door opens
e3-20260813,E3_joint_witness_coherence,19,coherent_control,M2_spread,1.0,-0.6,2.8041,2.6179,2.4828,0.3213,True,True,60,True,False,False,coherent within sigma_max,coherent control: lock engages before the door opens
e3-20260813,E3_joint_witness_coherence,0,coherent_control,M2_spread,2.0,-0.6,2.9334,2.7097,2.6938,0.2396,True,True,60,True,False,False,coherent within sigma_max,coherent control: lock engages before the door opens
e3-20260813,E3_joint_witness_coherence,1,coherent_control,M2_spread,2.0,-0.6,2.8717,2.5454,2.4689,0.4028,True,True,60,True,False,False,coherent within sigma_max,coherent control: lock engages before the door opens
e3-20260813,E3_joint_witness_coherence,2,coherent_control,M2_spread,2.0,-0.6,2.7547,2.5892,2.5217,0.233,True,True,60,True,False,False,coherent within sigma_max,coherent control: lock engages before the door opens
e3-20260813,E3_joint_witness_coherence,3,coherent_control,M2_spread,2.0,-0.6,2.9421,2.6794,2.5983,0.3439,True,True,60,True,False,False,coherent within sigma_max,coherent control: lock engages before the door opens
e3-20260813,E3_joint_witness_coherence,4,coherent_control,M2_spread,2.0,-0.6,2.8016,2.5326,2.4491,0.3525,True,True,60,True,False,False,coherent within sigma_max,coherent control: lock engages before the door opens
e3-20260813,E3_joint_witness_coherence,5,coherent_control,M2_spread,2.0,-0.6,2.7248,2.5196,2.5039,0.2209,True,True,60,True,False,False,coherent within sigma_max,coherent control: lock engages before the door opens
e3-20260813,E3_joint_witness_coherence,6,coherent_control,M2_spread,2.0,-0.6,2.8049,2.5828,2.4411,0.3638,True,True,60,True,False,False,coherent within sigma_max,coherent control: lock engages before the door opens
e3-20260813,E3_joint_witness_coherence,7,coherent_control,M2_spread,2.0,-0.6,2.8806,2.6626,2.644,0.2366,True,True,60,True,False,False,coherent within sigma_max,coherent control: lock engages before the door opens
e3-20260813,E3_joint_witness_coherence,8,coherent_control,M2_spread,2.0,-0.6,2.7257,2.5544,2.4542,0.2715,True,True,60,True,False,False,coherent within sigma_max,coherent control: lock engages before the door opens
e3-20260813,E3_joint_witness_coherence,9,coherent_control,M2_spread,2.0,-0.6,2.8494,2.5485,2.4252,0.4243,True,True,60,True,False,False,coherent within sigma_max,coherent control: lock engages before the door opens
e3-20260813,E3_joint_witness_coherence,10,coherent_control,M2_spread,2.0,-0.6,2.8535,2.4507,2.3439,0.5096,True,True,60,True,False,False,coherent within sigma_max,coherent control: lock engages before the door opens
e3-20260813,E3_joint_witness_coherence,11,coherent_control,M2_spread,2.0,-0.6,2.6545,2.5298,2.3905,0.2639,True,True,60,True,False,False,coherent within sigma_max,coherent control: lock engages before the door opens
e3-20260813,E3_joint_witness_coherence,12,coherent_control,M2_spread,2.0,-0.6,2.7799,2.5659,2.521,0.259,True,True,60,True,False,False,coherent within sigma_max,coherent control: lock engages before the door opens
e3-20260813,E3_joint_witness_coherence,13,coherent_control,M2_spread,2.0,-0.6,2.6865,2.6428,2.542,0.1444,True,True,60,True,False,False,coherent within sigma_max,coherent control: lock engages before the door opens
e3-20260813,E3_joint_witness_coherence,14,coherent_control,M2_spread,2.0,-0.6,2.6844,2.638,2.5518,0.1325,True,True,60,True,False,False,coherent within sigma_max,coherent control: lock engages before the door opens
e3-20260813,E3_joint_witness_coherence,15,coherent_control,M2_spread,2.0,-0.6,2.7997,2.6435,2.5483,0.2514,True,True,60,True,False,False,coherent within sigma_max,coherent control: lock engages before the door opens
e3-20260813,E3_joint_witness_coherence,16,coherent_control,M2_spread,2.0,-0.6,2.8684,2.4812,2.3056,0.5629,True,True,60,True,False,False,coherent within sigma_max,coherent control: lock engages before the door opens
e3-20260813,E3_joint_witness_coherence,17,coherent_control,M2_spread,2.0,-0.6,2.9249,2.4543,2.3475,0.5773,True,True,60,True,False,False,coherent within sigma_max,coherent control: lock engages before the door opens
e3-20260813,E3_joint_witness_coherence,18,coherent_control,M2_spread,2.0,-0.6,2.7767,2.6149,2.5395,0.2372,True,True,60,True,False,False,coherent within sigma_max,coherent control: lock engages before the door opens
e3-20260813,E3_joint_witness_coherence,19,coherent_control,M2_spread,2.0,-0.6,2.9311,2.6948,2.5553,0.3758,True,True,60,True,False,False,coherent within sigma_max,coherent control: lock engages before the door opens
e3-20260813,E3_joint_witness_coherence,0,coherent_control,M2_strong,0.05,-0.6,2.8334,2.5294,2.4059,0.0,True,True,60,True,False,False,coherent within sigma_max,coherent control: lock engages before the door opens
e3-20260813,E3_joint_witness_coherence,1,coherent_control,M2_strong,0.05,-0.6,2.6539,2.6096,2.4743,0.0,True,True,60,True,False,False,coherent within sigma_max,coherent control: lock engages before the door opens
e3-20260813,E3_joint_witness_coherence,2,coherent_control,M2_strong,0.05,-0.6,2.7973,2.635,2.4522,0.0,True,True,301,True,False,False,coherent within sigma_max,coherent control: lock engages before the door opens
e3-20260813,E3_joint_witness_coherence,3,coherent_control,M2_strong,0.05,-0.6,2.9474,2.6915,2.5423,0.0,True,True,301,True,False,False,coherent within sigma_max,coherent control: lock engages before the door opens
e3-20260813,E3_joint_witness_coherence,4,coherent_control,M2_strong,0.05,-0.6,2.8618,2.667,2.5248,0.0,True,True,301,True,False,False,coherent within sigma_max,coherent control: lock engages before the door opens
e3-20260813,E3_joint_witness_coherence,5,coherent_control,M2_strong,0.05,-0.6,2.9003,2.6361,2.4656,0.0,True,True,301,True,False,False,coherent within sigma_max,coherent control: lock engages before the door opens
e3-20260813,E3_joint_witness_coherence,6,coherent_control,M2_strong,0.05,-0.6,2.9325,2.7123,2.7026,0.0,True,True,301,True,False,False,coherent within sigma_max,coherent control: lock engages before the door opens
e3-20260813,E3_joint_witness_coherence,7,coherent_control,M2_strong,0.05,-0.6,2.8953,2.5596,2.5106,0.0,True,True,301,True,False,False,coherent within sigma_max,coherent control: lock engages before the door opens
e3-20260813,E3_joint_witness_coherence,8,coherent_control,M2_strong,0.05,-0.6,2.7023,2.5475,2.3911,0.0,True,True,60,True,False,False,coherent within sigma_max,coherent control: lock engages before the door opens
e3-20260813,E3_joint_witness_coherence,9,coherent_control,M2_strong,0.05,-0.6,2.6861,2.4776,2.3688,0.0,True,True,60,True,False,False,coherent within sigma_max,coherent control: lock engages before the door opens
e3-20260813,E3_joint_witness_coherence,10,coherent_control,M2_strong,0.05,-0.6,2.8895,2.6183,2.5806,0.0,True,True,301,True,False,False,coherent within sigma_max,coherent control: lock engages before the door opens
e3-20260813,E3_joint_witness_coherence,11,coherent_control,M2_strong,0.05,-0.6,2.7414,2.5297,2.3535,0.0,True,True,60,True,False,False,coherent within sigma_max,coherent control: lock engages before the door opens
e3-20260813,E3_joint_witness_coherence,12,coherent_control,M2_strong,0.05,-0.6,2.9151,2.538,2.352,0.0,True,True,301,True,False,False,coherent within sigma_max,coherent control: lock engages before the door opens
e3-20260813,E3_joint_witness_coherence,13,coherent_control,M2_strong,0.05,-0.6,2.6932,2.5964,2.475,0.0,True,True,60,True,False,False,coherent within sigma_max,coherent control: lock engages before the door opens
e3-20260813,E3_joint_witness_coherence,14,coherent_control,M2_strong,0.05,-0.6,2.6908,2.6153,2.612,0.0,True,True,60,True,False,False,coherent within sigma_max,coherent control: lock engages before the door opens
e3-20260813,E3_joint_witness_coherence,15,coherent_control,M2_strong,0.05,-0.6,2.888,2.6208,2.4762,0.0,True,True,301,True,False,False,coherent within sigma_max,coherent control: lock engages before the door opens
e3-20260813,E3_joint_witness_coherence,16,coherent_control,M2_strong,0.05,-0.6,2.9341,2.5714,2.3923,0.0,True,True,301,True,False,False,coherent within sigma_max,coherent control: lock engages before the door opens
e3-20260813,E3_joint_witness_coherence,17,coherent_control,M2_strong,0.05,-0.6,2.7395,2.5706,2.4833,0.0,True,True,60,True,False,False,coherent within sigma_max,coherent control: lock engages before the door opens
e3-20260813,E3_joint_witness_coherence,18,coherent_control,M2_strong,0.05,-0.6,2.7901,2.6853,2.4886,0.0,True,True,60,True,False,False,coherent within sigma_max,coherent control: lock engages before the door opens
e3-20260813,E3_joint_witness_coherence,19,coherent_control,M2_strong,0.05,-0.6,2.7604,2.5533,2.5352,0.0,True,True,60,True,False,False,coherent within sigma_max,coherent control: lock engages before the door opens
e3-20260813,E3_joint_witness_coherence,0,coherent_control,M2_strong,0.25,-0.6,2.7905,2.5495,2.4324,0.0,True,True,60,True,False,False,coherent within sigma_max,coherent control: lock engages before the door opens
e3-20260813,E3_joint_witness_coherence,1,coherent_control,M2_strong,0.25,-0.6,2.6848,2.7228,2.5245,0.0,True,True,60,True,False,False,coherent within sigma_max,coherent control: lock engages before the door opens
e3-20260813,E3_joint_witness_coherence,2,coherent_control,M2_strong,0.25,-0.6,2.8856,2.7459,2.6665,0.0,True,True,301,True,False,False,coherent within sigma_max,coherent control: lock engages before the door opens
e3-20260813,E3_joint_witness_coherence,3,coherent_control,M2_strong,0.25,-0.6,2.7788,2.4954,2.3124,0.0,True,True,60,True,False,False,coherent within sigma_max,coherent control: lock engages before the door opens
e3-20260813,E3_joint_witness_coherence,4,coherent_control,M2_strong,0.25,-0.6,2.9451,2.5561,2.3604,0.0,True,True,301,True,False,False,coherent within sigma_max,coherent control: lock engages before the door opens
e3-20260813,E3_joint_witness_coherence,5,coherent_control,M2_strong,0.25,-0.6,2.9192,2.5061,2.3989,0.0,True,True,301,True,False,False,coherent within sigma_max,coherent control: lock engages before the door opens
e3-20260813,E3_joint_witness_coherence,6,coherent_control,M2_strong,0.25,-0.6,2.6648,2.6524,2.5862,0.0,True,True,60,True,False,False,coherent within sigma_max,coherent control: lock engages before the door opens
e3-20260813,E3_joint_witness_coherence,7,coherent_control,M2_strong,0.25,-0.6,2.9124,2.735,2.6902,0.0,True,True,301,True,False,False,coherent within sigma_max,coherent control: lock engages before the door opens
e3-20260813,E3_joint_witness_coherence,8,coherent_control,M2_strong,0.25,-0.6,2.7764,2.5764,2.4259,0.0,True,True,301,True,False,False,coherent within sigma_max,coherent control: lock engages before the door opens
e3-20260813,E3_joint_witness_coherence,9,coherent_control,M2_strong,0.25,-0.6,2.7993,2.6635,2.5563,0.0,True,True,60,True,False,False,coherent within sigma_max,coherent control: lock engages before the door opens
e3-20260813,E3_joint_witness_coherence,10,coherent_control,M2_strong,0.25,-0.6,2.8098,2.4616,2.3714,0.0,True,True,60,True,False,False,coherent within sigma_max,coherent control: lock engages before the door opens
e3-20260813,E3_joint_witness_coherence,11,coherent_control,M2_strong,0.25,-0.6,2.7305,2.7227,2.573,0.0,True,True,60,True,False,False,coherent within sigma_max,coherent control: lock engages before the door opens
e3-20260813,E3_joint_witness_coherence,12,coherent_control,M2_strong,0.25,-0.6,2.7538,2.6952,2.5626,0.0,True,True,60,True,False,False,coherent within sigma_max,coherent control: lock engages before the door opens
e3-20260813,E3_joint_witness_coherence,13,coherent_control,M2_strong,0.25,-0.6,2.7497,2.5191,2.4669,0.0,True,True,60,True,False,False,coherent within sigma_max,coherent control: lock engages before the door opens
e3-20260813,E3_joint_witness_coherence,14,coherent_control,M2_strong,0.25,-0.6,2.8999,2.46,2.4278,0.0,True,True,60,True,False,False,coherent within sigma_max,coherent control: lock engages before the door opens
e3-20260813,E3_joint_witness_coherence,15,coherent_control,M2_strong,0.25,-0.6,2.7236,2.5492,2.4423,0.0,True,True,60,True,False,False,coherent within sigma_max,coherent control: lock engages before the door opens
e3-20260813,E3_joint_witness_coherence,16,coherent_control,M2_strong,0.25,-0.6,2.9451,2.5806,2.4917,0.0,True,True,301,True,False,False,coherent within sigma_max,coherent control: lock engages before the door opens
e3-20260813,E3_joint_witness_coherence,17,coherent_control,M2_strong,0.25,-0.6,2.9126,2.4597,2.3817,0.0,True,True,301,True,False,False,coherent within sigma_max,coherent control: lock engages before the door opens
e3-20260813,E3_joint_witness_coherence,18,coherent_control,M2_strong,0.25,-0.6,2.6604,2.6449,2.5243,0.0,True,True,60,True,False,False,coherent within sigma_max,coherent control: lock engages before the door opens
e3-20260813,E3_joint_witness_coherence,19,coherent_control,M2_strong,0.25,-0.6,2.7131,2.6882,2.684,0.0,True,True,60,True,False,False,coherent within sigma_max,coherent control: lock engages before the door opens
e3-20260813,E3_joint_witness_coherence,0,coherent_control,M2_strong,0.5,-0.6,2.6517,2.4748,2.4438,0.0,True,True,60,True,False,False,coherent within sigma_max,coherent control: lock engages before the door opens
e3-20260813,E3_joint_witness_coherence,1,coherent_control,M2_strong,0.5,-0.6,2.6511,2.7355,2.5029,0.0,True,True,60,True,False,False,coherent within sigma_max,coherent control: lock engages before the door opens
e3-20260813,E3_joint_witness_coherence,2,coherent_control,M2_strong,0.5,-0.6,2.8164,2.5034,2.3453,0.0,True,True,301,True,False,False,coherent within sigma_max,coherent control: lock engages before the door opens
e3-20260813,E3_joint_witness_coherence,3,coherent_control,M2_strong,0.5,-0.6,2.8345,2.6011,2.5758,0.0,True,True,301,True,False,False,coherent within sigma_max,coherent control: lock engages before the door opens
e3-20260813,E3_joint_witness_coherence,4,coherent_control,M2_strong,0.5,-0.6,2.7192,2.5553,2.3848,0.0,True,True,60,True,False,False,coherent within sigma_max,coherent control: lock engages before the door opens
e3-20260813,E3_joint_witness_coherence,5,coherent_control,M2_strong,0.5,-0.6,2.7168,2.5698,2.4612,0.0,True,True,301,True,False,False,coherent within sigma_max,coherent control: lock engages before the door opens
e3-20260813,E3_joint_witness_coherence,6,coherent_control,M2_strong,0.5,-0.6,2.8153,2.6954,2.5077,0.0,True,True,301,True,False,False,coherent within sigma_max,coherent control: lock engages before the door opens
e3-20260813,E3_joint_witness_coherence,7,coherent_control,M2_strong,0.5,-0.6,2.7689,2.5164,2.4475,0.0,True,True,60,True,False,False,coherent within sigma_max,coherent control: lock engages before the door opens
e3-20260813,E3_joint_witness_coherence,8,coherent_control,M2_strong,0.5,-0.6,2.8576,2.7344,2.7288,0.0,True,True,301,True,False,False,coherent within sigma_max,coherent control: lock engages before the door opens
e3-20260813,E3_joint_witness_coherence,9,coherent_control,M2_strong,0.5,-0.6,2.9358,2.4937,2.3157,0.0,True,True,301,True,False,False,coherent within sigma_max,coherent control: lock engages before the door opens
e3-20260813,E3_joint_witness_coherence,10,coherent_control,M2_strong,0.5,-0.6,2.8636,2.5791,2.3995,0.0,True,True,301,True,False,False,coherent within sigma_max,coherent control: lock engages before the door opens
e3-20260813,E3_joint_witness_coherence,11,coherent_control,M2_strong,0.5,-0.6,2.7704,2.5434,2.3675,0.0,True,True,60,True,False,False,coherent within sigma_max,coherent control: lock engages before the door opens
e3-20260813,E3_joint_witness_coherence,12,coherent_control,M2_strong,0.5,-0.6,2.6922,2.6101,2.4129,0.0,True,True,60,True,False,False,coherent within sigma_max,coherent control: lock engages before the door opens
e3-20260813,E3_joint_witness_coherence,13,coherent_control,M2_strong,0.5,-0.6,2.9035,2.6434,2.5628,0.0,True,True,60,True,False,False,coherent within sigma_max,coherent control: lock engages before the door opens
e3-20260813,E3_joint_witness_coherence,14,coherent_control,M2_strong,0.5,-0.6,2.9465,2.5182,2.4732,0.0,True,True,301,True,False,False,coherent within sigma_max,coherent control: lock engages before the door opens
e3-20260813,E3_joint_witness_coherence,15,coherent_control,M2_strong,0.5,-0.6,2.6971,2.5552,2.4278,0.0,True,True,60,True,False,False,coherent within sigma_max,coherent control: lock engages before the door opens
e3-20260813,E3_joint_witness_coherence,16,coherent_control,M2_strong,0.5,-0.6,2.9231,2.6008,2.4736,0.0,True,True,301,True,False,False,coherent within sigma_max,coherent control: lock engages before the door opens
e3-20260813,E3_joint_witness_coherence,17,coherent_control,M2_strong,0.5,-0.6,2.713,2.4698,2.2798,0.0,True,True,60,True,False,False,coherent within sigma_max,coherent control: lock engages before the door opens
e3-20260813,E3_joint_witness_coherence,18,coherent_control,M2_strong,0.5,-0.6,2.6571,2.6817,2.5161,0.0,True,True,60,True,False,False,coherent within sigma_max,coherent control: lock engages before the door opens
e3-20260813,E3_joint_witness_coherence,19,coherent_control,M2_strong,0.5,-0.6,2.8255,2.5735,2.4324,0.0,True,True,60,True,False,False,coherent within sigma_max,coherent control: lock engages before the door opens
e3-20260813,E3_joint_witness_coherence,0,coherent_control,M2_strong,1.0,-0.6,2.6697,2.6305,2.6273,0.0,True,True,60,True,False,False,coherent within sigma_max,coherent control: lock engages before the door opens
e3-20260813,E3_joint_witness_coherence,1,coherent_control,M2_strong,1.0,-0.6,2.7763,2.605,2.5431,0.0,True,True,60,True,False,False,coherent within sigma_max,coherent control: lock engages before the door opens
e3-20260813,E3_joint_witness_coherence,2,coherent_control,M2_strong,1.0,-0.6,2.6984,2.5959,2.555,0.0,True,True,60,True,False,False,coherent within sigma_max,coherent control: lock engages before the door opens
e3-20260813,E3_joint_witness_coherence,3,coherent_control,M2_strong,1.0,-0.6,2.9116,2.7497,2.5544,0.0,True,True,301,True,False,False,coherent within sigma_max,coherent control: lock engages before the door opens
e3-20260813,E3_joint_witness_coherence,4,coherent_control,M2_strong,1.0,-0.6,2.7945,2.5168,2.3316,0.0,True,True,301,True,False,False,coherent within sigma_max,coherent control: lock engages before the door opens
e3-20260813,E3_joint_witness_coherence,5,coherent_control,M2_strong,1.0,-0.6,2.7055,2.7406,2.5422,0.0,True,True,60,True,False,False,coherent within sigma_max,coherent control: lock engages before the door opens
e3-20260813,E3_joint_witness_coherence,6,coherent_control,M2_strong,1.0,-0.6,2.8074,2.6559,2.6187,0.0,True,True,301,True,False,False,coherent within sigma_max,coherent control: lock engages before the door opens
e3-20260813,E3_joint_witness_coherence,7,coherent_control,M2_strong,1.0,-0.6,2.7848,2.7319,2.5826,0.0,True,True,60,True,False,False,coherent within sigma_max,coherent control: lock engages before the door opens
e3-20260813,E3_joint_witness_coherence,8,coherent_control,M2_strong,1.0,-0.6,2.9061,2.6735,2.6482,0.0,True,True,60,True,False,False,coherent within sigma_max,coherent control: lock engages before the door opens
e3-20260813,E3_joint_witness_coherence,9,coherent_control,M2_strong,1.0,-0.6,2.9056,2.5349,2.4175,0.0,True,True,301,True,False,False,coherent within sigma_max,coherent control: lock engages before the door opens
e3-20260813,E3_joint_witness_coherence,10,coherent_control,M2_strong,1.0,-0.6,2.8682,2.6298,2.4622,0.0,True,True,60,True,False,False,coherent within sigma_max,coherent control: lock engages before the door opens
e3-20260813,E3_joint_witness_coherence,11,coherent_control,M2_strong,1.0,-0.6,2.7333,2.7286,2.6005,0.0,True,True,60,True,False,False,coherent within sigma_max,coherent control: lock engages before the door opens
e3-20260813,E3_joint_witness_coherence,12,coherent_control,M2_strong,1.0,-0.6,2.8861,2.6617,2.5557,0.0,True,True,301,True,False,False,coherent within sigma_max,coherent control: lock engages before the door opens
e3-20260813,E3_joint_witness_coherence,13,coherent_control,M2_strong,1.0,-0.6,2.7707,2.5492,2.4156,0.0,True,True,60,True,False,False,coherent within sigma_max,coherent control: lock engages before the door opens
e3-20260813,E3_joint_witness_coherence,14,coherent_control,M2_strong,1.0,-0.6,2.8729,2.4994,2.3509,0.0,True,True,301,True,False,False,coherent within sigma_max,coherent control: lock engages before the door opens
e3-20260813,E3_joint_witness_coherence,15,coherent_control,M2_strong,1.0,-0.6,2.7885,2.69,2.5029,0.0,True,True,60,True,False,False,coherent within sigma_max,coherent control: lock engages before the door opens
e3-20260813,E3_joint_witness_coherence,16,coherent_control,M2_strong,1.0,-0.6,2.8953,2.4952,2.4196,0.0,True,True,60,True,False,False,coherent within sigma_max,coherent control: lock engages before the door opens
e3-20260813,E3_joint_witness_coherence,17,coherent_control,M2_strong,1.0,-0.6,2.9102,2.487,2.4869,0.0,True,True,301,True,False,False,coherent within sigma_max,coherent control: lock engages before the door opens
e3-20260813,E3_joint_witness_coherence,18,coherent_control,M2_strong,1.0,-0.6,2.8998,2.6004,2.476,0.0,True,True,301,True,False,False,coherent within sigma_max,coherent control: lock engages before the door opens
e3-20260813,E3_joint_witness_coherence,19,coherent_control,M2_strong,1.0,-0.6,2.7945,2.6782,2.5841,0.0,True,True,60,True,False,False,coherent within sigma_max,coherent control: lock engages before the door opens
e3-20260813,E3_joint_witness_coherence,0,coherent_control,M2_strong,2.0,-0.6,2.8978,2.6307,2.4748,0.0,True,True,301,True,False,False,coherent within sigma_max,coherent control: lock engages before the door opens
e3-20260813,E3_joint_witness_coherence,1,coherent_control,M2_strong,2.0,-0.6,2.86,2.484,2.3003,0.0,True,True,60,True,False,False,coherent within sigma_max,coherent control: lock engages before the door opens
e3-20260813,E3_joint_witness_coherence,2,coherent_control,M2_strong,2.0,-0.6,2.8022,2.5833,2.4788,0.0,True,True,301,True,False,False,coherent within sigma_max,coherent control: lock engages before the door opens
e3-20260813,E3_joint_witness_coherence,3,coherent_control,M2_strong,2.0,-0.6,2.7036,2.6775,2.4843,0.0,True,True,60,True,False,False,coherent within sigma_max,coherent control: lock engages before the door opens
e3-20260813,E3_joint_witness_coherence,4,coherent_control,M2_strong,2.0,-0.6,2.9404,2.66,2.6036,0.0,True,True,301,True,False,False,coherent within sigma_max,coherent control: lock engages before the door opens
e3-20260813,E3_joint_witness_coherence,5,coherent_control,M2_strong,2.0,-0.6,2.6909,2.5952,2.5195,0.0,True,True,60,True,False,False,coherent within sigma_max,coherent control: lock engages before the door opens
e3-20260813,E3_joint_witness_coherence,6,coherent_control,M2_strong,2.0,-0.6,2.9173,2.4688,2.436,0.0,True,True,301,True,False,False,coherent within sigma_max,coherent control: lock engages before the door opens
e3-20260813,E3_joint_witness_coherence,7,coherent_control,M2_strong,2.0,-0.6,2.6904,2.7167,2.6303,0.0,True,True,60,True,False,False,coherent within sigma_max,coherent control: lock engages before the door opens
e3-20260813,E3_joint_witness_coherence,8,coherent_control,M2_strong,2.0,-0.6,2.6692,2.7232,2.6622,0.0,True,True,60,True,False,False,coherent within sigma_max,coherent control: lock engages before the door opens
e3-20260813,E3_joint_witness_coherence,9,coherent_control,M2_strong,2.0,-0.6,2.8966,2.5252,2.4472,0.0,True,True,60,True,False,False,coherent within sigma_max,coherent control: lock engages before the door opens
e3-20260813,E3_joint_witness_coherence,10,coherent_control,M2_strong,2.0,-0.6,2.7428,2.4562,2.3924,0.0,True,True,60,True,False,False,coherent within sigma_max,coherent control: lock engages before the door opens
e3-20260813,E3_joint_witness_coherence,11,coherent_control,M2_strong,2.0,-0.6,2.9462,2.6198,2.6098,0.0,True,True,301,True,False,False,coherent within sigma_max,coherent control: lock engages before the door opens
e3-20260813,E3_joint_witness_coherence,12,coherent_control,M2_strong,2.0,-0.6,2.8598,2.5311,2.5145,0.0,True,True,60,True,False,False,coherent within sigma_max,coherent control: lock engages before the door opens
e3-20260813,E3_joint_witness_coherence,13,coherent_control,M2_strong,2.0,-0.6,2.6832,2.5891,2.4255,0.0,True,True,60,True,False,False,coherent within sigma_max,coherent control: lock engages before the door opens
e3-20260813,E3_joint_witness_coherence,14,coherent_control,M2_strong,2.0,-0.6,2.7102,2.7411,2.5909,0.0,True,True,301,True,False,False,coherent within sigma_max,coherent control: lock engages before the door opens
e3-20260813,E3_joint_witness_coherence,15,coherent_control,M2_strong,2.0,-0.6,2.8826,2.6184,2.5902,0.0,True,True,301,True,False,False,coherent within sigma_max,coherent control: lock engages before the door opens
e3-20260813,E3_joint_witness_coherence,16,coherent_control,M2_strong,2.0,-0.6,2.9008,2.555,2.5104,0.0,True,True,301,True,False,False,coherent within sigma_max,coherent control: lock engages before the door opens
e3-20260813,E3_joint_witness_coherence,17,coherent_control,M2_strong,2.0,-0.6,2.685,2.5423,2.4465,0.0,True,True,60,True,False,False,coherent within sigma_max,coherent control: lock engages before the door opens
e3-20260813,E3_joint_witness_coherence,18,coherent_control,M2_strong,2.0,-0.6,2.7347,2.4931,2.4424,0.0,True,True,60,True,False,False,coherent within sigma_max,coherent control: lock engages before the door opens
e3-20260813,E3_joint_witness_coherence,19,coherent_control,M2_strong,2.0,-0.6,2.8738,2.7367,2.5579,0.0,True,True,301,True,False,False,coherent within sigma_max,coherent control: lock engages before the door opens
