t_wall,platform,entity,rtt_s,ok
1789087991.1553159,home_assistant,binary_sensor.front_door_contact,0.014663,1
1789087991.1581109,home_assistant,lock.front_door,0.002747,1
1789087991.160612,home_assistant,alarm_control_panel.home_alarm,0.002486,1
1789087991.163523,home_assistant,binary_sensor.front_porch_camera_motion,0.002897,1
1789087991.166386,home_assistant,sensor.living_room_temperature,0.002847,1
1789087991.3487208,smartthings_cloud,delaysteer-motion,0.182311,1
1789087991.555435,smartthings_cloud,Office Smart Light,0.206678,1
1789087991.734693,smartthings_cloud,Laundryroom/Mudroom Smart Light,0.179228,1
1789087991.913301,smartthings_cloud,Online Status Monitor,0.178584,1
1789088021.938974,home_assistant,binary_sensor.front_door_contact,0.01983,1
1789088021.951732,home_assistant,lock.front_door,0.012629,1
1789088021.956367,home_assistant,alarm_control_panel.home_alarm,0.004478,1
1789088021.9620538,home_assistant,binary_sensor.front_porch_camera_motion,0.00565,1
1789088021.981559,home_assistant,sensor.living_room_temperature,0.019474,1
1789088022.208766,smartthings_cloud,delaysteer-motion,0.227163,1
1789088022.406416,smartthings_cloud,Office Smart Light,0.197614,1
1789088022.592695,smartthings_cloud,Laundryroom/Mudroom Smart Light,0.186242,1
1789088022.7688792,smartthings_cloud,Online Status Monitor,0.176146,1
1789088052.802979,home_assistant,binary_sensor.front_door_contact,0.028754,1
1789088052.813049,home_assistant,lock.front_door,0.00999,1
1789088052.816243,home_assistant,alarm_control_panel.home_alarm,0.003143,1
1789088052.819663,home_assistant,binary_sensor.front_porch_camera_motion,0.003387,1
1789088052.8218932,home_assistant,sensor.living_room_temperature,0.002202,1
1789088053.035489,smartthings_cloud,delaysteer-motion,0.213565,1
1789088053.220024,smartthings_cloud,Office Smart Light,0.184495,1
1789088053.416598,smartthings_cloud,Laundryroom/Mudroom Smart Light,0.196546,1
1789088053.6127858,smartthings_cloud,Online Status Monitor,0.196171,1
1789088083.6238122,home_assistant,binary_sensor.front_door_contact,0.008171,1
1789088083.626147,home_assistant,lock.front_door,0.002211,1
1789088083.628126,home_assistant,alarm_control_panel.home_alarm,0.001951,1
1789088083.631105,home_assistant,binary_sensor.front_porch_camera_motion,0.002947,1
1789088083.6337652,home_assistant,sensor.living_room_temperature,0.002624,1
1789088083.83873,smartthings_cloud,delaysteer-motion,0.204916,1
1789088084.0424,smartthings_cloud,Office Smart Light,0.203638,1
1789088084.2320158,smartthings_cloud,Laundryroom/Mudroom Smart Light,0.18958,1
1789088084.412513,smartthings_cloud,Online Status Monitor,0.180463,1
1789088114.427686,home_assistant,binary_sensor.front_door_contact,0.009748,1
1789088114.430597,home_assistant,lock.front_door,0.002839,1
1789088114.4320362,home_assistant,alarm_control_panel.home_alarm,0.00142,1
1789088114.433679,home_assistant,binary_sensor.front_porch_camera_motion,0.001633,1
1789088114.4353778,home_assistant,sensor.living_room_temperature,0.001678,1
1789088114.750646,smartthings_cloud,delaysteer-motion,0.315253,1
1789088114.9330502,smartthings_cloud,Office Smart Light,0.182363,1
1789088115.12138,smartthings_cloud,Laundryroom/Mudroom Smart Light,0.188295,1
1789088115.3178282,smartthings_cloud,Online Status Monitor,0.196413,1
1789088145.339978,home_assistant,binary_sensor.front_door_contact,0.016937,1
1789088145.343343,home_assistant,lock.front_door,0.003261,1
1789088145.345898,home_assistant,alarm_control_panel.home_alarm,0.00252,1
1789088145.348296,home_assistant,binary_sensor.front_porch_camera_motion,0.002362,1
1789088145.350881,home_assistant,sensor.living_room_temperature,0.002513,1
1789088145.63818,smartthings_cloud,delaysteer-motion,0.287268,1
1789088145.845736,smartthings_cloud,Office Smart Light,0.20751,1
1789088146.0150888,smartthings_cloud,Laundryroom/Mudroom Smart Light,0.169317,1
1789088146.20498,smartthings_cloud,Online Status Monitor,0.189859,1
1789088176.221947,home_assistant,binary_sensor.front_door_contact,0.015518,1
1789088176.227547,home_assistant,lock.front_door,0.005299,1
1789088176.230455,home_assistant,alarm_control_panel.home_alarm,0.00287,1
1789088176.233769,home_assistant,binary_sensor.front_porch_camera_motion,0.003278,1
1789088176.2354171,home_assistant,sensor.living_room_temperature,0.001616,1
1789088176.4017768,smartthings_cloud,delaysteer-motion,0.166312,1
1789088176.5849988,smartthings_cloud,Office Smart Light,0.183184,1
1789088176.759089,smartthings_cloud,Laundryroom/Mudroom Smart Light,0.174053,1
1789088176.964627,smartthings_cloud,Online Status Monitor,0.205517,1
1789088206.975822,home_assistant,binary_sensor.front_door_contact,0.005645,1
1789088206.978814,home_assistant,lock.front_door,0.002895,1
1789088206.980345,home_assistant,alarm_control_panel.home_alarm,0.001504,1
1789088206.981626,home_assistant,binary_sensor.front_porch_camera_motion,0.001253,1
1789088206.9828942,home_assistant,sensor.living_room_temperature,0.001244,1
1789088207.231681,smartthings_cloud,delaysteer-motion,0.248758,1
1789088207.402892,smartthings_cloud,Office Smart Light,0.171185,1
1789088207.583776,smartthings_cloud,Laundryroom/Mudroom Smart Light,0.180858,1
1789088207.777796,smartthings_cloud,Online Status Monitor,0.193985,1
1789088237.844794,home_assistant,binary_sensor.front_door_contact,0.014322,1
1789088237.847233,home_assistant,lock.front_door,0.002292,1
1789088237.849565,home_assistant,alarm_control_panel.home_alarm,0.002296,1
1789088237.852185,home_assistant,binary_sensor.front_porch_camera_motion,0.002587,1
1789088237.854538,home_assistant,sensor.living_room_temperature,0.00232,1
1789088238.084064,smartthings_cloud,delaysteer-motion,0.22949,1
1789088238.311693,smartthings_cloud,Office Smart Light,0.227602,1
1789088238.462346,smartthings_cloud,Laundryroom/Mudroom Smart Light,0.150621,1
1789088238.617594,smartthings_cloud,Online Status Monitor,0.155211,1
1789088268.634697,home_assistant,binary_sensor.front_door_contact,0.010753,1
1789088268.638687,home_assistant,lock.front_door,0.003881,1
1789088268.6427908,home_assistant,alarm_control_panel.home_alarm,0.004065,1
1789088268.646365,home_assistant,binary_sensor.front_porch_camera_motion,0.003538,1
1789088268.64977,home_assistant,sensor.living_room_temperature,0.003366,1
1789088268.8353322,smartthings_cloud,delaysteer-motion,0.185522,1
1789088269.00101,smartthings_cloud,Office Smart Light,0.165632,1
1789088269.177439,smartthings_cloud,Laundryroom/Mudroom Smart Light,0.176398,1
1789088269.3607402,smartthings_cloud,Online Status Monitor,0.183272,1
1789088299.373054,home_assistant,binary_sensor.front_door_contact,0.007552,1
1789088299.376982,home_assistant,lock.front_door,0.003808,1
1789088299.37979,home_assistant,alarm_control_panel.home_alarm,0.002779,1
1789088299.382467,home_assistant,binary_sensor.front_porch_camera_motion,0.002649,1
1789088299.385879,home_assistant,sensor.living_room_temperature,0.003383,1
1789088299.58176,smartthings_cloud,delaysteer-motion,0.195839,1
1789088299.786037,smartthings_cloud,Office Smart Light,0.204249,1
1789088299.949445,smartthings_cloud,Laundryroom/Mudroom Smart Light,0.163379,1
1789088300.162803,smartthings_cloud,Online Status Monitor,0.213326,1
1789088330.1799119,home_assistant,binary_sensor.front_door_contact,0.013189,1
1789088330.186146,home_assistant,lock.front_door,0.005839,1
1789088330.1909068,home_assistant,alarm_control_panel.home_alarm,0.004721,1
1789088330.194102,home_assistant,binary_sensor.front_porch_camera_motion,0.003162,1
1789088330.1999009,home_assistant,sensor.living_room_temperature,0.005762,1
1789088330.379741,smartthings_cloud,delaysteer-motion,0.179717,1
1789088330.602165,smartthings_cloud,Office Smart Light,0.222382,1
1789088330.7713978,smartthings_cloud,Laundryroom/Mudroom Smart Light,0.169188,1
1789088330.978039,smartthings_cloud,Online Status Monitor,0.206582,1
1789088360.9950778,home_assistant,binary_sensor.front_door_contact,0.011597,1
1789088360.9986959,home_assistant,lock.front_door,0.003504,1
1789088361.002153,home_assistant,alarm_control_panel.home_alarm,0.003409,1
1789088361.005942,home_assistant,binary_sensor.front_porch_camera_motion,0.003754,1
1789088361.0096262,home_assistant,sensor.living_room_temperature,0.003649,1
1789088361.230318,smartthings_cloud,delaysteer-motion,0.220651,1
1789088361.413853,smartthings_cloud,Office Smart Light,0.183497,1
1789088361.63237,smartthings_cloud,Laundryroom/Mudroom Smart Light,0.218493,1
1789088361.800776,smartthings_cloud,Online Status Monitor,0.168347,1
1789088391.821701,home_assistant,binary_sensor.front_door_contact,0.015421,1
1789088391.8256462,home_assistant,lock.front_door,0.003846,1
1789088391.829449,home_assistant,alarm_control_panel.home_alarm,0.00377,1
1789088391.832968,home_assistant,binary_sensor.front_porch_camera_motion,0.003492,1
1789088391.835995,home_assistant,sensor.living_room_temperature,0.003011,1
1789088392.099769,smartthings_cloud,delaysteer-motion,0.263747,1
1789088392.266525,smartthings_cloud,Office Smart Light,0.166722,1
1789088392.439413,smartthings_cloud,Laundryroom/Mudroom Smart Light,0.172858,1
1789088392.673345,smartthings_cloud,Online Status Monitor,0.233911,1
1789088422.697359,home_assistant,binary_sensor.front_door_contact,0.020386,1
1789088422.700032,home_assistant,lock.front_door,0.002553,1
1789088422.7023559,home_assistant,alarm_control_panel.home_alarm,0.002287,1
1789088422.704658,home_assistant,binary_sensor.front_porch_camera_motion,0.002264,1
1789088422.707697,home_assistant,sensor.living_room_temperature,0.003009,1
1789088422.926311,smartthings_cloud,delaysteer-motion,0.218556,1
1789088423.115461,smartthings_cloud,Office Smart Light,0.189116,1
1789088423.292594,smartthings_cloud,Laundryroom/Mudroom Smart Light,0.177013,1
1789088423.541452,smartthings_cloud,Online Status Monitor,0.248825,1
1789088453.5580869,home_assistant,binary_sensor.front_door_contact,0.015705,1
1789088453.561651,home_assistant,lock.front_door,0.003458,1
1789088453.5647979,home_assistant,alarm_control_panel.home_alarm,0.003112,1
1789088453.5675,home_assistant,binary_sensor.front_porch_camera_motion,0.002684,1
1789088453.571417,home_assistant,sensor.living_room_temperature,0.003903,1
1789088453.7763898,smartthings_cloud,delaysteer-motion,0.204946,1
1789088453.966337,smartthings_cloud,Office Smart Light,0.189892,1
1789088454.142556,smartthings_cloud,Laundryroom/Mudroom Smart Light,0.176184,1
1789088454.311567,smartthings_cloud,Online Status Monitor,0.168962,1
1789088484.330884,home_assistant,binary_sensor.front_door_contact,0.012635,1
1789088484.335001,home_assistant,lock.front_door,0.003987,1
1789088484.3387609,home_assistant,alarm_control_panel.home_alarm,0.003728,1
1789088484.3427489,home_assistant,binary_sensor.front_porch_camera_motion,0.00396,1
1789088484.347446,home_assistant,sensor.living_room_temperature,0.00464,1
1789088484.593855,smartthings_cloud,delaysteer-motion,0.24637,1
1789088484.771969,smartthings_cloud,Office Smart Light,0.178077,1
1789088484.940994,smartthings_cloud,Laundryroom/Mudroom Smart Light,0.168994,1
1789088485.104067,smartthings_cloud,Online Status Monitor,0.163038,1
1789088515.125935,home_assistant,binary_sensor.front_door_contact,0.016336,1
1789088515.130547,home_assistant,lock.front_door,0.004493,1
1789088515.1342201,home_assistant,alarm_control_panel.home_alarm,0.003634,1
1789088515.138271,home_assistant,binary_sensor.front_porch_camera_motion,0.004016,1
1789088515.141477,home_assistant,sensor.living_room_temperature,0.003178,1
1789088515.337892,smartthings_cloud,delaysteer-motion,0.196373,1
1789088515.562828,smartthings_cloud,Office Smart Light,0.224902,1
1789088515.733095,smartthings_cloud,Laundryroom/Mudroom Smart Light,0.170236,1
1789088515.912659,smartthings_cloud,Online Status Monitor,0.179513,1
1789088545.9401238,home_assistant,binary_sensor.front_door_contact,0.017892,1
1789088545.9443672,home_assistant,lock.front_door,0.004128,1
1789088545.948972,home_assistant,alarm_control_panel.home_alarm,0.004569,1
1789088545.954823,home_assistant,binary_sensor.front_porch_camera_motion,0.005805,1
1789088545.958884,home_assistant,sensor.living_room_temperature,0.004027,1
1789088546.1329641,smartthings_cloud,delaysteer-motion,0.174045,1
1789088546.306677,smartthings_cloud,Office Smart Light,0.173673,1
1789088546.484107,smartthings_cloud,Laundryroom/Mudroom Smart Light,0.177388,1
1789088546.697675,smartthings_cloud,Online Status Monitor,0.213532,1
1789088576.716682,home_assistant,binary_sensor.front_door_contact,0.009108,1
1789088576.720337,home_assistant,lock.front_door,0.003528,1
1789088576.724843,home_assistant,alarm_control_panel.home_alarm,0.004468,1
1789088576.728677,home_assistant,binary_sensor.front_porch_camera_motion,0.003794,1
1789088576.732345,home_assistant,sensor.living_room_temperature,0.003631,1
1789088576.947833,smartthings_cloud,delaysteer-motion,0.215449,1
1789088577.12391,smartthings_cloud,Office Smart Light,0.176021,1
1789088577.3199098,smartthings_cloud,Laundryroom/Mudroom Smart Light,0.195946,1
1789088577.5205371,smartthings_cloud,Online Status Monitor,0.200594,1
1789088607.551629,home_assistant,binary_sensor.front_door_contact,0.021251,1
1789088607.5560682,home_assistant,lock.front_door,0.004385,1
1789088607.559613,home_assistant,alarm_control_panel.home_alarm,0.003523,1
1789088607.562695,home_assistant,binary_sensor.front_porch_camera_motion,0.003061,1
1789088607.565193,home_assistant,sensor.living_room_temperature,0.002481,1
1789088607.740161,smartthings_cloud,delaysteer-motion,0.174943,1
1789088607.909369,smartthings_cloud,Office Smart Light,0.169176,1
1789088608.0828428,smartthings_cloud,Laundryroom/Mudroom Smart Light,0.173454,1
1789088608.2883048,smartthings_cloud,Online Status Monitor,0.205433,1
1789088638.325953,home_assistant,binary_sensor.front_door_contact,0.026484,1
1789088638.334892,home_assistant,lock.front_door,0.008859,1
1789088638.338835,home_assistant,alarm_control_panel.home_alarm,0.003915,1
1789088638.343009,home_assistant,binary_sensor.front_porch_camera_motion,0.004164,1
1789088638.3458822,home_assistant,sensor.living_room_temperature,0.002865,1
1789088638.53548,smartthings_cloud,delaysteer-motion,0.189584,1
1789088638.697303,smartthings_cloud,Office Smart Light,0.16178,1
1789088638.855901,smartthings_cloud,Laundryroom/Mudroom Smart Light,0.158569,1
1789088639.021409,smartthings_cloud,Online Status Monitor,0.16547,1
1789088669.0353029,home_assistant,binary_sensor.front_door_contact,0.012943,1
1789088669.039837,home_assistant,lock.front_door,0.004427,1
1789088669.043605,home_assistant,alarm_control_panel.home_alarm,0.003731,1
1789088669.047824,home_assistant,binary_sensor.front_porch_camera_motion,0.004187,1
1789088669.051363,home_assistant,sensor.living_room_temperature,0.003502,1
1789088669.286885,smartthings_cloud,delaysteer-motion,0.235481,1
1789088669.4633799,smartthings_cloud,Office Smart Light,0.176458,1
1789088669.68759,smartthings_cloud,Laundryroom/Mudroom Smart Light,0.224157,1
1789088669.904694,smartthings_cloud,Online Status Monitor,0.217069,1
1789088699.929373,home_assistant,binary_sensor.front_door_contact,0.013633,1
1789088699.9330418,home_assistant,lock.front_door,0.003551,1
1789088699.936754,home_assistant,alarm_control_panel.home_alarm,0.003681,1
1789088699.941201,home_assistant,binary_sensor.front_porch_camera_motion,0.004409,1
1789088699.94451,home_assistant,sensor.living_room_temperature,0.003274,1
1789088700.1142862,smartthings_cloud,delaysteer-motion,0.169738,1
1789088700.304184,smartthings_cloud,Office Smart Light,0.189814,1
1789088700.503063,smartthings_cloud,Laundryroom/Mudroom Smart Light,0.198837,1
1789088700.681391,smartthings_cloud,Online Status Monitor,0.178291,1
1789088730.702202,home_assistant,binary_sensor.front_door_contact,0.00956,1
1789088730.704258,home_assistant,lock.front_door,0.001957,1
1789088730.7061,home_assistant,alarm_control_panel.home_alarm,0.001809,1
1789088730.707844,home_assistant,binary_sensor.front_porch_camera_motion,0.001717,1
1789088730.709964,home_assistant,sensor.living_room_temperature,0.00207,1
1789088730.904459,smartthings_cloud,delaysteer-motion,0.194461,1
1789088731.136051,smartthings_cloud,Office Smart Light,0.231546,1
1789088731.321978,smartthings_cloud,Laundryroom/Mudroom Smart Light,0.185891,1
1789088731.502218,smartthings_cloud,Online Status Monitor,0.180205,1
1789088761.5219982,home_assistant,binary_sensor.front_door_contact,0.012098,1
1789088761.525953,home_assistant,lock.front_door,0.003849,1
1789088761.530245,home_assistant,alarm_control_panel.home_alarm,0.004257,1
1789088761.535241,home_assistant,binary_sensor.front_porch_camera_motion,0.00496,1
1789088761.5387409,home_assistant,sensor.living_room_temperature,0.00343,1
1789088761.765478,smartthings_cloud,delaysteer-motion,0.226693,1
1789088761.939255,smartthings_cloud,Office Smart Light,0.173736,1
1789088762.1499279,smartthings_cloud,Laundryroom/Mudroom Smart Light,0.210619,1
1789088762.325012,smartthings_cloud,Online Status Monitor,0.175038,1
1789088792.343929,home_assistant,binary_sensor.front_door_contact,0.014795,1
1789088792.347645,home_assistant,lock.front_door,0.003609,1
1789088792.351887,home_assistant,alarm_control_panel.home_alarm,0.004203,1
1789088792.3550332,home_assistant,binary_sensor.front_porch_camera_motion,0.003109,1
1789088792.35848,home_assistant,sensor.living_room_temperature,0.003408,1
1789088792.5318642,smartthings_cloud,delaysteer-motion,0.173331,1
1789088792.713221,smartthings_cloud,Office Smart Light,0.181304,1
1789088792.9205601,smartthings_cloud,Laundryroom/Mudroom Smart Light,0.207302,1
1789088793.125451,smartthings_cloud,Online Status Monitor,0.20485,1
1789088823.14537,home_assistant,binary_sensor.front_door_contact,0.012689,1
1789088823.149485,home_assistant,lock.front_door,0.004024,1
1789088823.152936,home_assistant,alarm_control_panel.home_alarm,0.00342,1
1789088823.155933,home_assistant,binary_sensor.front_porch_camera_motion,0.00297,1
1789088823.1588962,home_assistant,sensor.living_room_temperature,0.002922,1
1789088823.3324091,smartthings_cloud,delaysteer-motion,0.173473,1
1789088823.549581,smartthings_cloud,Office Smart Light,0.217119,1
1789088823.766946,smartthings_cloud,Laundryroom/Mudroom Smart Light,0.217318,1
1789088823.92605,smartthings_cloud,Online Status Monitor,0.159076,1
1789088853.9425359,home_assistant,binary_sensor.front_door_contact,0.011934,1
1789088853.9475572,home_assistant,lock.front_door,0.004865,1
1789088853.951591,home_assistant,alarm_control_panel.home_alarm,0.003991,1
1789088853.954675,home_assistant,binary_sensor.front_porch_camera_motion,0.003049,1
1789088853.956625,home_assistant,sensor.living_room_temperature,0.001917,1
1789088854.245975,smartthings_cloud,delaysteer-motion,0.289312,1
1789088854.4306402,smartthings_cloud,Office Smart Light,0.18462,1
1789088854.6496232,smartthings_cloud,Laundryroom/Mudroom Smart Light,0.218948,1
1789088854.857644,smartthings_cloud,Online Status Monitor,0.207987,1
1789088884.8691819,home_assistant,binary_sensor.front_door_contact,0.008117,1
1789088884.871076,home_assistant,lock.front_door,0.001793,1
1789088884.872824,home_assistant,alarm_control_panel.home_alarm,0.001716,1
1789088884.874441,home_assistant,binary_sensor.front_porch_camera_motion,0.001584,1
1789088884.876281,home_assistant,sensor.living_room_temperature,0.00181,1
1789088885.053163,smartthings_cloud,delaysteer-motion,0.176818,1
1789088885.230033,smartthings_cloud,Office Smart Light,0.176842,1
1789088885.398077,smartthings_cloud,Laundryroom/Mudroom Smart Light,0.168012,1
1789088885.614231,smartthings_cloud,Online Status Monitor,0.216117,1
1789088915.642528,home_assistant,binary_sensor.front_door_contact,0.020683,1
1789088915.6451242,home_assistant,lock.front_door,0.002062,1
1789088915.64783,home_assistant,alarm_control_panel.home_alarm,0.002677,1
1789088915.650929,home_assistant,binary_sensor.front_porch_camera_motion,0.003058,1
1789088915.653648,home_assistant,sensor.living_room_temperature,0.002677,1
1789088915.852405,smartthings_cloud,delaysteer-motion,0.198707,1
1789088916.036624,smartthings_cloud,Office Smart Light,0.184169,1
1789088916.2821271,smartthings_cloud,Laundryroom/Mudroom Smart Light,0.245445,1
1789088916.46623,smartthings_cloud,Online Status Monitor,0.184068,1
1789088946.483555,home_assistant,binary_sensor.front_door_contact,0.006853,1
1789088946.48668,home_assistant,lock.front_door,0.003007,1
1789088946.4884322,home_assistant,alarm_control_panel.home_alarm,0.001723,1
1789088946.4901388,home_assistant,binary_sensor.front_porch_camera_motion,0.001681,1
1789088946.491468,home_assistant,sensor.living_room_temperature,0.001305,1
1789088946.713321,smartthings_cloud,delaysteer-motion,0.221823,1
1789088946.884029,smartthings_cloud,Office Smart Light,0.170668,1
1789088947.045196,smartthings_cloud,Laundryroom/Mudroom Smart Light,0.161129,1
1789088947.218098,smartthings_cloud,Online Status Monitor,0.172874,1
1789088977.2338932,home_assistant,binary_sensor.front_door_contact,0.00909,1
1789088977.23615,home_assistant,lock.front_door,0.00213,1
1789088977.23782,home_assistant,alarm_control_panel.home_alarm,0.001633,1
1789088977.2403681,home_assistant,binary_sensor.front_porch_camera_motion,0.002519,1
1789088977.2429729,home_assistant,sensor.living_room_temperature,0.00257,1
1789088977.4150798,smartthings_cloud,delaysteer-motion,0.17207,1
1789088977.595938,smartthings_cloud,Office Smart Light,0.180818,1
1789088977.763536,smartthings_cloud,Laundryroom/Mudroom Smart Light,0.167546,1
1789088977.947486,smartthings_cloud,Online Status Monitor,0.18391,1
1789089007.981706,home_assistant,binary_sensor.front_door_contact,0.021805,1
1789089007.986977,home_assistant,lock.front_door,0.005161,1
1789089007.990901,home_assistant,alarm_control_panel.home_alarm,0.003894,1
1789089007.993852,home_assistant,binary_sensor.front_porch_camera_motion,0.002922,1
1789089007.996286,home_assistant,sensor.living_room_temperature,0.002406,1
1789089008.2112598,smartthings_cloud,delaysteer-motion,0.214944,1
1789089008.467437,smartthings_cloud,Office Smart Light,0.256148,1
1789089008.632853,smartthings_cloud,Laundryroom/Mudroom Smart Light,0.165387,1
1789089008.839215,smartthings_cloud,Online Status Monitor,0.206333,1
1789089038.8536901,home_assistant,binary_sensor.front_door_contact,0.007512,1
1789089038.856329,home_assistant,lock.front_door,0.002549,1
1789089038.859277,home_assistant,alarm_control_panel.home_alarm,0.002916,1
1789089038.860808,home_assistant,binary_sensor.front_porch_camera_motion,0.001494,1
1789089038.8626509,home_assistant,sensor.living_room_temperature,0.00181,1
1789089039.081453,smartthings_cloud,delaysteer-motion,0.21875,1
1789089039.261299,smartthings_cloud,Office Smart Light,0.179806,1
1789089039.445973,smartthings_cloud,Laundryroom/Mudroom Smart Light,0.184646,1
1789089039.6133802,smartthings_cloud,Online Status Monitor,0.167384,1
1789089069.636523,home_assistant,binary_sensor.front_door_contact,0.012709,1
1789089069.6400058,home_assistant,lock.front_door,0.003354,1
1789089069.644536,home_assistant,alarm_control_panel.home_alarm,0.004482,1
1789089069.647648,home_assistant,binary_sensor.front_porch_camera_motion,0.003062,1
1789089069.6529222,home_assistant,sensor.living_room_temperature,0.005187,1
1789089069.825757,smartthings_cloud,delaysteer-motion,0.172777,1
1789089070.040548,smartthings_cloud,Office Smart Light,0.214746,1
1789089070.229633,smartthings_cloud,Laundryroom/Mudroom Smart Light,0.189049,1
1789089070.454232,smartthings_cloud,Online Status Monitor,0.224562,1
1789089100.473556,home_assistant,binary_sensor.front_door_contact,0.009092,1
1789089100.476914,home_assistant,lock.front_door,0.003264,1
1789089100.478731,home_assistant,alarm_control_panel.home_alarm,0.00178,1
1789089100.4811609,home_assistant,binary_sensor.front_porch_camera_motion,0.002398,1
1789089100.4837592,home_assistant,sensor.living_room_temperature,0.002558,1
1789089100.659497,smartthings_cloud,delaysteer-motion,0.175697,1
1789089100.881129,smartthings_cloud,Office Smart Light,0.221534,1
1789089101.053091,smartthings_cloud,Laundryroom/Mudroom Smart Light,0.171924,1
1789089101.252089,smartthings_cloud,Online Status Monitor,0.198961,1
1789089131.278813,home_assistant,binary_sensor.front_door_contact,0.021976,1
1789089131.2823749,home_assistant,lock.front_door,0.003435,1
1789089131.285627,home_assistant,alarm_control_panel.home_alarm,0.00322,1
1789089131.287988,home_assistant,binary_sensor.front_porch_camera_motion,0.002326,1
1789089131.289968,home_assistant,sensor.living_room_temperature,0.001945,1
1789089131.592185,smartthings_cloud,delaysteer-motion,0.302183,1
1789089131.776423,smartthings_cloud,Office Smart Light,0.184198,1
1789089131.9564722,smartthings_cloud,Laundryroom/Mudroom Smart Light,0.180015,1
1789089132.134681,smartthings_cloud,Online Status Monitor,0.178169,1
1789089162.1616588,home_assistant,binary_sensor.front_door_contact,0.015842,1
1789089162.167958,home_assistant,lock.front_door,0.006077,1
1789089162.173378,home_assistant,alarm_control_panel.home_alarm,0.005387,1
1789089162.176546,home_assistant,binary_sensor.front_porch_camera_motion,0.003135,1
1789089162.178358,home_assistant,sensor.living_room_temperature,0.001784,1
1789089162.418066,smartthings_cloud,delaysteer-motion,0.239679,1
1789089162.6339588,smartthings_cloud,Office Smart Light,0.21585,1
1789089162.820809,smartthings_cloud,Laundryroom/Mudroom Smart Light,0.186815,1
1789089163.0343192,smartthings_cloud,Online Status Monitor,0.213381,1
1789089193.056892,home_assistant,binary_sensor.front_door_contact,0.011834,1
1789089193.0591738,home_assistant,lock.front_door,0.002181,1
1789089193.062031,home_assistant,alarm_control_panel.home_alarm,0.002828,1
1789089193.064299,home_assistant,binary_sensor.front_porch_camera_motion,0.002243,1
1789089193.0658932,home_assistant,sensor.living_room_temperature,0.001558,1
1789089193.256808,smartthings_cloud,delaysteer-motion,0.190884,1
1789089193.431415,smartthings_cloud,Office Smart Light,0.174544,1
1789089193.6158059,smartthings_cloud,Laundryroom/Mudroom Smart Light,0.184358,1
1789089193.836726,smartthings_cloud,Online Status Monitor,0.220889,1
1789089223.85102,home_assistant,binary_sensor.front_door_contact,0.008211,1
1789089223.853673,home_assistant,lock.front_door,0.002569,1
1789089223.8553522,home_assistant,alarm_control_panel.home_alarm,0.00165,1
1789089223.8581219,home_assistant,binary_sensor.front_porch_camera_motion,0.002742,1
1789089223.860728,home_assistant,sensor.living_room_temperature,0.002576,1
1789089224.130684,smartthings_cloud,delaysteer-motion,0.269927,1
1789089224.2986639,smartthings_cloud,Office Smart Light,0.167954,1
1789089224.4847732,smartthings_cloud,Laundryroom/Mudroom Smart Light,0.186075,1
1789089224.652749,smartthings_cloud,Online Status Monitor,0.167941,1
1789089254.663671,home_assistant,binary_sensor.front_door_contact,0.008456,1
1789089254.665953,home_assistant,lock.front_door,0.002185,1
1789089254.668339,home_assistant,alarm_control_panel.home_alarm,0.002359,1
1789089254.6703858,home_assistant,binary_sensor.front_porch_camera_motion,0.002007,1
1789089254.6720572,home_assistant,sensor.living_room_temperature,0.001637,1
1789089254.932859,smartthings_cloud,delaysteer-motion,0.260765,1
1789089255.124152,smartthings_cloud,Office Smart Light,0.191232,1
1789089255.29682,smartthings_cloud,Laundryroom/Mudroom Smart Light,0.172643,1
1789089255.5027862,smartthings_cloud,Online Status Monitor,0.20592,1
1789089285.521875,home_assistant,binary_sensor.front_door_contact,0.009372,1
1789089285.523736,home_assistant,lock.front_door,0.001793,1
1789089285.5263119,home_assistant,alarm_control_panel.home_alarm,0.002565,1
1789089285.529505,home_assistant,binary_sensor.front_porch_camera_motion,0.003163,1
1789089285.531143,home_assistant,sensor.living_room_temperature,0.001618,1
1789089285.8039029,smartthings_cloud,delaysteer-motion,0.272729,1
1789089285.969663,smartthings_cloud,Office Smart Light,0.165713,1
1789089286.165832,smartthings_cloud,Laundryroom/Mudroom Smart Light,0.196152,1
1789089286.333247,smartthings_cloud,Online Status Monitor,0.167387,1
1789089316.350196,home_assistant,binary_sensor.front_door_contact,0.011689,1
1789089316.353531,home_assistant,lock.front_door,0.003256,1
1789089316.35583,home_assistant,alarm_control_panel.home_alarm,0.002274,1
1789089316.357944,home_assistant,binary_sensor.front_porch_camera_motion,0.002091,1
1789089316.359755,home_assistant,sensor.living_room_temperature,0.001789,1
1789089316.5491269,smartthings_cloud,delaysteer-motion,0.189351,1
1789089316.76594,smartthings_cloud,Office Smart Light,0.216767,1
1789089317.017466,smartthings_cloud,Laundryroom/Mudroom Smart Light,0.251499,1
1789089317.1898801,smartthings_cloud,Online Status Monitor,0.172384,1
1789089347.219771,home_assistant,binary_sensor.front_door_contact,0.021359,1
1789089347.223707,home_assistant,lock.front_door,0.003801,1
1789089347.22787,home_assistant,alarm_control_panel.home_alarm,0.004122,1
1789089347.2318,home_assistant,binary_sensor.front_porch_camera_motion,0.003889,1
1789089347.23504,home_assistant,sensor.living_room_temperature,0.003208,1
1789089347.434814,smartthings_cloud,delaysteer-motion,0.199739,1
1789089347.612858,smartthings_cloud,Office Smart Light,0.178005,1
1789089347.79109,smartthings_cloud,Laundryroom/Mudroom Smart Light,0.178204,1
1789089347.970214,smartthings_cloud,Online Status Monitor,0.179091,1
1789089377.992832,home_assistant,binary_sensor.front_door_contact,0.013782,1
1789089377.9975522,home_assistant,lock.front_door,0.004576,1
1789089378.0033169,home_assistant,alarm_control_panel.home_alarm,0.005724,1
1789089378.009802,home_assistant,binary_sensor.front_porch_camera_motion,0.006449,1
1789089378.014117,home_assistant,sensor.living_room_temperature,0.004281,1
1789089378.184139,smartthings_cloud,delaysteer-motion,0.169996,1
1789089378.362242,smartthings_cloud,Office Smart Light,0.178058,1
1789089378.5433128,smartthings_cloud,Laundryroom/Mudroom Smart Light,0.181044,1
1789089378.713207,smartthings_cloud,Online Status Monitor,0.169805,1
1789089408.731236,home_assistant,binary_sensor.front_door_contact,0.00862,1
1789089408.734953,home_assistant,lock.front_door,0.003622,1
1789089408.738493,home_assistant,alarm_control_panel.home_alarm,0.003509,1
1789089408.741355,home_assistant,binary_sensor.front_porch_camera_motion,0.002832,1
1789089408.7445178,home_assistant,sensor.living_room_temperature,0.003135,1
1789089408.941258,smartthings_cloud,delaysteer-motion,0.196703,1
1789089409.099951,smartthings_cloud,Office Smart Light,0.158664,1
1789089409.3132539,smartthings_cloud,Laundryroom/Mudroom Smart Light,0.213274,1
1789089409.4709702,smartthings_cloud,Online Status Monitor,0.157689,1
1789089439.491839,home_assistant,binary_sensor.front_door_contact,0.010201,1
1789089439.496303,home_assistant,lock.front_door,0.004356,1
1789089439.501898,home_assistant,alarm_control_panel.home_alarm,0.005558,1
1789089439.506294,home_assistant,binary_sensor.front_porch_camera_motion,0.004311,1
1789089439.509519,home_assistant,sensor.living_room_temperature,0.00319,1
1789089439.715646,smartthings_cloud,delaysteer-motion,0.206091,1
1789089439.899054,smartthings_cloud,Office Smart Light,0.183393,1
1789089440.094956,smartthings_cloud,Laundryroom/Mudroom Smart Light,0.195875,1
1789089440.2695749,smartthings_cloud,Online Status Monitor,0.174592,1
1789089470.2924092,home_assistant,binary_sensor.front_door_contact,0.012232,1
1789089470.296236,home_assistant,lock.front_door,0.003721,1
1789089470.300431,home_assistant,alarm_control_panel.home_alarm,0.004154,1
1789089470.304338,home_assistant,binary_sensor.front_porch_camera_motion,0.003864,1
1789089470.309249,home_assistant,sensor.living_room_temperature,0.004882,1
1789089470.530553,smartthings_cloud,delaysteer-motion,0.221272,1
1789089470.6920571,smartthings_cloud,Office Smart Light,0.161474,1
1789089470.862159,smartthings_cloud,Laundryroom/Mudroom Smart Light,0.170068,1
1789089471.029901,smartthings_cloud,Online Status Monitor,0.167709,1
1789089501.057272,home_assistant,binary_sensor.front_door_contact,0.021899,1
1789089501.0600152,home_assistant,lock.front_door,0.002649,1
1789089501.06229,home_assistant,alarm_control_panel.home_alarm,0.002256,1
1789089501.065054,home_assistant,binary_sensor.front_porch_camera_motion,0.002736,1
1789089501.067809,home_assistant,sensor.living_room_temperature,0.002719,1
1789089501.310741,smartthings_cloud,delaysteer-motion,0.242764,1
1789089501.47857,smartthings_cloud,Office Smart Light,0.167695,1
1789089501.6839292,smartthings_cloud,Laundryroom/Mudroom Smart Light,0.205199,1
1789089501.898054,smartthings_cloud,Online Status Monitor,0.213964,1
1789089531.924264,home_assistant,binary_sensor.front_door_contact,0.010684,1
1789089531.926288,home_assistant,lock.front_door,0.001919,1
1789089531.9283268,home_assistant,alarm_control_panel.home_alarm,0.002009,1
1789089531.9298692,home_assistant,binary_sensor.front_porch_camera_motion,0.001504,1
1789089531.932153,home_assistant,sensor.living_room_temperature,0.002253,1
1789089532.129604,smartthings_cloud,delaysteer-motion,0.197396,1
1789089532.322613,smartthings_cloud,Office Smart Light,0.192966,1
1789089532.510742,smartthings_cloud,Laundryroom/Mudroom Smart Light,0.188074,1
1789089532.744865,smartthings_cloud,Online Status Monitor,0.234072,1
1789089562.7534778,home_assistant,binary_sensor.front_door_contact,0.006963,1
1789089562.7554681,home_assistant,lock.front_door,0.001912,1
1789089562.760363,home_assistant,alarm_control_panel.home_alarm,0.004868,1
1789089562.763061,home_assistant,binary_sensor.front_porch_camera_motion,0.002682,1
1789089562.765138,home_assistant,sensor.living_room_temperature,0.002062,1
1789089563.06054,smartthings_cloud,delaysteer-motion,0.295379,1
1789089563.241496,smartthings_cloud,Office Smart Light,0.180928,1
1789089563.4058611,smartthings_cloud,Laundryroom/Mudroom Smart Light,0.164344,1
1789089563.56482,smartthings_cloud,Online Status Monitor,0.158933,1
1789089593.588871,home_assistant,binary_sensor.front_door_contact,0.022617,1
1789089593.5943308,home_assistant,lock.front_door,0.004844,1
1789089593.598422,home_assistant,alarm_control_panel.home_alarm,0.004053,1
1789089593.601273,home_assistant,binary_sensor.front_porch_camera_motion,0.002782,1
1789089593.606133,home_assistant,sensor.living_room_temperature,0.004824,1
1789089593.797643,smartthings_cloud,delaysteer-motion,0.191478,1
1789089593.9859688,smartthings_cloud,Office Smart Light,0.188282,1
1789089594.179858,smartthings_cloud,Laundryroom/Mudroom Smart Light,0.193845,1
1789089594.361058,smartthings_cloud,Online Status Monitor,0.181144,1
1789089624.37393,home_assistant,binary_sensor.front_door_contact,0.011879,1
1789089624.3775811,home_assistant,lock.front_door,0.003517,1
1789089624.3805299,home_assistant,alarm_control_panel.home_alarm,0.002911,1
1789089624.3835762,home_assistant,binary_sensor.front_porch_camera_motion,0.003016,1
1789089624.387438,home_assistant,sensor.living_room_temperature,0.003826,1
1789089624.698314,smartthings_cloud,delaysteer-motion,0.310829,1
1789089624.898186,smartthings_cloud,Office Smart Light,0.19982,1
1789089625.129792,smartthings_cloud,Laundryroom/Mudroom Smart Light,0.231564,1
1789089625.304569,smartthings_cloud,Online Status Monitor,0.174724,1
1789089655.320568,home_assistant,binary_sensor.front_door_contact,0.011042,1
1789089655.324409,home_assistant,lock.front_door,0.00376,1
1789089655.32753,home_assistant,alarm_control_panel.home_alarm,0.003092,1
1789089655.330245,home_assistant,binary_sensor.front_porch_camera_motion,0.002685,1
1789089655.333067,home_assistant,sensor.living_room_temperature,0.002792,1
1789089655.50588,smartthings_cloud,delaysteer-motion,0.172767,1
1789089655.715081,smartthings_cloud,Office Smart Light,0.209163,1
1789089655.924493,smartthings_cloud,Laundryroom/Mudroom Smart Light,0.209376,1
1789089656.120414,smartthings_cloud,Online Status Monitor,0.195887,1
1789089686.137991,home_assistant,binary_sensor.front_door_contact,0.012096,1
1789089686.141572,home_assistant,lock.front_door,0.003473,1
1789089686.1450071,home_assistant,alarm_control_panel.home_alarm,0.003394,1
1789089686.148584,home_assistant,binary_sensor.front_porch_camera_motion,0.00354,1
1789089686.1518772,home_assistant,sensor.living_room_temperature,0.003254,1
1789089686.373228,smartthings_cloud,delaysteer-motion,0.221301,1
1789089686.546279,smartthings_cloud,Office Smart Light,0.172983,1
1789089686.7376928,smartthings_cloud,Laundryroom/Mudroom Smart Light,0.191362,1
1789089686.9875488,smartthings_cloud,Online Status Monitor,0.2498,1
1789089717.0106041,home_assistant,binary_sensor.front_door_contact,0.017412,1
1789089717.014657,home_assistant,lock.front_door,0.003879,1
1789089717.0186298,home_assistant,alarm_control_panel.home_alarm,0.003958,1
1789089717.022193,home_assistant,binary_sensor.front_porch_camera_motion,0.003555,1
1789089717.025992,home_assistant,sensor.living_room_temperature,0.003732,1
1789089717.233333,smartthings_cloud,delaysteer-motion,0.207305,1
1789089717.422016,smartthings_cloud,Office Smart Light,0.188654,1
1789089717.605126,smartthings_cloud,Laundryroom/Mudroom Smart Light,0.183077,1
1789089717.784715,smartthings_cloud,Online Status Monitor,0.179532,1
1789089747.8023732,home_assistant,binary_sensor.front_door_contact,0.011373,1
1789089747.806033,home_assistant,lock.front_door,0.003573,1
1789089747.8086479,home_assistant,alarm_control_panel.home_alarm,0.002588,1
1789089747.811609,home_assistant,binary_sensor.front_porch_camera_motion,0.002932,1
1789089747.81433,home_assistant,sensor.living_room_temperature,0.002682,1
1789089747.98053,smartthings_cloud,delaysteer-motion,0.16617,1
1789089748.200612,smartthings_cloud,Office Smart Light,0.220047,1
1789089748.408736,smartthings_cloud,Laundryroom/Mudroom Smart Light,0.208093,1
1789089748.580543,smartthings_cloud,Online Status Monitor,0.171781,1
1789089778.595233,home_assistant,binary_sensor.front_door_contact,0.013246,1
1789089778.598523,home_assistant,lock.front_door,0.003197,1
1789089778.601664,home_assistant,alarm_control_panel.home_alarm,0.00311,1
1789089778.606407,home_assistant,binary_sensor.front_porch_camera_motion,0.00471,1
1789089778.60993,home_assistant,sensor.living_room_temperature,0.003474,1
1789089778.812788,smartthings_cloud,delaysteer-motion,0.20281,1
1789089779.0660238,smartthings_cloud,Office Smart Light,0.253161,1
1789089779.212095,smartthings_cloud,Laundryroom/Mudroom Smart Light,0.146036,1
1789089779.449506,smartthings_cloud,Online Status Monitor,0.237378,1
1789089809.4636512,home_assistant,binary_sensor.front_door_contact,0.011662,1
1789089809.46715,home_assistant,lock.front_door,0.003411,1
1789089809.470669,home_assistant,alarm_control_panel.home_alarm,0.003491,1
1789089809.47575,home_assistant,binary_sensor.front_porch_camera_motion,0.005056,1
1789089809.47984,home_assistant,sensor.living_room_temperature,0.004063,1
1789089809.681268,smartthings_cloud,delaysteer-motion,0.20138,1
1789089809.88901,smartthings_cloud,Office Smart Light,0.207638,1
1789089810.073743,smartthings_cloud,Laundryroom/Mudroom Smart Light,0.184699,1
1789089810.253973,smartthings_cloud,Online Status Monitor,0.180204,1
1789089840.274933,home_assistant,binary_sensor.front_door_contact,0.011366,1
1789089840.2785962,home_assistant,lock.front_door,0.003553,1
1789089840.282039,home_assistant,alarm_control_panel.home_alarm,0.003428,1
1789089840.286771,home_assistant,binary_sensor.front_porch_camera_motion,0.004701,1
1789089840.290962,home_assistant,sensor.living_room_temperature,0.004162,1
1789089840.469236,smartthings_cloud,delaysteer-motion,0.178227,1
1789089840.6731951,smartthings_cloud,Office Smart Light,0.203924,1
1789089840.8757381,smartthings_cloud,Laundryroom/Mudroom Smart Light,0.202495,1
1789089841.0402188,smartthings_cloud,Online Status Monitor,0.164447,1
1789089871.052166,home_assistant,binary_sensor.front_door_contact,0.010296,1
1789089871.055539,home_assistant,lock.front_door,0.003301,1
1789089871.058928,home_assistant,alarm_control_panel.home_alarm,0.003371,1
1789089871.062887,home_assistant,binary_sensor.front_porch_camera_motion,0.003946,1
1789089871.066904,home_assistant,sensor.living_room_temperature,0.003989,1
1789089871.318327,smartthings_cloud,delaysteer-motion,0.251394,1
1789089871.5209348,smartthings_cloud,Office Smart Light,0.202581,1
1789089871.711725,smartthings_cloud,Laundryroom/Mudroom Smart Light,0.190762,1
1789089871.884108,smartthings_cloud,Online Status Monitor,0.172359,1
1789089901.9162571,home_assistant,binary_sensor.front_door_contact,0.021373,1
1789089901.918761,home_assistant,lock.front_door,0.002387,1
1789089901.9208078,home_assistant,alarm_control_panel.home_alarm,0.002013,1
1789089901.923908,home_assistant,binary_sensor.front_porch_camera_motion,0.003059,1
1789089901.926656,home_assistant,sensor.living_room_temperature,0.002707,1
1789089902.093025,smartthings_cloud,delaysteer-motion,0.166314,1
1789089902.2963042,smartthings_cloud,Office Smart Light,0.203196,1
1789089902.524151,smartthings_cloud,Laundryroom/Mudroom Smart Light,0.227804,1
1789089902.7349079,smartthings_cloud,Online Status Monitor,0.210714,1
1789089932.754136,home_assistant,binary_sensor.front_door_contact,0.008159,1
1789089932.756873,home_assistant,lock.front_door,0.002626,1
1789089932.758618,home_assistant,alarm_control_panel.home_alarm,0.001721,1
1789089932.760065,home_assistant,binary_sensor.front_porch_camera_motion,0.001426,1
1789089932.761539,home_assistant,sensor.living_room_temperature,0.001453,1
1789089933.091914,smartthings_cloud,delaysteer-motion,0.330337,1
1789089933.2713542,smartthings_cloud,Office Smart Light,0.179372,1
1789089933.485313,smartthings_cloud,Laundryroom/Mudroom Smart Light,0.21391,1
1789089933.689493,smartthings_cloud,Online Status Monitor,0.204145,1
1789089963.705298,home_assistant,binary_sensor.front_door_contact,0.007297,1
1789089963.707016,home_assistant,lock.front_door,0.001625,1
1789089963.7090712,home_assistant,alarm_control_panel.home_alarm,0.002031,1
1789089963.711093,home_assistant,binary_sensor.front_porch_camera_motion,0.001998,1
1789089963.7131488,home_assistant,sensor.living_room_temperature,0.002029,1
1789089963.9209979,smartthings_cloud,delaysteer-motion,0.207797,1
1789089964.081375,smartthings_cloud,Office Smart Light,0.160306,1
1789089964.283669,smartthings_cloud,Laundryroom/Mudroom Smart Light,0.202267,1
1789089964.4510798,smartthings_cloud,Online Status Monitor,0.167373,1
1789089994.464014,home_assistant,binary_sensor.front_door_contact,0.007345,1
1789089994.4665349,home_assistant,lock.front_door,0.002445,1
1789089994.468906,home_assistant,alarm_control_panel.home_alarm,0.002345,1
1789089994.4712489,home_assistant,binary_sensor.front_porch_camera_motion,0.002315,1
1789089994.474338,home_assistant,sensor.living_room_temperature,0.003064,1
1789089994.680039,smartthings_cloud,delaysteer-motion,0.205659,1
1789089994.8637419,smartthings_cloud,Office Smart Light,0.183667,1
1789089995.071552,smartthings_cloud,Laundryroom/Mudroom Smart Light,0.207769,1
1789089995.226397,smartthings_cloud,Online Status Monitor,0.154807,1
1789090025.240923,home_assistant,binary_sensor.front_door_contact,0.0068,1
1789090025.243813,home_assistant,lock.front_door,0.002784,1
1789090025.245735,home_assistant,alarm_control_panel.home_alarm,0.001903,1
1789090025.246922,home_assistant,binary_sensor.front_porch_camera_motion,0.001172,1
1789090025.2479942,home_assistant,sensor.living_room_temperature,0.001059,1
1789090025.518454,smartthings_cloud,delaysteer-motion,0.270438,1
1789090025.73503,smartthings_cloud,Office Smart Light,0.216517,1
1789090025.915964,smartthings_cloud,Laundryroom/Mudroom Smart Light,0.180889,1
1789090026.109041,smartthings_cloud,Online Status Monitor,0.193043,1
1789090056.125113,home_assistant,binary_sensor.front_door_contact,0.008785,1
1789090056.128217,home_assistant,lock.front_door,0.002945,1
1789090056.131281,home_assistant,alarm_control_panel.home_alarm,0.003033,1
1789090056.133253,home_assistant,binary_sensor.front_porch_camera_motion,0.001945,1
1789090056.135283,home_assistant,sensor.living_room_temperature,0.002,1
1789090056.373743,smartthings_cloud,delaysteer-motion,0.238429,1
1789090056.56422,smartthings_cloud,Office Smart Light,0.190389,1
1789090056.749192,smartthings_cloud,Laundryroom/Mudroom Smart Light,0.18492,1
1789090056.9677749,smartthings_cloud,Online Status Monitor,0.218534,1
1789090086.979674,home_assistant,binary_sensor.front_door_contact,0.009172,1
1789090086.981798,home_assistant,lock.front_door,0.002021,1
1789090086.985798,home_assistant,alarm_control_panel.home_alarm,0.003962,1
1789090086.9879549,home_assistant,binary_sensor.front_porch_camera_motion,0.002117,1
1789090086.9900742,home_assistant,sensor.living_room_temperature,0.002085,1
1789090087.186662,smartthings_cloud,delaysteer-motion,0.196523,1
1789090087.4140968,smartthings_cloud,Office Smart Light,0.22738,1
1789090087.644095,smartthings_cloud,Laundryroom/Mudroom Smart Light,0.22996,1
1789090087.853825,smartthings_cloud,Online Status Monitor,0.209699,1
1789090117.872608,home_assistant,binary_sensor.front_door_contact,0.009698,1
1789090117.876181,home_assistant,lock.front_door,0.00347,1
1789090117.8787751,home_assistant,alarm_control_panel.home_alarm,0.002554,1
1789090117.882133,home_assistant,binary_sensor.front_porch_camera_motion,0.003323,1
1789090117.883755,home_assistant,sensor.living_room_temperature,0.001589,1
1789090118.19011,smartthings_cloud,delaysteer-motion,0.306308,1
1789090118.3835928,smartthings_cloud,Office Smart Light,0.193421,1
1789090118.593181,smartthings_cloud,Laundryroom/Mudroom Smart Light,0.209536,1
1789090118.7678201,smartthings_cloud,Online Status Monitor,0.174598,1
1789090148.794361,home_assistant,binary_sensor.front_door_contact,0.022786,1
1789090148.796237,home_assistant,lock.front_door,0.001764,1
1789090148.7978702,home_assistant,alarm_control_panel.home_alarm,0.001606,1
1789090148.7993758,home_assistant,binary_sensor.front_porch_camera_motion,0.001473,1
1789090148.801195,home_assistant,sensor.living_room_temperature,0.001799,1
1789090149.0251288,smartthings_cloud,delaysteer-motion,0.223878,1
1789090149.2430809,smartthings_cloud,Office Smart Light,0.217917,1
1789090149.411551,smartthings_cloud,Laundryroom/Mudroom Smart Light,0.168447,1
1789090149.5877702,smartthings_cloud,Online Status Monitor,0.176192,1
1789090179.604576,home_assistant,binary_sensor.front_door_contact,0.011466,1
1789090179.6071522,home_assistant,lock.front_door,0.002452,1
1789090179.611833,home_assistant,alarm_control_panel.home_alarm,0.004642,1
1789090179.614793,home_assistant,binary_sensor.front_porch_camera_motion,0.002925,1
1789090179.616742,home_assistant,sensor.living_room_temperature,0.001917,1
1789090179.802061,smartthings_cloud,delaysteer-motion,0.185273,1
1789090179.9820611,smartthings_cloud,Office Smart Light,0.179934,1
1789090180.180276,smartthings_cloud,Laundryroom/Mudroom Smart Light,0.198186,1
1789090180.347175,smartthings_cloud,Online Status Monitor,0.166864,1
1789090210.361424,home_assistant,binary_sensor.front_door_contact,0.008379,1
1789090210.364465,home_assistant,lock.front_door,0.00295,1
1789090210.3662772,home_assistant,alarm_control_panel.home_alarm,0.001777,1
1789090210.3679612,home_assistant,binary_sensor.front_porch_camera_motion,0.00166,1
1789090210.369612,home_assistant,sensor.living_room_temperature,0.001616,1
1789090210.609209,smartthings_cloud,delaysteer-motion,0.239559,1
1789090210.788672,smartthings_cloud,Office Smart Light,0.179391,1
1789090211.0178618,smartthings_cloud,Laundryroom/Mudroom Smart Light,0.229151,1
1789090211.1778922,smartthings_cloud,Online Status Monitor,0.159971,1
1789090241.193493,home_assistant,binary_sensor.front_door_contact,0.009131,1
1789090241.197098,home_assistant,lock.front_door,0.003481,1
1789090241.200098,home_assistant,alarm_control_panel.home_alarm,0.002967,1
1789090241.202964,home_assistant,binary_sensor.front_porch_camera_motion,0.002775,1
1789090241.2043872,home_assistant,sensor.living_room_temperature,0.001391,1
1789090241.4980211,smartthings_cloud,delaysteer-motion,0.293587,1
1789090241.719483,smartthings_cloud,Office Smart Light,0.221414,1
1789090241.891905,smartthings_cloud,Laundryroom/Mudroom Smart Light,0.172372,1
1789090242.091879,smartthings_cloud,Online Status Monitor,0.199934,1
1789090272.1071959,home_assistant,binary_sensor.front_door_contact,0.01075,1
1789090272.109993,home_assistant,lock.front_door,0.002701,1
1789090272.113418,home_assistant,alarm_control_panel.home_alarm,0.003399,1
1789090272.1168818,home_assistant,binary_sensor.front_porch_camera_motion,0.003433,1
1789090272.119273,home_assistant,sensor.living_room_temperature,0.002356,1
1789090272.3294652,smartthings_cloud,delaysteer-motion,0.210146,1
1789090272.51537,smartthings_cloud,Office Smart Light,0.185841,1
1789090272.6883972,smartthings_cloud,Laundryroom/Mudroom Smart Light,0.172991,1
1789090272.9194298,smartthings_cloud,Online Status Monitor,0.230989,1
1789090302.934837,home_assistant,binary_sensor.front_door_contact,0.011902,1
1789090302.938019,home_assistant,lock.front_door,0.003078,1
1789090302.941199,home_assistant,alarm_control_panel.home_alarm,0.003147,1
1789090302.944711,home_assistant,binary_sensor.front_porch_camera_motion,0.003478,1
1789090302.947705,home_assistant,sensor.living_room_temperature,0.002959,1
1789090303.185728,smartthings_cloud,delaysteer-motion,0.237959,1
1789090303.3621929,smartthings_cloud,Office Smart Light,0.176389,1
1789090303.612352,smartthings_cloud,Laundryroom/Mudroom Smart Light,0.250111,1
1789090303.779383,smartthings_cloud,Online Status Monitor,0.167003,1
1789090333.798632,home_assistant,binary_sensor.front_door_contact,0.014235,1
1789090333.802621,home_assistant,lock.front_door,0.003875,1
1789090333.807497,home_assistant,alarm_control_panel.home_alarm,0.004848,1
1789090333.82164,home_assistant,binary_sensor.front_porch_camera_motion,0.014095,1
1789090333.824859,home_assistant,sensor.living_room_temperature,0.003195,1
1789090334.100904,smartthings_cloud,delaysteer-motion,0.276017,1
1789090334.429201,smartthings_cloud,Office Smart Light,0.328268,1
1789090334.6747599,smartthings_cloud,Laundryroom/Mudroom Smart Light,0.245518,1
1789090334.927107,smartthings_cloud,Online Status Monitor,0.252296,1
1789090364.9398358,home_assistant,binary_sensor.front_door_contact,0.010416,1
1789090364.945977,home_assistant,lock.front_door,0.006056,1
1789090364.948947,home_assistant,alarm_control_panel.home_alarm,0.00294,1
1789090364.9515772,home_assistant,binary_sensor.front_porch_camera_motion,0.002594,1
1789090364.954562,home_assistant,sensor.living_room_temperature,0.002948,1
1789090365.2054038,smartthings_cloud,delaysteer-motion,0.250795,1
1789090365.464017,smartthings_cloud,Office Smart Light,0.258542,1
1789090365.7136068,smartthings_cloud,Laundryroom/Mudroom Smart Light,0.249554,1
1789090365.980889,smartthings_cloud,Online Status Monitor,0.267242,1
1789090395.999537,home_assistant,binary_sensor.front_door_contact,0.014724,1
1789090396.002093,home_assistant,lock.front_door,0.002435,1
1789090396.00369,home_assistant,alarm_control_panel.home_alarm,0.001565,1
1789090396.0052722,home_assistant,binary_sensor.front_porch_camera_motion,0.001551,1
1789090396.006689,home_assistant,sensor.living_room_temperature,0.00139,1
1789090396.390224,smartthings_cloud,delaysteer-motion,0.383475,1
1789090396.595368,smartthings_cloud,Office Smart Light,0.205102,1
1789090396.811319,smartthings_cloud,Laundryroom/Mudroom Smart Light,0.215908,1
1789090397.0232189,smartthings_cloud,Online Status Monitor,0.211878,1
1789090427.0431712,home_assistant,binary_sensor.front_door_contact,0.0165,1
1789090427.0463822,home_assistant,lock.front_door,0.003111,1
1789090427.0494962,home_assistant,alarm_control_panel.home_alarm,0.00307,1
1789090427.053717,home_assistant,binary_sensor.front_porch_camera_motion,0.004188,1
1789090427.057188,home_assistant,sensor.living_room_temperature,0.003439,1
1789090427.274362,smartthings_cloud,delaysteer-motion,0.217126,1
1789090427.505834,smartthings_cloud,Office Smart Light,0.231415,1
1789090427.6908941,smartthings_cloud,Laundryroom/Mudroom Smart Light,0.185025,1
1789090427.9007308,smartthings_cloud,Online Status Monitor,0.209799,1
1789090457.913855,home_assistant,binary_sensor.front_door_contact,0.009022,1
1789090457.916172,home_assistant,lock.front_door,0.002186,1
1789090457.917944,home_assistant,alarm_control_panel.home_alarm,0.001739,1
1789090457.919905,home_assistant,binary_sensor.front_porch_camera_motion,0.001924,1
1789090457.921719,home_assistant,sensor.living_room_temperature,0.001779,1
1789090458.128145,smartthings_cloud,delaysteer-motion,0.20638,1
1789090458.329621,smartthings_cloud,Office Smart Light,0.20143,1
1789090458.5229251,smartthings_cloud,Laundryroom/Mudroom Smart Light,0.193255,1
1789090458.690119,smartthings_cloud,Online Status Monitor,0.167166,1
1789090488.703269,home_assistant,binary_sensor.front_door_contact,0.008097,1
1789090488.705396,home_assistant,lock.front_door,0.002059,1
1789090488.707448,home_assistant,alarm_control_panel.home_alarm,0.002036,1
1789090488.709452,home_assistant,binary_sensor.front_porch_camera_motion,0.001989,1
1789090488.7116458,home_assistant,sensor.living_room_temperature,0.002177,1
1789090488.935801,smartthings_cloud,delaysteer-motion,0.224136,1
1789090489.1529,smartthings_cloud,Office Smart Light,0.217048,1
1789090489.328086,smartthings_cloud,Laundryroom/Mudroom Smart Light,0.175149,1
1789090489.52688,smartthings_cloud,Online Status Monitor,0.198757,1
1789090519.5403378,home_assistant,binary_sensor.front_door_contact,0.010057,1
1789090519.544182,home_assistant,lock.front_door,0.003609,1
1789090519.5484369,home_assistant,alarm_control_panel.home_alarm,0.004221,1
1789090519.552108,home_assistant,binary_sensor.front_porch_camera_motion,0.003633,1
1789090519.555871,home_assistant,sensor.living_room_temperature,0.003724,1
1789090519.850071,smartthings_cloud,delaysteer-motion,0.294128,1
1789090520.097596,smartthings_cloud,Office Smart Light,0.247464,1
1789090520.319541,smartthings_cloud,Laundryroom/Mudroom Smart Light,0.221901,1
1789090520.6000588,smartthings_cloud,Online Status Monitor,0.280476,1
1789090550.622647,home_assistant,binary_sensor.front_door_contact,0.017007,1
1789090550.62533,home_assistant,lock.front_door,0.002569,1
1789090550.628166,home_assistant,alarm_control_panel.home_alarm,0.002797,1
1789090550.630663,home_assistant,binary_sensor.front_porch_camera_motion,0.002472,1
1789090550.633013,home_assistant,sensor.living_room_temperature,0.002333,1
1789090550.865867,smartthings_cloud,delaysteer-motion,0.232819,1
1789090551.050324,smartthings_cloud,Office Smart Light,0.18441,1
1789090551.281726,smartthings_cloud,Laundryroom/Mudroom Smart Light,0.231351,1
1789090551.5071208,smartthings_cloud,Online Status Monitor,0.225353,1
1789090581.518124,home_assistant,binary_sensor.front_door_contact,0.007514,1
1789090581.519765,home_assistant,lock.front_door,0.001542,1
1789090581.522424,home_assistant,alarm_control_panel.home_alarm,0.002631,1
1789090581.523814,home_assistant,binary_sensor.front_porch_camera_motion,0.001351,1
1789090581.525635,home_assistant,sensor.living_room_temperature,0.001801,1
1789090581.727883,smartthings_cloud,delaysteer-motion,0.202204,1
1789090582.000812,smartthings_cloud,Office Smart Light,0.272874,1
1789090582.207102,smartthings_cloud,Laundryroom/Mudroom Smart Light,0.206254,1
1789090582.407234,smartthings_cloud,Online Status Monitor,0.20009,1
1789090612.4189062,home_assistant,binary_sensor.front_door_contact,0.009228,1
1789090612.420733,home_assistant,lock.front_door,0.001736,1
1789090612.422195,home_assistant,alarm_control_panel.home_alarm,0.00144,1
1789090612.423619,home_assistant,binary_sensor.front_porch_camera_motion,0.001401,1
1789090612.424843,home_assistant,sensor.living_room_temperature,0.001202,1
1789090612.681631,smartthings_cloud,delaysteer-motion,0.256759,1
1789090612.868837,smartthings_cloud,Office Smart Light,0.187126,1
1789090613.088255,smartthings_cloud,Laundryroom/Mudroom Smart Light,0.21937,1
1789090613.250432,smartthings_cloud,Online Status Monitor,0.162127,1
1789090643.262837,home_assistant,binary_sensor.front_door_contact,0.00888,1
1789090643.264255,home_assistant,lock.front_door,0.001358,1
1789090643.2660658,home_assistant,alarm_control_panel.home_alarm,0.001802,1
1789090643.267066,home_assistant,binary_sensor.front_porch_camera_motion,0.000992,1
1789090643.268043,home_assistant,sensor.living_room_temperature,0.000972,1
1789090643.42854,smartthings_cloud,delaysteer-motion,0.160485,1
1789090643.60387,smartthings_cloud,Office Smart Light,0.175267,1
1789090643.7992089,smartthings_cloud,Laundryroom/Mudroom Smart Light,0.195284,1
1789090643.970933,smartthings_cloud,Online Status Monitor,0.171674,1
1789090673.979659,home_assistant,binary_sensor.front_door_contact,0.005986,1
1789090673.981475,home_assistant,lock.front_door,0.001717,1
1789090673.982938,home_assistant,alarm_control_panel.home_alarm,0.001433,1
1789090673.985474,home_assistant,binary_sensor.front_porch_camera_motion,0.002509,1
1789090673.987564,home_assistant,sensor.living_room_temperature,0.002058,1
1789090674.2054121,smartthings_cloud,delaysteer-motion,0.217795,1
1789090674.45439,smartthings_cloud,Office Smart Light,0.24893,1
1789090674.6805959,smartthings_cloud,Laundryroom/Mudroom Smart Light,0.226166,1
1789090674.8381498,smartthings_cloud,Online Status Monitor,0.15751,1
1789090704.8521001,home_assistant,binary_sensor.front_door_contact,0.009174,1
1789090704.856287,home_assistant,lock.front_door,0.004082,1
1789090704.8593721,home_assistant,alarm_control_panel.home_alarm,0.003049,1
1789090704.862252,home_assistant,binary_sensor.front_porch_camera_motion,0.002845,1
1789090704.8652859,home_assistant,sensor.living_room_temperature,0.003001,1
1789090705.144873,smartthings_cloud,delaysteer-motion,0.27954,1
1789090705.3251069,smartthings_cloud,Office Smart Light,0.180162,1
1789090705.515321,smartthings_cloud,Laundryroom/Mudroom Smart Light,0.190169,1
1789090705.7957199,smartthings_cloud,Online Status Monitor,0.280361,1
1789090735.8098,home_assistant,binary_sensor.front_door_contact,0.00996,1
1789090735.813388,home_assistant,lock.front_door,0.003468,1
1789090735.816475,home_assistant,alarm_control_panel.home_alarm,0.003053,1
1789090735.819674,home_assistant,binary_sensor.front_porch_camera_motion,0.003162,1
1789090735.823255,home_assistant,sensor.living_room_temperature,0.003546,1
1789090735.999491,smartthings_cloud,delaysteer-motion,0.176188,1
1789090736.215064,smartthings_cloud,Office Smart Light,0.215496,1
1789090736.452626,smartthings_cloud,Laundryroom/Mudroom Smart Light,0.237512,1
1789090736.648329,smartthings_cloud,Online Status Monitor,0.195659,1
1789090766.663214,home_assistant,binary_sensor.front_door_contact,0.009296,1
1789090766.6664839,home_assistant,lock.front_door,0.003167,1
1789090766.6700952,home_assistant,alarm_control_panel.home_alarm,0.003575,1
1789090766.673125,home_assistant,binary_sensor.front_porch_camera_motion,0.002994,1
1789090766.676708,home_assistant,sensor.living_room_temperature,0.003545,1
1789090766.861791,smartthings_cloud,delaysteer-motion,0.185038,1
1789090767.050281,smartthings_cloud,Office Smart Light,0.188419,1
1789090767.252649,smartthings_cloud,Laundryroom/Mudroom Smart Light,0.202325,1
1789090767.4528441,smartthings_cloud,Online Status Monitor,0.200146,1
1789090797.4669619,home_assistant,binary_sensor.front_door_contact,0.009533,1
1789090797.4714298,home_assistant,lock.front_door,0.00436,1
1789090797.475699,home_assistant,alarm_control_panel.home_alarm,0.004225,1
1789090797.4788501,home_assistant,binary_sensor.front_porch_camera_motion,0.003116,1
1789090797.482374,home_assistant,sensor.living_room_temperature,0.00349,1
1789090797.7127428,smartthings_cloud,delaysteer-motion,0.230312,1
1789090797.8719769,smartthings_cloud,Office Smart Light,0.159184,1
1789090798.0758579,smartthings_cloud,Laundryroom/Mudroom Smart Light,0.203812,1
1789090798.2593431,smartthings_cloud,Online Status Monitor,0.183446,1
1789090828.294061,home_assistant,binary_sensor.front_door_contact,0.024082,1
1789090828.2980502,home_assistant,lock.front_door,0.003791,1
1789090828.300873,home_assistant,alarm_control_panel.home_alarm,0.002788,1
1789090828.304118,home_assistant,binary_sensor.front_porch_camera_motion,0.00321,1
1789090828.3076391,home_assistant,sensor.living_room_temperature,0.003489,1
1789090828.5311282,smartthings_cloud,delaysteer-motion,0.22326,1
1789090828.823371,smartthings_cloud,Office Smart Light,0.291943,1
1789090829.062526,smartthings_cloud,Laundryroom/Mudroom Smart Light,0.238927,1
1789090829.253684,smartthings_cloud,Online Status Monitor,0.190959,1
1789090859.278949,home_assistant,binary_sensor.front_door_contact,0.012958,1
1789090859.2825558,home_assistant,lock.front_door,0.003484,1
1789090859.286517,home_assistant,alarm_control_panel.home_alarm,0.003925,1
1789090859.29014,home_assistant,binary_sensor.front_porch_camera_motion,0.003584,1
1789090859.293304,home_assistant,sensor.living_room_temperature,0.003125,1
1789090859.456618,smartthings_cloud,delaysteer-motion,0.163246,1
1789090859.634339,smartthings_cloud,Office Smart Light,0.177631,1
1789090859.8213792,smartthings_cloud,Laundryroom/Mudroom Smart Light,0.18697,1
1789090860.036361,smartthings_cloud,Online Status Monitor,0.214909,1
1789090890.063894,home_assistant,binary_sensor.front_door_contact,0.023201,1
1789090890.0687401,home_assistant,lock.front_door,0.004597,1
1789090890.073579,home_assistant,alarm_control_panel.home_alarm,0.004806,1
1789090890.076158,home_assistant,binary_sensor.front_porch_camera_motion,0.002546,1
1789090890.0775418,home_assistant,sensor.living_room_temperature,0.001357,1
1789090890.3743622,smartthings_cloud,delaysteer-motion,0.296772,1
1789090890.575244,smartthings_cloud,Office Smart Light,0.200836,1
1789090890.752707,smartthings_cloud,Laundryroom/Mudroom Smart Light,0.177432,1
1789090890.934169,smartthings_cloud,Online Status Monitor,0.181423,1
1789090920.948805,home_assistant,binary_sensor.front_door_contact,0.010451,1
1789090920.953036,home_assistant,lock.front_door,0.0041,1
1789090920.9564211,home_assistant,alarm_control_panel.home_alarm,0.00335,1
1789090920.959983,home_assistant,binary_sensor.front_porch_camera_motion,0.003524,1
1789090920.962914,home_assistant,sensor.living_room_temperature,0.002898,1
1789090921.173907,smartthings_cloud,delaysteer-motion,0.210943,1
1789090921.3704069,smartthings_cloud,Office Smart Light,0.196431,1
1789090921.569786,smartthings_cloud,Laundryroom/Mudroom Smart Light,0.199341,1
1789090921.8443651,smartthings_cloud,Online Status Monitor,0.274536,1
1789090951.869051,home_assistant,binary_sensor.front_door_contact,0.013207,1
1789090951.873455,home_assistant,lock.front_door,0.004081,1
1789090951.8774772,home_assistant,alarm_control_panel.home_alarm,0.003985,1
1789090951.88114,home_assistant,binary_sensor.front_porch_camera_motion,0.003625,1
1789090951.883967,home_assistant,sensor.living_room_temperature,0.002792,1
1789090952.101025,smartthings_cloud,delaysteer-motion,0.217001,1
1789090952.34521,smartthings_cloud,Office Smart Light,0.244127,1
1789090952.5118752,smartthings_cloud,Laundryroom/Mudroom Smart Light,0.166588,1
1789090952.7448409,smartthings_cloud,Online Status Monitor,0.232925,1
1789090982.765285,home_assistant,binary_sensor.front_door_contact,0.015114,1
1789090982.7693272,home_assistant,lock.front_door,0.003895,1
1789090982.773,home_assistant,alarm_control_panel.home_alarm,0.003635,1
1789090982.778249,home_assistant,binary_sensor.front_porch_camera_motion,0.005216,1
1789090982.782059,home_assistant,sensor.living_room_temperature,0.003769,1
1789090983.061495,smartthings_cloud,delaysteer-motion,0.279381,1
1789090983.247979,smartthings_cloud,Office Smart Light,0.186429,1
1789090983.422985,smartthings_cloud,Laundryroom/Mudroom Smart Light,0.174949,1
1789090983.7235498,smartthings_cloud,Online Status Monitor,0.300509,1
1789091013.745295,home_assistant,binary_sensor.front_door_contact,0.010669,1
1789091013.749231,home_assistant,lock.front_door,0.003781,1
1789091013.752198,home_assistant,alarm_control_panel.home_alarm,0.002929,1
1789091013.755156,home_assistant,binary_sensor.front_porch_camera_motion,0.002922,1
1789091013.7584069,home_assistant,sensor.living_room_temperature,0.003217,1
1789091014.017589,smartthings_cloud,delaysteer-motion,0.259122,1
1789091014.230043,smartthings_cloud,Office Smart Light,0.212368,1
1789091014.413963,smartthings_cloud,Laundryroom/Mudroom Smart Light,0.183885,1
1789091014.657878,smartthings_cloud,Online Status Monitor,0.243877,1
1789091044.687347,home_assistant,binary_sensor.front_door_contact,0.017899,1
1789091044.692229,home_assistant,lock.front_door,0.004555,1
1789091044.695185,home_assistant,alarm_control_panel.home_alarm,0.002924,1
1789091044.698124,home_assistant,binary_sensor.front_porch_camera_motion,0.002912,1
1789091044.7015328,home_assistant,sensor.living_room_temperature,0.003378,1
1789091044.8887491,smartthings_cloud,delaysteer-motion,0.187172,1
1789091045.0870001,smartthings_cloud,Office Smart Light,0.198215,1
1789091045.28416,smartthings_cloud,Laundryroom/Mudroom Smart Light,0.197126,1
1789091045.496063,smartthings_cloud,Online Status Monitor,0.211857,1
1789091075.51558,home_assistant,binary_sensor.front_door_contact,0.011177,1
1789091075.517844,home_assistant,lock.front_door,0.002131,1
1789091075.519629,home_assistant,alarm_control_panel.home_alarm,0.001755,1
1789091075.521645,home_assistant,binary_sensor.front_porch_camera_motion,0.001993,1
1789091075.523838,home_assistant,sensor.living_room_temperature,0.002149,1
1789091075.755581,smartthings_cloud,delaysteer-motion,0.231693,1
1789091075.957555,smartthings_cloud,Office Smart Light,0.201892,1
1789091076.152729,smartthings_cloud,Laundryroom/Mudroom Smart Light,0.195139,1
1789091076.3602612,smartthings_cloud,Online Status Monitor,0.207495,1
1789091106.372591,home_assistant,binary_sensor.front_door_contact,0.008353,1
1789091106.37611,home_assistant,lock.front_door,0.003425,1
1789091106.3790011,home_assistant,alarm_control_panel.home_alarm,0.002858,1
1789091106.3822982,home_assistant,binary_sensor.front_porch_camera_motion,0.003263,1
1789091106.385298,home_assistant,sensor.living_room_temperature,0.002963,1
1789091106.670351,smartthings_cloud,delaysteer-motion,0.28501,1
1789091106.871541,smartthings_cloud,Office Smart Light,0.20115,1
1789091107.0630882,smartthings_cloud,Laundryroom/Mudroom Smart Light,0.191494,1
1789091107.270907,smartthings_cloud,Online Status Monitor,0.207791,1
1789091137.292716,home_assistant,binary_sensor.front_door_contact,0.012278,1
1789091137.296094,home_assistant,lock.front_door,0.003268,1
1789091137.300137,home_assistant,alarm_control_panel.home_alarm,0.004007,1
1789091137.303113,home_assistant,binary_sensor.front_porch_camera_motion,0.002942,1
1789091137.30608,home_assistant,sensor.living_room_temperature,0.002931,1
1789091137.5296462,smartthings_cloud,delaysteer-motion,0.223507,1
1789091137.6962922,smartthings_cloud,Office Smart Light,0.166601,1
1789091137.857533,smartthings_cloud,Laundryroom/Mudroom Smart Light,0.161205,1
1789091138.059098,smartthings_cloud,Online Status Monitor,0.201519,1
1789091168.084554,home_assistant,binary_sensor.front_door_contact,0.014549,1
1789091168.088455,home_assistant,lock.front_door,0.003784,1
1789091168.091767,home_assistant,alarm_control_panel.home_alarm,0.003276,1
1789091168.096336,home_assistant,binary_sensor.front_porch_camera_motion,0.004532,1
1789091168.099672,home_assistant,sensor.living_room_temperature,0.003296,1
1789091168.339512,smartthings_cloud,delaysteer-motion,0.239778,1
1789091168.4876611,smartthings_cloud,Office Smart Light,0.148073,1
1789091168.666539,smartthings_cloud,Laundryroom/Mudroom Smart Light,0.17884,1
1789091168.825802,smartthings_cloud,Online Status Monitor,0.159213,1
1789091198.841336,home_assistant,binary_sensor.front_door_contact,0.012185,1
1789091198.844177,home_assistant,lock.front_door,0.002733,1
1789091198.847318,home_assistant,alarm_control_panel.home_alarm,0.003115,1
1789091198.849916,home_assistant,binary_sensor.front_porch_camera_motion,0.002572,1
1789091198.85278,home_assistant,sensor.living_room_temperature,0.002836,1
1789091199.0710652,smartthings_cloud,delaysteer-motion,0.218249,1
1789091199.2655401,smartthings_cloud,Office Smart Light,0.194434,1
1789091199.446042,smartthings_cloud,Laundryroom/Mudroom Smart Light,0.180452,1
1789091199.7093482,smartthings_cloud,Online Status Monitor,0.263276,1
1789091229.729216,home_assistant,binary_sensor.front_door_contact,0.009738,1
1789091229.7320352,home_assistant,lock.front_door,0.002724,1
1789091229.734704,home_assistant,alarm_control_panel.home_alarm,0.002649,1
1789091229.737653,home_assistant,binary_sensor.front_porch_camera_motion,0.002935,1
1789091229.7402902,home_assistant,sensor.living_room_temperature,0.002616,1
1789091229.927399,smartthings_cloud,delaysteer-motion,0.187084,1
1789091230.096714,smartthings_cloud,Office Smart Light,0.169278,1
1789091230.316092,smartthings_cloud,Laundryroom/Mudroom Smart Light,0.219339,1
1789091230.505941,smartthings_cloud,Online Status Monitor,0.189809,1
1789091260.524771,home_assistant,binary_sensor.front_door_contact,0.012296,1
1789091260.527791,home_assistant,lock.front_door,0.002911,1
1789091260.531009,home_assistant,alarm_control_panel.home_alarm,0.003184,1
1789091260.533831,home_assistant,binary_sensor.front_porch_camera_motion,0.002786,1
1789091260.5364952,home_assistant,sensor.living_room_temperature,0.002628,1
1789091260.780747,smartthings_cloud,delaysteer-motion,0.244198,1
1789091261.028008,smartthings_cloud,Office Smart Light,0.247185,1
1789091261.2340329,smartthings_cloud,Laundryroom/Mudroom Smart Light,0.205973,1
1789091261.4235232,smartthings_cloud,Online Status Monitor,0.189435,1
1789091291.442436,home_assistant,binary_sensor.front_door_contact,0.012323,1
1789091291.446892,home_assistant,lock.front_door,0.004182,1
1789091291.4492002,home_assistant,alarm_control_panel.home_alarm,0.002274,1
1789091291.451215,home_assistant,binary_sensor.front_porch_camera_motion,0.001978,1
1789091291.453433,home_assistant,sensor.living_room_temperature,0.002185,1
1789091291.728172,smartthings_cloud,delaysteer-motion,0.274678,1
1789091291.9385998,smartthings_cloud,Office Smart Light,0.210346,1
1789091292.159629,smartthings_cloud,Laundryroom/Mudroom Smart Light,0.220978,1
1789091292.3567748,smartthings_cloud,Online Status Monitor,0.197106,1
1789091322.376425,home_assistant,binary_sensor.front_door_contact,0.010023,1
1789091322.380028,home_assistant,lock.front_door,0.0035,1
1789091322.383297,home_assistant,alarm_control_panel.home_alarm,0.003232,1
1789091322.3863318,home_assistant,binary_sensor.front_porch_camera_motion,0.003002,1
1789091322.3906188,home_assistant,sensor.living_room_temperature,0.004251,1
1789091322.5713012,smartthings_cloud,delaysteer-motion,0.180633,1
1789091322.881836,smartthings_cloud,Office Smart Light,0.310481,1
1789091323.099107,smartthings_cloud,Laundryroom/Mudroom Smart Light,0.21723,1
1789091323.268262,smartthings_cloud,Online Status Monitor,0.169112,1
1789091353.285548,home_assistant,binary_sensor.front_door_contact,0.009209,1
1789091353.2876868,home_assistant,lock.front_door,0.001912,1
1789091353.288959,home_assistant,alarm_control_panel.home_alarm,0.001243,1
1789091353.29164,home_assistant,binary_sensor.front_porch_camera_motion,0.002662,1
1789091353.293153,home_assistant,sensor.living_room_temperature,0.001478,1
1789091353.505089,smartthings_cloud,delaysteer-motion,0.211895,1
1789091353.72875,smartthings_cloud,Office Smart Light,0.223621,1
1789091353.933755,smartthings_cloud,Laundryroom/Mudroom Smart Light,0.204954,1
1789091354.10792,smartthings_cloud,Online Status Monitor,0.174109,1
1789091384.1259809,home_assistant,binary_sensor.front_door_contact,0.009413,1
1789091384.129161,home_assistant,lock.front_door,0.002992,1
1789091384.131953,home_assistant,alarm_control_panel.home_alarm,0.002761,1
1789091384.1348429,home_assistant,binary_sensor.front_porch_camera_motion,0.002861,1
1789091384.137573,home_assistant,sensor.living_room_temperature,0.002699,1
1789091384.4750552,smartthings_cloud,delaysteer-motion,0.337439,1
1789091384.831632,smartthings_cloud,Office Smart Light,0.35652,1
1789091385.128638,smartthings_cloud,Laundryroom/Mudroom Smart Light,0.296983,1
1789091385.347679,smartthings_cloud,Online Status Monitor,0.219007,1
1789091415.370531,home_assistant,binary_sensor.front_door_contact,0.01311,1
1789091415.3744168,home_assistant,lock.front_door,0.003791,1
1789091415.377068,home_assistant,alarm_control_panel.home_alarm,0.002627,1
1789091415.379661,home_assistant,binary_sensor.front_porch_camera_motion,0.002578,1
1789091415.38254,home_assistant,sensor.living_room_temperature,0.002856,1
1789091415.661013,smartthings_cloud,delaysteer-motion,0.278429,1
1789091415.866905,smartthings_cloud,Office Smart Light,0.205856,1
1789091416.036855,smartthings_cloud,Laundryroom/Mudroom Smart Light,0.169908,1
1789091416.246382,smartthings_cloud,Online Status Monitor,0.209486,1
1789091446.264781,home_assistant,binary_sensor.front_door_contact,0.010896,1
1789091446.266813,home_assistant,lock.front_door,0.001927,1
1789091446.268376,home_assistant,alarm_control_panel.home_alarm,0.00153,1
1789091446.2699578,home_assistant,binary_sensor.front_porch_camera_motion,0.00155,1
1789091446.271679,home_assistant,sensor.living_room_temperature,0.001691,1
1789091446.535239,smartthings_cloud,delaysteer-motion,0.263512,1
1789091446.7383091,smartthings_cloud,Office Smart Light,0.203001,1
1789091447.020252,smartthings_cloud,Laundryroom/Mudroom Smart Light,0.281899,1
1789091447.2378,smartthings_cloud,Online Status Monitor,0.217511,1
1789091477.252074,home_assistant,binary_sensor.front_door_contact,0.005801,1
1789091477.253729,home_assistant,lock.front_door,0.001563,1
1789091477.255053,home_assistant,alarm_control_panel.home_alarm,0.001301,1
1789091477.256247,home_assistant,binary_sensor.front_porch_camera_motion,0.001174,1
1789091477.258077,home_assistant,sensor.living_room_temperature,0.001815,1
1789091477.944524,smartthings_cloud,delaysteer-motion,0.68641,1
1789091478.1753228,smartthings_cloud,Office Smart Light,0.23073,1
1789091478.351052,smartthings_cloud,Laundryroom/Mudroom Smart Light,0.175682,1
1789091478.579154,smartthings_cloud,Online Status Monitor,0.228047,1
1789091508.608625,home_assistant,binary_sensor.front_door_contact,0.021885,1
1789091508.612629,home_assistant,lock.front_door,0.003891,1
1789091508.6151621,home_assistant,alarm_control_panel.home_alarm,0.002502,1
1789091508.6170518,home_assistant,binary_sensor.front_porch_camera_motion,0.001863,1
1789091508.6189911,home_assistant,sensor.living_room_temperature,0.001918,1
1789091508.805341,smartthings_cloud,delaysteer-motion,0.186318,1
1789091509.024547,smartthings_cloud,Office Smart Light,0.219142,1
1789091509.2111092,smartthings_cloud,Laundryroom/Mudroom Smart Light,0.186518,1
1789091509.389389,smartthings_cloud,Online Status Monitor,0.178248,1
1789091539.407305,home_assistant,binary_sensor.front_door_contact,0.009131,1
1789091539.410939,home_assistant,lock.front_door,0.003534,1
1789091539.41485,home_assistant,alarm_control_panel.home_alarm,0.003873,1
1789091539.418645,home_assistant,binary_sensor.front_porch_camera_motion,0.003763,1
1789091539.421857,home_assistant,sensor.living_room_temperature,0.003181,1
1789091539.714507,smartthings_cloud,delaysteer-motion,0.292598,1
1789091539.922814,smartthings_cloud,Office Smart Light,0.208258,1
1789091540.130615,smartthings_cloud,Laundryroom/Mudroom Smart Light,0.207764,1
1789091540.369136,smartthings_cloud,Online Status Monitor,0.238468,1
1789091570.3877451,home_assistant,binary_sensor.front_door_contact,0.011282,1
1789091570.391194,home_assistant,lock.front_door,0.003318,1
1789091570.3939798,home_assistant,alarm_control_panel.home_alarm,0.002743,1
1789091570.396029,home_assistant,binary_sensor.front_porch_camera_motion,0.002021,1
1789091570.397801,home_assistant,sensor.living_room_temperature,0.001757,1
1789091570.561291,smartthings_cloud,delaysteer-motion,0.163462,1
1789091570.76071,smartthings_cloud,Office Smart Light,0.199364,1
1789091571.014741,smartthings_cloud,Laundryroom/Mudroom Smart Light,0.25398,1
1789091571.246309,smartthings_cloud,Online Status Monitor,0.23152,1
1789091601.266816,home_assistant,binary_sensor.front_door_contact,0.011946,1
1789091601.2702432,home_assistant,lock.front_door,0.003319,1
1789091601.2743402,home_assistant,alarm_control_panel.home_alarm,0.004067,1
1789091601.277117,home_assistant,binary_sensor.front_porch_camera_motion,0.002748,1
1789091601.279881,home_assistant,sensor.living_room_temperature,0.002731,1
1789091601.5357351,smartthings_cloud,delaysteer-motion,0.255808,1
1789091601.737464,smartthings_cloud,Office Smart Light,0.201695,1
1789091601.930332,smartthings_cloud,Laundryroom/Mudroom Smart Light,0.192816,1
1789091602.2405949,smartthings_cloud,Online Status Monitor,0.310211,1
1789091632.259978,home_assistant,binary_sensor.front_door_contact,0.008662,1
1789091632.263516,home_assistant,lock.front_door,0.003389,1
1789091632.266942,home_assistant,alarm_control_panel.home_alarm,0.003391,1
1789091632.2708201,home_assistant,binary_sensor.front_porch_camera_motion,0.003843,1
1789091632.275367,home_assistant,sensor.living_room_temperature,0.004511,1
1789091632.5529642,smartthings_cloud,delaysteer-motion,0.277362,1
1789091632.7782059,smartthings_cloud,Office Smart Light,0.225206,1
1789091632.973651,smartthings_cloud,Laundryroom/Mudroom Smart Light,0.195411,1
1789091633.205963,smartthings_cloud,Online Status Monitor,0.232263,1
1789091663.223416,home_assistant,binary_sensor.front_door_contact,0.009894,1
1789091663.227128,home_assistant,lock.front_door,0.003588,1
1789091663.231023,home_assistant,alarm_control_panel.home_alarm,0.003855,1
1789091663.234186,home_assistant,binary_sensor.front_porch_camera_motion,0.003128,1
1789091663.237192,home_assistant,sensor.living_room_temperature,0.002968,1
1789091663.54395,smartthings_cloud,delaysteer-motion,0.306708,1
1789091663.774694,smartthings_cloud,Office Smart Light,0.230704,1
1789091663.994669,smartthings_cloud,Laundryroom/Mudroom Smart Light,0.219931,1
1789091664.2061791,smartthings_cloud,Online Status Monitor,0.211478,1
1789091694.23069,home_assistant,binary_sensor.front_door_contact,0.01413,1
1789091694.2341802,home_assistant,lock.front_door,0.003381,1
1789091694.237236,home_assistant,alarm_control_panel.home_alarm,0.003022,1
1789091694.241645,home_assistant,binary_sensor.front_porch_camera_motion,0.004371,1
1789091694.2447,home_assistant,sensor.living_room_temperature,0.003018,1
1789091694.504864,smartthings_cloud,delaysteer-motion,0.260108,1
1789091694.762802,smartthings_cloud,Office Smart Light,0.257887,1
1789091695.120946,smartthings_cloud,Laundryroom/Mudroom Smart Light,0.358091,1
1789091695.3063512,smartthings_cloud,Online Status Monitor,0.185351,1
1789091725.339046,home_assistant,binary_sensor.front_door_contact,0.028206,1
1789091725.342515,home_assistant,lock.front_door,0.003392,1
1789091725.347156,home_assistant,alarm_control_panel.home_alarm,0.004626,1
1789091725.350121,home_assistant,binary_sensor.front_porch_camera_motion,0.002945,1
1789091725.352319,home_assistant,sensor.living_room_temperature,0.002184,1
1789091725.638113,smartthings_cloud,delaysteer-motion,0.285761,1
1789091725.897283,smartthings_cloud,Office Smart Light,0.259116,1
1789091726.102991,smartthings_cloud,Laundryroom/Mudroom Smart Light,0.205649,1
1789091726.360717,smartthings_cloud,Online Status Monitor,0.257673,1
1789091756.376182,home_assistant,binary_sensor.front_door_contact,0.007993,1
1789091756.379203,home_assistant,lock.front_door,0.002788,1
1789091756.3815858,home_assistant,alarm_control_panel.home_alarm,0.002355,1
1789091756.38478,home_assistant,binary_sensor.front_porch_camera_motion,0.003166,1
1789091756.387281,home_assistant,sensor.living_room_temperature,0.002468,1
1789091756.584527,smartthings_cloud,delaysteer-motion,0.1972,1
1789091756.836284,smartthings_cloud,Office Smart Light,0.251728,1
1789091757.0575628,smartthings_cloud,Laundryroom/Mudroom Smart Light,0.221244,1
1789091757.2417011,smartthings_cloud,Online Status Monitor,0.184108,1
1789091787.255502,home_assistant,binary_sensor.front_door_contact,0.011179,1
1789091787.2588642,home_assistant,lock.front_door,0.003241,1
1789091787.262175,home_assistant,alarm_control_panel.home_alarm,0.003276,1
1789091787.266442,home_assistant,binary_sensor.front_porch_camera_motion,0.00423,1
1789091787.269544,home_assistant,sensor.living_room_temperature,0.003064,1
1789091787.4795232,smartthings_cloud,delaysteer-motion,0.209811,1
1789091787.8052402,smartthings_cloud,Office Smart Light,0.325666,1
1789091788.007164,smartthings_cloud,Laundryroom/Mudroom Smart Light,0.201869,1
1789091788.243571,smartthings_cloud,Online Status Monitor,0.236351,1
1789091818.267624,home_assistant,binary_sensor.front_door_contact,0.012928,1
1789091818.272426,home_assistant,lock.front_door,0.004686,1
1789091818.276884,home_assistant,alarm_control_panel.home_alarm,0.004416,1
1789091818.286659,home_assistant,binary_sensor.front_porch_camera_motion,0.009734,1
1789091818.290859,home_assistant,sensor.living_room_temperature,0.004164,1
1789091818.531574,smartthings_cloud,delaysteer-motion,0.24066,1
1789091818.69803,smartthings_cloud,Office Smart Light,0.166409,1
1789091818.874005,smartthings_cloud,Laundryroom/Mudroom Smart Light,0.175931,1
1789091819.478736,smartthings_cloud,Online Status Monitor,0.604668,1
1789091849.495743,home_assistant,binary_sensor.front_door_contact,0.008546,1
1789091849.4989061,home_assistant,lock.front_door,0.003046,1
1789091849.501674,home_assistant,alarm_control_panel.home_alarm,0.002736,1
1789091849.504291,home_assistant,binary_sensor.front_porch_camera_motion,0.002588,1
1789091849.5069041,home_assistant,sensor.living_room_temperature,0.002584,1
1789091849.7134662,smartthings_cloud,delaysteer-motion,0.206523,1
1789091849.894586,smartthings_cloud,Office Smart Light,0.181087,1
1789091850.062289,smartthings_cloud,Laundryroom/Mudroom Smart Light,0.16767,1
1789091850.2603269,smartthings_cloud,Online Status Monitor,0.198005,1
1789091880.279535,home_assistant,binary_sensor.front_door_contact,0.011873,1
1789091880.281968,home_assistant,lock.front_door,0.002346,1
1789091880.284849,home_assistant,alarm_control_panel.home_alarm,0.002854,1
1789091880.288811,home_assistant,binary_sensor.front_porch_camera_motion,0.003932,1
1789091880.2904031,home_assistant,sensor.living_room_temperature,0.001562,1
1789091880.4785569,smartthings_cloud,delaysteer-motion,0.188111,1
1789091880.668643,smartthings_cloud,Office Smart Light,0.190057,1
1789091880.939713,smartthings_cloud,Laundryroom/Mudroom Smart Light,0.271034,1
1789091881.1267571,smartthings_cloud,Online Status Monitor,0.186999,1
1789091911.1454232,home_assistant,binary_sensor.front_door_contact,0.007551,1
1789091911.146982,home_assistant,lock.front_door,0.001477,1
1789091911.148753,home_assistant,alarm_control_panel.home_alarm,0.001747,1
1789091911.150124,home_assistant,binary_sensor.front_porch_camera_motion,0.001348,1
1789091911.151382,home_assistant,sensor.living_room_temperature,0.001233,1
1789091911.543359,smartthings_cloud,delaysteer-motion,0.391942,1
1789091911.742306,smartthings_cloud,Office Smart Light,0.198901,1
1789091911.928797,smartthings_cloud,Laundryroom/Mudroom Smart Light,0.18646,1
1789091912.132035,smartthings_cloud,Online Status Monitor,0.20319,1
1789091942.1582668,home_assistant,binary_sensor.front_door_contact,0.011081,1
1789091942.159937,home_assistant,lock.front_door,0.001582,1
1789091942.162634,home_assistant,alarm_control_panel.home_alarm,0.002661,1
1789091942.164483,home_assistant,binary_sensor.front_porch_camera_motion,0.00182,1
1789091942.165869,home_assistant,sensor.living_room_temperature,0.00136,1
1789091942.413255,smartthings_cloud,delaysteer-motion,0.247252,1
1789091942.676927,smartthings_cloud,Office Smart Light,0.263534,1
1789091942.9357572,smartthings_cloud,Laundryroom/Mudroom Smart Light,0.258702,1
1789091943.124754,smartthings_cloud,Online Status Monitor,0.188892,1
1789091973.160032,home_assistant,binary_sensor.front_door_contact,0.021241,1
1789091973.1673899,home_assistant,lock.front_door,0.006974,1
1789091973.174367,home_assistant,alarm_control_panel.home_alarm,0.006956,1
1789091973.1793869,home_assistant,binary_sensor.front_porch_camera_motion,0.004998,1
1789091973.183723,home_assistant,sensor.living_room_temperature,0.004313,1
1789091973.37347,smartthings_cloud,delaysteer-motion,0.189694,1
1789091973.5580318,smartthings_cloud,Office Smart Light,0.184516,1
1789091973.726348,smartthings_cloud,Laundryroom/Mudroom Smart Light,0.168271,1
1789091973.9930692,smartthings_cloud,Online Status Monitor,0.266665,1
1789092004.014844,home_assistant,binary_sensor.front_door_contact,0.012188,1
1789092004.016543,home_assistant,lock.front_door,0.001614,1
1789092004.01826,home_assistant,alarm_control_panel.home_alarm,0.001692,1
1789092004.0204952,home_assistant,binary_sensor.front_porch_camera_motion,0.002207,1
1789092004.02226,home_assistant,sensor.living_room_temperature,0.001737,1
1789092004.4173079,smartthings_cloud,delaysteer-motion,0.394973,1
1789092004.8078458,smartthings_cloud,Office Smart Light,0.390494,1
1789092005.001031,smartthings_cloud,Laundryroom/Mudroom Smart Light,0.193136,1
1789092005.237526,smartthings_cloud,Online Status Monitor,0.236445,1
1789092035.2542322,home_assistant,binary_sensor.front_door_contact,0.012907,1
1789092035.259638,home_assistant,lock.front_door,0.005301,1
1789092035.2629042,home_assistant,alarm_control_panel.home_alarm,0.00323,1
1789092035.26664,home_assistant,binary_sensor.front_porch_camera_motion,0.003702,1
1789092035.270547,home_assistant,sensor.living_room_temperature,0.003872,1
1789092035.4510562,smartthings_cloud,delaysteer-motion,0.180467,1
1789092035.624344,smartthings_cloud,Office Smart Light,0.173246,1
1789092035.815396,smartthings_cloud,Laundryroom/Mudroom Smart Light,0.191017,1
1789092035.9891572,smartthings_cloud,Online Status Monitor,0.173723,1
1789092066.0180821,home_assistant,binary_sensor.front_door_contact,0.018334,1
1789092066.021116,home_assistant,lock.front_door,0.00289,1
1789092066.0252109,home_assistant,alarm_control_panel.home_alarm,0.004044,1
1789092066.029058,home_assistant,binary_sensor.front_porch_camera_motion,0.003809,1
1789092066.033795,home_assistant,sensor.living_room_temperature,0.004699,1
1789092066.2191591,smartthings_cloud,delaysteer-motion,0.185307,1
1789092066.524523,smartthings_cloud,Office Smart Light,0.305334,1
1789092066.710913,smartthings_cloud,Laundryroom/Mudroom Smart Light,0.186353,1
1789092066.872709,smartthings_cloud,Online Status Monitor,0.161755,1
1789092096.898292,home_assistant,binary_sensor.front_door_contact,0.018229,1
1789092096.900935,home_assistant,lock.front_door,0.002559,1
1789092096.903838,home_assistant,alarm_control_panel.home_alarm,0.002884,1
1789092096.905256,home_assistant,binary_sensor.front_porch_camera_motion,0.001408,1
1789092096.9067252,home_assistant,sensor.living_room_temperature,0.001448,1
1789092097.206481,smartthings_cloud,delaysteer-motion,0.299712,1
1789092097.368835,smartthings_cloud,Office Smart Light,0.162323,1
1789092097.5518699,smartthings_cloud,Laundryroom/Mudroom Smart Light,0.18297,1
1789092097.7317388,smartthings_cloud,Online Status Monitor,0.179823,1
1789092127.759732,home_assistant,binary_sensor.front_door_contact,0.018183,1
1789092127.764997,home_assistant,lock.front_door,0.003797,1
1789092127.767103,home_assistant,alarm_control_panel.home_alarm,0.002064,1
1789092127.769731,home_assistant,binary_sensor.front_porch_camera_motion,0.002591,1
1789092127.771107,home_assistant,sensor.living_room_temperature,0.001354,1
1789092127.984809,smartthings_cloud,delaysteer-motion,0.213664,1
1789092128.211435,smartthings_cloud,Office Smart Light,0.226591,1
1789092128.4296372,smartthings_cloud,Laundryroom/Mudroom Smart Light,0.218178,1
1789092128.601604,smartthings_cloud,Online Status Monitor,0.171925,1
1789092158.624228,home_assistant,binary_sensor.front_door_contact,0.01402,1
1789092158.627585,home_assistant,lock.front_door,0.003251,1
1789092158.6312242,home_assistant,alarm_control_panel.home_alarm,0.003603,1
1789092158.636191,home_assistant,binary_sensor.front_porch_camera_motion,0.004931,1
1789092158.640269,home_assistant,sensor.living_room_temperature,0.004037,1
1789092158.81092,smartthings_cloud,delaysteer-motion,0.170598,1
1789092159.025654,smartthings_cloud,Office Smart Light,0.214696,1
1789092159.2003489,smartthings_cloud,Laundryroom/Mudroom Smart Light,0.174655,1
1789092159.3649962,smartthings_cloud,Online Status Monitor,0.164615,1
1789092189.383762,home_assistant,binary_sensor.front_door_contact,0.013378,1
1789092189.386932,home_assistant,lock.front_door,0.003065,1
1789092189.389621,home_assistant,alarm_control_panel.home_alarm,0.002661,1
1789092189.3930528,home_assistant,binary_sensor.front_porch_camera_motion,0.003404,1
1789092189.395805,home_assistant,sensor.living_room_temperature,0.002722,1
1789092189.674028,smartthings_cloud,delaysteer-motion,0.278178,1
1789092189.829462,smartthings_cloud,Office Smart Light,0.155405,1
1789092190.0065112,smartthings_cloud,Laundryroom/Mudroom Smart Light,0.17702,1
1789092190.209594,smartthings_cloud,Online Status Monitor,0.203051,1
1789092220.226787,home_assistant,binary_sensor.front_door_contact,0.013203,1
1789092220.2302022,home_assistant,lock.front_door,0.003295,1
1789092220.2334578,home_assistant,alarm_control_panel.home_alarm,0.003218,1
1789092220.236324,home_assistant,binary_sensor.front_porch_camera_motion,0.002831,1
1789092220.249145,home_assistant,sensor.living_room_temperature,0.012784,1
1789092220.499709,smartthings_cloud,delaysteer-motion,0.249691,1
1789092220.705384,smartthings_cloud,Office Smart Light,0.205625,1
1789092220.8924549,smartthings_cloud,Laundryroom/Mudroom Smart Light,0.187018,1
1789092221.100234,smartthings_cloud,Online Status Monitor,0.207726,1
1789092251.126501,home_assistant,binary_sensor.front_door_contact,0.017445,1
1789092251.130351,home_assistant,lock.front_door,0.003742,1
1789092251.132997,home_assistant,alarm_control_panel.home_alarm,0.002618,1
1789092251.135366,home_assistant,binary_sensor.front_porch_camera_motion,0.002337,1
1789092251.1388512,home_assistant,sensor.living_room_temperature,0.003459,1
1789092251.3227751,smartthings_cloud,delaysteer-motion,0.18388,1
1789092251.5296881,smartthings_cloud,Office Smart Light,0.206868,1
1789092251.6878562,smartthings_cloud,Laundryroom/Mudroom Smart Light,0.158134,1
1789092251.927159,smartthings_cloud,Online Status Monitor,0.239256,1
1789092281.950989,home_assistant,binary_sensor.front_door_contact,0.015099,1
1789092281.962084,home_assistant,lock.front_door,0.008313,1
1789092281.9700649,home_assistant,alarm_control_panel.home_alarm,0.007902,1
1789092281.974786,home_assistant,binary_sensor.front_porch_camera_motion,0.004693,1
1789092281.9781919,home_assistant,sensor.living_room_temperature,0.003387,1
1789092282.282075,smartthings_cloud,delaysteer-motion,0.303847,1
1789092282.4577239,smartthings_cloud,Office Smart Light,0.175611,1
1789092282.630763,smartthings_cloud,Laundryroom/Mudroom Smart Light,0.173,1
1789092282.844317,smartthings_cloud,Online Status Monitor,0.213515,1
1789092312.8623948,home_assistant,binary_sensor.front_door_contact,0.011931,1
1789092312.8670368,home_assistant,lock.front_door,0.00452,1
1789092312.87032,home_assistant,alarm_control_panel.home_alarm,0.003246,1
1789092312.873445,home_assistant,binary_sensor.front_porch_camera_motion,0.003085,1
1789092312.877633,home_assistant,sensor.living_room_temperature,0.004148,1
1789092313.102533,smartthings_cloud,delaysteer-motion,0.224846,1
1789092313.324193,smartthings_cloud,Office Smart Light,0.221602,1
1789092313.490039,smartthings_cloud,Laundryroom/Mudroom Smart Light,0.165796,1
1789092313.661609,smartthings_cloud,Online Status Monitor,0.171518,1
1789092343.686351,home_assistant,binary_sensor.front_door_contact,0.015361,1
1789092343.6903942,home_assistant,lock.front_door,0.003868,1
1789092343.693977,home_assistant,alarm_control_panel.home_alarm,0.003547,1
1789092343.696432,home_assistant,binary_sensor.front_porch_camera_motion,0.002429,1
1789092343.6987379,home_assistant,sensor.living_room_temperature,0.002279,1
1789092343.88178,smartthings_cloud,delaysteer-motion,0.182997,1
1789092344.0697641,smartthings_cloud,Office Smart Light,0.187954,1
1789092344.2243881,smartthings_cloud,Laundryroom/Mudroom Smart Light,0.15456,1
1789092344.407496,smartthings_cloud,Online Status Monitor,0.18304,1
1789092374.432929,home_assistant,binary_sensor.front_door_contact,0.015232,1
1789092374.437106,home_assistant,lock.front_door,0.004015,1
1789092374.440053,home_assistant,alarm_control_panel.home_alarm,0.002903,1
1789092374.4424388,home_assistant,binary_sensor.front_porch_camera_motion,0.002355,1
1789092374.444694,home_assistant,sensor.living_room_temperature,0.002224,1
1789092374.6880808,smartthings_cloud,delaysteer-motion,0.243341,1
1789092374.8696058,smartthings_cloud,Office Smart Light,0.181474,1
1789092375.037874,smartthings_cloud,Laundryroom/Mudroom Smart Light,0.168214,1
1789092375.190413,smartthings_cloud,Online Status Monitor,0.1525,1
1789092405.218661,home_assistant,binary_sensor.front_door_contact,0.017174,1
1789092405.223134,home_assistant,lock.front_door,0.004269,1
1789092405.2271402,home_assistant,alarm_control_panel.home_alarm,0.003967,1
1789092405.229443,home_assistant,binary_sensor.front_porch_camera_motion,0.002273,1
1789092405.231634,home_assistant,sensor.living_room_temperature,0.002167,1
1789092405.434248,smartthings_cloud,delaysteer-motion,0.202575,1
1789092405.6026518,smartthings_cloud,Office Smart Light,0.168345,1
1789092405.786348,smartthings_cloud,Laundryroom/Mudroom Smart Light,0.183647,1
1789092405.965906,smartthings_cloud,Online Status Monitor,0.179486,1
1789092435.9855628,home_assistant,binary_sensor.front_door_contact,0.009,1
1789092435.987838,home_assistant,lock.front_door,0.002189,1
1789092435.9899552,home_assistant,alarm_control_panel.home_alarm,0.002098,1
1789092435.991752,home_assistant,binary_sensor.front_porch_camera_motion,0.001781,1
1789092435.993021,home_assistant,sensor.living_room_temperature,0.001256,1
1789092436.211345,smartthings_cloud,delaysteer-motion,0.218298,1
1789092436.4029481,smartthings_cloud,Office Smart Light,0.191535,1
1789092436.605977,smartthings_cloud,Laundryroom/Mudroom Smart Light,0.203006,1
1789092436.7607,smartthings_cloud,Online Status Monitor,0.154658,1
1789092466.7771468,home_assistant,binary_sensor.front_door_contact,0.009824,1
1789092466.780769,home_assistant,lock.front_door,0.003499,1
1789092466.782135,home_assistant,alarm_control_panel.home_alarm,0.001344,1
1789092466.783747,home_assistant,binary_sensor.front_porch_camera_motion,0.001593,1
1789092466.785344,home_assistant,sensor.living_room_temperature,0.001555,1
1789092467.137263,smartthings_cloud,delaysteer-motion,0.351883,1
1789092467.323549,smartthings_cloud,Office Smart Light,0.186232,1
1789092467.5013928,smartthings_cloud,Laundryroom/Mudroom Smart Light,0.177771,1
1789092467.712724,smartthings_cloud,Online Status Monitor,0.211285,1
1789092497.7282088,home_assistant,binary_sensor.front_door_contact,0.008546,1
1789092497.731025,home_assistant,lock.front_door,0.002655,1
1789092497.73216,home_assistant,alarm_control_panel.home_alarm,0.001116,1
1789092497.73361,home_assistant,binary_sensor.front_porch_camera_motion,0.001434,1
1789092497.734667,home_assistant,sensor.living_room_temperature,0.001042,1
1789092497.903588,smartthings_cloud,delaysteer-motion,0.168889,1
1789092498.089068,smartthings_cloud,Office Smart Light,0.185434,1
1789092498.368203,smartthings_cloud,Laundryroom/Mudroom Smart Light,0.279089,1
1789092498.543713,smartthings_cloud,Online Status Monitor,0.175466,1
1789092528.5716832,home_assistant,binary_sensor.front_door_contact,0.019207,1
1789092528.5733519,home_assistant,lock.front_door,0.001595,1
1789092528.575519,home_assistant,alarm_control_panel.home_alarm,0.002148,1
1789092528.5767438,home_assistant,binary_sensor.front_porch_camera_motion,0.001208,1
1789092528.5782442,home_assistant,sensor.living_room_temperature,0.001487,1
1789092528.7833002,smartthings_cloud,delaysteer-motion,0.204998,1
1789092528.978993,smartthings_cloud,Office Smart Light,0.195626,1
1789092529.194188,smartthings_cloud,Laundryroom/Mudroom Smart Light,0.215142,1
1789092529.369262,smartthings_cloud,Online Status Monitor,0.175004,1
1789092559.389745,home_assistant,binary_sensor.front_door_contact,0.014149,1
1789092559.393408,home_assistant,lock.front_door,0.003486,1
1789092559.3961139,home_assistant,alarm_control_panel.home_alarm,0.002663,1
1789092559.3998451,home_assistant,binary_sensor.front_porch_camera_motion,0.003697,1
1789092559.403766,home_assistant,sensor.living_room_temperature,0.003891,1
1789092559.599872,smartthings_cloud,delaysteer-motion,0.19601,1
1789092559.782699,smartthings_cloud,Office Smart Light,0.182791,1
1789092560.0012329,smartthings_cloud,Laundryroom/Mudroom Smart Light,0.21847,1
1789092560.174607,smartthings_cloud,Online Status Monitor,0.173324,1
1789092590.1949499,home_assistant,binary_sensor.front_door_contact,0.008932,1
1789092590.19914,home_assistant,lock.front_door,0.0041,1
1789092590.202528,home_assistant,alarm_control_panel.home_alarm,0.003337,1
1789092590.20683,home_assistant,binary_sensor.front_porch_camera_motion,0.004242,1
1789092590.209908,home_assistant,sensor.living_room_temperature,0.00303,1
1789092590.4439769,smartthings_cloud,delaysteer-motion,0.234017,1
1789092590.644785,smartthings_cloud,Office Smart Light,0.200749,1
1789092590.834578,smartthings_cloud,Laundryroom/Mudroom Smart Light,0.189605,1
1789092591.010258,smartthings_cloud,Online Status Monitor,0.175624,1
1789092621.023884,home_assistant,binary_sensor.front_door_contact,0.00277,1
1789092621.0260868,home_assistant,lock.front_door,0.002181,1
1789092621.027097,home_assistant,alarm_control_panel.home_alarm,0.000992,1
1789092621.0279858,home_assistant,binary_sensor.front_porch_camera_motion,0.000875,1
1789092621.028864,home_assistant,sensor.living_room_temperature,0.000868,1
1789092621.202187,smartthings_cloud,delaysteer-motion,0.173305,1
1789092621.376641,smartthings_cloud,Office Smart Light,0.1744,1
1789092621.565012,smartthings_cloud,Laundryroom/Mudroom Smart Light,0.188326,1
1789092621.775312,smartthings_cloud,Online Status Monitor,0.210247,1
1789092651.7893178,home_assistant,binary_sensor.front_door_contact,0.002975,1
1789092651.790344,home_assistant,lock.front_door,0.001004,1
1789092651.791318,home_assistant,alarm_control_panel.home_alarm,0.000959,1
1789092651.792248,home_assistant,binary_sensor.front_porch_camera_motion,0.000916,1
1789092651.793157,home_assistant,sensor.living_room_temperature,0.000895,1
1789092652.0040581,smartthings_cloud,delaysteer-motion,0.210881,1
1789092652.202374,smartthings_cloud,Office Smart Light,0.198266,1
1789092652.469385,smartthings_cloud,Laundryroom/Mudroom Smart Light,0.266944,1
1789092652.631944,smartthings_cloud,Online Status Monitor,0.162495,1
1789092682.640189,home_assistant,binary_sensor.front_door_contact,0.003565,1
1789092682.641304,home_assistant,lock.front_door,0.001085,1
1789092682.643029,home_assistant,alarm_control_panel.home_alarm,0.00171,1
1789092682.645201,home_assistant,binary_sensor.front_porch_camera_motion,0.002159,1
1789092682.6471622,home_assistant,sensor.living_room_temperature,0.001946,1
1789092682.845118,smartthings_cloud,delaysteer-motion,0.197935,1
1789092683.037516,smartthings_cloud,Office Smart Light,0.192333,1
1789092683.207454,smartthings_cloud,Laundryroom/Mudroom Smart Light,0.169883,1
1789092683.403475,smartthings_cloud,Online Status Monitor,0.195952,1
1789092713.4140532,home_assistant,binary_sensor.front_door_contact,0.002375,1
1789092713.415215,home_assistant,lock.front_door,0.001139,1
1789092713.416287,home_assistant,alarm_control_panel.home_alarm,0.001053,1
1789092713.418179,home_assistant,binary_sensor.front_porch_camera_motion,0.001878,1
1789092713.419214,home_assistant,sensor.living_room_temperature,0.001021,1
1789092713.649128,smartthings_cloud,delaysteer-motion,0.229894,1
1789092713.812505,smartthings_cloud,Office Smart Light,0.163335,1
1789092713.9810822,smartthings_cloud,Laundryroom/Mudroom Smart Light,0.168533,1
1789092714.190169,smartthings_cloud,Online Status Monitor,0.209039,1
1789092744.199881,home_assistant,binary_sensor.front_door_contact,0.003268,1
1789092744.20114,home_assistant,lock.front_door,0.001234,1
1789092744.203166,home_assistant,alarm_control_panel.home_alarm,0.002013,1
1789092744.205164,home_assistant,binary_sensor.front_porch_camera_motion,0.001986,1
1789092744.207188,home_assistant,sensor.living_room_temperature,0.002014,1
1789092744.452596,smartthings_cloud,delaysteer-motion,0.245387,1
1789092744.6279008,smartthings_cloud,Office Smart Light,0.17524,1
1789092744.796889,smartthings_cloud,Laundryroom/Mudroom Smart Light,0.168939,1
1789092745.0108511,smartthings_cloud,Online Status Monitor,0.213896,1
1789092775.017189,home_assistant,binary_sensor.front_door_contact,0.003616,1
1789092775.0190191,home_assistant,lock.front_door,0.001788,1
1789092775.022016,home_assistant,alarm_control_panel.home_alarm,0.002969,1
1789092775.0237381,home_assistant,binary_sensor.front_porch_camera_motion,0.001704,1
1789092775.0251079,home_assistant,sensor.living_room_temperature,0.001354,1
1789092775.196003,smartthings_cloud,delaysteer-motion,0.170869,1
1789092775.383435,smartthings_cloud,Office Smart Light,0.187375,1
1789092775.6173708,smartthings_cloud,Laundryroom/Mudroom Smart Light,0.23387,1
1789092775.782702,smartthings_cloud,Online Status Monitor,0.165264,1
1789092805.800182,home_assistant,binary_sensor.front_door_contact,0.006842,1
1789092805.803267,home_assistant,lock.front_door,0.003029,1
1789092805.8052301,home_assistant,alarm_control_panel.home_alarm,0.001939,1
1789092805.807033,home_assistant,binary_sensor.front_porch_camera_motion,0.001781,1
1789092805.809716,home_assistant,sensor.living_room_temperature,0.002663,1
1789092805.9691699,smartthings_cloud,delaysteer-motion,0.159429,1
1789092806.147894,smartthings_cloud,Office Smart Light,0.17866,1
1789092806.3123462,smartthings_cloud,Laundryroom/Mudroom Smart Light,0.164387,1
1789092806.494553,smartthings_cloud,Online Status Monitor,0.182138,1
1789092836.5073102,home_assistant,binary_sensor.front_door_contact,0.0053,1
1789092836.5115001,home_assistant,lock.front_door,0.004141,1
1789092836.513821,home_assistant,alarm_control_panel.home_alarm,0.002282,1
1789092836.515993,home_assistant,binary_sensor.front_porch_camera_motion,0.002142,1
1789092836.519053,home_assistant,sensor.living_room_temperature,0.003034,1
1789092836.781986,smartthings_cloud,delaysteer-motion,0.262896,1
1789092836.99898,smartthings_cloud,Office Smart Light,0.216924,1
1789092837.176408,smartthings_cloud,Laundryroom/Mudroom Smart Light,0.177374,1
1789092837.34975,smartthings_cloud,Online Status Monitor,0.173273,1
1789092867.354653,home_assistant,binary_sensor.front_door_contact,0.004057,1
1789092867.35761,home_assistant,lock.front_door,0.002916,1
1789092867.3595479,home_assistant,alarm_control_panel.home_alarm,0.001914,1
1789092867.361648,home_assistant,binary_sensor.front_porch_camera_motion,0.002078,1
1789092867.3634,home_assistant,sensor.living_room_temperature,0.001731,1
1789092867.6055639,smartthings_cloud,delaysteer-motion,0.242138,1
1789092867.772696,smartthings_cloud,Office Smart Light,0.167082,1
1789092867.941403,smartthings_cloud,Laundryroom/Mudroom Smart Light,0.168651,1
1789092868.097804,smartthings_cloud,Online Status Monitor,0.156345,1
1789092898.110882,home_assistant,binary_sensor.front_door_contact,0.002334,1
1789092898.111994,home_assistant,lock.front_door,0.00109,1
1789092898.1129558,home_assistant,alarm_control_panel.home_alarm,0.000946,1
1789092898.1140192,home_assistant,binary_sensor.front_porch_camera_motion,0.001047,1
1789092898.115849,home_assistant,sensor.living_room_temperature,0.001816,1
1789092898.350038,smartthings_cloud,delaysteer-motion,0.234165,1
1789092898.520383,smartthings_cloud,Office Smart Light,0.1703,1
1789092898.728467,smartthings_cloud,Laundryroom/Mudroom Smart Light,0.208039,1
1789092898.891585,smartthings_cloud,Online Status Monitor,0.163072,1
1789092928.8992598,home_assistant,binary_sensor.front_door_contact,0.005452,1
1789092928.903156,home_assistant,lock.front_door,0.00384,1
1789092928.905979,home_assistant,alarm_control_panel.home_alarm,0.002761,1
1789092928.9087412,home_assistant,binary_sensor.front_porch_camera_motion,0.002718,1
1789092928.911834,home_assistant,sensor.living_room_temperature,0.003036,1
1789092929.101263,smartthings_cloud,delaysteer-motion,0.18939,1
1789092929.267956,smartthings_cloud,Office Smart Light,0.166633,1
1789092929.477303,smartthings_cloud,Laundryroom/Mudroom Smart Light,0.209294,1
1789092929.667402,smartthings_cloud,Online Status Monitor,0.190031,1
1789092959.680535,home_assistant,binary_sensor.front_door_contact,0.002427,1
1789092959.681626,home_assistant,lock.front_door,0.001071,1
1789092959.682559,home_assistant,alarm_control_panel.home_alarm,0.00092,1
1789092959.683532,home_assistant,binary_sensor.front_porch_camera_motion,0.000957,1
1789092959.684906,home_assistant,sensor.living_room_temperature,0.001361,1
1789092959.867706,smartthings_cloud,delaysteer-motion,0.182773,1
1789092960.039426,smartthings_cloud,Office Smart Light,0.171657,1
1789092960.207244,smartthings_cloud,Laundryroom/Mudroom Smart Light,0.167752,1
1789092960.416211,smartthings_cloud,Online Status Monitor,0.208898,1
1789092990.4301288,home_assistant,binary_sensor.front_door_contact,0.006499,1
1789092990.43287,home_assistant,lock.front_door,0.002685,1
1789092990.4353468,home_assistant,alarm_control_panel.home_alarm,0.002441,1
1789092990.4376981,home_assistant,binary_sensor.front_porch_camera_motion,0.002321,1
1789092990.440608,home_assistant,sensor.living_room_temperature,0.002886,1
1789092990.616236,smartthings_cloud,delaysteer-motion,0.17558,1
1789092990.8201752,smartthings_cloud,Office Smart Light,0.203872,1
1789092991.018147,smartthings_cloud,Laundryroom/Mudroom Smart Light,0.197921,1
1789092991.193702,smartthings_cloud,Online Status Monitor,0.1755,1
1789093021.206708,home_assistant,binary_sensor.front_door_contact,0.006196,1
1789093021.210269,home_assistant,lock.front_door,0.003512,1
1789093021.213991,home_assistant,alarm_control_panel.home_alarm,0.003614,1
1789093021.218176,home_assistant,binary_sensor.front_porch_camera_motion,0.004126,1
1789093021.2217522,home_assistant,sensor.living_room_temperature,0.003524,1
1789093021.4027278,smartthings_cloud,delaysteer-motion,0.180923,1
1789093021.608177,smartthings_cloud,Office Smart Light,0.2054,1
1789093021.7927182,smartthings_cloud,Laundryroom/Mudroom Smart Light,0.184478,1
1789093021.9603689,smartthings_cloud,Online Status Monitor,0.167581,1
1789093051.9768178,home_assistant,binary_sensor.front_door_contact,0.005711,1
1789093051.979605,home_assistant,lock.front_door,0.00274,1
1789093051.982073,home_assistant,alarm_control_panel.home_alarm,0.002431,1
1789093051.984214,home_assistant,binary_sensor.front_porch_camera_motion,0.002111,1
1789093051.986999,home_assistant,sensor.living_room_temperature,0.00276,1
1789093052.1491132,smartthings_cloud,delaysteer-motion,0.162079,1
1789093052.3323982,smartthings_cloud,Office Smart Light,0.183232,1
1789093052.542576,smartthings_cloud,Laundryroom/Mudroom Smart Light,0.210108,1
1789093052.729492,smartthings_cloud,Online Status Monitor,0.186858,1
1789093082.7429051,home_assistant,binary_sensor.front_door_contact,0.002645,1
1789093082.745086,home_assistant,lock.front_door,0.002151,1
1789093082.746303,home_assistant,alarm_control_panel.home_alarm,0.001194,1
1789093082.7489102,home_assistant,binary_sensor.front_porch_camera_motion,0.002591,1
1789093082.7502341,home_assistant,sensor.living_room_temperature,0.00129,1
1789093082.981194,smartthings_cloud,delaysteer-motion,0.230937,1
1789093083.195652,smartthings_cloud,Office Smart Light,0.214427,1
1789093083.423004,smartthings_cloud,Laundryroom/Mudroom Smart Light,0.227318,1
1789093083.613151,smartthings_cloud,Online Status Monitor,0.190116,1
1789093113.624372,home_assistant,binary_sensor.front_door_contact,0.005971,1
1789093113.6280289,home_assistant,lock.front_door,0.003593,1
1789093113.630087,home_assistant,alarm_control_panel.home_alarm,0.002036,1
1789093113.63214,home_assistant,binary_sensor.front_porch_camera_motion,0.00203,1
1789093113.634231,home_assistant,sensor.living_room_temperature,0.002059,1
1789093113.860091,smartthings_cloud,delaysteer-motion,0.225829,1
1789093114.036542,smartthings_cloud,Office Smart Light,0.176401,1
1789093114.2053592,smartthings_cloud,Laundryroom/Mudroom Smart Light,0.168767,1
1789093114.377905,smartthings_cloud,Online Status Monitor,0.172491,1
1789093144.3872,home_assistant,binary_sensor.front_door_contact,0.008266,1
1789093144.393365,home_assistant,lock.front_door,0.005974,1
1789093144.397928,home_assistant,alarm_control_panel.home_alarm,0.004505,1
1789093144.4029388,home_assistant,binary_sensor.front_porch_camera_motion,0.004947,1
1789093144.407348,home_assistant,sensor.living_room_temperature,0.004342,1
1789093144.621608,smartthings_cloud,delaysteer-motion,0.214165,1
1789093144.832886,smartthings_cloud,Office Smart Light,0.211225,1
1789093145.0403252,smartthings_cloud,Laundryroom/Mudroom Smart Light,0.207338,1
1789093145.2042549,smartthings_cloud,Online Status Monitor,0.163864,1
1789093175.218008,home_assistant,binary_sensor.front_door_contact,0.004369,1
1789093175.2212899,home_assistant,lock.front_door,0.003233,1
1789093175.224273,home_assistant,alarm_control_panel.home_alarm,0.002939,1
1789093175.226795,home_assistant,binary_sensor.front_porch_camera_motion,0.002477,1
1789093175.230072,home_assistant,sensor.living_room_temperature,0.003248,1
1789093175.468586,smartthings_cloud,delaysteer-motion,0.238465,1
1789093175.667423,smartthings_cloud,Office Smart Light,0.198773,1
1789093175.889437,smartthings_cloud,Laundryroom/Mudroom Smart Light,0.221965,1
1789093176.0800982,smartthings_cloud,Online Status Monitor,0.190609,1
1789093206.089816,home_assistant,binary_sensor.front_door_contact,0.005,1
1789093206.092563,home_assistant,lock.front_door,0.002697,1
1789093206.094999,home_assistant,alarm_control_panel.home_alarm,0.002401,1
1789093206.097287,home_assistant,binary_sensor.front_porch_camera_motion,0.00226,1
1789093206.0994549,home_assistant,sensor.living_room_temperature,0.002141,1
1789093206.334544,smartthings_cloud,delaysteer-motion,0.235059,1
1789093206.513382,smartthings_cloud,Office Smart Light,0.178769,1
1789093206.702376,smartthings_cloud,Laundryroom/Mudroom Smart Light,0.188931,1
1789093206.911183,smartthings_cloud,Online Status Monitor,0.208759,1
1789093236.925264,home_assistant,binary_sensor.front_door_contact,0.005882,1
1789093236.92991,home_assistant,lock.front_door,0.004596,1
1789093236.93255,home_assistant,alarm_control_panel.home_alarm,0.002591,1
1789093236.934709,home_assistant,binary_sensor.front_porch_camera_motion,0.002128,1
1789093236.9373178,home_assistant,sensor.living_room_temperature,0.002581,1
1789093237.152717,smartthings_cloud,delaysteer-motion,0.215336,1
1789093237.34757,smartthings_cloud,Office Smart Light,0.194787,1
1789093237.541452,smartthings_cloud,Laundryroom/Mudroom Smart Light,0.193816,1
1789093237.711939,smartthings_cloud,Online Status Monitor,0.170423,1
1789093267.722551,home_assistant,binary_sensor.front_door_contact,0.002465,1
1789093267.7237601,home_assistant,lock.front_door,0.001187,1
1789093267.724847,home_assistant,alarm_control_panel.home_alarm,0.00107,1
1789093267.725802,home_assistant,binary_sensor.front_porch_camera_motion,0.000943,1
1789093267.727048,home_assistant,sensor.living_room_temperature,0.001231,1
1789093268.0918028,smartthings_cloud,delaysteer-motion,0.364735,1
1789093268.310952,smartthings_cloud,Office Smart Light,0.219103,1
1789093268.473664,smartthings_cloud,Laundryroom/Mudroom Smart Light,0.162669,1
1789093268.666833,smartthings_cloud,Online Status Monitor,0.193151,1
1789093298.6829,home_assistant,binary_sensor.front_door_contact,0.005985,1
1789093298.686773,home_assistant,lock.front_door,0.003817,1
1789093298.6895108,home_assistant,alarm_control_panel.home_alarm,0.002694,1
1789093298.6915789,home_assistant,binary_sensor.front_porch_camera_motion,0.002036,1
1789093298.694737,home_assistant,sensor.living_room_temperature,0.003133,1
1789093298.9215958,smartthings_cloud,delaysteer-motion,0.226826,1
1789093299.092724,smartthings_cloud,Office Smart Light,0.171061,1
1789093299.293189,smartthings_cloud,Laundryroom/Mudroom Smart Light,0.200405,1
1789093299.4819,smartthings_cloud,Online Status Monitor,0.18864,1
1789093329.498285,home_assistant,binary_sensor.front_door_contact,0.005674,1
1789093329.503328,home_assistant,lock.front_door,0.004993,1
1789093329.505858,home_assistant,alarm_control_panel.home_alarm,0.002488,1
1789093329.508616,home_assistant,binary_sensor.front_porch_camera_motion,0.002726,1
1789093329.510989,home_assistant,sensor.living_room_temperature,0.002337,1
1789093329.731717,smartthings_cloud,delaysteer-motion,0.220695,1
1789093329.966403,smartthings_cloud,Office Smart Light,0.234615,1
1789093330.133622,smartthings_cloud,Laundryroom/Mudroom Smart Light,0.167166,1
1789093330.3632178,smartthings_cloud,Online Status Monitor,0.229553,1
1789093360.3704379,home_assistant,binary_sensor.front_door_contact,0.004689,1
1789093360.3742101,home_assistant,lock.front_door,0.003724,1
1789093360.3772218,home_assistant,alarm_control_panel.home_alarm,0.00296,1
1789093360.379339,home_assistant,binary_sensor.front_porch_camera_motion,0.00209,1
1789093360.381344,home_assistant,sensor.living_room_temperature,0.001986,1
1789093360.7052531,smartthings_cloud,delaysteer-motion,0.323881,1
1789093360.903682,smartthings_cloud,Office Smart Light,0.198374,1
1789093361.1027782,smartthings_cloud,Laundryroom/Mudroom Smart Light,0.199039,1
1789093361.299155,smartthings_cloud,Online Status Monitor,0.196308,1
1789093391.3081448,home_assistant,binary_sensor.front_door_contact,0.006779,1
1789093391.311668,home_assistant,lock.front_door,0.003469,1
1789093391.3142788,home_assistant,alarm_control_panel.home_alarm,0.00257,1
1789093391.3163772,home_assistant,binary_sensor.front_porch_camera_motion,0.002067,1
1789093391.318434,home_assistant,sensor.living_room_temperature,0.00203,1
1789093391.481503,smartthings_cloud,delaysteer-motion,0.163041,1
1789093391.654581,smartthings_cloud,Office Smart Light,0.173008,1
1789093391.835922,smartthings_cloud,Laundryroom/Mudroom Smart Light,0.181276,1
1789093392.011025,smartthings_cloud,Online Status Monitor,0.175036,1
1789093422.0252411,home_assistant,binary_sensor.front_door_contact,0.00482,1
1789093422.027114,home_assistant,lock.front_door,0.001825,1
1789093422.0293272,home_assistant,alarm_control_panel.home_alarm,0.00219,1
1789093422.031061,home_assistant,binary_sensor.front_porch_camera_motion,0.001714,1
1789093422.0323079,home_assistant,sensor.living_room_temperature,0.001233,1
1789093422.1993442,smartthings_cloud,delaysteer-motion,0.167015,1
1789093422.375681,smartthings_cloud,Office Smart Light,0.176288,1
1789093422.562012,smartthings_cloud,Laundryroom/Mudroom Smart Light,0.186259,1
1789093422.738931,smartthings_cloud,Online Status Monitor,0.176874,1
1789093452.748644,home_assistant,binary_sensor.front_door_contact,0.002305,1
1789093452.7497852,home_assistant,lock.front_door,0.001117,1
1789093452.751223,home_assistant,alarm_control_panel.home_alarm,0.001422,1
1789093452.7521632,home_assistant,binary_sensor.front_porch_camera_motion,0.000927,1
1789093452.75313,home_assistant,sensor.living_room_temperature,0.000956,1
1789093453.053885,smartthings_cloud,delaysteer-motion,0.300733,1
1789093453.215306,smartthings_cloud,Office Smart Light,0.161376,1
1789093453.448499,smartthings_cloud,Laundryroom/Mudroom Smart Light,0.233141,1
1789093453.617571,smartthings_cloud,Online Status Monitor,0.169007,1
1789093483.6303391,home_assistant,binary_sensor.front_door_contact,0.002643,1
1789093483.632225,home_assistant,lock.front_door,0.001861,1
1789093483.634207,home_assistant,alarm_control_panel.home_alarm,0.001959,1
1789093483.635734,home_assistant,binary_sensor.front_porch_camera_motion,0.001507,1
1789093483.638447,home_assistant,sensor.living_room_temperature,0.002699,1
1789093483.8538969,smartthings_cloud,delaysteer-motion,0.215427,1
1789093484.0248268,smartthings_cloud,Office Smart Light,0.17088,1
1789093484.2296069,smartthings_cloud,Laundryroom/Mudroom Smart Light,0.204728,1
1789093484.459439,smartthings_cloud,Online Status Monitor,0.229779,1
1789093514.4681149,home_assistant,binary_sensor.front_door_contact,0.003764,1
1789093514.471005,home_assistant,lock.front_door,0.002857,1
1789093514.473562,home_assistant,alarm_control_panel.home_alarm,0.002521,1
1789093514.475926,home_assistant,binary_sensor.front_porch_camera_motion,0.002334,1
1789093514.477901,home_assistant,sensor.living_room_temperature,0.001946,1
1789093514.664887,smartthings_cloud,delaysteer-motion,0.186957,1
1789093514.8303201,smartthings_cloud,Office Smart Light,0.165388,1
1789093515.000155,smartthings_cloud,Laundryroom/Mudroom Smart Light,0.169769,1
1789093515.172,smartthings_cloud,Online Status Monitor,0.171781,1
1789093545.1854239,home_assistant,binary_sensor.front_door_contact,0.003857,1
1789093545.188156,home_assistant,lock.front_door,0.002691,1
1789093545.191152,home_assistant,alarm_control_panel.home_alarm,0.002963,1
1789093545.193342,home_assistant,binary_sensor.front_porch_camera_motion,0.002159,1
1789093545.195177,home_assistant,sensor.living_room_temperature,0.00181,1
1789093545.4285161,smartthings_cloud,delaysteer-motion,0.2333,1
1789093545.6131809,smartthings_cloud,Office Smart Light,0.184621,1
1789093545.7886238,smartthings_cloud,Laundryroom/Mudroom Smart Light,0.175382,1
1789093545.971871,smartthings_cloud,Online Status Monitor,0.183205,1
1789093575.98664,home_assistant,binary_sensor.front_door_contact,0.004532,1
1789093575.9892669,home_assistant,lock.front_door,0.002583,1
1789093575.992616,home_assistant,alarm_control_panel.home_alarm,0.00329,1
1789093575.996154,home_assistant,binary_sensor.front_porch_camera_motion,0.003502,1
1789093575.9996119,home_assistant,sensor.living_room_temperature,0.003417,1
1789093576.222958,smartthings_cloud,delaysteer-motion,0.223303,1
1789093576.448904,smartthings_cloud,Office Smart Light,0.225904,1
1789093576.620053,smartthings_cloud,Laundryroom/Mudroom Smart Light,0.17109,1
1789093576.797707,smartthings_cloud,Online Status Monitor,0.177615,1
1789093606.8104699,home_assistant,binary_sensor.front_door_contact,0.00414,1
1789093606.813035,home_assistant,lock.front_door,0.002534,1
1789093606.8150709,home_assistant,alarm_control_panel.home_alarm,0.002006,1
1789093606.817446,home_assistant,binary_sensor.front_porch_camera_motion,0.00235,1
1789093606.81932,home_assistant,sensor.living_room_temperature,0.001855,1
1789093606.984344,smartthings_cloud,delaysteer-motion,0.165,1
1789093607.164051,smartthings_cloud,Office Smart Light,0.179666,1
1789093607.327956,smartthings_cloud,Laundryroom/Mudroom Smart Light,0.16385,1
1789093607.52647,smartthings_cloud,Online Status Monitor,0.198477,1
1789093637.539532,home_assistant,binary_sensor.front_door_contact,0.007267,1
1789093637.543608,home_assistant,lock.front_door,0.004002,1
1789093637.546794,home_assistant,alarm_control_panel.home_alarm,0.003148,1
1789093637.550539,home_assistant,binary_sensor.front_porch_camera_motion,0.003712,1
1789093637.553674,home_assistant,sensor.living_room_temperature,0.003111,1
1789093637.767545,smartthings_cloud,delaysteer-motion,0.213833,1
1789093637.953421,smartthings_cloud,Office Smart Light,0.18584,1
1789093638.131076,smartthings_cloud,Laundryroom/Mudroom Smart Light,0.177619,1
1789093638.3037171,smartthings_cloud,Online Status Monitor,0.17261,1
1789093668.3086,home_assistant,binary_sensor.front_door_contact,0.003586,1
1789093668.310377,home_assistant,lock.front_door,0.001735,1
1789093668.316407,home_assistant,alarm_control_panel.home_alarm,0.003571,1
1789093668.317927,home_assistant,binary_sensor.front_porch_camera_motion,0.001487,1
1789093668.3194098,home_assistant,sensor.living_room_temperature,0.001459,1
1789093668.544375,smartthings_cloud,delaysteer-motion,0.224929,1
1789093668.75509,smartthings_cloud,Office Smart Light,0.210676,1
1789093668.9650822,smartthings_cloud,Laundryroom/Mudroom Smart Light,0.209957,1
1789093669.134222,smartthings_cloud,Online Status Monitor,0.1691,1
1789093699.148814,home_assistant,binary_sensor.front_door_contact,0.002538,1
1789093699.150311,home_assistant,lock.front_door,0.001467,1
1789093699.151843,home_assistant,alarm_control_panel.home_alarm,0.001504,1
1789093699.153503,home_assistant,binary_sensor.front_porch_camera_motion,0.001636,1
1789093699.154979,home_assistant,sensor.living_room_temperature,0.001449,1
1789093699.32753,smartthings_cloud,delaysteer-motion,0.172521,1
1789093699.527935,smartthings_cloud,Office Smart Light,0.200375,1
1789093699.6921,smartthings_cloud,Laundryroom/Mudroom Smart Light,0.164113,1
1789093699.8818429,smartthings_cloud,Online Status Monitor,0.189699,1
1789093729.8975759,home_assistant,binary_sensor.front_door_contact,0.005276,1
1789093729.90089,home_assistant,lock.front_door,0.003236,1
1789093729.9029372,home_assistant,alarm_control_panel.home_alarm,0.001938,1
1789093729.90434,home_assistant,binary_sensor.front_porch_camera_motion,0.001386,1
1789093729.907007,home_assistant,sensor.living_room_temperature,0.002659,1
1789093730.110816,smartthings_cloud,delaysteer-motion,0.203775,1
1789093730.2946508,smartthings_cloud,Office Smart Light,0.183796,1
1789093730.492778,smartthings_cloud,Laundryroom/Mudroom Smart Light,0.198076,1
1789093730.660188,smartthings_cloud,Online Status Monitor,0.167353,1
1789093760.670754,home_assistant,binary_sensor.front_door_contact,0.005701,1
1789093760.67262,home_assistant,lock.front_door,0.001773,1
1789093760.67468,home_assistant,alarm_control_panel.home_alarm,0.002016,1
1789093760.676372,home_assistant,binary_sensor.front_porch_camera_motion,0.001651,1
1789093760.677697,home_assistant,sensor.living_room_temperature,0.001294,1
1789093760.872715,smartthings_cloud,delaysteer-motion,0.194978,1
1789093761.045207,smartthings_cloud,Office Smart Light,0.17243,1
1789093761.270185,smartthings_cloud,Laundryroom/Mudroom Smart Light,0.224942,1
1789093761.4666188,smartthings_cloud,Online Status Monitor,0.196398,1
1789093791.481921,home_assistant,binary_sensor.front_door_contact,0.005771,1
1789093791.485701,home_assistant,lock.front_door,0.003511,1
1789093791.488388,home_assistant,alarm_control_panel.home_alarm,0.002657,1
1789093791.4911182,home_assistant,binary_sensor.front_porch_camera_motion,0.002702,1
1789093791.4941142,home_assistant,sensor.living_room_temperature,0.002967,1
1789093791.704293,smartthings_cloud,delaysteer-motion,0.210138,1
1789093791.9053152,smartthings_cloud,Office Smart Light,0.200982,1
1789093792.1310499,smartthings_cloud,Laundryroom/Mudroom Smart Light,0.225701,1
1789093792.358565,smartthings_cloud,Online Status Monitor,0.227485,1
1789093822.37807,home_assistant,binary_sensor.front_door_contact,0.011533,1
1789093822.382427,home_assistant,lock.front_door,0.004244,1
1789093822.385835,home_assistant,alarm_control_panel.home_alarm,0.003381,1
1789093822.38994,home_assistant,binary_sensor.front_porch_camera_motion,0.004076,1
1789093822.395017,home_assistant,sensor.living_room_temperature,0.004924,1
1789093822.596339,smartthings_cloud,delaysteer-motion,0.201283,1
1789093822.788776,smartthings_cloud,Office Smart Light,0.181317,1
1789093823.062092,smartthings_cloud,Laundryroom/Mudroom Smart Light,0.273278,1
1789093823.243493,smartthings_cloud,Online Status Monitor,0.181365,1
1789093853.257382,home_assistant,binary_sensor.front_door_contact,0.00658,1
1789093853.263105,home_assistant,lock.front_door,0.005667,1
1789093853.265829,home_assistant,alarm_control_panel.home_alarm,0.00271,1
1789093853.269172,home_assistant,binary_sensor.front_porch_camera_motion,0.003334,1
1789093853.2734,home_assistant,sensor.living_room_temperature,0.004222,1
1789093853.491997,smartthings_cloud,delaysteer-motion,0.218581,1
1789093853.664522,smartthings_cloud,Office Smart Light,0.172489,1
1789093853.829397,smartthings_cloud,Laundryroom/Mudroom Smart Light,0.164854,1
1789093854.019941,smartthings_cloud,Online Status Monitor,0.19052,1
1789093884.039117,home_assistant,binary_sensor.front_door_contact,0.008096,1
1789093884.043091,home_assistant,lock.front_door,0.003874,1
1789093884.04634,home_assistant,alarm_control_panel.home_alarm,0.003218,1
1789093884.049355,home_assistant,binary_sensor.front_porch_camera_motion,0.002985,1
1789093884.052424,home_assistant,sensor.living_room_temperature,0.003018,1
1789093884.2227452,smartthings_cloud,delaysteer-motion,0.170279,1
1789093884.399572,smartthings_cloud,Office Smart Light,0.176797,1
1789093884.570164,smartthings_cloud,Laundryroom/Mudroom Smart Light,0.170563,1
1789093884.79598,smartthings_cloud,Online Status Monitor,0.225783,1
1789093914.8300438,home_assistant,binary_sensor.front_door_contact,0.024934,1
1789093914.833303,home_assistant,lock.front_door,0.003194,1
1789093914.836808,home_assistant,alarm_control_panel.home_alarm,0.003493,1
1789093914.8400698,home_assistant,binary_sensor.front_porch_camera_motion,0.003254,1
1789093914.843007,home_assistant,sensor.living_room_temperature,0.002923,1
1789093915.0846322,smartthings_cloud,delaysteer-motion,0.241604,1
1789093915.264812,smartthings_cloud,Office Smart Light,0.180135,1
1789093915.429139,smartthings_cloud,Laundryroom/Mudroom Smart Light,0.164278,1
1789093915.607,smartthings_cloud,Online Status Monitor,0.177824,1
1789093945.627674,home_assistant,binary_sensor.front_door_contact,0.012738,1
1789093945.629826,home_assistant,lock.front_door,0.001962,1
1789093945.631329,home_assistant,alarm_control_panel.home_alarm,0.001474,1
1789093945.632821,home_assistant,binary_sensor.front_porch_camera_motion,0.001458,1
1789093945.635181,home_assistant,sensor.living_room_temperature,0.002331,1
1789093945.80469,smartthings_cloud,delaysteer-motion,0.169467,1
1789093945.9694772,smartthings_cloud,Office Smart Light,0.164749,1
1789093946.148929,smartthings_cloud,Laundryroom/Mudroom Smart Light,0.179416,1
1789093946.364596,smartthings_cloud,Online Status Monitor,0.215628,1
1789093976.375734,home_assistant,binary_sensor.front_door_contact,0.005563,1
1789093976.377975,home_assistant,lock.front_door,0.002163,1
1789093976.37967,home_assistant,alarm_control_panel.home_alarm,0.001675,1
1789093976.381631,home_assistant,binary_sensor.front_porch_camera_motion,0.001943,1
1789093976.382796,home_assistant,sensor.living_room_temperature,0.001148,1
1789093976.577992,smartthings_cloud,delaysteer-motion,0.195158,1
1789093976.753128,smartthings_cloud,Office Smart Light,0.175085,1
1789093976.9980679,smartthings_cloud,Laundryroom/Mudroom Smart Light,0.244893,1
1789093977.187587,smartthings_cloud,Online Status Monitor,0.189466,1
1789094007.206636,home_assistant,binary_sensor.front_door_contact,0.008623,1
1789094007.2100759,home_assistant,lock.front_door,0.003358,1
1789094007.2164211,home_assistant,alarm_control_panel.home_alarm,0.006316,1
1789094007.2185988,home_assistant,binary_sensor.front_porch_camera_motion,0.002146,1
1789094007.2201788,home_assistant,sensor.living_room_temperature,0.001549,1
1789094007.478831,smartthings_cloud,delaysteer-motion,0.25861,1
1789094007.660107,smartthings_cloud,Office Smart Light,0.181227,1
1789094007.85147,smartthings_cloud,Laundryroom/Mudroom Smart Light,0.191304,1
1789094008.051853,smartthings_cloud,Online Status Monitor,0.200336,1
1789094038.068009,home_assistant,binary_sensor.front_door_contact,0.01079,1
1789094038.06993,home_assistant,lock.front_door,0.001803,1
1789094038.0734458,home_assistant,alarm_control_panel.home_alarm,0.003107,1
1789094038.0780811,home_assistant,binary_sensor.front_porch_camera_motion,0.004597,1
1789094038.0860212,home_assistant,sensor.living_room_temperature,0.007889,1
1789094038.313507,smartthings_cloud,delaysteer-motion,0.227413,1
1789094038.513026,smartthings_cloud,Office Smart Light,0.199483,1
1789094038.684659,smartthings_cloud,Laundryroom/Mudroom Smart Light,0.171605,1
1789094038.8636549,smartthings_cloud,Online Status Monitor,0.178969,1
1789094068.879952,home_assistant,binary_sensor.front_door_contact,0.005128,1
1789094068.88382,home_assistant,lock.front_door,0.003754,1
1789094068.886945,home_assistant,alarm_control_panel.home_alarm,0.002994,1
1789094068.8899698,home_assistant,binary_sensor.front_porch_camera_motion,0.002992,1
1789094068.892952,home_assistant,sensor.living_room_temperature,0.002946,1
1789094069.106188,smartthings_cloud,delaysteer-motion,0.21319,1
1789094069.28356,smartthings_cloud,Office Smart Light,0.177335,1
1789094069.500088,smartthings_cloud,Laundryroom/Mudroom Smart Light,0.216466,1
1789094069.663559,smartthings_cloud,Online Status Monitor,0.163435,1
1789094099.689174,home_assistant,binary_sensor.front_door_contact,0.015363,1
1789094099.6926432,home_assistant,lock.front_door,0.003349,1
1789094099.6972249,home_assistant,alarm_control_panel.home_alarm,0.004546,1
1789094099.701117,home_assistant,binary_sensor.front_porch_camera_motion,0.003847,1
1789094099.7049558,home_assistant,sensor.living_room_temperature,0.003802,1
1789094099.933397,smartthings_cloud,delaysteer-motion,0.228378,1
1789094100.124609,smartthings_cloud,Office Smart Light,0.19116,1
1789094100.301989,smartthings_cloud,Laundryroom/Mudroom Smart Light,0.177327,1
1789094100.470721,smartthings_cloud,Online Status Monitor,0.16868,1
1789094130.4937758,home_assistant,binary_sensor.front_door_contact,0.012754,1
1789094130.497901,home_assistant,lock.front_door,0.003993,1
1789094130.5014029,home_assistant,alarm_control_panel.home_alarm,0.003462,1
1789094130.505101,home_assistant,binary_sensor.front_porch_camera_motion,0.00366,1
1789094130.50795,home_assistant,sensor.living_room_temperature,0.002815,1
1789094130.697192,smartthings_cloud,delaysteer-motion,0.189185,1
1789094130.887279,smartthings_cloud,Office Smart Light,0.190023,1
1789094131.0882828,smartthings_cloud,Laundryroom/Mudroom Smart Light,0.200952,1
1789094131.2971342,smartthings_cloud,Online Status Monitor,0.208798,1
1789094161.319071,home_assistant,binary_sensor.front_door_contact,0.014108,1
1789094161.3244128,home_assistant,lock.front_door,0.005103,1
1789094161.326079,home_assistant,alarm_control_panel.home_alarm,0.00162,1
1789094161.327362,home_assistant,binary_sensor.front_porch_camera_motion,0.001255,1
1789094161.330067,home_assistant,sensor.living_room_temperature,0.002683,1
1789094161.498195,smartthings_cloud,delaysteer-motion,0.168088,1
1789094161.677715,smartthings_cloud,Office Smart Light,0.179468,1
1789094161.858124,smartthings_cloud,Laundryroom/Mudroom Smart Light,0.180373,1
1789094162.028227,smartthings_cloud,Online Status Monitor,0.170066,1
1789094192.045024,home_assistant,binary_sensor.front_door_contact,0.009314,1
1789094192.049242,home_assistant,lock.front_door,0.004115,1
1789094192.052757,home_assistant,alarm_control_panel.home_alarm,0.003478,1
1789094192.057259,home_assistant,binary_sensor.front_porch_camera_motion,0.004448,1
1789094192.061208,home_assistant,sensor.living_room_temperature,0.003915,1
1789094192.2316852,smartthings_cloud,delaysteer-motion,0.170425,1
1789094192.4380748,smartthings_cloud,Office Smart Light,0.206342,1
1789094192.612673,smartthings_cloud,Laundryroom/Mudroom Smart Light,0.174551,1
1789094192.796269,smartthings_cloud,Online Status Monitor,0.183558,1
1789094222.802104,home_assistant,binary_sensor.front_door_contact,0.010828,1
1789094222.806873,home_assistant,lock.front_door,0.004659,1
1789094222.810911,home_assistant,alarm_control_panel.home_alarm,0.003419,1
1789094222.821544,home_assistant,binary_sensor.front_porch_camera_motion,0.010607,1
1789094222.8244328,home_assistant,sensor.living_room_temperature,0.002858,1
1789094222.998604,smartthings_cloud,delaysteer-motion,0.174164,1
1789094223.179591,smartthings_cloud,Office Smart Light,0.180984,1
1789094223.3710191,smartthings_cloud,Laundryroom/Mudroom Smart Light,0.191448,1
1789094223.55154,smartthings_cloud,Online Status Monitor,0.180497,1
1789094253.571052,home_assistant,binary_sensor.front_door_contact,0.011316,1
1789094253.574347,home_assistant,lock.front_door,0.003161,1
1789094253.577733,home_assistant,alarm_control_panel.home_alarm,0.003272,1
1789094253.580993,home_assistant,binary_sensor.front_porch_camera_motion,0.003228,1
1789094253.584835,home_assistant,sensor.living_room_temperature,0.003809,1
1789094253.795104,smartthings_cloud,delaysteer-motion,0.210211,1
1789094253.9972842,smartthings_cloud,Office Smart Light,0.202132,1
1789094254.174146,smartthings_cloud,Laundryroom/Mudroom Smart Light,0.176828,1
1789094254.4075708,smartthings_cloud,Online Status Monitor,0.233396,1
1789094284.4267142,home_assistant,binary_sensor.front_door_contact,0.012252,1
1789094284.431642,home_assistant,lock.front_door,0.004815,1
1789094284.4360142,home_assistant,alarm_control_panel.home_alarm,0.004335,1
1789094284.439817,home_assistant,binary_sensor.front_porch_camera_motion,0.003766,1
1789094284.443585,home_assistant,sensor.living_room_temperature,0.003732,1
1789094284.623043,smartthings_cloud,delaysteer-motion,0.179413,1
1789094284.850695,smartthings_cloud,Office Smart Light,0.227617,1
1789094285.067508,smartthings_cloud,Laundryroom/Mudroom Smart Light,0.216777,1
1789094285.2547898,smartthings_cloud,Online Status Monitor,0.187245,1
1789094315.2911448,home_assistant,binary_sensor.front_door_contact,0.031976,1
1789094315.296509,home_assistant,lock.front_door,0.005238,1
1789094315.3080142,home_assistant,alarm_control_panel.home_alarm,0.011464,1
1789094315.3224819,home_assistant,binary_sensor.front_porch_camera_motion,0.014426,1
1789094315.3294568,home_assistant,sensor.living_room_temperature,0.006934,1
1789094315.526127,smartthings_cloud,delaysteer-motion,0.196634,1
1789094315.703702,smartthings_cloud,Office Smart Light,0.17754,1
1789094315.8744981,smartthings_cloud,Laundryroom/Mudroom Smart Light,0.170745,1
1789094316.087162,smartthings_cloud,Online Status Monitor,0.212629,1
1789094346.105381,home_assistant,binary_sensor.front_door_contact,0.011153,1
1789094346.109133,home_assistant,lock.front_door,0.003644,1
1789094346.112784,home_assistant,alarm_control_panel.home_alarm,0.003612,1
1789094346.116076,home_assistant,binary_sensor.front_porch_camera_motion,0.003242,1
1789094346.119116,home_assistant,sensor.living_room_temperature,0.003,1
1789094346.3305962,smartthings_cloud,delaysteer-motion,0.21142,1
1789094346.514095,smartthings_cloud,Office Smart Light,0.18345,1
1789094346.703,smartthings_cloud,Laundryroom/Mudroom Smart Light,0.188867,1
1789094346.878123,smartthings_cloud,Online Status Monitor,0.175082,1
1789094376.896607,home_assistant,binary_sensor.front_door_contact,0.008055,1
1789094376.900129,home_assistant,lock.front_door,0.003416,1
1789094376.903507,home_assistant,alarm_control_panel.home_alarm,0.003341,1
1789094376.906653,home_assistant,binary_sensor.front_porch_camera_motion,0.003111,1
1789094376.91026,home_assistant,sensor.living_room_temperature,0.003564,1
1789094377.136891,smartthings_cloud,delaysteer-motion,0.226583,1
1789094377.3018281,smartthings_cloud,Office Smart Light,0.164885,1
1789094377.5151649,smartthings_cloud,Laundryroom/Mudroom Smart Light,0.213291,1
1789094377.725805,smartthings_cloud,Online Status Monitor,0.210583,1
1789094407.7428522,home_assistant,binary_sensor.front_door_contact,0.007603,1
1789094407.746433,home_assistant,lock.front_door,0.003468,1
1789094407.750274,home_assistant,alarm_control_panel.home_alarm,0.003716,1
1789094407.7533288,home_assistant,binary_sensor.front_porch_camera_motion,0.003021,1
1789094407.7562099,home_assistant,sensor.living_room_temperature,0.002847,1
1789094407.946559,smartthings_cloud,delaysteer-motion,0.190299,1
1789094408.130798,smartthings_cloud,Office Smart Light,0.184193,1
1789094408.298493,smartthings_cloud,Laundryroom/Mudroom Smart Light,0.167667,1
1789094408.516976,smartthings_cloud,Online Status Monitor,0.218448,1
1789094438.533261,home_assistant,binary_sensor.front_door_contact,0.007936,1
1789094438.537018,home_assistant,lock.front_door,0.003656,1
1789094438.540132,home_assistant,alarm_control_panel.home_alarm,0.002979,1
1789094438.5437639,home_assistant,binary_sensor.front_porch_camera_motion,0.003593,1
1789094438.546985,home_assistant,sensor.living_room_temperature,0.003186,1
1789094438.845469,smartthings_cloud,delaysteer-motion,0.298442,1
1789094439.010806,smartthings_cloud,Office Smart Light,0.165279,1
1789094439.201047,smartthings_cloud,Laundryroom/Mudroom Smart Light,0.190195,1
1789094439.4322639,smartthings_cloud,Online Status Monitor,0.231174,1
1789094469.4612522,home_assistant,binary_sensor.front_door_contact,0.02291,1
1789094469.463292,home_assistant,lock.front_door,0.00193,1
1789094469.464784,home_assistant,alarm_control_panel.home_alarm,0.00147,1
1789094469.466474,home_assistant,binary_sensor.front_porch_camera_motion,0.001658,1
1789094469.468212,home_assistant,sensor.living_room_temperature,0.00171,1
1789094469.712684,smartthings_cloud,delaysteer-motion,0.244425,1
1789094469.8874261,smartthings_cloud,Office Smart Light,0.174662,1
1789094470.050156,smartthings_cloud,Laundryroom/Mudroom Smart Light,0.162684,1
1789094470.2118,smartthings_cloud,Online Status Monitor,0.161594,1
1789094500.239948,home_assistant,binary_sensor.front_door_contact,0.019205,1
1789094500.243169,home_assistant,lock.front_door,0.00312,1
1789094500.245845,home_assistant,alarm_control_panel.home_alarm,0.002643,1
1789094500.2572968,home_assistant,binary_sensor.front_porch_camera_motion,0.011423,1
1789094500.260108,home_assistant,sensor.living_room_temperature,0.002767,1
1789094500.43583,smartthings_cloud,delaysteer-motion,0.175675,1
1789094500.6449869,smartthings_cloud,Office Smart Light,0.209097,1
1789094500.8920488,smartthings_cloud,Laundryroom/Mudroom Smart Light,0.247012,1
1789094501.099767,smartthings_cloud,Online Status Monitor,0.207668,1
1789094531.120883,home_assistant,binary_sensor.front_door_contact,0.010835,1
1789094531.124584,home_assistant,lock.front_door,0.003604,1
1789094531.1280792,home_assistant,alarm_control_panel.home_alarm,0.003459,1
1789094531.131316,home_assistant,binary_sensor.front_porch_camera_motion,0.003199,1
1789094531.134426,home_assistant,sensor.living_room_temperature,0.003076,1
1789094531.3936908,smartthings_cloud,delaysteer-motion,0.259219,1
1789094531.5736609,smartthings_cloud,Office Smart Light,0.17986,1
1789094531.740536,smartthings_cloud,Laundryroom/Mudroom Smart Light,0.166829,1
1789094531.948283,smartthings_cloud,Online Status Monitor,0.207696,1
1789094561.96996,home_assistant,binary_sensor.front_door_contact,0.01243,1
1789094561.974645,home_assistant,lock.front_door,0.00456,1
1789094561.9778829,home_assistant,alarm_control_panel.home_alarm,0.003202,1
1789094561.981951,home_assistant,binary_sensor.front_porch_camera_motion,0.004029,1
1789094561.986057,home_assistant,sensor.living_room_temperature,0.004072,1
1789094562.207526,smartthings_cloud,delaysteer-motion,0.221412,1
1789094562.3733969,smartthings_cloud,Office Smart Light,0.165837,1
1789094562.5839748,smartthings_cloud,Laundryroom/Mudroom Smart Light,0.210535,1
1789094562.75695,smartthings_cloud,Online Status Monitor,0.172935,1
1789094592.776384,home_assistant,binary_sensor.front_door_contact,0.016388,1
1789094592.7805598,home_assistant,lock.front_door,0.004074,1
1789094592.7844439,home_assistant,alarm_control_panel.home_alarm,0.003845,1
1789094592.7878752,home_assistant,binary_sensor.front_porch_camera_motion,0.003396,1
1789094592.791214,home_assistant,sensor.living_room_temperature,0.0033,1
1789094592.9645598,smartthings_cloud,delaysteer-motion,0.173302,1
1789094593.134379,smartthings_cloud,Office Smart Light,0.169777,1
1789094593.307512,smartthings_cloud,Laundryroom/Mudroom Smart Light,0.173081,1
1789094593.493887,smartthings_cloud,Online Status Monitor,0.186324,1
1789094623.525312,home_assistant,binary_sensor.front_door_contact,0.019773,1
1789094623.528704,home_assistant,lock.front_door,0.003278,1
1789094623.5331452,home_assistant,alarm_control_panel.home_alarm,0.004403,1
1789094623.536767,home_assistant,binary_sensor.front_porch_camera_motion,0.003583,1
1789094623.539824,home_assistant,sensor.living_room_temperature,0.003022,1
1789094623.818319,smartthings_cloud,delaysteer-motion,0.278446,1
1789094623.997926,smartthings_cloud,Office Smart Light,0.179542,1
1789094624.168395,smartthings_cloud,Laundryroom/Mudroom Smart Light,0.170425,1
1789094624.348646,smartthings_cloud,Online Status Monitor,0.180202,1
1789094654.361325,home_assistant,binary_sensor.front_door_contact,0.009,1
1789094654.365299,home_assistant,lock.front_door,0.003867,1
1789094654.369202,home_assistant,alarm_control_panel.home_alarm,0.003872,1
1789094654.372417,home_assistant,binary_sensor.front_porch_camera_motion,0.003184,1
1789094654.3774889,home_assistant,sensor.living_room_temperature,0.005043,1
1789094654.5806,smartthings_cloud,delaysteer-motion,0.203037,1
1789094654.770945,smartthings_cloud,Office Smart Light,0.190295,1
1789094654.994399,smartthings_cloud,Laundryroom/Mudroom Smart Light,0.223414,1
1789094655.156555,smartthings_cloud,Online Status Monitor,0.162109,1
1789094685.181901,home_assistant,binary_sensor.front_door_contact,0.014605,1
1789094685.185848,home_assistant,lock.front_door,0.003846,1
1789094685.189763,home_assistant,alarm_control_panel.home_alarm,0.002904,1
1789094685.193561,home_assistant,binary_sensor.front_porch_camera_motion,0.003788,1
1789094685.1977081,home_assistant,sensor.living_room_temperature,0.004137,1
1789094685.400034,smartthings_cloud,delaysteer-motion,0.202294,1
1789094685.576614,smartthings_cloud,Office Smart Light,0.176524,1
1789094685.749533,smartthings_cloud,Laundryroom/Mudroom Smart Light,0.172878,1
1789094685.9649951,smartthings_cloud,Online Status Monitor,0.215417,1
1789094715.9809191,home_assistant,binary_sensor.front_door_contact,0.00804,1
1789094715.986208,home_assistant,lock.front_door,0.005179,1
1789094715.98942,home_assistant,alarm_control_panel.home_alarm,0.003178,1
1789094715.993043,home_assistant,binary_sensor.front_porch_camera_motion,0.00359,1
1789094715.9971552,home_assistant,sensor.living_room_temperature,0.00408,1
1789094716.285352,smartthings_cloud,delaysteer-motion,0.288141,1
1789094716.494119,smartthings_cloud,Office Smart Light,0.208724,1
1789094716.707763,smartthings_cloud,Laundryroom/Mudroom Smart Light,0.213592,1
1789094716.927114,smartthings_cloud,Online Status Monitor,0.219294,1
1789094746.9485152,home_assistant,binary_sensor.front_door_contact,0.01214,1
1789094746.9513621,home_assistant,lock.front_door,0.002691,1
1789094746.953561,home_assistant,alarm_control_panel.home_alarm,0.002169,1
1789094746.95552,home_assistant,binary_sensor.front_porch_camera_motion,0.001933,1
1789094746.957458,home_assistant,sensor.living_room_temperature,0.001915,1
1789094747.155067,smartthings_cloud,delaysteer-motion,0.197545,1
1789094747.321028,smartthings_cloud,Office Smart Light,0.16591,1
1789094747.5197818,smartthings_cloud,Laundryroom/Mudroom Smart Light,0.198713,1
1789094747.6985002,smartthings_cloud,Online Status Monitor,0.178667,1
1789094777.7139142,home_assistant,binary_sensor.front_door_contact,0.008638,1
1789094777.715921,home_assistant,lock.front_door,0.001909,1
1789094777.7177222,home_assistant,alarm_control_panel.home_alarm,0.00177,1
1789094777.719508,home_assistant,binary_sensor.front_porch_camera_motion,0.001754,1
1789094777.7217011,home_assistant,sensor.living_room_temperature,0.00216,1
1789094777.932914,smartthings_cloud,delaysteer-motion,0.211166,1
1789094778.142709,smartthings_cloud,Office Smart Light,0.209743,1
1789094778.320113,smartthings_cloud,Laundryroom/Mudroom Smart Light,0.177368,1
1789094778.465754,smartthings_cloud,Online Status Monitor,0.145605,1
1789094808.483895,home_assistant,binary_sensor.front_door_contact,0.007713,1
1789094808.486683,home_assistant,lock.front_door,0.002684,1
1789094808.4887831,home_assistant,alarm_control_panel.home_alarm,0.002072,1
1789094808.49332,home_assistant,binary_sensor.front_porch_camera_motion,0.004515,1
1789094808.49525,home_assistant,sensor.living_room_temperature,0.001896,1
1789094808.708055,smartthings_cloud,delaysteer-motion,0.212761,1
1789094808.882826,smartthings_cloud,Office Smart Light,0.174717,1
1789094809.0806441,smartthings_cloud,Laundryroom/Mudroom Smart Light,0.197784,1
1789094809.2596512,smartthings_cloud,Online Status Monitor,0.178973,1
1789094839.283236,home_assistant,binary_sensor.front_door_contact,0.012388,1
1789094839.286576,home_assistant,lock.front_door,0.003225,1
1789094839.289778,home_assistant,alarm_control_panel.home_alarm,0.003168,1
1789094839.292844,home_assistant,binary_sensor.front_porch_camera_motion,0.003028,1
1789094839.295937,home_assistant,sensor.living_room_temperature,0.003058,1
1789094839.492652,smartthings_cloud,delaysteer-motion,0.196657,1
1789094839.65068,smartthings_cloud,Office Smart Light,0.157983,1
1789094839.856765,smartthings_cloud,Laundryroom/Mudroom Smart Light,0.206029,1
1789094840.0293179,smartthings_cloud,Online Status Monitor,0.172516,1
1789094870.048469,home_assistant,binary_sensor.front_door_contact,0.008546,1
1789094870.05249,home_assistant,lock.front_door,0.003913,1
1789094870.055653,home_assistant,alarm_control_panel.home_alarm,0.003128,1
1789094870.059998,home_assistant,binary_sensor.front_porch_camera_motion,0.004308,1
1789094870.063561,home_assistant,sensor.living_room_temperature,0.003523,1
1789094870.2465842,smartthings_cloud,delaysteer-motion,0.182957,1
1789094870.464524,smartthings_cloud,Office Smart Light,0.21789,1
1789094870.634912,smartthings_cloud,Laundryroom/Mudroom Smart Light,0.170344,1
1789094870.829779,smartthings_cloud,Online Status Monitor,0.194818,1
1789094900.8478148,home_assistant,binary_sensor.front_door_contact,0.008979,1
1789094900.852059,home_assistant,lock.front_door,0.004151,1
1789094900.85644,home_assistant,alarm_control_panel.home_alarm,0.004349,1
1789094900.859091,home_assistant,binary_sensor.front_porch_camera_motion,0.002607,1
1789094900.8620028,home_assistant,sensor.living_room_temperature,0.002886,1
1789094901.050136,smartthings_cloud,delaysteer-motion,0.18809,1
1789094901.217825,smartthings_cloud,Office Smart Light,0.16764,1
1789094901.3925061,smartthings_cloud,Laundryroom/Mudroom Smart Light,0.174636,1
1789094901.627777,smartthings_cloud,Online Status Monitor,0.235217,1
1789094931.649003,home_assistant,binary_sensor.front_door_contact,0.011233,1
1789094931.652086,home_assistant,lock.front_door,0.002991,1
1789094931.65488,home_assistant,alarm_control_panel.home_alarm,0.002764,1
1789094931.6576571,home_assistant,binary_sensor.front_porch_camera_motion,0.002743,1
1789094931.660317,home_assistant,sensor.living_room_temperature,0.00263,1
1789094931.91274,smartthings_cloud,delaysteer-motion,0.252378,1
1789094932.086213,smartthings_cloud,Office Smart Light,0.173416,1
1789094932.266367,smartthings_cloud,Laundryroom/Mudroom Smart Light,0.180107,1
1789094932.4487839,smartthings_cloud,Online Status Monitor,0.18238,1
1789094962.461401,home_assistant,binary_sensor.front_door_contact,0.008071,1
1789094962.464811,home_assistant,lock.front_door,0.003307,1
1789094962.468714,home_assistant,alarm_control_panel.home_alarm,0.00378,1
1789094962.471751,home_assistant,binary_sensor.front_porch_camera_motion,0.003002,1
1789094962.475014,home_assistant,sensor.living_room_temperature,0.003224,1
1789094962.654321,smartthings_cloud,delaysteer-motion,0.17925,1
1789094962.869602,smartthings_cloud,Office Smart Light,0.215237,1
1789094963.095814,smartthings_cloud,Laundryroom/Mudroom Smart Light,0.226174,1
1789094963.330581,smartthings_cloud,Online Status Monitor,0.234727,1
1789094993.381524,home_assistant,binary_sensor.front_door_contact,0.038528,1
1789094993.386204,home_assistant,lock.front_door,0.004391,1
1789094993.390033,home_assistant,alarm_control_panel.home_alarm,0.003789,1
1789094993.393554,home_assistant,binary_sensor.front_porch_camera_motion,0.003392,1
1789094993.395684,home_assistant,sensor.living_room_temperature,0.002092,1
1789094993.595604,smartthings_cloud,delaysteer-motion,0.199868,1
1789094993.784807,smartthings_cloud,Office Smart Light,0.189152,1
1789094993.9870331,smartthings_cloud,Laundryroom/Mudroom Smart Light,0.202176,1
1789094994.156061,smartthings_cloud,Online Status Monitor,0.168977,1
1789095024.180052,home_assistant,binary_sensor.front_door_contact,0.013908,1
1789095024.183058,home_assistant,lock.front_door,0.002846,1
1789095024.186951,home_assistant,alarm_control_panel.home_alarm,0.00386,1
1789095024.191079,home_assistant,binary_sensor.front_porch_camera_motion,0.004092,1
1789095024.194064,home_assistant,sensor.living_room_temperature,0.002947,1
1789095024.443725,smartthings_cloud,delaysteer-motion,0.249592,1
1789095024.6094341,smartthings_cloud,Office Smart Light,0.165609,1
1789095024.7802439,smartthings_cloud,Laundryroom/Mudroom Smart Light,0.170754,1
1789095024.992213,smartthings_cloud,Online Status Monitor,0.211911,1
1789095055.009601,home_assistant,binary_sensor.front_door_contact,0.008442,1
1789095055.012748,home_assistant,lock.front_door,0.003051,1
1789095055.016039,home_assistant,alarm_control_panel.home_alarm,0.003049,1
1789095055.019223,home_assistant,binary_sensor.front_porch_camera_motion,0.003117,1
1789095055.022943,home_assistant,sensor.living_room_temperature,0.003685,1
1789095055.20013,smartthings_cloud,delaysteer-motion,0.177136,1
1789095055.388552,smartthings_cloud,Office Smart Light,0.18838,1
1789095055.568453,smartthings_cloud,Laundryroom/Mudroom Smart Light,0.179863,1
1789095055.763089,smartthings_cloud,Online Status Monitor,0.194601,1
1789095085.7740328,home_assistant,binary_sensor.front_door_contact,0.005218,1
1789095085.776277,home_assistant,lock.front_door,0.002142,1
1789095085.778999,home_assistant,alarm_control_panel.home_alarm,0.002696,1
1789095085.7807128,home_assistant,binary_sensor.front_porch_camera_motion,0.001612,1
1789095085.7844439,home_assistant,sensor.living_room_temperature,0.003709,1
1789095085.941393,smartthings_cloud,delaysteer-motion,0.1569,1
1789095086.106401,smartthings_cloud,Office Smart Light,0.16496,1
1789095086.2720058,smartthings_cloud,Laundryroom/Mudroom Smart Light,0.165566,1
1789095086.427479,smartthings_cloud,Online Status Monitor,0.155438,1
1789095116.445106,home_assistant,binary_sensor.front_door_contact,0.014053,1
1789095116.4490612,home_assistant,lock.front_door,0.003824,1
1789095116.452781,home_assistant,alarm_control_panel.home_alarm,0.003557,1
1789095116.4563708,home_assistant,binary_sensor.front_porch_camera_motion,0.003536,1
1789095116.459497,home_assistant,sensor.living_room_temperature,0.003081,1
1789095116.6659682,smartthings_cloud,delaysteer-motion,0.206416,1
1789095116.9112089,smartthings_cloud,Office Smart Light,0.245199,1
1789095117.097932,smartthings_cloud,Laundryroom/Mudroom Smart Light,0.186669,1
1789095117.27918,smartthings_cloud,Online Status Monitor,0.181204,1
1789095147.293462,home_assistant,binary_sensor.front_door_contact,0.009124,1
1789095147.29625,home_assistant,lock.front_door,0.002651,1
1789095147.298639,home_assistant,alarm_control_panel.home_alarm,0.002264,1
1789095147.3007581,home_assistant,binary_sensor.front_porch_camera_motion,0.002093,1
1789095147.303044,home_assistant,sensor.living_room_temperature,0.002256,1
1789095147.514417,smartthings_cloud,delaysteer-motion,0.211321,1
1789095147.744861,smartthings_cloud,Office Smart Light,0.230381,1
1789095147.9031181,smartthings_cloud,Laundryroom/Mudroom Smart Light,0.158189,1
1789095148.068417,smartthings_cloud,Online Status Monitor,0.165232,1
1789095178.088535,home_assistant,binary_sensor.front_door_contact,0.0129,1
1789095178.0917819,home_assistant,lock.front_door,0.003104,1
1789095178.09505,home_assistant,alarm_control_panel.home_alarm,0.00323,1
1789095178.098956,home_assistant,binary_sensor.front_porch_camera_motion,0.003791,1
1789095178.101941,home_assistant,sensor.living_room_temperature,0.002951,1
1789095178.323576,smartthings_cloud,delaysteer-motion,0.221591,1
1789095178.496246,smartthings_cloud,Office Smart Light,0.172633,1
1789095178.682276,smartthings_cloud,Laundryroom/Mudroom Smart Light,0.185988,1
1789095178.866688,smartthings_cloud,Online Status Monitor,0.184378,1
1789095208.882329,home_assistant,binary_sensor.front_door_contact,0.013348,1
1789095208.886228,home_assistant,lock.front_door,0.003804,1
1789095208.889309,home_assistant,alarm_control_panel.home_alarm,0.002993,1
1789095208.891915,home_assistant,binary_sensor.front_porch_camera_motion,0.002563,1
1789095208.8955688,home_assistant,sensor.living_room_temperature,0.003622,1
1789095209.102319,smartthings_cloud,delaysteer-motion,0.206704,1
1789095209.278978,smartthings_cloud,Office Smart Light,0.176612,1
1789095209.473781,smartthings_cloud,Laundryroom/Mudroom Smart Light,0.194753,1
1789095209.6583512,smartthings_cloud,Online Status Monitor,0.184537,1
1789095239.6906629,home_assistant,binary_sensor.front_door_contact,0.021038,1
1789095239.6949792,home_assistant,lock.front_door,0.004196,1
1789095239.699283,home_assistant,alarm_control_panel.home_alarm,0.004183,1
1789095239.701865,home_assistant,binary_sensor.front_porch_camera_motion,0.002541,1
1789095239.704416,home_assistant,sensor.living_room_temperature,0.002519,1
1789095239.925372,smartthings_cloud,delaysteer-motion,0.220917,1
1789095240.1272361,smartthings_cloud,Office Smart Light,0.201811,1
1789095240.356524,smartthings_cloud,Laundryroom/Mudroom Smart Light,0.229247,1
1789095240.528707,smartthings_cloud,Online Status Monitor,0.172144,1
1789095270.54773,home_assistant,binary_sensor.front_door_contact,0.017442,1
1789095270.553104,home_assistant,lock.front_door,0.004965,1
1789095270.555996,home_assistant,alarm_control_panel.home_alarm,0.002858,1
1789095270.559168,home_assistant,binary_sensor.front_porch_camera_motion,0.003058,1
1789095270.5625558,home_assistant,sensor.living_room_temperature,0.003374,1
1789095270.750741,smartthings_cloud,delaysteer-motion,0.18814,1
1789095270.933909,smartthings_cloud,Office Smart Light,0.18312,1
1789095271.104623,smartthings_cloud,Laundryroom/Mudroom Smart Light,0.170663,1
1789095271.305894,smartthings_cloud,Online Status Monitor,0.20123,1
1789095301.335912,home_assistant,binary_sensor.front_door_contact,0.01695,1
1789095301.3390138,home_assistant,lock.front_door,0.003007,1
1789095301.342368,home_assistant,alarm_control_panel.home_alarm,0.003291,1
1789095301.3458712,home_assistant,binary_sensor.front_porch_camera_motion,0.003471,1
1789095301.3495529,home_assistant,sensor.living_room_temperature,0.003671,1
1789095301.587314,smartthings_cloud,delaysteer-motion,0.237743,1
1789095301.821155,smartthings_cloud,Office Smart Light,0.233784,1
1789095301.9912078,smartthings_cloud,Laundryroom/Mudroom Smart Light,0.169992,1
1789095302.176749,smartthings_cloud,Online Status Monitor,0.185506,1
1789095332.193897,home_assistant,binary_sensor.front_door_contact,0.009666,1
1789095332.197658,home_assistant,lock.front_door,0.003655,1
1789095332.202239,home_assistant,alarm_control_panel.home_alarm,0.00454,1
1789095332.205673,home_assistant,binary_sensor.front_porch_camera_motion,0.003299,1
1789095332.209117,home_assistant,sensor.living_room_temperature,0.003407,1
1789095332.416435,smartthings_cloud,delaysteer-motion,0.207254,1
1789095332.650568,smartthings_cloud,Office Smart Light,0.234068,1
1789095332.865576,smartthings_cloud,Laundryroom/Mudroom Smart Light,0.214955,1
1789095333.074137,smartthings_cloud,Online Status Monitor,0.208525,1
1789095363.101383,home_assistant,binary_sensor.front_door_contact,0.018908,1
1789095363.106747,home_assistant,lock.front_door,0.004945,1
1789095363.110016,home_assistant,alarm_control_panel.home_alarm,0.003227,1
1789095363.112742,home_assistant,binary_sensor.front_porch_camera_motion,0.002693,1
1789095363.115083,home_assistant,sensor.living_room_temperature,0.002315,1
1789095363.294893,smartthings_cloud,delaysteer-motion,0.179768,1
1789095363.462951,smartthings_cloud,Office Smart Light,0.167992,1
1789095363.6634371,smartthings_cloud,Laundryroom/Mudroom Smart Light,0.200423,1
1789095363.885043,smartthings_cloud,Online Status Monitor,0.221549,1
1789095393.897901,home_assistant,binary_sensor.front_door_contact,0.008195,1
1789095393.901568,home_assistant,lock.front_door,0.003562,1
1789095393.9057019,home_assistant,alarm_control_panel.home_alarm,0.00402,1
1789095393.909163,home_assistant,binary_sensor.front_porch_camera_motion,0.003401,1
1789095393.913022,home_assistant,sensor.living_room_temperature,0.003826,1
1789095394.130335,smartthings_cloud,delaysteer-motion,0.217243,1
1789095394.308085,smartthings_cloud,Office Smart Light,0.177716,1
1789095394.482087,smartthings_cloud,Laundryroom/Mudroom Smart Light,0.173966,1
1789095394.6760268,smartthings_cloud,Online Status Monitor,0.193902,1
1789095424.704021,home_assistant,binary_sensor.front_door_contact,0.017694,1
1789095424.709601,home_assistant,lock.front_door,0.005445,1
1789095424.713343,home_assistant,alarm_control_panel.home_alarm,0.003705,1
1789095424.717262,home_assistant,binary_sensor.front_porch_camera_motion,0.003801,1
1789095424.719871,home_assistant,sensor.living_room_temperature,0.002577,1
1789095424.950593,smartthings_cloud,delaysteer-motion,0.23068,1
1789095425.122771,smartthings_cloud,Office Smart Light,0.172126,1
1789095425.301698,smartthings_cloud,Laundryroom/Mudroom Smart Light,0.178878,1
1789095425.456791,smartthings_cloud,Online Status Monitor,0.155054,1
1789095455.47458,home_assistant,binary_sensor.front_door_contact,0.008194,1
1789095455.48098,home_assistant,lock.front_door,0.006343,1
1789095455.484273,home_assistant,alarm_control_panel.home_alarm,0.003235,1
1789095455.487465,home_assistant,binary_sensor.front_porch_camera_motion,0.003165,1
1789095455.4907699,home_assistant,sensor.living_room_temperature,0.003294,1
1789095455.65437,smartthings_cloud,delaysteer-motion,0.163582,1
1789095455.81331,smartthings_cloud,Office Smart Light,0.158899,1
1789095456.0057988,smartthings_cloud,Laundryroom/Mudroom Smart Light,0.192457,1
1789095456.409011,smartthings_cloud,Online Status Monitor,0.403174,1
1789095486.430942,home_assistant,binary_sensor.front_door_contact,0.013162,1
1789095486.436451,home_assistant,lock.front_door,0.004436,1
1789095486.439209,home_assistant,alarm_control_panel.home_alarm,0.002593,1
1789095486.4426901,home_assistant,binary_sensor.front_porch_camera_motion,0.003453,1
1789095486.446332,home_assistant,sensor.living_room_temperature,0.003608,1
1789095486.6564748,smartthings_cloud,delaysteer-motion,0.210053,1
1789095486.817578,smartthings_cloud,Office Smart Light,0.161048,1
1789095487.0314,smartthings_cloud,Laundryroom/Mudroom Smart Light,0.213765,1
1789095487.233803,smartthings_cloud,Online Status Monitor,0.202353,1
1789095517.1929731,home_assistant,binary_sensor.front_door_contact,0.009307,1
1789095517.1959958,home_assistant,lock.front_door,0.00293,1
1789095517.198401,home_assistant,alarm_control_panel.home_alarm,0.002379,1
1789095517.20148,home_assistant,binary_sensor.front_porch_camera_motion,0.002986,1
1789095517.2043788,home_assistant,sensor.living_room_temperature,0.00287,1
1789095517.4680011,smartthings_cloud,delaysteer-motion,0.263591,1
1789095517.632034,smartthings_cloud,Office Smart Light,0.164,1
1789095517.8219242,smartthings_cloud,Laundryroom/Mudroom Smart Light,0.189864,1
1789095517.9799979,smartthings_cloud,Online Status Monitor,0.158041,1
1789095548.0089269,home_assistant,binary_sensor.front_door_contact,0.011123,1
1789095548.014196,home_assistant,lock.front_door,0.0049,1
1789095548.0177448,home_assistant,alarm_control_panel.home_alarm,0.003374,1
1789095548.0216708,home_assistant,binary_sensor.front_porch_camera_motion,0.003886,1
1789095548.023381,home_assistant,sensor.living_room_temperature,0.001683,1
1789095548.198455,smartthings_cloud,delaysteer-motion,0.17505,1
1789095548.3953652,smartthings_cloud,Office Smart Light,0.196858,1
1789095548.569759,smartthings_cloud,Laundryroom/Mudroom Smart Light,0.174356,1
1789095548.765864,smartthings_cloud,Online Status Monitor,0.196061,1
1789095578.781408,home_assistant,binary_sensor.front_door_contact,0.014152,1
1789095578.783991,home_assistant,lock.front_door,0.002482,1
1789095578.785436,home_assistant,alarm_control_panel.home_alarm,0.001349,1
1789095578.7866728,home_assistant,binary_sensor.front_porch_camera_motion,0.00122,1
1789095578.788825,home_assistant,sensor.living_room_temperature,0.002134,1
1789095579.0021608,smartthings_cloud,delaysteer-motion,0.21329,1
1789095579.176918,smartthings_cloud,Office Smart Light,0.174708,1
1789095579.3485389,smartthings_cloud,Laundryroom/Mudroom Smart Light,0.171564,1
1789095579.502326,smartthings_cloud,Online Status Monitor,0.153725,1
1789095609.515754,home_assistant,binary_sensor.front_door_contact,0.010144,1
1789095609.5199091,home_assistant,lock.front_door,0.004026,1
1789095609.52337,home_assistant,alarm_control_panel.home_alarm,0.003421,1
1789095609.526664,home_assistant,binary_sensor.front_porch_camera_motion,0.003179,1
1789095609.530277,home_assistant,sensor.living_room_temperature,0.003578,1
1789095609.795983,smartthings_cloud,delaysteer-motion,0.265648,1
1789095609.972925,smartthings_cloud,Office Smart Light,0.176883,1
1789095610.168365,smartthings_cloud,Laundryroom/Mudroom Smart Light,0.195407,1
1789095610.344606,smartthings_cloud,Online Status Monitor,0.176207,1
1789095640.361341,home_assistant,binary_sensor.front_door_contact,0.009803,1
1789095640.3646898,home_assistant,lock.front_door,0.003213,1
1789095640.3683572,home_assistant,alarm_control_panel.home_alarm,0.003553,1
1789095640.372331,home_assistant,binary_sensor.front_porch_camera_motion,0.003908,1
1789095640.376144,home_assistant,sensor.living_room_temperature,0.003779,1
1789095640.575416,smartthings_cloud,delaysteer-motion,0.199224,1
1789095640.732851,smartthings_cloud,Office Smart Light,0.157402,1
1789095640.957006,smartthings_cloud,Laundryroom/Mudroom Smart Light,0.224123,1
1789095641.133215,smartthings_cloud,Online Status Monitor,0.176178,1
1789095671.163473,home_assistant,binary_sensor.front_door_contact,0.019883,1
1789095671.1675892,home_assistant,lock.front_door,0.003997,1
1789095671.170319,home_assistant,alarm_control_panel.home_alarm,0.002603,1
1789095671.173742,home_assistant,binary_sensor.front_porch_camera_motion,0.003387,1
1789095671.1774359,home_assistant,sensor.living_room_temperature,0.003642,1
1789095671.380081,smartthings_cloud,delaysteer-motion,0.202584,1
1789095671.561223,smartthings_cloud,Office Smart Light,0.181116,1
1789095671.7905338,smartthings_cloud,Laundryroom/Mudroom Smart Light,0.229259,1
1789095671.965632,smartthings_cloud,Online Status Monitor,0.175059,1
1789095701.9978309,home_assistant,binary_sensor.front_door_contact,0.021245,1
1789095702.001326,home_assistant,lock.front_door,0.003373,1
1789095702.0046442,home_assistant,alarm_control_panel.home_alarm,0.003281,1
1789095702.007545,home_assistant,binary_sensor.front_porch_camera_motion,0.00277,1
1789095702.009335,home_assistant,sensor.living_room_temperature,0.001757,1
1789095702.2696278,smartthings_cloud,delaysteer-motion,0.260237,1
1789095702.485905,smartthings_cloud,Office Smart Light,0.21624,1
1789095702.6571898,smartthings_cloud,Laundryroom/Mudroom Smart Light,0.171246,1
1789095702.857003,smartthings_cloud,Online Status Monitor,0.199766,1
1789095732.868948,home_assistant,binary_sensor.front_door_contact,0.007403,1
1789095732.872247,home_assistant,lock.front_door,0.003147,1
1789095732.8746939,home_assistant,alarm_control_panel.home_alarm,0.002292,1
1789095732.8762329,home_assistant,binary_sensor.front_porch_camera_motion,0.001489,1
1789095732.8776598,home_assistant,sensor.living_room_temperature,0.001401,1
1789095733.060284,smartthings_cloud,delaysteer-motion,0.182578,1
1789095733.249898,smartthings_cloud,Office Smart Light,0.189586,1
1789095733.4271119,smartthings_cloud,Laundryroom/Mudroom Smart Light,0.177187,1
1789095733.6617,smartthings_cloud,Online Status Monitor,0.234567,1
1789095763.698578,home_assistant,binary_sensor.front_door_contact,0.028192,1
1789095763.703302,home_assistant,lock.front_door,0.004591,1
1789095763.712867,home_assistant,alarm_control_panel.home_alarm,0.009519,1
1789095763.718792,home_assistant,binary_sensor.front_porch_camera_motion,0.005864,1
1789095763.7239249,home_assistant,sensor.living_room_temperature,0.005102,1
1789095763.934131,smartthings_cloud,delaysteer-motion,0.210151,1
1789095764.253252,smartthings_cloud,Office Smart Light,0.319086,1
1789095764.423211,smartthings_cloud,Laundryroom/Mudroom Smart Light,0.169931,1
1789095764.5913699,smartthings_cloud,Online Status Monitor,0.168134,1
1789095794.601868,home_assistant,binary_sensor.front_door_contact,0.00922,1
1789095794.607019,home_assistant,lock.front_door,0.004533,1
1789095794.610167,home_assistant,alarm_control_panel.home_alarm,0.003091,1
1789095794.613188,home_assistant,binary_sensor.front_porch_camera_motion,0.0028,1
1789095794.616838,home_assistant,sensor.living_room_temperature,0.003619,1
1789095794.88113,smartthings_cloud,delaysteer-motion,0.264224,1
1789095795.0419898,smartthings_cloud,Office Smart Light,0.160789,1
1789095795.258253,smartthings_cloud,Laundryroom/Mudroom Smart Light,0.216208,1
1789095795.429887,smartthings_cloud,Online Status Monitor,0.171576,1
1789095825.4402938,home_assistant,binary_sensor.front_door_contact,0.008497,1
1789095825.444968,home_assistant,lock.front_door,0.004491,1
1789095825.448812,home_assistant,alarm_control_panel.home_alarm,0.003695,1
1789095825.4517848,home_assistant,binary_sensor.front_porch_camera_motion,0.002899,1
1789095825.454986,home_assistant,sensor.living_room_temperature,0.003163,1
1789095825.626049,smartthings_cloud,delaysteer-motion,0.17102,1
1789095825.7935739,smartthings_cloud,Office Smart Light,0.167477,1
1789095825.968225,smartthings_cloud,Laundryroom/Mudroom Smart Light,0.174611,1
1789095826.184022,smartthings_cloud,Online Status Monitor,0.215747,1
1789095856.2017121,home_assistant,binary_sensor.front_door_contact,0.008395,1
1789095856.203705,home_assistant,lock.front_door,0.001896,1
1789095856.2053728,home_assistant,alarm_control_panel.home_alarm,0.001641,1
1789095856.20787,home_assistant,binary_sensor.front_porch_camera_motion,0.002395,1
1789095856.209289,home_assistant,sensor.living_room_temperature,0.001396,1
1789095856.403323,smartthings_cloud,delaysteer-motion,0.194,1
1789095856.573878,smartthings_cloud,Office Smart Light,0.170519,1
1789095856.734331,smartthings_cloud,Laundryroom/Mudroom Smart Light,0.160423,1
1789095856.91053,smartthings_cloud,Online Status Monitor,0.176167,1
1789095886.924046,home_assistant,binary_sensor.front_door_contact,0.01259,1
1789095886.928458,home_assistant,lock.front_door,0.004239,1
1789095886.9331598,home_assistant,alarm_control_panel.home_alarm,0.004644,1
1789095886.937014,home_assistant,binary_sensor.front_porch_camera_motion,0.003782,1
1789095886.941065,home_assistant,sensor.living_room_temperature,0.004002,1
1789095887.170241,smartthings_cloud,delaysteer-motion,0.229041,1
1789095887.379972,smartthings_cloud,Office Smart Light,0.20968,1
1789095887.5324202,smartthings_cloud,Laundryroom/Mudroom Smart Light,0.152394,1
1789095887.748112,smartthings_cloud,Online Status Monitor,0.215644,1
1789095917.759841,home_assistant,binary_sensor.front_door_contact,0.007193,1
1789095917.762912,home_assistant,lock.front_door,0.00296,1
1789095917.766646,home_assistant,alarm_control_panel.home_alarm,0.003607,1
1789095917.770036,home_assistant,binary_sensor.front_porch_camera_motion,0.003335,1
1789095917.772971,home_assistant,sensor.living_room_temperature,0.002903,1
1789095917.9407501,smartthings_cloud,delaysteer-motion,0.167731,1
1789095918.157558,smartthings_cloud,Office Smart Light,0.216771,1
1789095918.333177,smartthings_cloud,Laundryroom/Mudroom Smart Light,0.175572,1
1789095918.519933,smartthings_cloud,Online Status Monitor,0.186711,1
1789095948.530831,home_assistant,binary_sensor.front_door_contact,0.004991,1
1789095948.532429,home_assistant,lock.front_door,0.001525,1
1789095948.533957,home_assistant,alarm_control_panel.home_alarm,0.001506,1
1789095948.535798,home_assistant,binary_sensor.front_porch_camera_motion,0.001756,1
1789095948.537471,home_assistant,sensor.living_room_temperature,0.001649,1
1789095948.776968,smartthings_cloud,delaysteer-motion,0.239465,1
1789095948.946208,smartthings_cloud,Office Smart Light,0.169198,1
1789095949.121283,smartthings_cloud,Laundryroom/Mudroom Smart Light,0.175031,1
1789095949.2959292,smartthings_cloud,Online Status Monitor,0.174603,1
1789095979.321496,home_assistant,binary_sensor.front_door_contact,0.020445,1
1789095979.323329,home_assistant,lock.front_door,0.001758,1
1789095979.325095,home_assistant,alarm_control_panel.home_alarm,0.001745,1
1789095979.326474,home_assistant,binary_sensor.front_porch_camera_motion,0.00136,1
1789095979.327977,home_assistant,sensor.living_room_temperature,0.001485,1
1789095979.545275,smartthings_cloud,delaysteer-motion,0.217278,1
1789095979.706628,smartthings_cloud,Office Smart Light,0.161299,1
1789095979.926857,smartthings_cloud,Laundryroom/Mudroom Smart Light,0.220181,1
1789095980.095514,smartthings_cloud,Online Status Monitor,0.168605,1
1789096010.1172018,home_assistant,binary_sensor.front_door_contact,0.015849,1
1789096010.1216488,home_assistant,lock.front_door,0.004273,1
1789096010.125918,home_assistant,alarm_control_panel.home_alarm,0.004198,1
1789096010.129076,home_assistant,binary_sensor.front_porch_camera_motion,0.00309,1
1789096010.1338089,home_assistant,sensor.living_room_temperature,0.004697,1
1789096010.3067908,smartthings_cloud,delaysteer-motion,0.172935,1
1789096010.486677,smartthings_cloud,Office Smart Light,0.179848,1
1789096010.669021,smartthings_cloud,Laundryroom/Mudroom Smart Light,0.182289,1
1789096010.871546,smartthings_cloud,Online Status Monitor,0.202476,1
1789096040.89133,home_assistant,binary_sensor.front_door_contact,0.010013,1
1789096040.894499,home_assistant,lock.front_door,0.003073,1
1789096040.897166,home_assistant,alarm_control_panel.home_alarm,0.002635,1
1789096040.900026,home_assistant,binary_sensor.front_porch_camera_motion,0.002808,1
1789096040.90323,home_assistant,sensor.living_room_temperature,0.003175,1
1789096041.121805,smartthings_cloud,delaysteer-motion,0.218535,1
1789096041.3020842,smartthings_cloud,Office Smart Light,0.180229,1
1789096041.463813,smartthings_cloud,Laundryroom/Mudroom Smart Light,0.1617,1
1789096041.625916,smartthings_cloud,Online Status Monitor,0.162055,1
1789096071.645836,home_assistant,binary_sensor.front_door_contact,0.009463,1
1789096071.6497338,home_assistant,lock.front_door,0.003815,1
1789096071.652431,home_assistant,alarm_control_panel.home_alarm,0.002666,1
1789096071.656283,home_assistant,binary_sensor.front_porch_camera_motion,0.003823,1
1789096071.6589692,home_assistant,sensor.living_room_temperature,0.002657,1
1789096071.8485272,smartthings_cloud,delaysteer-motion,0.189518,1
1789096071.9921339,smartthings_cloud,Office Smart Light,0.143573,1
1789096072.167407,smartthings_cloud,Laundryroom/Mudroom Smart Light,0.175245,1
1789096072.369042,smartthings_cloud,Online Status Monitor,0.201606,1
1789096102.38385,home_assistant,binary_sensor.front_door_contact,0.006917,1
1789096102.386231,home_assistant,lock.front_door,0.001861,1
1789096102.3883011,home_assistant,alarm_control_panel.home_alarm,0.002043,1
1789096102.390992,home_assistant,binary_sensor.front_porch_camera_motion,0.002668,1
1789096102.392533,home_assistant,sensor.living_room_temperature,0.001517,1
1789096102.567085,smartthings_cloud,delaysteer-motion,0.174517,1
1789096102.7940328,smartthings_cloud,Office Smart Light,0.226917,1
1789096102.955301,smartthings_cloud,Laundryroom/Mudroom Smart Light,0.161234,1
1789096103.160107,smartthings_cloud,Online Status Monitor,0.204768,1
1789096133.171387,home_assistant,binary_sensor.front_door_contact,0.005196,1
1789096133.174165,home_assistant,lock.front_door,0.00265,1
1789096133.176286,home_assistant,alarm_control_panel.home_alarm,0.00208,1
1789096133.17743,home_assistant,binary_sensor.front_porch_camera_motion,0.001127,1
1789096133.179101,home_assistant,sensor.living_room_temperature,0.001654,1
1789096133.3981209,smartthings_cloud,delaysteer-motion,0.218994,1
1789096133.538663,smartthings_cloud,Office Smart Light,0.140508,1
1789096133.748929,smartthings_cloud,Laundryroom/Mudroom Smart Light,0.210224,1
1789096133.914879,smartthings_cloud,Online Status Monitor,0.165911,1
1789096163.9245062,home_assistant,binary_sensor.front_door_contact,0.005285,1
1789096163.9259222,home_assistant,lock.front_door,0.001329,1
1789096163.927161,home_assistant,alarm_control_panel.home_alarm,0.001167,1
1789096163.9292722,home_assistant,binary_sensor.front_porch_camera_motion,0.002094,1
1789096163.931309,home_assistant,sensor.living_room_temperature,0.002014,1
1789096164.1003158,smartthings_cloud,delaysteer-motion,0.16898,1
1789096164.274695,smartthings_cloud,Office Smart Light,0.174334,1
1789096164.4762912,smartthings_cloud,Laundryroom/Mudroom Smart Light,0.20155,1
1789096164.644151,smartthings_cloud,Online Status Monitor,0.167819,1
1789096194.670742,home_assistant,binary_sensor.front_door_contact,0.015495,1
1789096194.6732612,home_assistant,lock.front_door,0.002403,1
1789096194.6749089,home_assistant,alarm_control_panel.home_alarm,0.001615,1
1789096194.6784158,home_assistant,binary_sensor.front_porch_camera_motion,0.003481,1
1789096194.680463,home_assistant,sensor.living_room_temperature,0.00201,1
1789096194.855959,smartthings_cloud,delaysteer-motion,0.175443,1
1789096195.053658,smartthings_cloud,Office Smart Light,0.197665,1
1789096195.250481,smartthings_cloud,Laundryroom/Mudroom Smart Light,0.19679,1
1789096195.44543,smartthings_cloud,Online Status Monitor,0.194915,1
1789096225.466937,home_assistant,binary_sensor.front_door_contact,0.0113,1
1789096225.470256,home_assistant,lock.front_door,0.003218,1
1789096225.4734988,home_assistant,alarm_control_panel.home_alarm,0.003206,1
1789096225.4765482,home_assistant,binary_sensor.front_porch_camera_motion,0.003014,1
1789096225.480009,home_assistant,sensor.living_room_temperature,0.003423,1
1789096225.6861172,smartthings_cloud,delaysteer-motion,0.206057,1
1789096225.9057522,smartthings_cloud,Office Smart Light,0.219596,1
1789096226.109901,smartthings_cloud,Laundryroom/Mudroom Smart Light,0.204108,1
1789096226.286128,smartthings_cloud,Online Status Monitor,0.176188,1
1789096256.309077,home_assistant,binary_sensor.front_door_contact,0.014394,1
1789096256.3126972,home_assistant,lock.front_door,0.003517,1
1789096256.316,home_assistant,alarm_control_panel.home_alarm,0.003251,1
1789096256.319347,home_assistant,binary_sensor.front_porch_camera_motion,0.00331,1
1789096256.323157,home_assistant,sensor.living_room_temperature,0.00377,1
1789096256.502166,smartthings_cloud,delaysteer-motion,0.178965,1
1789096256.711614,smartthings_cloud,Office Smart Light,0.209398,1
1789096256.9141681,smartthings_cloud,Laundryroom/Mudroom Smart Light,0.202503,1
1789096257.081981,smartthings_cloud,Online Status Monitor,0.167776,1
1789096287.1044962,home_assistant,binary_sensor.front_door_contact,0.014644,1
1789096287.107887,home_assistant,lock.front_door,0.003294,1
1789096287.1104472,home_assistant,alarm_control_panel.home_alarm,0.002528,1
1789096287.113194,home_assistant,binary_sensor.front_porch_camera_motion,0.002718,1
1789096287.1161878,home_assistant,sensor.living_room_temperature,0.002964,1
1789096287.306113,smartthings_cloud,delaysteer-motion,0.189886,1
1789096287.4581969,smartthings_cloud,Office Smart Light,0.152042,1
1789096287.650629,smartthings_cloud,Laundryroom/Mudroom Smart Light,0.192399,1
1789096287.8688262,smartthings_cloud,Online Status Monitor,0.218149,1
1789096317.8920279,home_assistant,binary_sensor.front_door_contact,0.013113,1
1789096317.894901,home_assistant,lock.front_door,0.002751,1
1789096317.897559,home_assistant,alarm_control_panel.home_alarm,0.002632,1
1789096317.8998442,home_assistant,binary_sensor.front_porch_camera_motion,0.002258,1
1789096317.902821,home_assistant,sensor.living_room_temperature,0.002946,1
1789096318.1150131,smartthings_cloud,delaysteer-motion,0.212142,1
1789096318.282987,smartthings_cloud,Office Smart Light,0.167927,1
1789096318.48491,smartthings_cloud,Laundryroom/Mudroom Smart Light,0.201879,1
1789096318.6634,smartthings_cloud,Online Status Monitor,0.178441,1
1789096348.684234,home_assistant,binary_sensor.front_door_contact,0.013778,1
1789096348.686003,home_assistant,lock.front_door,0.0017,1
1789096348.687389,home_assistant,alarm_control_panel.home_alarm,0.001372,1
1789096348.68913,home_assistant,binary_sensor.front_porch_camera_motion,0.001728,1
1789096348.690249,home_assistant,sensor.living_room_temperature,0.001107,1
1789096348.929613,smartthings_cloud,delaysteer-motion,0.239346,1
1789096349.1504939,smartthings_cloud,Office Smart Light,0.220813,1
1789096349.359798,smartthings_cloud,Laundryroom/Mudroom Smart Light,0.209268,1
1789096349.576803,smartthings_cloud,Online Status Monitor,0.216962,1
1789096379.598872,home_assistant,binary_sensor.front_door_contact,0.012604,1
1789096379.60162,home_assistant,lock.front_door,0.002662,1
1789096379.6032052,home_assistant,alarm_control_panel.home_alarm,0.001548,1
1789096379.604362,home_assistant,binary_sensor.front_porch_camera_motion,0.001141,1
1789096379.605508,home_assistant,sensor.living_room_temperature,0.001125,1
1789096379.7752829,smartthings_cloud,delaysteer-motion,0.169747,1
1789096379.984121,smartthings_cloud,Office Smart Light,0.208795,1
1789096380.233162,smartthings_cloud,Laundryroom/Mudroom Smart Light,0.248996,1
1789096380.453994,smartthings_cloud,Online Status Monitor,0.220775,1
1789096410.4696279,home_assistant,binary_sensor.front_door_contact,0.009386,1
1789096410.4739342,home_assistant,lock.front_door,0.004208,1
1789096410.477005,home_assistant,alarm_control_panel.home_alarm,0.003037,1
1789096410.4797251,home_assistant,binary_sensor.front_porch_camera_motion,0.002679,1
1789096410.483582,home_assistant,sensor.living_room_temperature,0.003824,1
1789096410.6647658,smartthings_cloud,delaysteer-motion,0.181137,1
1789096410.895923,smartthings_cloud,Office Smart Light,0.231114,1
1789096411.0687869,smartthings_cloud,Laundryroom/Mudroom Smart Light,0.172835,1
1789096411.294064,smartthings_cloud,Online Status Monitor,0.225235,1
1789096441.305938,home_assistant,binary_sensor.front_door_contact,0.005781,1
1789096441.30882,home_assistant,lock.front_door,0.002704,1
1789096441.311303,home_assistant,alarm_control_panel.home_alarm,0.002437,1
1789096441.31468,home_assistant,binary_sensor.front_porch_camera_motion,0.003344,1
1789096441.3174431,home_assistant,sensor.living_room_temperature,0.002736,1
1789096441.5244958,smartthings_cloud,delaysteer-motion,0.206965,1
1789096441.720974,smartthings_cloud,Office Smart Light,0.196452,1
1789096441.930735,smartthings_cloud,Laundryroom/Mudroom Smart Light,0.209732,1
1789096442.10716,smartthings_cloud,Online Status Monitor,0.176392,1
1789096472.121872,home_assistant,binary_sensor.front_door_contact,0.009498,1
1789096472.125175,home_assistant,lock.front_door,0.003195,1
1789096472.128628,home_assistant,alarm_control_panel.home_alarm,0.003418,1
1789096472.132381,home_assistant,binary_sensor.front_porch_camera_motion,0.003717,1
1789096472.1355782,home_assistant,sensor.living_room_temperature,0.003161,1
1789096472.3297338,smartthings_cloud,delaysteer-motion,0.194104,1
1789096472.5247722,smartthings_cloud,Office Smart Light,0.194999,1
1789096472.732756,smartthings_cloud,Laundryroom/Mudroom Smart Light,0.207935,1
1789096472.927052,smartthings_cloud,Online Status Monitor,0.194244,1
1789096502.95751,home_assistant,binary_sensor.front_door_contact,0.018952,1
1789096502.961278,home_assistant,lock.front_door,0.003662,1
1789096502.965153,home_assistant,alarm_control_panel.home_alarm,0.003838,1
1789096502.9680362,home_assistant,binary_sensor.front_porch_camera_motion,0.002849,1
1789096502.97078,home_assistant,sensor.living_room_temperature,0.00271,1
1789096503.17604,smartthings_cloud,delaysteer-motion,0.205218,1
1789096503.401859,smartthings_cloud,Office Smart Light,0.225778,1
1789096503.605697,smartthings_cloud,Laundryroom/Mudroom Smart Light,0.203789,1
1789096503.779436,smartthings_cloud,Online Status Monitor,0.173688,1
1789096533.7971342,home_assistant,binary_sensor.front_door_contact,0.011759,1
1789096533.800309,home_assistant,lock.front_door,0.003079,1
1789096533.803348,home_assistant,alarm_control_panel.home_alarm,0.003004,1
1789096533.806895,home_assistant,binary_sensor.front_porch_camera_motion,0.003509,1
1789096533.8103528,home_assistant,sensor.living_room_temperature,0.003422,1
1789096533.981421,smartthings_cloud,delaysteer-motion,0.171022,1
1789096534.148316,smartthings_cloud,Office Smart Light,0.16686,1
1789096534.342817,smartthings_cloud,Laundryroom/Mudroom Smart Light,0.194462,1
1789096534.5220978,smartthings_cloud,Online Status Monitor,0.179243,1
1789096564.545248,home_assistant,binary_sensor.front_door_contact,0.013859,1
1789096564.550858,home_assistant,lock.front_door,0.005512,1
1789096564.5542002,home_assistant,alarm_control_panel.home_alarm,0.003302,1
1789096564.5572639,home_assistant,binary_sensor.front_porch_camera_motion,0.00303,1
1789096564.560288,home_assistant,sensor.living_room_temperature,0.002988,1
1789096564.751284,smartthings_cloud,delaysteer-motion,0.190953,1
1789096564.935374,smartthings_cloud,Office Smart Light,0.184047,1
1789096565.109073,smartthings_cloud,Laundryroom/Mudroom Smart Light,0.173653,1
1789096565.272458,smartthings_cloud,Online Status Monitor,0.163328,1
1789096595.3097842,home_assistant,binary_sensor.front_door_contact,0.02863,1
1789096595.3148081,home_assistant,lock.front_door,0.004904,1
1789096595.318187,home_assistant,alarm_control_panel.home_alarm,0.003345,1
1789096595.3209028,home_assistant,binary_sensor.front_porch_camera_motion,0.002682,1
1789096595.324158,home_assistant,sensor.living_room_temperature,0.003219,1
1789096595.6077492,smartthings_cloud,delaysteer-motion,0.283548,1
1789096595.772885,smartthings_cloud,Office Smart Light,0.165089,1
1789096595.929947,smartthings_cloud,Laundryroom/Mudroom Smart Light,0.157019,1
1789096596.1081128,smartthings_cloud,Online Status Monitor,0.178119,1
1789096626.1340742,home_assistant,binary_sensor.front_door_contact,0.018085,1
1789096626.1387572,home_assistant,lock.front_door,0.004311,1
1789096626.142288,home_assistant,alarm_control_panel.home_alarm,0.003499,1
1789096626.145418,home_assistant,binary_sensor.front_porch_camera_motion,0.003097,1
1789096626.148739,home_assistant,sensor.living_room_temperature,0.003288,1
1789096626.315076,smartthings_cloud,delaysteer-motion,0.166294,1
1789096626.517951,smartthings_cloud,Office Smart Light,0.202827,1
1789096626.706683,smartthings_cloud,Laundryroom/Mudroom Smart Light,0.188682,1
1789096626.909356,smartthings_cloud,Online Status Monitor,0.202613,1
1789096656.933273,home_assistant,binary_sensor.front_door_contact,0.010929,1
1789096656.937231,home_assistant,lock.front_door,0.003697,1
1789096656.9418921,home_assistant,alarm_control_panel.home_alarm,0.004589,1
1789096656.9444869,home_assistant,binary_sensor.front_porch_camera_motion,0.002574,1
1789096656.9480379,home_assistant,sensor.living_room_temperature,0.003532,1
1789096657.12881,smartthings_cloud,delaysteer-motion,0.18073,1
1789096657.331778,smartthings_cloud,Office Smart Light,0.20294,1
1789096657.521736,smartthings_cloud,Laundryroom/Mudroom Smart Light,0.18993,1
1789096657.689719,smartthings_cloud,Online Status Monitor,0.167951,1
1789096687.703396,home_assistant,binary_sensor.front_door_contact,0.010075,1
1789096687.7096791,home_assistant,lock.front_door,0.006176,1
1789096687.7144089,home_assistant,alarm_control_panel.home_alarm,0.004706,1
1789096687.71874,home_assistant,binary_sensor.front_porch_camera_motion,0.004308,1
1789096687.722172,home_assistant,sensor.living_room_temperature,0.003419,1
1789096688.037868,smartthings_cloud,delaysteer-motion,0.315665,1
1789096688.196643,smartthings_cloud,Office Smart Light,0.158737,1
1789096688.3634849,smartthings_cloud,Laundryroom/Mudroom Smart Light,0.166793,1
1789096688.55232,smartthings_cloud,Online Status Monitor,0.188789,1
1789096718.575826,home_assistant,binary_sensor.front_door_contact,0.01377,1
1789096718.5794501,home_assistant,lock.front_door,0.003511,1
1789096718.582473,home_assistant,alarm_control_panel.home_alarm,0.002984,1
1789096718.585485,home_assistant,binary_sensor.front_porch_camera_motion,0.002975,1
1789096718.588476,home_assistant,sensor.living_room_temperature,0.002953,1
1789096718.7616692,smartthings_cloud,delaysteer-motion,0.173143,1
1789096718.916127,smartthings_cloud,Office Smart Light,0.154418,1
1789096719.083518,smartthings_cloud,Laundryroom/Mudroom Smart Light,0.167335,1
1789096719.2535748,smartthings_cloud,Online Status Monitor,0.170008,1
1789096749.28034,home_assistant,binary_sensor.front_door_contact,0.016056,1
1789096749.2833998,home_assistant,lock.front_door,0.002909,1
1789096749.2857878,home_assistant,alarm_control_panel.home_alarm,0.002327,1
1789096749.287353,home_assistant,binary_sensor.front_porch_camera_motion,0.001535,1
1789096749.2890189,home_assistant,sensor.living_room_temperature,0.001632,1
1789096749.4669912,smartthings_cloud,delaysteer-motion,0.177924,1
1789096749.670229,smartthings_cloud,Office Smart Light,0.203194,1
1789096749.823404,smartthings_cloud,Laundryroom/Mudroom Smart Light,0.153141,1
1789096749.984443,smartthings_cloud,Online Status Monitor,0.161001,1
1789096779.998964,home_assistant,binary_sensor.front_door_contact,0.009939,1
1789096780.001157,home_assistant,lock.front_door,0.002115,1
1789096780.002948,home_assistant,alarm_control_panel.home_alarm,0.001768,1
1789096780.00496,home_assistant,binary_sensor.front_porch_camera_motion,0.001963,1
1789096780.0065012,home_assistant,sensor.living_room_temperature,0.001516,1
1789096780.226389,smartthings_cloud,delaysteer-motion,0.219857,1
1789096780.3693042,smartthings_cloud,Office Smart Light,0.142889,1
1789096780.5284538,smartthings_cloud,Laundryroom/Mudroom Smart Light,0.159118,1
1789096780.700717,smartthings_cloud,Online Status Monitor,0.172237,1
1789096810.721204,home_assistant,binary_sensor.front_door_contact,0.014171,1
1789096810.7249,home_assistant,lock.front_door,0.003513,1
1789096810.728529,home_assistant,alarm_control_panel.home_alarm,0.003566,1
1789096810.7319,home_assistant,binary_sensor.front_porch_camera_motion,0.003334,1
1789096810.735431,home_assistant,sensor.living_room_temperature,0.003496,1
1789096810.897048,smartthings_cloud,delaysteer-motion,0.16157,1
1789096811.046656,smartthings_cloud,Office Smart Light,0.149572,1
1789096811.215652,smartthings_cloud,Laundryroom/Mudroom Smart Light,0.168951,1
1789096811.419955,smartthings_cloud,Online Status Monitor,0.204252,1
1789096841.4402518,home_assistant,binary_sensor.front_door_contact,0.009888,1
1789096841.444343,home_assistant,lock.front_door,0.003985,1
1789096841.447552,home_assistant,alarm_control_panel.home_alarm,0.003092,1
1789096841.4510221,home_assistant,binary_sensor.front_porch_camera_motion,0.003433,1
1789096841.454171,home_assistant,sensor.living_room_temperature,0.003113,1
1789096841.644255,smartthings_cloud,delaysteer-motion,0.190039,1
1789096841.8081548,smartthings_cloud,Office Smart Light,0.163854,1
1789096842.003128,smartthings_cloud,Laundryroom/Mudroom Smart Light,0.194924,1
1789096842.159751,smartthings_cloud,Online Status Monitor,0.156589,1
1789096872.184557,home_assistant,binary_sensor.front_door_contact,0.013966,1
1789096872.189951,home_assistant,lock.front_door,0.005048,1
1789096872.193849,home_assistant,alarm_control_panel.home_alarm,0.003861,1
1789096872.197694,home_assistant,binary_sensor.front_porch_camera_motion,0.003808,1
1789096872.200738,home_assistant,sensor.living_room_temperature,0.003008,1
1789096872.461928,smartthings_cloud,delaysteer-motion,0.26115,1
1789096872.619435,smartthings_cloud,Office Smart Light,0.157473,1
1789096872.825048,smartthings_cloud,Laundryroom/Mudroom Smart Light,0.205579,1
1789096872.977921,smartthings_cloud,Online Status Monitor,0.152833,1
1789096903.0042062,home_assistant,binary_sensor.front_door_contact,0.015655,1
1789096903.009325,home_assistant,lock.front_door,0.004826,1
1789096903.013243,home_assistant,alarm_control_panel.home_alarm,0.003876,1
1789096903.01747,home_assistant,binary_sensor.front_porch_camera_motion,0.004186,1
1789096903.022181,home_assistant,sensor.living_room_temperature,0.004665,1
1789096903.203209,smartthings_cloud,delaysteer-motion,0.180734,1
1789096903.3611798,smartthings_cloud,Office Smart Light,0.157712,1
1789096903.519992,smartthings_cloud,Laundryroom/Mudroom Smart Light,0.158551,1
1789096903.712775,smartthings_cloud,Online Status Monitor,0.192477,1
1789096933.7484748,home_assistant,binary_sensor.front_door_contact,0.009169,1
1789096933.750386,home_assistant,lock.front_door,0.001821,1
1789096933.7525089,home_assistant,alarm_control_panel.home_alarm,0.002089,1
1789096933.7541099,home_assistant,binary_sensor.front_porch_camera_motion,0.001571,1
1789096933.756096,home_assistant,sensor.living_room_temperature,0.001965,1
1789096933.971788,smartthings_cloud,delaysteer-motion,0.215583,1
1789096934.167681,smartthings_cloud,Office Smart Light,0.195806,1
1789096934.362637,smartthings_cloud,Laundryroom/Mudroom Smart Light,0.19487,1
1789096934.507277,smartthings_cloud,Online Status Monitor,0.144566,1
1789096964.542976,home_assistant,binary_sensor.front_door_contact,0.027584,1
1789096964.545113,home_assistant,lock.front_door,0.002034,1
1789096964.5471418,home_assistant,alarm_control_panel.home_alarm,0.002001,1
1789096964.550729,home_assistant,binary_sensor.front_porch_camera_motion,0.003555,1
1789096964.5539358,home_assistant,sensor.living_room_temperature,0.003169,1
1789096964.795219,smartthings_cloud,delaysteer-motion,0.241216,1
1789096964.952306,smartthings_cloud,Office Smart Light,0.157047,1
1789096965.119773,smartthings_cloud,Laundryroom/Mudroom Smart Light,0.167423,1
1789096965.279726,smartthings_cloud,Online Status Monitor,0.159896,1
1789096995.298794,home_assistant,binary_sensor.front_door_contact,0.010952,1
1789096995.3005922,home_assistant,lock.front_door,0.001702,1
1789096995.302269,home_assistant,alarm_control_panel.home_alarm,0.001652,1
1789096995.303937,home_assistant,binary_sensor.front_porch_camera_motion,0.001643,1
1789096995.305812,home_assistant,sensor.living_room_temperature,0.001847,1
1789096995.467857,smartthings_cloud,delaysteer-motion,0.161996,1
1789096995.631525,smartthings_cloud,Office Smart Light,0.163636,1
1789096995.80444,smartthings_cloud,Laundryroom/Mudroom Smart Light,0.172872,1
1789096995.971471,smartthings_cloud,Online Status Monitor,0.166991,1
1789097025.9870238,home_assistant,binary_sensor.front_door_contact,0.006772,1
1789097025.9957702,home_assistant,lock.front_door,0.007691,1
1789097025.999674,home_assistant,alarm_control_panel.home_alarm,0.003835,1
1789097026.003106,home_assistant,binary_sensor.front_porch_camera_motion,0.003395,1
1789097026.007126,home_assistant,sensor.living_room_temperature,0.00397,1
1789097026.199064,smartthings_cloud,delaysteer-motion,0.191884,1
1789097026.352455,smartthings_cloud,Office Smart Light,0.153355,1
1789097026.530446,smartthings_cloud,Laundryroom/Mudroom Smart Light,0.177955,1
1789097026.724653,smartthings_cloud,Online Status Monitor,0.194179,1
1789097056.748897,home_assistant,binary_sensor.front_door_contact,0.013635,1
1789097056.7531142,home_assistant,lock.front_door,0.004119,1
1789097056.756948,home_assistant,alarm_control_panel.home_alarm,0.003795,1
1789097056.760894,home_assistant,binary_sensor.front_porch_camera_motion,0.003917,1
1789097056.7648482,home_assistant,sensor.living_room_temperature,0.003915,1
1789097056.986745,smartthings_cloud,delaysteer-motion,0.221822,1
1789097057.1682189,smartthings_cloud,Office Smart Light,0.18143,1
1789097057.33835,smartthings_cloud,Laundryroom/Mudroom Smart Light,0.170111,1
1789097057.539259,smartthings_cloud,Online Status Monitor,0.200882,1
1789097087.559218,home_assistant,binary_sensor.front_door_contact,0.008959,1
1789097087.562785,home_assistant,lock.front_door,0.003438,1
1789097087.566442,home_assistant,alarm_control_panel.home_alarm,0.003622,1
1789097087.5690482,home_assistant,binary_sensor.front_porch_camera_motion,0.002566,1
1789097087.571887,home_assistant,sensor.living_room_temperature,0.002804,1
1789097087.7635992,smartthings_cloud,delaysteer-motion,0.191456,1
1789097087.9132109,smartthings_cloud,Office Smart Light,0.149543,1
1789097088.0836291,smartthings_cloud,Laundryroom/Mudroom Smart Light,0.17038,1
1789097088.266795,smartthings_cloud,Online Status Monitor,0.183135,1
1789097118.281796,home_assistant,binary_sensor.front_door_contact,0.01018,1
1789097118.285423,home_assistant,lock.front_door,0.003521,1
1789097118.2883232,home_assistant,alarm_control_panel.home_alarm,0.002841,1
1789097118.291756,home_assistant,binary_sensor.front_porch_camera_motion,0.003398,1
1789097118.29507,home_assistant,sensor.living_room_temperature,0.003276,1
1789097118.498822,smartthings_cloud,delaysteer-motion,0.203694,1
1789097118.6528058,smartthings_cloud,Office Smart Light,0.153951,1
1789097118.807916,smartthings_cloud,Laundryroom/Mudroom Smart Light,0.155062,1
1789097119.009779,smartthings_cloud,Online Status Monitor,0.201842,1
1789097149.0250309,home_assistant,binary_sensor.front_door_contact,0.00466,1
1789097149.029044,home_assistant,lock.front_door,0.003906,1
1789097149.031466,home_assistant,alarm_control_panel.home_alarm,0.002383,1
1789097149.0350919,home_assistant,binary_sensor.front_porch_camera_motion,0.0036,1
1789097149.037769,home_assistant,sensor.living_room_temperature,0.002648,1
1789097149.2542999,smartthings_cloud,delaysteer-motion,0.21649,1
1789097149.406147,smartthings_cloud,Office Smart Light,0.151814,1
1789097149.5497868,smartthings_cloud,Laundryroom/Mudroom Smart Light,0.143611,1
1789097149.7252638,smartthings_cloud,Online Status Monitor,0.175447,1
1789097179.738252,home_assistant,binary_sensor.front_door_contact,0.006632,1
1789097179.7421691,home_assistant,lock.front_door,0.003809,1
1789097179.745177,home_assistant,alarm_control_panel.home_alarm,0.00297,1
1789097179.748429,home_assistant,binary_sensor.front_porch_camera_motion,0.003217,1
1789097179.751185,home_assistant,sensor.living_room_temperature,0.002724,1
1789097179.962995,smartthings_cloud,delaysteer-motion,0.211761,1
1789097180.135696,smartthings_cloud,Office Smart Light,0.172655,1
1789097180.335088,smartthings_cloud,Laundryroom/Mudroom Smart Light,0.199349,1
1789097180.504261,smartthings_cloud,Online Status Monitor,0.169125,1
1789097210.514852,home_assistant,binary_sensor.front_door_contact,0.006446,1
1789097210.518178,home_assistant,lock.front_door,0.003193,1
1789097210.521472,home_assistant,alarm_control_panel.home_alarm,0.003261,1
1789097210.52409,home_assistant,binary_sensor.front_porch_camera_motion,0.002586,1
1789097210.528023,home_assistant,sensor.living_room_temperature,0.003904,1
1789097210.73513,smartthings_cloud,delaysteer-motion,0.207057,1
1789097210.931749,smartthings_cloud,Office Smart Light,0.196575,1
1789097211.1144059,smartthings_cloud,Laundryroom/Mudroom Smart Light,0.182601,1
1789097211.286744,smartthings_cloud,Online Status Monitor,0.172293,1
1789097241.296273,home_assistant,binary_sensor.front_door_contact,0.00723,1
1789097241.2991319,home_assistant,lock.front_door,0.002768,1
1789097241.302308,home_assistant,alarm_control_panel.home_alarm,0.003146,1
1789097241.305238,home_assistant,binary_sensor.front_porch_camera_motion,0.002891,1
1789097241.307935,home_assistant,sensor.living_room_temperature,0.002665,1
1789097241.517576,smartthings_cloud,delaysteer-motion,0.209601,1
1789097241.688732,smartthings_cloud,Office Smart Light,0.171111,1
1789097241.8545768,smartthings_cloud,Laundryroom/Mudroom Smart Light,0.165794,1
1789097242.0205739,smartthings_cloud,Online Status Monitor,0.165949,1
1789097272.0337641,home_assistant,binary_sensor.front_door_contact,0.007145,1
1789097272.036872,home_assistant,lock.front_door,0.003013,1
1789097272.0397198,home_assistant,alarm_control_panel.home_alarm,0.002821,1
1789097272.0416682,home_assistant,binary_sensor.front_porch_camera_motion,0.001919,1
1789097272.042927,home_assistant,sensor.living_room_temperature,0.001238,1
1789097272.241324,smartthings_cloud,delaysteer-motion,0.198368,1
1789097272.401373,smartthings_cloud,Office Smart Light,0.160001,1
1789097272.562787,smartthings_cloud,Laundryroom/Mudroom Smart Light,0.161366,1
1789097272.733768,smartthings_cloud,Online Status Monitor,0.170934,1
1789097302.751893,home_assistant,binary_sensor.front_door_contact,0.00874,1
1789097302.756088,home_assistant,lock.front_door,0.004045,1
1789097302.759137,home_assistant,alarm_control_panel.home_alarm,0.003006,1
1789097302.761777,home_assistant,binary_sensor.front_porch_camera_motion,0.002605,1
1789097302.76496,home_assistant,sensor.living_room_temperature,0.003156,1
1789097302.925657,smartthings_cloud,delaysteer-motion,0.160608,1
1789097303.107027,smartthings_cloud,Office Smart Light,0.181302,1
1789097303.290615,smartthings_cloud,Laundryroom/Mudroom Smart Light,0.183535,1
1789097303.4629152,smartthings_cloud,Online Status Monitor,0.172271,1
1789097333.47623,home_assistant,binary_sensor.front_door_contact,0.008596,1
1789097333.479507,home_assistant,lock.front_door,0.003171,1
1789097333.48253,home_assistant,alarm_control_panel.home_alarm,0.002985,1
1789097333.4862201,home_assistant,binary_sensor.front_porch_camera_motion,0.003657,1
1789097333.489307,home_assistant,sensor.living_room_temperature,0.003048,1
1789097333.734887,smartthings_cloud,delaysteer-motion,0.245541,1
1789097333.897244,smartthings_cloud,Office Smart Light,0.162326,1
1789097334.0891159,smartthings_cloud,Laundryroom/Mudroom Smart Light,0.191832,1
1789097334.2459788,smartthings_cloud,Online Status Monitor,0.156835,1
1789097364.262859,home_assistant,binary_sensor.front_door_contact,0.00994,1
1789097364.266428,home_assistant,lock.front_door,0.003465,1
1789097364.2693472,home_assistant,alarm_control_panel.home_alarm,0.002888,1
1789097364.27214,home_assistant,binary_sensor.front_porch_camera_motion,0.002764,1
1789097364.274776,home_assistant,sensor.living_room_temperature,0.002606,1
1789097364.510777,smartthings_cloud,delaysteer-motion,0.235955,1
1789097364.6715572,smartthings_cloud,Office Smart Light,0.160733,1
1789097364.831851,smartthings_cloud,Laundryroom/Mudroom Smart Light,0.160242,1
1789097365.0212119,smartthings_cloud,Online Status Monitor,0.189315,1
1789097395.039453,home_assistant,binary_sensor.front_door_contact,0.010298,1
1789097395.0423522,home_assistant,lock.front_door,0.002749,1
1789097395.046881,home_assistant,alarm_control_panel.home_alarm,0.004496,1
1789097395.053198,home_assistant,binary_sensor.front_porch_camera_motion,0.006276,1
1789097395.057302,home_assistant,sensor.living_room_temperature,0.004054,1
1789097395.2316759,smartthings_cloud,delaysteer-motion,0.174232,1
1789097395.41136,smartthings_cloud,Office Smart Light,0.179618,1
1789097395.58207,smartthings_cloud,Laundryroom/Mudroom Smart Light,0.170694,1
1789097395.760281,smartthings_cloud,Online Status Monitor,0.178186,1
1789097425.777916,home_assistant,binary_sensor.front_door_contact,0.006497,1
1789097425.782739,home_assistant,lock.front_door,0.004659,1
1789097425.7859,home_assistant,alarm_control_panel.home_alarm,0.003103,1
1789097425.788873,home_assistant,binary_sensor.front_porch_camera_motion,0.00294,1
1789097425.792188,home_assistant,sensor.living_room_temperature,0.003281,1
1789097425.989283,smartthings_cloud,delaysteer-motion,0.197055,1
1789097426.1613061,smartthings_cloud,Office Smart Light,0.171995,1
1789097426.360786,smartthings_cloud,Laundryroom/Mudroom Smart Light,0.199452,1
1789097426.5458162,smartthings_cloud,Online Status Monitor,0.185003,1
1789097456.574649,home_assistant,binary_sensor.front_door_contact,0.018253,1
1789097456.5810502,home_assistant,lock.front_door,0.006301,1
1789097456.584724,home_assistant,alarm_control_panel.home_alarm,0.003636,1
1789097456.5871959,home_assistant,binary_sensor.front_porch_camera_motion,0.002435,1
1789097456.590441,home_assistant,sensor.living_room_temperature,0.003218,1
1789097456.7506518,smartthings_cloud,delaysteer-motion,0.160167,1
1789097457.0438988,smartthings_cloud,Office Smart Light,0.293204,1
1789097457.224382,smartthings_cloud,Laundryroom/Mudroom Smart Light,0.180425,1
1789097457.4037042,smartthings_cloud,Online Status Monitor,0.179285,1
1789097487.4174888,home_assistant,binary_sensor.front_door_contact,0.008233,1
1789097487.419402,home_assistant,lock.front_door,0.001831,1
1789097487.420883,home_assistant,alarm_control_panel.home_alarm,0.001448,1
1789097487.422266,home_assistant,binary_sensor.front_porch_camera_motion,0.001362,1
1789097487.4249659,home_assistant,sensor.living_room_temperature,0.002683,1
1789097487.5885959,smartthings_cloud,delaysteer-motion,0.163606,1
1789097487.788553,smartthings_cloud,Office Smart Light,0.199911,1
1789097487.958784,smartthings_cloud,Laundryroom/Mudroom Smart Light,0.170179,1
1789097488.1358202,smartthings_cloud,Online Status Monitor,0.176989,1
1789097518.159756,home_assistant,binary_sensor.front_door_contact,0.017588,1
1789097518.1658041,home_assistant,lock.front_door,0.00569,1
1789097518.170156,home_assistant,alarm_control_panel.home_alarm,0.004297,1
1789097518.174027,home_assistant,binary_sensor.front_porch_camera_motion,0.003823,1
1789097518.1776798,home_assistant,sensor.living_room_temperature,0.003603,1
1789097518.399659,smartthings_cloud,delaysteer-motion,0.221915,1
1789097518.578646,smartthings_cloud,Office Smart Light,0.178925,1
1789097518.751264,smartthings_cloud,Laundryroom/Mudroom Smart Light,0.172542,1
1789097518.923177,smartthings_cloud,Online Status Monitor,0.171847,1
1789097548.947066,home_assistant,binary_sensor.front_door_contact,0.013266,1
1789097548.952796,home_assistant,lock.front_door,0.005613,1
1789097548.95725,home_assistant,alarm_control_panel.home_alarm,0.00439,1
1789097548.9606469,home_assistant,binary_sensor.front_porch_camera_motion,0.003356,1
1789097548.963748,home_assistant,sensor.living_room_temperature,0.003066,1
1789097549.124223,smartthings_cloud,delaysteer-motion,0.160432,1
1789097549.301868,smartthings_cloud,Office Smart Light,0.177623,1
1789097549.483546,smartthings_cloud,Laundryroom/Mudroom Smart Light,0.181652,1
1789097549.67332,smartthings_cloud,Online Status Monitor,0.189745,1
1789097579.6956842,home_assistant,binary_sensor.front_door_contact,0.012136,1
1789097579.700015,home_assistant,lock.front_door,0.004205,1
1789097579.703413,home_assistant,alarm_control_panel.home_alarm,0.003361,1
1789097579.7062259,home_assistant,binary_sensor.front_porch_camera_motion,0.00278,1
1789097579.709928,home_assistant,sensor.living_room_temperature,0.00367,1
1789097579.9187179,smartthings_cloud,delaysteer-motion,0.208743,1
1789097580.100947,smartthings_cloud,Office Smart Light,0.18216,1
1789097580.268171,smartthings_cloud,Laundryroom/Mudroom Smart Light,0.16717,1
1789097580.4447281,smartthings_cloud,Online Status Monitor,0.176506,1
1789097610.47029,home_assistant,binary_sensor.front_door_contact,0.017406,1
1789097610.474705,home_assistant,lock.front_door,0.004277,1
1789097610.477646,home_assistant,alarm_control_panel.home_alarm,0.002903,1
1789097610.481875,home_assistant,binary_sensor.front_porch_camera_motion,0.004193,1
1789097610.484679,home_assistant,sensor.living_room_temperature,0.002768,1
1789097610.689086,smartthings_cloud,delaysteer-motion,0.204363,1
1789097610.85311,smartthings_cloud,Office Smart Light,0.163975,1
1789097611.034942,smartthings_cloud,Laundryroom/Mudroom Smart Light,0.181781,1
1789097611.205777,smartthings_cloud,Online Status Monitor,0.170798,1
1789097641.2287722,home_assistant,binary_sensor.front_door_contact,0.01499,1
1789097641.232168,home_assistant,lock.front_door,0.003274,1
1789097641.2356129,home_assistant,alarm_control_panel.home_alarm,0.003409,1
1789097641.238739,home_assistant,binary_sensor.front_porch_camera_motion,0.003088,1
1789097641.241735,home_assistant,sensor.living_room_temperature,0.002958,1
1789097641.418379,smartthings_cloud,delaysteer-motion,0.1766,1
1789097641.6009889,smartthings_cloud,Office Smart Light,0.182558,1
1789097641.797515,smartthings_cloud,Laundryroom/Mudroom Smart Light,0.196475,1
1789097642.018379,smartthings_cloud,Online Status Monitor,0.220813,1
1789097672.036244,home_assistant,binary_sensor.front_door_contact,0.013174,1
1789097672.040187,home_assistant,lock.front_door,0.003834,1
1789097672.044329,home_assistant,alarm_control_panel.home_alarm,0.004108,1
1789097672.050134,home_assistant,binary_sensor.front_porch_camera_motion,0.005689,1
1789097672.0531871,home_assistant,sensor.living_room_temperature,0.003015,1
1789097672.221437,smartthings_cloud,delaysteer-motion,0.168193,1
1789097672.462604,smartthings_cloud,Office Smart Light,0.241116,1
1789097672.651872,smartthings_cloud,Laundryroom/Mudroom Smart Light,0.18921,1
1789097672.8371682,smartthings_cloud,Online Status Monitor,0.185245,1
1789097702.866945,home_assistant,binary_sensor.front_door_contact,0.017066,1
1789097702.8707268,home_assistant,lock.front_door,0.003697,1
1789097702.873423,home_assistant,alarm_control_panel.home_alarm,0.002669,1
1789097702.876093,home_assistant,binary_sensor.front_porch_camera_motion,0.00264,1
1789097702.878918,home_assistant,sensor.living_room_temperature,0.002798,1
1789097703.0425532,smartthings_cloud,delaysteer-motion,0.163578,1
1789097703.2091331,smartthings_cloud,Office Smart Light,0.166552,1
1789097703.3731809,smartthings_cloud,Laundryroom/Mudroom Smart Light,0.164013,1
1789097703.5302668,smartthings_cloud,Online Status Monitor,0.157045,1
1789097733.5603268,home_assistant,binary_sensor.front_door_contact,0.020251,1
1789097733.567008,home_assistant,lock.front_door,0.006123,1
1789097733.570453,home_assistant,alarm_control_panel.home_alarm,0.003409,1
1789097733.575563,home_assistant,binary_sensor.front_porch_camera_motion,0.005073,1
1789097733.578919,home_assistant,sensor.living_room_temperature,0.003318,1
1789097733.738466,smartthings_cloud,delaysteer-motion,0.159487,1
1789097733.913078,smartthings_cloud,Office Smart Light,0.174564,1
1789097734.0759182,smartthings_cloud,Laundryroom/Mudroom Smart Light,0.162791,1
1789097734.315009,smartthings_cloud,Online Status Monitor,0.239052,1
1789097764.333538,home_assistant,binary_sensor.front_door_contact,0.009629,1
1789097764.337363,home_assistant,lock.front_door,0.003725,1
1789097764.3400278,home_assistant,alarm_control_panel.home_alarm,0.002635,1
1789097764.3428,home_assistant,binary_sensor.front_porch_camera_motion,0.00274,1
1789097764.345518,home_assistant,sensor.living_room_temperature,0.002685,1
1789097764.651202,smartthings_cloud,delaysteer-motion,0.305642,1
1789097764.8306,smartthings_cloud,Office Smart Light,0.179353,1
1789097764.990007,smartthings_cloud,Laundryroom/Mudroom Smart Light,0.159363,1
1789097765.148399,smartthings_cloud,Online Status Monitor,0.158334,1
1789097795.166535,home_assistant,binary_sensor.front_door_contact,0.01063,1
1789097795.1704042,home_assistant,lock.front_door,0.003755,1
1789097795.174674,home_assistant,alarm_control_panel.home_alarm,0.004237,1
1789097795.177618,home_assistant,binary_sensor.front_porch_camera_motion,0.002911,1
1789097795.179892,home_assistant,sensor.living_room_temperature,0.002245,1
1789097795.344021,smartthings_cloud,delaysteer-motion,0.164083,1
1789097795.49935,smartthings_cloud,Office Smart Light,0.155275,1
1789097795.678551,smartthings_cloud,Laundryroom/Mudroom Smart Light,0.179152,1
1789097795.843491,smartthings_cloud,Online Status Monitor,0.164902,1
1789097825.851458,home_assistant,binary_sensor.front_door_contact,0.005827,1
1789097825.856299,home_assistant,lock.front_door,0.004033,1
1789097825.860424,home_assistant,alarm_control_panel.home_alarm,0.004069,1
1789097825.8627279,home_assistant,binary_sensor.front_porch_camera_motion,0.002275,1
1789097825.8656268,home_assistant,sensor.living_room_temperature,0.002871,1
1789097826.0855522,smartthings_cloud,delaysteer-motion,0.219881,1
1789097826.251425,smartthings_cloud,Office Smart Light,0.165819,1
1789097826.434742,smartthings_cloud,Laundryroom/Mudroom Smart Light,0.183289,1
1789097826.603062,smartthings_cloud,Online Status Monitor,0.168286,1
1789097856.638575,home_assistant,binary_sensor.front_door_contact,0.026055,1
1789097856.641789,home_assistant,lock.front_door,0.003153,1
1789097856.6434402,home_assistant,alarm_control_panel.home_alarm,0.001634,1
1789097856.6448169,home_assistant,binary_sensor.front_porch_camera_motion,0.001363,1
1789097856.64633,home_assistant,sensor.living_room_temperature,0.001496,1
1789097856.8612611,smartthings_cloud,delaysteer-motion,0.214907,1
1789097857.055521,smartthings_cloud,Office Smart Light,0.194187,1
1789097857.232348,smartthings_cloud,Laundryroom/Mudroom Smart Light,0.176791,1
1789097857.45121,smartthings_cloud,Online Status Monitor,0.218821,1
1789097887.4647832,home_assistant,binary_sensor.front_door_contact,0.010188,1
1789097887.4673831,home_assistant,lock.front_door,0.00247,1
1789097887.469833,home_assistant,alarm_control_panel.home_alarm,0.002418,1
1789097887.472618,home_assistant,binary_sensor.front_porch_camera_motion,0.002757,1
1789097887.477383,home_assistant,sensor.living_room_temperature,0.004738,1
1789097887.721329,smartthings_cloud,delaysteer-motion,0.243863,1
1789097887.903072,smartthings_cloud,Office Smart Light,0.181699,1
1789097888.103796,smartthings_cloud,Laundryroom/Mudroom Smart Light,0.200686,1
1789097888.303584,smartthings_cloud,Online Status Monitor,0.199741,1
1789097918.31817,home_assistant,binary_sensor.front_door_contact,0.006288,1
1789097918.321046,home_assistant,lock.front_door,0.002737,1
1789097918.323689,home_assistant,alarm_control_panel.home_alarm,0.002615,1
1789097918.3272698,home_assistant,binary_sensor.front_porch_camera_motion,0.003552,1
1789097918.329588,home_assistant,sensor.living_room_temperature,0.002288,1
1789097918.536364,smartthings_cloud,delaysteer-motion,0.20673,1
1789097918.727786,smartthings_cloud,Office Smart Light,0.19139,1
1789097918.895257,smartthings_cloud,Laundryroom/Mudroom Smart Light,0.167439,1
1789097919.078502,smartthings_cloud,Online Status Monitor,0.183218,1
1789097949.0927732,home_assistant,binary_sensor.front_door_contact,0.006908,1
1789097949.097007,home_assistant,lock.front_door,0.004011,1
1789097949.101113,home_assistant,alarm_control_panel.home_alarm,0.004068,1
1789097949.106567,home_assistant,binary_sensor.front_porch_camera_motion,0.005416,1
1789097949.110225,home_assistant,sensor.living_room_temperature,0.003619,1
1789097949.3640928,smartthings_cloud,delaysteer-motion,0.253772,1
1789097949.5516958,smartthings_cloud,Office Smart Light,0.187573,1
1789097949.729495,smartthings_cloud,Laundryroom/Mudroom Smart Light,0.177772,1
1789097949.897463,smartthings_cloud,Online Status Monitor,0.167934,1
1789097979.906566,home_assistant,binary_sensor.front_door_contact,0.004576,1
1789097979.908028,home_assistant,lock.front_door,0.001384,1
1789097979.909441,home_assistant,alarm_control_panel.home_alarm,0.001394,1
1789097979.91084,home_assistant,binary_sensor.front_porch_camera_motion,0.001379,1
1789097979.9132202,home_assistant,sensor.living_room_temperature,0.002363,1
1789097980.159497,smartthings_cloud,delaysteer-motion,0.246241,1
1789097980.377444,smartthings_cloud,Office Smart Light,0.217903,1
1789097980.554056,smartthings_cloud,Laundryroom/Mudroom Smart Light,0.176565,1
1789097980.720562,smartthings_cloud,Online Status Monitor,0.166457,1
1789098010.7335622,home_assistant,binary_sensor.front_door_contact,0.006475,1
1789098010.7347908,home_assistant,lock.front_door,0.001163,1
1789098010.7359009,home_assistant,alarm_control_panel.home_alarm,0.001096,1
1789098010.737081,home_assistant,binary_sensor.front_porch_camera_motion,0.001163,1
1789098010.738156,home_assistant,sensor.living_room_temperature,0.00106,1
1789098010.923451,smartthings_cloud,delaysteer-motion,0.185275,1
1789098011.0997918,smartthings_cloud,Office Smart Light,0.176299,1
1789098011.264886,smartthings_cloud,Laundryroom/Mudroom Smart Light,0.165066,1
1789098011.495224,smartthings_cloud,Online Status Monitor,0.230292,1
1789098041.508245,home_assistant,binary_sensor.front_door_contact,0.005141,1
1789098041.509488,home_assistant,lock.front_door,0.001172,1
1789098041.510554,home_assistant,alarm_control_panel.home_alarm,0.00105,1
1789098041.511659,home_assistant,binary_sensor.front_porch_camera_motion,0.00109,1
1789098041.512822,home_assistant,sensor.living_room_temperature,0.001149,1
1789098041.807904,smartthings_cloud,delaysteer-motion,0.29506,1
1789098042.009755,smartthings_cloud,Office Smart Light,0.201804,1
1789098042.168576,smartthings_cloud,Laundryroom/Mudroom Smart Light,0.158767,1
1789098042.3545961,smartthings_cloud,Online Status Monitor,0.185957,1
1789098072.36706,home_assistant,binary_sensor.front_door_contact,0.007765,1
1789098072.3695328,home_assistant,lock.front_door,0.002387,1
1789098072.3727202,home_assistant,alarm_control_panel.home_alarm,0.00316,1
1789098072.37425,home_assistant,binary_sensor.front_porch_camera_motion,0.001503,1
1789098072.375502,home_assistant,sensor.living_room_temperature,0.001227,1
1789098072.599025,smartthings_cloud,delaysteer-motion,0.223497,1
1789098072.781711,smartthings_cloud,Office Smart Light,0.182641,1
1789098072.936213,smartthings_cloud,Laundryroom/Mudroom Smart Light,0.154474,1
1789098073.093181,smartthings_cloud,Online Status Monitor,0.156931,1
1789098103.105412,home_assistant,binary_sensor.front_door_contact,0.005744,1
1789098103.106838,home_assistant,lock.front_door,0.001358,1
1789098103.108038,home_assistant,alarm_control_panel.home_alarm,0.001181,1
1789098103.1092532,home_assistant,binary_sensor.front_porch_camera_motion,0.001201,1
1789098103.110404,home_assistant,sensor.living_room_temperature,0.001137,1
1789098103.3450649,smartthings_cloud,delaysteer-motion,0.234635,1
1789098103.502342,smartthings_cloud,Office Smart Light,0.157234,1
1789098103.662459,smartthings_cloud,Laundryroom/Mudroom Smart Light,0.160075,1
1789098103.848435,smartthings_cloud,Online Status Monitor,0.185946,1
1789098133.870628,home_assistant,binary_sensor.front_door_contact,0.012282,1
1789098133.872948,home_assistant,lock.front_door,0.002125,1
1789098133.87518,home_assistant,alarm_control_panel.home_alarm,0.002208,1
1789098133.8767512,home_assistant,binary_sensor.front_porch_camera_motion,0.001552,1
1789098133.87804,home_assistant,sensor.living_room_temperature,0.001267,1
1789098134.1800241,smartthings_cloud,delaysteer-motion,0.30193,1
1789098134.403785,smartthings_cloud,Office Smart Light,0.2237,1
1789098134.592295,smartthings_cloud,Laundryroom/Mudroom Smart Light,0.188458,1
1789098134.75749,smartthings_cloud,Online Status Monitor,0.16515,1
1789098164.778343,home_assistant,binary_sensor.front_door_contact,0.010732,1
1789098164.780045,home_assistant,lock.front_door,0.001617,1
1789098164.78143,home_assistant,alarm_control_panel.home_alarm,0.001362,1
1789098164.783057,home_assistant,binary_sensor.front_porch_camera_motion,0.001604,1
1789098164.786655,home_assistant,sensor.living_room_temperature,0.003574,1
1789098164.9984791,smartthings_cloud,delaysteer-motion,0.211763,1
1789098165.184963,smartthings_cloud,Office Smart Light,0.186438,1
1789098165.355479,smartthings_cloud,Laundryroom/Mudroom Smart Light,0.170481,1
1789098165.528199,smartthings_cloud,Online Status Monitor,0.172676,1
1789098195.541444,home_assistant,binary_sensor.front_door_contact,0.005066,1
1789098195.5426822,home_assistant,lock.front_door,0.001168,1
1789098195.5438669,home_assistant,alarm_control_panel.home_alarm,0.001171,1
1789098195.5450041,home_assistant,binary_sensor.front_porch_camera_motion,0.001123,1
1789098195.546087,home_assistant,sensor.living_room_temperature,0.001068,1
1789098195.719708,smartthings_cloud,delaysteer-motion,0.173601,1
1789098195.914676,smartthings_cloud,Office Smart Light,0.19491,1
1789098196.0924008,smartthings_cloud,Laundryroom/Mudroom Smart Light,0.177696,1
1789098196.2892742,smartthings_cloud,Online Status Monitor,0.196818,1
1789098226.307727,home_assistant,binary_sensor.front_door_contact,0.010118,1
1789098226.309841,home_assistant,lock.front_door,0.001656,1
1789098226.3113532,home_assistant,alarm_control_panel.home_alarm,0.001465,1
1789098226.3129401,home_assistant,binary_sensor.front_porch_camera_motion,0.001559,1
1789098226.314482,home_assistant,sensor.living_room_temperature,0.00151,1
1789098226.578722,smartthings_cloud,delaysteer-motion,0.264193,1
1789098226.7808251,smartthings_cloud,Office Smart Light,0.202063,1
1789098226.944476,smartthings_cloud,Laundryroom/Mudroom Smart Light,0.163604,1
1789098227.1295931,smartthings_cloud,Online Status Monitor,0.185078,1
1789098257.153549,home_assistant,binary_sensor.front_door_contact,0.005124,1
1789098257.1586502,home_assistant,lock.front_door,0.004887,1
1789098257.160637,home_assistant,alarm_control_panel.home_alarm,0.001806,1
1789098257.1624131,home_assistant,binary_sensor.front_porch_camera_motion,0.001756,1
1789098257.165594,home_assistant,sensor.living_room_temperature,0.003158,1
1789098257.396092,smartthings_cloud,delaysteer-motion,0.23041,1
1789098257.594763,smartthings_cloud,Office Smart Light,0.198613,1
1789098257.7609,smartthings_cloud,Laundryroom/Mudroom Smart Light,0.166078,1
1789098257.9506571,smartthings_cloud,Online Status Monitor,0.189684,1
1789098287.9696279,home_assistant,binary_sensor.front_door_contact,0.005895,1
1789098287.9718778,home_assistant,lock.front_door,0.002078,1
1789098287.973118,home_assistant,alarm_control_panel.home_alarm,0.001216,1
1789098287.974257,home_assistant,binary_sensor.front_porch_camera_motion,0.001122,1
1789098287.976274,home_assistant,sensor.living_room_temperature,0.002,1
1789098288.1516569,smartthings_cloud,delaysteer-motion,0.175341,1
1789098288.306175,smartthings_cloud,Office Smart Light,0.154464,1
1789098288.46558,smartthings_cloud,Laundryroom/Mudroom Smart Light,0.159352,1
1789098288.6365728,smartthings_cloud,Online Status Monitor,0.170937,1
1789098318.670429,home_assistant,binary_sensor.front_door_contact,0.02276,1
1789098318.6739001,home_assistant,lock.front_door,0.003287,1
1789098318.676212,home_assistant,alarm_control_panel.home_alarm,0.002284,1
1789098318.678159,home_assistant,binary_sensor.front_porch_camera_motion,0.001928,1
1789098318.679935,home_assistant,sensor.living_room_temperature,0.001761,1
1789098318.863206,smartthings_cloud,delaysteer-motion,0.183243,1
1789098319.053577,smartthings_cloud,Office Smart Light,0.190318,1
1789098319.193486,smartthings_cloud,Laundryroom/Mudroom Smart Light,0.139847,1
1789098319.4066901,smartthings_cloud,Online Status Monitor,0.213153,1
1789098349.432941,home_assistant,binary_sensor.front_door_contact,0.015298,1
1789098349.436851,home_assistant,lock.front_door,0.003752,1
1789098349.440809,home_assistant,alarm_control_panel.home_alarm,0.003924,1
1789098349.4428082,home_assistant,binary_sensor.front_porch_camera_motion,0.001966,1
1789098349.444864,home_assistant,sensor.living_room_temperature,0.002023,1
1789098349.626474,smartthings_cloud,delaysteer-motion,0.181569,1
1789098349.7976372,smartthings_cloud,Office Smart Light,0.171129,1
1789098350.0091069,smartthings_cloud,Laundryroom/Mudroom Smart Light,0.211423,1
1789098350.1699111,smartthings_cloud,Online Status Monitor,0.16077,1
1789098380.18733,home_assistant,binary_sensor.front_door_contact,0.010978,1
1789098380.191204,home_assistant,lock.front_door,0.003763,1
1789098380.194867,home_assistant,alarm_control_panel.home_alarm,0.003623,1
1789098380.197978,home_assistant,binary_sensor.front_porch_camera_motion,0.003075,1
1789098380.200934,home_assistant,sensor.living_room_temperature,0.002917,1
1789098380.378259,smartthings_cloud,delaysteer-motion,0.177283,1
1789098380.513742,smartthings_cloud,Office Smart Light,0.135424,1
1789098380.6902158,smartthings_cloud,Laundryroom/Mudroom Smart Light,0.176435,1
1789098380.862355,smartthings_cloud,Online Status Monitor,0.172103,1
1789098410.877592,home_assistant,binary_sensor.front_door_contact,0.010437,1
1789098410.882227,home_assistant,lock.front_door,0.004519,1
1789098410.886508,home_assistant,alarm_control_panel.home_alarm,0.004243,1
1789098410.889626,home_assistant,binary_sensor.front_porch_camera_motion,0.003079,1
1789098410.892732,home_assistant,sensor.living_room_temperature,0.003071,1
1789098411.0695732,smartthings_cloud,delaysteer-motion,0.176787,1
1789098411.2478778,smartthings_cloud,Office Smart Light,0.178225,1
1789098411.4376771,smartthings_cloud,Laundryroom/Mudroom Smart Light,0.189749,1
1789098411.60449,smartthings_cloud,Online Status Monitor,0.166761,1
1789098441.623924,home_assistant,binary_sensor.front_door_contact,0.012332,1
1789098441.6274939,home_assistant,lock.front_door,0.003443,1
1789098441.631594,home_assistant,alarm_control_panel.home_alarm,0.004058,1
1789098441.634629,home_assistant,binary_sensor.front_porch_camera_motion,0.002995,1
1789098441.6387992,home_assistant,sensor.living_room_temperature,0.004135,1
1789098441.88547,smartthings_cloud,delaysteer-motion,0.24661,1
1789098442.0672908,smartthings_cloud,Office Smart Light,0.181771,1
1789098442.2566552,smartthings_cloud,Laundryroom/Mudroom Smart Light,0.189311,1
1789098442.420341,smartthings_cloud,Online Status Monitor,0.16364,1
1789098472.435848,home_assistant,binary_sensor.front_door_contact,0.013029,1
1789098472.441694,home_assistant,lock.front_door,0.005466,1
1789098472.44485,home_assistant,alarm_control_panel.home_alarm,0.00312,1
1789098472.448006,home_assistant,binary_sensor.front_porch_camera_motion,0.003118,1
1789098472.4512231,home_assistant,sensor.living_room_temperature,0.003179,1
1789098472.621456,smartthings_cloud,delaysteer-motion,0.170181,1
1789098472.802259,smartthings_cloud,Office Smart Light,0.180731,1
1789098472.96451,smartthings_cloud,Laundryroom/Mudroom Smart Light,0.162222,1
1789098473.137103,smartthings_cloud,Online Status Monitor,0.172543,1
1789098503.165956,home_assistant,binary_sensor.front_door_contact,0.023461,1
1789098503.170264,home_assistant,lock.front_door,0.004188,1
1789098503.174643,home_assistant,alarm_control_panel.home_alarm,0.004348,1
1789098503.1783931,home_assistant,binary_sensor.front_porch_camera_motion,0.003726,1
1789098503.182324,home_assistant,sensor.living_room_temperature,0.003915,1
1789098503.3448918,smartthings_cloud,delaysteer-motion,0.162543,1
1789098503.506714,smartthings_cloud,Office Smart Light,0.161769,1
1789098503.677622,smartthings_cloud,Laundryroom/Mudroom Smart Light,0.170855,1
1789098503.845688,smartthings_cloud,Online Status Monitor,0.168016,1
1789098533.8596969,home_assistant,binary_sensor.front_door_contact,0.008488,1
1789098533.861631,home_assistant,lock.front_door,0.001838,1
1789098533.8634062,home_assistant,alarm_control_panel.home_alarm,0.001747,1
1789098533.86514,home_assistant,binary_sensor.front_porch_camera_motion,0.00171,1
1789098533.866913,home_assistant,sensor.living_room_temperature,0.001753,1
1789098534.083663,smartthings_cloud,delaysteer-motion,0.216709,1
1789098534.30403,smartthings_cloud,Office Smart Light,0.220301,1
1789098534.458352,smartthings_cloud,Laundryroom/Mudroom Smart Light,0.154284,1
1789098534.6358411,smartthings_cloud,Online Status Monitor,0.177436,1
1789098564.6530502,home_assistant,binary_sensor.front_door_contact,0.008311,1
1789098564.6566038,home_assistant,lock.front_door,0.003408,1
1789098564.659853,home_assistant,alarm_control_panel.home_alarm,0.003202,1
1789098564.662592,home_assistant,binary_sensor.front_porch_camera_motion,0.002701,1
1789098564.666305,home_assistant,sensor.living_room_temperature,0.003676,1
1789098564.8470342,smartthings_cloud,delaysteer-motion,0.180653,1
1789098564.999637,smartthings_cloud,Office Smart Light,0.152574,1
1789098565.146604,smartthings_cloud,Laundryroom/Mudroom Smart Light,0.146914,1
1789098565.3184159,smartthings_cloud,Online Status Monitor,0.171764,1
1789098595.334306,home_assistant,binary_sensor.front_door_contact,0.006176,1
1789098595.338154,home_assistant,lock.front_door,0.00358,1
1789098595.342141,home_assistant,alarm_control_panel.home_alarm,0.003951,1
1789098595.3449442,home_assistant,binary_sensor.front_porch_camera_motion,0.002766,1
1789098595.347905,home_assistant,sensor.living_room_temperature,0.002926,1
1789098595.550355,smartthings_cloud,delaysteer-motion,0.202405,1
1789098595.711989,smartthings_cloud,Office Smart Light,0.161607,1
1789098595.88373,smartthings_cloud,Laundryroom/Mudroom Smart Light,0.171701,1
1789098596.044257,smartthings_cloud,Online Status Monitor,0.160488,1
1789098626.064605,home_assistant,binary_sensor.front_door_contact,0.010974,1
1789098626.069789,home_assistant,lock.front_door,0.004663,1
1789098626.074244,home_assistant,alarm_control_panel.home_alarm,0.004383,1
1789098626.0798368,home_assistant,binary_sensor.front_porch_camera_motion,0.005554,1
1789098626.083945,home_assistant,sensor.living_room_temperature,0.004073,1
1789098626.2830348,smartthings_cloud,delaysteer-motion,0.199037,1
1789098626.46129,smartthings_cloud,Office Smart Light,0.178206,1
1789098626.631743,smartthings_cloud,Laundryroom/Mudroom Smart Light,0.17042,1
1789098626.7878,smartthings_cloud,Online Status Monitor,0.15602,1
1789098656.801187,home_assistant,binary_sensor.front_door_contact,0.008322,1
1789098656.806632,home_assistant,lock.front_door,0.00505,1
1789098656.809952,home_assistant,alarm_control_panel.home_alarm,0.003278,1
1789098656.8134131,home_assistant,binary_sensor.front_porch_camera_motion,0.003423,1
1789098656.816937,home_assistant,sensor.living_room_temperature,0.003484,1
1789098656.9975,smartthings_cloud,delaysteer-motion,0.1805,1
1789098657.1656141,smartthings_cloud,Office Smart Light,0.168079,1
1789098657.341399,smartthings_cloud,Laundryroom/Mudroom Smart Light,0.175735,1
1789098657.507367,smartthings_cloud,Online Status Monitor,0.165918,1
1789098687.520368,home_assistant,binary_sensor.front_door_contact,0.010538,1
1789098687.5257,home_assistant,lock.front_door,0.004566,1
1789098687.5290828,home_assistant,alarm_control_panel.home_alarm,0.003322,1
1789098687.53333,home_assistant,binary_sensor.front_porch_camera_motion,0.004213,1
1789098687.5373561,home_assistant,sensor.living_room_temperature,0.003984,1
1789098687.729124,smartthings_cloud,delaysteer-motion,0.191706,1
1789098687.8875132,smartthings_cloud,Office Smart Light,0.158323,1
1789098688.050088,smartthings_cloud,Laundryroom/Mudroom Smart Light,0.162525,1
1789098688.223734,smartthings_cloud,Online Status Monitor,0.173603,1
1789098718.245705,home_assistant,binary_sensor.front_door_contact,0.010849,1
1789098718.248866,home_assistant,lock.front_door,0.002967,1
1789098718.2506409,home_assistant,alarm_control_panel.home_alarm,0.001697,1
1789098718.252543,home_assistant,binary_sensor.front_porch_camera_motion,0.001887,1
1789098718.253555,home_assistant,sensor.living_room_temperature,0.000997,1
1789098718.456523,smartthings_cloud,delaysteer-motion,0.202946,1
1789098718.6259599,smartthings_cloud,Office Smart Light,0.169368,1
1789098718.8484359,smartthings_cloud,Laundryroom/Mudroom Smart Light,0.222426,1
1789098718.993052,smartthings_cloud,Online Status Monitor,0.144563,1
1789098749.0066612,home_assistant,binary_sensor.front_door_contact,0.00732,1
1789098749.009013,home_assistant,lock.front_door,0.002277,1
1789098749.010337,home_assistant,alarm_control_panel.home_alarm,0.001302,1
1789098749.011559,home_assistant,binary_sensor.front_porch_camera_motion,0.00119,1
1789098749.012962,home_assistant,sensor.living_room_temperature,0.001384,1
1789098749.2024279,smartthings_cloud,delaysteer-motion,0.189435,1
1789098749.360259,smartthings_cloud,Office Smart Light,0.157779,1
1789098749.513184,smartthings_cloud,Laundryroom/Mudroom Smart Light,0.15288,1
1789098749.680445,smartthings_cloud,Online Status Monitor,0.167219,1
1789098779.700012,home_assistant,binary_sensor.front_door_contact,0.008509,1
1789098779.701652,home_assistant,lock.front_door,0.001562,1
1789098779.702934,home_assistant,alarm_control_panel.home_alarm,0.001262,1
1789098779.704938,home_assistant,binary_sensor.front_porch_camera_motion,0.001987,1
1789098779.706275,home_assistant,sensor.living_room_temperature,0.001325,1
1789098779.91642,smartthings_cloud,delaysteer-motion,0.210121,1
1789098780.076426,smartthings_cloud,Office Smart Light,0.159962,1
1789098780.2635221,smartthings_cloud,Laundryroom/Mudroom Smart Light,0.187068,1
1789098780.439059,smartthings_cloud,Online Status Monitor,0.175506,1
1789098810.458456,home_assistant,binary_sensor.front_door_contact,0.013759,1
1789098810.461959,home_assistant,lock.front_door,0.00337,1
1789098810.4641721,home_assistant,alarm_control_panel.home_alarm,0.002194,1
1789098810.465857,home_assistant,binary_sensor.front_porch_camera_motion,0.001665,1
1789098810.467756,home_assistant,sensor.living_room_temperature,0.001884,1
1789098810.688407,smartthings_cloud,delaysteer-motion,0.220618,1
1789098810.844385,smartthings_cloud,Office Smart Light,0.155894,1
1789098811.050735,smartthings_cloud,Laundryroom/Mudroom Smart Light,0.206312,1
1789098811.2168791,smartthings_cloud,Online Status Monitor,0.166112,1
1789098841.240578,home_assistant,binary_sensor.front_door_contact,0.014249,1
1789098841.2442188,home_assistant,lock.front_door,0.003544,1
1789098841.247824,home_assistant,alarm_control_panel.home_alarm,0.003572,1
1789098841.2510872,home_assistant,binary_sensor.front_porch_camera_motion,0.003228,1
1789098841.254256,home_assistant,sensor.living_room_temperature,0.003132,1
1789098841.4221241,smartthings_cloud,delaysteer-motion,0.167821,1
1789098841.598379,smartthings_cloud,Office Smart Light,0.176207,1
1789098841.7554681,smartthings_cloud,Laundryroom/Mudroom Smart Light,0.157045,1
1789098841.939179,smartthings_cloud,Online Status Monitor,0.183666,1
1789098871.958236,home_assistant,binary_sensor.front_door_contact,0.010249,1
1789098871.962141,home_assistant,lock.front_door,0.003527,1
1789098871.9649122,home_assistant,alarm_control_panel.home_alarm,0.002737,1
1789098871.967502,home_assistant,binary_sensor.front_porch_camera_motion,0.002561,1
1789098871.969957,home_assistant,sensor.living_room_temperature,0.002425,1
1789098872.135115,smartthings_cloud,delaysteer-motion,0.165105,1
1789098872.3085592,smartthings_cloud,Office Smart Light,0.173365,1
1789098872.475529,smartthings_cloud,Laundryroom/Mudroom Smart Light,0.166905,1
1789098872.6809149,smartthings_cloud,Online Status Monitor,0.20532,1
1789098902.7121432,home_assistant,binary_sensor.front_door_contact,0.01839,1
1789098902.715473,home_assistant,lock.front_door,0.003233,1
1789098902.71841,home_assistant,alarm_control_panel.home_alarm,0.002848,1
1789098902.722373,home_assistant,binary_sensor.front_porch_camera_motion,0.003922,1
1789098902.72621,home_assistant,sensor.living_room_temperature,0.003801,1
1789098902.928374,smartthings_cloud,delaysteer-motion,0.202122,1
1789098903.157407,smartthings_cloud,Office Smart Light,0.228996,1
1789098903.354562,smartthings_cloud,Laundryroom/Mudroom Smart Light,0.197105,1
1789098903.524194,smartthings_cloud,Online Status Monitor,0.169587,1
1789098933.5425768,home_assistant,binary_sensor.front_door_contact,0.011619,1
1789098933.5466712,home_assistant,lock.front_door,0.003983,1
1789098933.549973,home_assistant,alarm_control_panel.home_alarm,0.003264,1
1789098933.553045,home_assistant,binary_sensor.front_porch_camera_motion,0.003036,1
1789098933.557682,home_assistant,sensor.living_room_temperature,0.004596,1
1789098933.737458,smartthings_cloud,delaysteer-motion,0.179719,1
1789098933.894799,smartthings_cloud,Office Smart Light,0.157298,1
1789098934.063381,smartthings_cloud,Laundryroom/Mudroom Smart Light,0.168532,1
1789098934.210169,smartthings_cloud,Online Status Monitor,0.146743,1
1789098964.22119,home_assistant,binary_sensor.front_door_contact,0.007782,1
1789098964.223666,home_assistant,lock.front_door,0.002362,1
1789098964.2257879,home_assistant,alarm_control_panel.home_alarm,0.002094,1
1789098964.22784,home_assistant,binary_sensor.front_porch_camera_motion,0.00203,1
1789098964.2308521,home_assistant,sensor.living_room_temperature,0.002992,1
1789098964.3917062,smartthings_cloud,delaysteer-motion,0.16082,1
1789098964.5722828,smartthings_cloud,Office Smart Light,0.180508,1
1789098964.74936,smartthings_cloud,Laundryroom/Mudroom Smart Light,0.177023,1
1789098964.912817,smartthings_cloud,Online Status Monitor,0.163407,1
1789098994.933155,home_assistant,binary_sensor.front_door_contact,0.011475,1
1789098994.9389,home_assistant,lock.front_door,0.005525,1
1789098994.942369,home_assistant,alarm_control_panel.home_alarm,0.003433,1
1789098994.946625,home_assistant,binary_sensor.front_porch_camera_motion,0.004223,1
1789098994.950353,home_assistant,sensor.living_room_temperature,0.00368,1
1789098995.167743,smartthings_cloud,delaysteer-motion,0.217343,1
1789098995.3344781,smartthings_cloud,Office Smart Light,0.166689,1
1789098995.503038,smartthings_cloud,Laundryroom/Mudroom Smart Light,0.168515,1
1789098995.70385,smartthings_cloud,Online Status Monitor,0.20078,1
1789099025.717569,home_assistant,binary_sensor.front_door_contact,0.00767,1
1789099025.720534,home_assistant,lock.front_door,0.00285,1
1789099025.7237399,home_assistant,alarm_control_panel.home_alarm,0.003175,1
1789099025.7260711,home_assistant,binary_sensor.front_porch_camera_motion,0.002303,1
1789099025.729368,home_assistant,sensor.living_room_temperature,0.003271,1
1789099025.9622002,smartthings_cloud,delaysteer-motion,0.232795,1
1789099026.131022,smartthings_cloud,Office Smart Light,0.16877,1
1789099026.3122072,smartthings_cloud,Laundryroom/Mudroom Smart Light,0.18114,1
1789099026.489629,smartthings_cloud,Online Status Monitor,0.177378,1
1789099056.5032902,home_assistant,binary_sensor.front_door_contact,0.00539,1
1789099056.507515,home_assistant,lock.front_door,0.004141,1
1789099056.512225,home_assistant,alarm_control_panel.home_alarm,0.004676,1
1789099056.5176241,home_assistant,binary_sensor.front_porch_camera_motion,0.005367,1
1789099056.5218508,home_assistant,sensor.living_room_temperature,0.004192,1
1789099056.691823,smartthings_cloud,delaysteer-motion,0.169931,1
1789099056.853466,smartthings_cloud,Office Smart Light,0.161594,1
1789099057.011434,smartthings_cloud,Laundryroom/Mudroom Smart Light,0.157924,1
1789099057.1955829,smartthings_cloud,Online Status Monitor,0.184055,1
1789099087.2080698,home_assistant,binary_sensor.front_door_contact,0.010189,1
1789099087.214394,home_assistant,lock.front_door,0.004664,1
1789099087.220219,home_assistant,alarm_control_panel.home_alarm,0.005747,1
1789099087.224139,home_assistant,binary_sensor.front_porch_camera_motion,0.003884,1
1789099087.22717,home_assistant,sensor.living_room_temperature,0.002997,1
1789099087.465933,smartthings_cloud,delaysteer-motion,0.238723,1
1789099087.645432,smartthings_cloud,Office Smart Light,0.179449,1
1789099087.8065002,smartthings_cloud,Laundryroom/Mudroom Smart Light,0.161037,1
1789099087.962927,smartthings_cloud,Online Status Monitor,0.156394,1
1789099117.976972,home_assistant,binary_sensor.front_door_contact,0.007311,1
1789099117.981312,home_assistant,lock.front_door,0.004183,1
1789099117.984638,home_assistant,alarm_control_panel.home_alarm,0.003156,1
1789099117.987063,home_assistant,binary_sensor.front_porch_camera_motion,0.002388,1
1789099117.989272,home_assistant,sensor.living_room_temperature,0.002153,1
1789099118.205983,smartthings_cloud,delaysteer-motion,0.216671,1
1789099118.372115,smartthings_cloud,Office Smart Light,0.166065,1
1789099118.517986,smartthings_cloud,Laundryroom/Mudroom Smart Light,0.145825,1
1789099118.68646,smartthings_cloud,Online Status Monitor,0.168438,1
1789099148.702081,home_assistant,binary_sensor.front_door_contact,0.008969,1
1789099148.7056918,home_assistant,lock.front_door,0.003473,1
1789099148.7102132,home_assistant,alarm_control_panel.home_alarm,0.004466,1
1789099148.713283,home_assistant,binary_sensor.front_porch_camera_motion,0.003024,1
1789099148.7163908,home_assistant,sensor.living_room_temperature,0.003071,1
1789099148.885138,smartthings_cloud,delaysteer-motion,0.168683,1
1789099149.054624,smartthings_cloud,Office Smart Light,0.169387,1
1789099149.248693,smartthings_cloud,Laundryroom/Mudroom Smart Light,0.19404,1
1789099149.421858,smartthings_cloud,Online Status Monitor,0.173098,1
1789099179.437964,home_assistant,binary_sensor.front_door_contact,0.006425,1
1789099179.4412959,home_assistant,lock.front_door,0.003223,1
1789099179.444603,home_assistant,alarm_control_panel.home_alarm,0.003273,1
1789099179.448286,home_assistant,binary_sensor.front_porch_camera_motion,0.003463,1
1789099179.452304,home_assistant,sensor.living_room_temperature,0.003984,1
1789099179.699614,smartthings_cloud,delaysteer-motion,0.247232,1
1789099179.894007,smartthings_cloud,Office Smart Light,0.194343,1
1789099180.133709,smartthings_cloud,Laundryroom/Mudroom Smart Light,0.23965,1
1789099180.351586,smartthings_cloud,Online Status Monitor,0.217825,1
1789099210.374088,home_assistant,binary_sensor.front_door_contact,0.017075,1
1789099210.376205,home_assistant,lock.front_door,0.002012,1
1789099210.378078,home_assistant,alarm_control_panel.home_alarm,0.001758,1
1789099210.381235,home_assistant,binary_sensor.front_porch_camera_motion,0.003097,1
1789099210.383255,home_assistant,sensor.living_room_temperature,0.001985,1
1789099210.710966,smartthings_cloud,delaysteer-motion,0.32766,1
1789099210.878963,smartthings_cloud,Office Smart Light,0.16795,1
1789099211.057657,smartthings_cloud,Laundryroom/Mudroom Smart Light,0.178657,1
1789099211.234006,smartthings_cloud,Online Status Monitor,0.176315,1
1789099241.244292,home_assistant,binary_sensor.front_door_contact,0.007485,1
1789099241.2463,home_assistant,lock.front_door,0.001917,1
1789099241.248249,home_assistant,alarm_control_panel.home_alarm,0.001832,1
1789099241.2496178,home_assistant,binary_sensor.front_porch_camera_motion,0.00135,1
1789099241.250984,home_assistant,sensor.living_room_temperature,0.001343,1
1789099241.437073,smartthings_cloud,delaysteer-motion,0.186055,1
1789099241.6112251,smartthings_cloud,Office Smart Light,0.174107,1
1789099241.7855759,smartthings_cloud,Laundryroom/Mudroom Smart Light,0.174304,1
1789099241.9520829,smartthings_cloud,Online Status Monitor,0.166452,1
1789099271.974529,home_assistant,binary_sensor.front_door_contact,0.012586,1
1789099271.978521,home_assistant,lock.front_door,0.003818,1
1789099271.9820879,home_assistant,alarm_control_panel.home_alarm,0.003519,1
1789099271.9848242,home_assistant,binary_sensor.front_porch_camera_motion,0.002685,1
1789099271.988487,home_assistant,sensor.living_room_temperature,0.00363,1
1789099272.243401,smartthings_cloud,delaysteer-motion,0.25485,1
1789099272.458511,smartthings_cloud,Office Smart Light,0.215044,1
1789099272.638797,smartthings_cloud,Laundryroom/Mudroom Smart Light,0.180242,1
1789099272.8421671,smartthings_cloud,Online Status Monitor,0.203304,1
1789099302.8697999,home_assistant,binary_sensor.front_door_contact,0.017435,1
1789099302.873801,home_assistant,lock.front_door,0.003734,1
1789099302.8787441,home_assistant,alarm_control_panel.home_alarm,0.004911,1
1789099302.881763,home_assistant,binary_sensor.front_porch_camera_motion,0.002884,1
1789099302.88502,home_assistant,sensor.living_room_temperature,0.00322,1
1789099303.094667,smartthings_cloud,delaysteer-motion,0.209591,1
1789099303.27349,smartthings_cloud,Office Smart Light,0.178785,1
1789099303.455221,smartthings_cloud,Laundryroom/Mudroom Smart Light,0.181672,1
1789099303.635175,smartthings_cloud,Online Status Monitor,0.179901,1
1789099333.651278,home_assistant,binary_sensor.front_door_contact,0.008174,1
1789099333.65425,home_assistant,lock.front_door,0.002835,1
1789099333.6581519,home_assistant,alarm_control_panel.home_alarm,0.003758,1
1789099333.660651,home_assistant,binary_sensor.front_porch_camera_motion,0.002448,1
1789099333.663991,home_assistant,sensor.living_room_temperature,0.00331,1
1789099333.831058,smartthings_cloud,delaysteer-motion,0.166991,1
1789099333.992247,smartthings_cloud,Office Smart Light,0.161121,1
1789099334.2064261,smartthings_cloud,Laundryroom/Mudroom Smart Light,0.214152,1
1789099334.3800142,smartthings_cloud,Online Status Monitor,0.173534,1
1789099364.403166,home_assistant,binary_sensor.front_door_contact,0.020434,1
1789099364.407608,home_assistant,lock.front_door,0.004279,1
1789099364.4115891,home_assistant,alarm_control_panel.home_alarm,0.003596,1
1789099364.41436,home_assistant,binary_sensor.front_porch_camera_motion,0.002732,1
1789099364.416908,home_assistant,sensor.living_room_temperature,0.002517,1
1789099364.6258602,smartthings_cloud,delaysteer-motion,0.208895,1
1789099364.78986,smartthings_cloud,Office Smart Light,0.163954,1
1789099364.9531431,smartthings_cloud,Laundryroom/Mudroom Smart Light,0.16322,1
1789099365.125441,smartthings_cloud,Online Status Monitor,0.172257,1
1789099395.1498969,home_assistant,binary_sensor.front_door_contact,0.018424,1
1789099395.153627,home_assistant,lock.front_door,0.003545,1
1789099395.156151,home_assistant,alarm_control_panel.home_alarm,0.002489,1
1789099395.158475,home_assistant,binary_sensor.front_porch_camera_motion,0.002292,1
1789099395.160485,home_assistant,sensor.living_room_temperature,0.001979,1
1789099395.487104,smartthings_cloud,delaysteer-motion,0.326571,1
1789099395.6589608,smartthings_cloud,Office Smart Light,0.171813,1
1789099395.831848,smartthings_cloud,Laundryroom/Mudroom Smart Light,0.172845,1
1789099396.007683,smartthings_cloud,Online Status Monitor,0.17579,1
1789099426.019307,home_assistant,binary_sensor.front_door_contact,0.006513,1
1789099426.021852,home_assistant,lock.front_door,0.002447,1
1789099426.023476,home_assistant,alarm_control_panel.home_alarm,0.001591,1
1789099426.025035,home_assistant,binary_sensor.front_porch_camera_motion,0.001456,1
1789099426.0265138,home_assistant,sensor.living_room_temperature,0.001445,1
1789099426.1877499,smartthings_cloud,delaysteer-motion,0.161193,1
1789099426.3682141,smartthings_cloud,Office Smart Light,0.180425,1
1789099426.571872,smartthings_cloud,Laundryroom/Mudroom Smart Light,0.203622,1
1789099426.735937,smartthings_cloud,Online Status Monitor,0.164041,1
1789099456.7508008,home_assistant,binary_sensor.front_door_contact,0.006505,1
1789099456.7532558,home_assistant,lock.front_door,0.00237,1
1789099456.7557518,home_assistant,alarm_control_panel.home_alarm,0.002416,1
1789099456.7591739,home_assistant,binary_sensor.front_porch_camera_motion,0.0034,1
1789099456.762439,home_assistant,sensor.living_room_temperature,0.003255,1
1789099456.974144,smartthings_cloud,delaysteer-motion,0.211687,1
1789099457.1610339,smartthings_cloud,Office Smart Light,0.186856,1
1789099457.333112,smartthings_cloud,Laundryroom/Mudroom Smart Light,0.17205,1
1789099457.543204,smartthings_cloud,Online Status Monitor,0.210066,1
1789099487.5620348,home_assistant,binary_sensor.front_door_contact,0.012412,1
1789099487.5650969,home_assistant,lock.front_door,0.002961,1
1789099487.568228,home_assistant,alarm_control_panel.home_alarm,0.003019,1
1789099487.57036,home_assistant,binary_sensor.front_porch_camera_motion,0.002104,1
1789099487.572052,home_assistant,sensor.living_room_temperature,0.001672,1
1789099487.761701,smartthings_cloud,delaysteer-motion,0.189618,1
1789099487.921452,smartthings_cloud,Office Smart Light,0.159703,1
1789099488.0798929,smartthings_cloud,Laundryroom/Mudroom Smart Light,0.158397,1
1789099488.2461739,smartthings_cloud,Online Status Monitor,0.166236,1
1789099518.255723,home_assistant,binary_sensor.front_door_contact,0.006415,1
1789099518.2574878,home_assistant,lock.front_door,0.001696,1
1789099518.2596889,home_assistant,alarm_control_panel.home_alarm,0.002184,1
1789099518.26079,home_assistant,binary_sensor.front_porch_camera_motion,0.001089,1
1789099518.262719,home_assistant,sensor.living_room_temperature,0.001914,1
1789099518.434921,smartthings_cloud,delaysteer-motion,0.172248,1
1789099518.809338,smartthings_cloud,Office Smart Light,0.374518,1
1789099518.987902,smartthings_cloud,Laundryroom/Mudroom Smart Light,0.17859,1
1789099519.149318,smartthings_cloud,Online Status Monitor,0.161433,1
1789099549.15395,home_assistant,binary_sensor.front_door_contact,0.006788,1
1789099549.1558778,home_assistant,lock.front_door,0.00172,1
1789099549.157741,home_assistant,alarm_control_panel.home_alarm,0.001835,1
1789099549.1606662,home_assistant,binary_sensor.front_porch_camera_motion,0.00279,1
1789099549.1621811,home_assistant,sensor.living_room_temperature,0.00149,1
1789099549.421452,smartthings_cloud,delaysteer-motion,0.259249,1
1789099549.5867531,smartthings_cloud,Office Smart Light,0.165279,1
1789099549.771713,smartthings_cloud,Laundryroom/Mudroom Smart Light,0.184931,1
1789099549.9401112,smartthings_cloud,Online Status Monitor,0.168364,1
1789099579.9563909,home_assistant,binary_sensor.front_door_contact,0.007664,1
1789099579.9579258,home_assistant,lock.front_door,0.00145,1
1789099579.9592068,home_assistant,alarm_control_panel.home_alarm,0.001204,1
1789099579.960673,home_assistant,binary_sensor.front_porch_camera_motion,0.001431,1
1789099579.961803,home_assistant,sensor.living_room_temperature,0.001114,1
1789099580.1399722,smartthings_cloud,delaysteer-motion,0.178145,1
1789099580.303193,smartthings_cloud,Office Smart Light,0.163177,1
1789099580.458566,smartthings_cloud,Laundryroom/Mudroom Smart Light,0.155336,1
1789099580.6420212,smartthings_cloud,Online Status Monitor,0.183414,1
1789099610.657847,home_assistant,binary_sensor.front_door_contact,0.013457,1
1789099610.661288,home_assistant,lock.front_door,0.003338,1
1789099610.663566,home_assistant,alarm_control_panel.home_alarm,0.002174,1
1789099610.665343,home_assistant,binary_sensor.front_porch_camera_motion,0.001746,1
1789099610.6670358,home_assistant,sensor.living_room_temperature,0.001662,1
1789099610.863353,smartthings_cloud,delaysteer-motion,0.196278,1
1789099611.029639,smartthings_cloud,Office Smart Light,0.166239,1
1789099611.225703,smartthings_cloud,Laundryroom/Mudroom Smart Light,0.196015,1
1789099611.449184,smartthings_cloud,Online Status Monitor,0.223431,1
1789099641.465554,home_assistant,binary_sensor.front_door_contact,0.005792,1
1789099641.467349,home_assistant,lock.front_door,0.001706,1
1789099641.4686139,home_assistant,alarm_control_panel.home_alarm,0.001247,1
1789099641.470504,home_assistant,binary_sensor.front_porch_camera_motion,0.001872,1
1789099641.471564,home_assistant,sensor.living_room_temperature,0.001047,1
1789099641.719569,smartthings_cloud,delaysteer-motion,0.247981,1
1789099641.890537,smartthings_cloud,Office Smart Light,0.170942,1
1789099642.1212318,smartthings_cloud,Laundryroom/Mudroom Smart Light,0.230665,1
1789099642.3083708,smartthings_cloud,Online Status Monitor,0.187084,1
1789099672.31996,home_assistant,binary_sensor.front_door_contact,0.007532,1
1789099672.3218718,home_assistant,lock.front_door,0.001817,1
1789099672.3235059,home_assistant,alarm_control_panel.home_alarm,0.001598,1
1789099672.325135,home_assistant,binary_sensor.front_porch_camera_motion,0.001503,1
1789099672.326484,home_assistant,sensor.living_room_temperature,0.001321,1
1789099672.494336,smartthings_cloud,delaysteer-motion,0.167817,1
1789099672.677498,smartthings_cloud,Office Smart Light,0.183103,1
1789099672.849952,smartthings_cloud,Laundryroom/Mudroom Smart Light,0.172418,1
1789099673.000284,smartthings_cloud,Online Status Monitor,0.150299,1
1789099703.014394,home_assistant,binary_sensor.front_door_contact,0.005189,1
1789099703.016122,home_assistant,lock.front_door,0.001631,1
1789099703.01749,home_assistant,alarm_control_panel.home_alarm,0.001281,1
1789099703.018757,home_assistant,binary_sensor.front_porch_camera_motion,0.001238,1
1789099703.0199318,home_assistant,sensor.living_room_temperature,0.001159,1
1789099703.2333791,smartthings_cloud,delaysteer-motion,0.213427,1
1789099703.387094,smartthings_cloud,Office Smart Light,0.153671,1
1789099703.55939,smartthings_cloud,Laundryroom/Mudroom Smart Light,0.17224,1
1789099703.7158039,smartthings_cloud,Online Status Monitor,0.15637,1
1789099733.736274,home_assistant,binary_sensor.front_door_contact,0.011636,1
1789099733.739637,home_assistant,lock.front_door,0.003246,1
1789099733.7429252,home_assistant,alarm_control_panel.home_alarm,0.003166,1
1789099733.746509,home_assistant,binary_sensor.front_porch_camera_motion,0.003549,1
1789099733.749608,home_assistant,sensor.living_room_temperature,0.00306,1
1789099733.94675,smartthings_cloud,delaysteer-motion,0.19709,1
1789099734.104749,smartthings_cloud,Office Smart Light,0.157956,1
1789099734.2764711,smartthings_cloud,Laundryroom/Mudroom Smart Light,0.171673,1
1789099734.4525728,smartthings_cloud,Online Status Monitor,0.176051,1
1789099764.474496,home_assistant,binary_sensor.front_door_contact,0.015741,1
1789099764.478577,home_assistant,lock.front_door,0.00393,1
1789099764.482956,home_assistant,alarm_control_panel.home_alarm,0.00433,1
1789099764.485906,home_assistant,binary_sensor.front_porch_camera_motion,0.002896,1
1789099764.488425,home_assistant,sensor.living_room_temperature,0.002483,1
1789099764.6585789,smartthings_cloud,delaysteer-motion,0.170101,1
1789099764.8231978,smartthings_cloud,Office Smart Light,0.164567,1
1789099764.988673,smartthings_cloud,Laundryroom/Mudroom Smart Light,0.165422,1
1789099765.1535099,smartthings_cloud,Online Status Monitor,0.164383,1
1789099795.175473,home_assistant,binary_sensor.front_door_contact,0.020498,1
1789099795.179977,home_assistant,lock.front_door,0.004348,1
1789099795.181483,home_assistant,alarm_control_panel.home_alarm,0.00147,1
1789099795.183449,home_assistant,binary_sensor.front_porch_camera_motion,0.001867,1
1789099795.1846662,home_assistant,sensor.living_room_temperature,0.001188,1
1789099795.392742,smartthings_cloud,delaysteer-motion,0.208045,1
1789099795.5676181,smartthings_cloud,Office Smart Light,0.174826,1
1789099795.721161,smartthings_cloud,Laundryroom/Mudroom Smart Light,0.153502,1
1789099795.888306,smartthings_cloud,Online Status Monitor,0.167111,1
1789099825.912721,home_assistant,binary_sensor.front_door_contact,0.017906,1
1789099825.9152288,home_assistant,lock.front_door,0.002415,1
1789099825.917225,home_assistant,alarm_control_panel.home_alarm,0.001853,1
1789099825.919056,home_assistant,binary_sensor.front_porch_camera_motion,0.00178,1
1789099825.920653,home_assistant,sensor.living_room_temperature,0.001564,1
1789099826.111687,smartthings_cloud,delaysteer-motion,0.190992,1
1789099826.319917,smartthings_cloud,Office Smart Light,0.208157,1
1789099826.496664,smartthings_cloud,Laundryroom/Mudroom Smart Light,0.176697,1
1789099826.6840608,smartthings_cloud,Online Status Monitor,0.187349,1
1789099856.6997828,home_assistant,binary_sensor.front_door_contact,0.008067,1
1789099856.7020302,home_assistant,lock.front_door,0.002157,1
1789099856.704853,home_assistant,alarm_control_panel.home_alarm,0.00279,1
1789099856.7064881,home_assistant,binary_sensor.front_porch_camera_motion,0.001605,1
1789099856.708746,home_assistant,sensor.living_room_temperature,0.002226,1
1789099856.886684,smartthings_cloud,delaysteer-motion,0.177892,1
1789099857.088456,smartthings_cloud,Office Smart Light,0.201737,1
1789099857.2411048,smartthings_cloud,Laundryroom/Mudroom Smart Light,0.152597,1
1789099857.385406,smartthings_cloud,Online Status Monitor,0.144262,1
1789099887.402986,home_assistant,binary_sensor.front_door_contact,0.011904,1
1789099887.406446,home_assistant,lock.front_door,0.003332,1
1789099887.409437,home_assistant,alarm_control_panel.home_alarm,0.002954,1
1789099887.4137752,home_assistant,binary_sensor.front_porch_camera_motion,0.004304,1
1789099887.417156,home_assistant,sensor.living_room_temperature,0.003345,1
1789099887.644984,smartthings_cloud,delaysteer-motion,0.22777,1
1789099887.851854,smartthings_cloud,Office Smart Light,0.206832,1
1789099888.024878,smartthings_cloud,Laundryroom/Mudroom Smart Light,0.17299,1
1789099888.195353,smartthings_cloud,Online Status Monitor,0.170439,1
1789099918.219873,home_assistant,binary_sensor.front_door_contact,0.017552,1
1789099918.223352,home_assistant,lock.front_door,0.003354,1
1789099918.2276611,home_assistant,alarm_control_panel.home_alarm,0.004274,1
1789099918.231028,home_assistant,binary_sensor.front_porch_camera_motion,0.003331,1
1789099918.234164,home_assistant,sensor.living_room_temperature,0.003098,1
1789099918.42734,smartthings_cloud,delaysteer-motion,0.19313,1
1789099918.602814,smartthings_cloud,Office Smart Light,0.175387,1
1789099918.8032389,smartthings_cloud,Laundryroom/Mudroom Smart Light,0.200374,1
1789099918.978953,smartthings_cloud,Online Status Monitor,0.175664,1
1789099948.999776,home_assistant,binary_sensor.front_door_contact,0.013073,1
1789099949.0031302,home_assistant,lock.front_door,0.003254,1
1789099949.00871,home_assistant,alarm_control_panel.home_alarm,0.005551,1
1789099949.01341,home_assistant,binary_sensor.front_porch_camera_motion,0.004669,1
1789099949.017552,home_assistant,sensor.living_room_temperature,0.004121,1
1789099949.2020202,smartthings_cloud,delaysteer-motion,0.184443,1
1789099949.3596601,smartthings_cloud,Office Smart Light,0.157584,1
1789099949.549012,smartthings_cloud,Laundryroom/Mudroom Smart Light,0.189302,1
1789099949.7232141,smartthings_cloud,Online Status Monitor,0.174181,1
1789099979.7479732,home_assistant,binary_sensor.front_door_contact,0.014165,1
1789099979.751411,home_assistant,lock.front_door,0.00334,1
1789099979.754894,home_assistant,alarm_control_panel.home_alarm,0.003427,1
1789099979.758995,home_assistant,binary_sensor.front_porch_camera_motion,0.004066,1
1789099979.762609,home_assistant,sensor.living_room_temperature,0.003582,1
1789099979.929238,smartthings_cloud,delaysteer-motion,0.166586,1
1789099980.1551008,smartthings_cloud,Office Smart Light,0.225818,1
1789099980.326699,smartthings_cloud,Laundryroom/Mudroom Smart Light,0.171563,1
1789099980.521245,smartthings_cloud,Online Status Monitor,0.194517,1
1789100010.5461838,home_assistant,binary_sensor.front_door_contact,0.016661,1
1789100010.5557718,home_assistant,lock.front_door,0.009173,1
1789100010.5590348,home_assistant,alarm_control_panel.home_alarm,0.003232,1
1789100010.562222,home_assistant,binary_sensor.front_porch_camera_motion,0.003155,1
1789100010.5650408,home_assistant,sensor.living_room_temperature,0.002789,1
1789100010.748458,smartthings_cloud,delaysteer-motion,0.183371,1
1789100010.9229162,smartthings_cloud,Office Smart Light,0.174425,1
1789100011.078259,smartthings_cloud,Laundryroom/Mudroom Smart Light,0.155292,1
1789100011.2398489,smartthings_cloud,Online Status Monitor,0.161553,1
1789100041.260509,home_assistant,binary_sensor.front_door_contact,0.017572,1
1789100041.2644029,home_assistant,lock.front_door,0.00377,1
1789100041.267786,home_assistant,alarm_control_panel.home_alarm,0.003348,1
1789100041.270904,home_assistant,binary_sensor.front_porch_camera_motion,0.003086,1
1789100041.2745469,home_assistant,sensor.living_room_temperature,0.003609,1
1789100041.4664462,smartthings_cloud,delaysteer-motion,0.19184,1
1789100041.681715,smartthings_cloud,Office Smart Light,0.215221,1
1789100041.8809211,smartthings_cloud,Laundryroom/Mudroom Smart Light,0.199157,1
1789100042.0740428,smartthings_cloud,Online Status Monitor,0.193072,1
1789100072.112252,home_assistant,binary_sensor.front_door_contact,0.027039,1
1789100072.115381,home_assistant,lock.front_door,0.003026,1
1789100072.11827,home_assistant,alarm_control_panel.home_alarm,0.002849,1
1789100072.120946,home_assistant,binary_sensor.front_porch_camera_motion,0.002645,1
1789100072.123189,home_assistant,sensor.living_room_temperature,0.002209,1
1789100072.2872949,smartthings_cloud,delaysteer-motion,0.16406,1
1789100072.46911,smartthings_cloud,Office Smart Light,0.181781,1
1789100072.6428642,smartthings_cloud,Laundryroom/Mudroom Smart Light,0.17372,1
1789100072.821805,smartthings_cloud,Online Status Monitor,0.178895,1
1789100102.843989,home_assistant,binary_sensor.front_door_contact,0.01321,1
1789100102.848119,home_assistant,lock.front_door,0.004058,1
1789100102.851058,home_assistant,alarm_control_panel.home_alarm,0.00292,1
1789100102.854142,home_assistant,binary_sensor.front_porch_camera_motion,0.003054,1
1789100102.856595,home_assistant,sensor.living_room_temperature,0.002437,1
1789100103.095417,smartthings_cloud,delaysteer-motion,0.238799,1
1789100103.3080819,smartthings_cloud,Office Smart Light,0.212637,1
1789100103.503885,smartthings_cloud,Laundryroom/Mudroom Smart Light,0.195772,1
1789100103.6667168,smartthings_cloud,Online Status Monitor,0.162802,1
1789100133.695628,home_assistant,binary_sensor.front_door_contact,0.023338,1
1789100133.698743,home_assistant,lock.front_door,0.003022,1
1789100133.701639,home_assistant,alarm_control_panel.home_alarm,0.002866,1
1789100133.7041762,home_assistant,binary_sensor.front_porch_camera_motion,0.002513,1
1789100133.7063239,home_assistant,sensor.living_room_temperature,0.002123,1
1789100134.148062,smartthings_cloud,delaysteer-motion,0.441701,1
1789100134.339466,smartthings_cloud,Office Smart Light,0.191359,1
1789100134.6739972,smartthings_cloud,Laundryroom/Mudroom Smart Light,0.3345,1
1789100135.0480452,smartthings_cloud,Online Status Monitor,0.373994,1
1789100165.066167,home_assistant,binary_sensor.front_door_contact,0.014789,1
1789100165.0735,home_assistant,lock.front_door,0.007089,1
1789100165.1032069,home_assistant,alarm_control_panel.home_alarm,0.029664,1
1789100165.109542,home_assistant,binary_sensor.front_porch_camera_motion,0.006272,1
1789100165.113523,home_assistant,sensor.living_room_temperature,0.003922,1
1789100165.3219662,smartthings_cloud,delaysteer-motion,0.208324,1
1789100165.496213,smartthings_cloud,Office Smart Light,0.17417,1
1789100165.703292,smartthings_cloud,Laundryroom/Mudroom Smart Light,0.207047,1
1789100165.879584,smartthings_cloud,Online Status Monitor,0.17625,1
1789100195.899214,home_assistant,binary_sensor.front_door_contact,0.011017,1
1789100195.902718,home_assistant,lock.front_door,0.00338,1
1789100195.905987,home_assistant,alarm_control_panel.home_alarm,0.003233,1
1789100195.9093142,home_assistant,binary_sensor.front_porch_camera_motion,0.003291,1
1789100195.9131,home_assistant,sensor.living_room_temperature,0.003749,1
1789100196.14749,smartthings_cloud,delaysteer-motion,0.234342,1
1789100196.306966,smartthings_cloud,Office Smart Light,0.159431,1
1789100196.466051,smartthings_cloud,Laundryroom/Mudroom Smart Light,0.159039,1
1789100196.625464,smartthings_cloud,Online Status Monitor,0.15938,1
1789100226.6493912,home_assistant,binary_sensor.front_door_contact,0.021911,1
1789100226.656259,home_assistant,lock.front_door,0.006757,1
1789100226.659981,home_assistant,alarm_control_panel.home_alarm,0.003692,1
1789100226.6632,home_assistant,binary_sensor.front_porch_camera_motion,0.003181,1
1789100226.666867,home_assistant,sensor.living_room_temperature,0.00363,1
1789100226.843175,smartthings_cloud,delaysteer-motion,0.176261,1
1789100227.043488,smartthings_cloud,Office Smart Light,0.200263,1
1789100227.2191339,smartthings_cloud,Laundryroom/Mudroom Smart Light,0.175595,1
1789100227.423351,smartthings_cloud,Online Status Monitor,0.204182,1
1789100257.440788,home_assistant,binary_sensor.front_door_contact,0.013407,1
1789100257.444405,home_assistant,lock.front_door,0.00347,1
1789100257.4479449,home_assistant,alarm_control_panel.home_alarm,0.003504,1
1789100257.451124,home_assistant,binary_sensor.front_porch_camera_motion,0.00314,1
1789100257.4541771,home_assistant,sensor.living_room_temperature,0.003021,1
1789100257.652307,smartthings_cloud,delaysteer-motion,0.198084,1
1789100257.815548,smartthings_cloud,Office Smart Light,0.163186,1
1789100258.002058,smartthings_cloud,Laundryroom/Mudroom Smart Light,0.18646,1
1789100258.185378,smartthings_cloud,Online Status Monitor,0.183267,1
1789100288.201866,home_assistant,binary_sensor.front_door_contact,0.012757,1
1789100288.2069702,home_assistant,lock.front_door,0.00496,1
1789100288.2124858,home_assistant,alarm_control_panel.home_alarm,0.005475,1
1789100288.2211552,home_assistant,binary_sensor.front_porch_camera_motion,0.008631,1
1789100288.226135,home_assistant,sensor.living_room_temperature,0.004942,1
1789100288.475241,smartthings_cloud,delaysteer-motion,0.249031,1
1789100288.688045,smartthings_cloud,Office Smart Light,0.212764,1
1789100288.852288,smartthings_cloud,Laundryroom/Mudroom Smart Light,0.164195,1
1789100289.001069,smartthings_cloud,Online Status Monitor,0.148733,1
1789100319.020993,home_assistant,binary_sensor.front_door_contact,0.013486,1
1789100319.0231092,home_assistant,lock.front_door,0.001953,1
1789100319.024367,home_assistant,alarm_control_panel.home_alarm,0.001237,1
1789100319.026912,home_assistant,binary_sensor.front_porch_camera_motion,0.002527,1
1789100319.0285308,home_assistant,sensor.living_room_temperature,0.001598,1
1789100319.197207,smartthings_cloud,delaysteer-motion,0.168646,1
1789100319.3585641,smartthings_cloud,Office Smart Light,0.161307,1
1789100319.535414,smartthings_cloud,Laundryroom/Mudroom Smart Light,0.176798,1
1789100319.691786,smartthings_cloud,Online Status Monitor,0.156323,1
1789100349.7051232,home_assistant,binary_sensor.front_door_contact,0.007398,1
1789100349.707728,home_assistant,lock.front_door,0.00253,1
1789100349.70997,home_assistant,alarm_control_panel.home_alarm,0.002215,1
1789100349.7111418,home_assistant,binary_sensor.front_porch_camera_motion,0.001155,1
1789100349.712419,home_assistant,sensor.living_room_temperature,0.001262,1
1789100349.8941948,smartthings_cloud,delaysteer-motion,0.181754,1
1789100350.102109,smartthings_cloud,Office Smart Light,0.207875,1
1789100350.276733,smartthings_cloud,Laundryroom/Mudroom Smart Light,0.174592,1
1789100350.448642,smartthings_cloud,Online Status Monitor,0.171862,1
1789100380.463229,home_assistant,binary_sensor.front_door_contact,0.012188,1
1789100380.46684,home_assistant,lock.front_door,0.00347,1
1789100380.4705331,home_assistant,alarm_control_panel.home_alarm,0.003655,1
1789100380.474336,home_assistant,binary_sensor.front_porch_camera_motion,0.003766,1
1789100380.4789839,home_assistant,sensor.living_room_temperature,0.004613,1
1789100380.7051141,smartthings_cloud,delaysteer-motion,0.226003,1
1789100380.874826,smartthings_cloud,Office Smart Light,0.169661,1
1789100381.031317,smartthings_cloud,Laundryroom/Mudroom Smart Light,0.156441,1
1789100381.202825,smartthings_cloud,Online Status Monitor,0.17146,1
1789100411.215557,home_assistant,binary_sensor.front_door_contact,0.010575,1
1789100411.218511,home_assistant,lock.front_door,0.002845,1
1789100411.221334,home_assistant,alarm_control_panel.home_alarm,0.002782,1
1789100411.223667,home_assistant,binary_sensor.front_porch_camera_motion,0.002298,1
1789100411.225688,home_assistant,sensor.living_room_temperature,0.001986,1
1789100411.397604,smartthings_cloud,delaysteer-motion,0.171855,1
1789100411.550508,smartthings_cloud,Office Smart Light,0.152851,1
1789100411.753288,smartthings_cloud,Laundryroom/Mudroom Smart Light,0.202726,1
1789100411.919213,smartthings_cloud,Online Status Monitor,0.16588,1
1789100441.95073,home_assistant,binary_sensor.front_door_contact,0.024564,1
1789100441.954411,home_assistant,lock.front_door,0.003584,1
1789100441.9577851,home_assistant,alarm_control_panel.home_alarm,0.003338,1
1789100441.960928,home_assistant,binary_sensor.front_porch_camera_motion,0.00311,1
1789100441.963813,home_assistant,sensor.living_room_temperature,0.002847,1
1789100442.1275258,smartthings_cloud,delaysteer-motion,0.163669,1
1789100442.288382,smartthings_cloud,Office Smart Light,0.160815,1
1789100442.509845,smartthings_cloud,Laundryroom/Mudroom Smart Light,0.221412,1
1789100442.675285,smartthings_cloud,Online Status Monitor,0.16539,1
1789100472.6983721,home_assistant,binary_sensor.front_door_contact,0.016876,1
1789100472.7029388,home_assistant,lock.front_door,0.004469,1
1789100472.706968,home_assistant,alarm_control_panel.home_alarm,0.003992,1
1789100472.7103841,home_assistant,binary_sensor.front_porch_camera_motion,0.003381,1
1789100472.71354,home_assistant,sensor.living_room_temperature,0.003122,1
1789100473.15698,smartthings_cloud,delaysteer-motion,0.443388,1
1789100473.315551,smartthings_cloud,Office Smart Light,0.158535,1
1789100473.498704,smartthings_cloud,Laundryroom/Mudroom Smart Light,0.183119,1
1789100473.660783,smartthings_cloud,Online Status Monitor,0.16205,1
1789100503.676513,home_assistant,binary_sensor.front_door_contact,0.013702,1
1789100503.680208,home_assistant,lock.front_door,0.003574,1
1789100503.683659,home_assistant,alarm_control_panel.home_alarm,0.003417,1
1789100503.6868339,home_assistant,binary_sensor.front_porch_camera_motion,0.003141,1
1789100503.689863,home_assistant,sensor.living_room_temperature,0.002996,1
1789100503.869046,smartthings_cloud,delaysteer-motion,0.179141,1
1789100504.041219,smartthings_cloud,Office Smart Light,0.172136,1
1789100504.214079,smartthings_cloud,Laundryroom/Mudroom Smart Light,0.172822,1
1789100504.404511,smartthings_cloud,Online Status Monitor,0.190381,1
1789100534.4226828,home_assistant,binary_sensor.front_door_contact,0.01469,1
1789100534.4260511,home_assistant,lock.front_door,0.003231,1
1789100534.4303281,home_assistant,alarm_control_panel.home_alarm,0.004244,1
1789100534.434392,home_assistant,binary_sensor.front_porch_camera_motion,0.00403,1
1789100534.437705,home_assistant,sensor.living_room_temperature,0.00328,1
1789100534.6519759,smartthings_cloud,delaysteer-motion,0.214223,1
1789100534.817503,smartthings_cloud,Office Smart Light,0.165482,1
1789100534.978509,smartthings_cloud,Laundryroom/Mudroom Smart Light,0.160967,1
1789100535.158365,smartthings_cloud,Online Status Monitor,0.179805,1
1789100565.190249,home_assistant,binary_sensor.front_door_contact,0.023802,1
1789100565.196278,home_assistant,lock.front_door,0.00594,1
1789100565.1992478,home_assistant,alarm_control_panel.home_alarm,0.002936,1
1789100565.200969,home_assistant,binary_sensor.front_porch_camera_motion,0.001694,1
1789100565.202852,home_assistant,sensor.living_room_temperature,0.001858,1
1789100565.4731169,smartthings_cloud,delaysteer-motion,0.270229,1
1789100565.632989,smartthings_cloud,Office Smart Light,0.159829,1
1789100565.809164,smartthings_cloud,Laundryroom/Mudroom Smart Light,0.176132,1
1789100565.966611,smartthings_cloud,Online Status Monitor,0.157418,1
1789100595.988895,home_assistant,binary_sensor.front_door_contact,0.015159,1
1789100595.992262,home_assistant,lock.front_door,0.003273,1
1789100595.996347,home_assistant,alarm_control_panel.home_alarm,0.004056,1
1789100595.999962,home_assistant,binary_sensor.front_porch_camera_motion,0.003579,1
1789100596.003644,home_assistant,sensor.living_room_temperature,0.003649,1
1789100596.174011,smartthings_cloud,delaysteer-motion,0.170321,1
1789100596.3385742,smartthings_cloud,Office Smart Light,0.16443,1
1789100596.528519,smartthings_cloud,Laundryroom/Mudroom Smart Light,0.189906,1
1789100596.6857998,smartthings_cloud,Online Status Monitor,0.157226,1
1789100626.7071931,home_assistant,binary_sensor.front_door_contact,0.010525,1
1789100626.7103071,home_assistant,lock.front_door,0.003009,1
1789100626.713378,home_assistant,alarm_control_panel.home_alarm,0.003037,1
1789100626.716587,home_assistant,binary_sensor.front_porch_camera_motion,0.003177,1
1789100626.7196429,home_assistant,sensor.living_room_temperature,0.003021,1
1789100626.90711,smartthings_cloud,delaysteer-motion,0.187403,1
1789100627.0797591,smartthings_cloud,Office Smart Light,0.172612,1
1789100627.259785,smartthings_cloud,Laundryroom/Mudroom Smart Light,0.179991,1
1789100627.4330418,smartthings_cloud,Online Status Monitor,0.173227,1
1789100657.4561338,home_assistant,binary_sensor.front_door_contact,0.014751,1
1789100657.460772,home_assistant,lock.front_door,0.0045,1
1789100657.4644659,home_assistant,alarm_control_panel.home_alarm,0.003657,1
1789100657.4675179,home_assistant,binary_sensor.front_porch_camera_motion,0.003016,1
1789100657.470699,home_assistant,sensor.living_room_temperature,0.003144,1
1789100657.7666612,smartthings_cloud,delaysteer-motion,0.295908,1
1789100657.917254,smartthings_cloud,Office Smart Light,0.150529,1
1789100658.080568,smartthings_cloud,Laundryroom/Mudroom Smart Light,0.163262,1
1789100658.2340322,smartthings_cloud,Online Status Monitor,0.153406,1
1789100688.26257,home_assistant,binary_sensor.front_door_contact,0.017678,1
1789100688.265483,home_assistant,lock.front_door,0.002818,1
1789100688.268196,home_assistant,alarm_control_panel.home_alarm,0.002685,1
1789100688.271242,home_assistant,binary_sensor.front_porch_camera_motion,0.003015,1
1789100688.2740579,home_assistant,sensor.living_room_temperature,0.002787,1
1789100688.49169,smartthings_cloud,delaysteer-motion,0.217588,1
1789100688.6418922,smartthings_cloud,Office Smart Light,0.150158,1
1789100688.8367271,smartthings_cloud,Laundryroom/Mudroom Smart Light,0.194789,1
1789100689.0437,smartthings_cloud,Online Status Monitor,0.206927,1
1789100719.056708,home_assistant,binary_sensor.front_door_contact,0.007991,1
1789100719.0601869,home_assistant,lock.front_door,0.003346,1
1789100719.064867,home_assistant,alarm_control_panel.home_alarm,0.004641,1
1789100719.068079,home_assistant,binary_sensor.front_porch_camera_motion,0.003172,1
1789100719.070555,home_assistant,sensor.living_room_temperature,0.002443,1
1789100719.236328,smartthings_cloud,delaysteer-motion,0.165728,1
1789100719.392554,smartthings_cloud,Office Smart Light,0.156192,1
1789100719.567276,smartthings_cloud,Laundryroom/Mudroom Smart Light,0.174686,1
1789100719.72306,smartthings_cloud,Online Status Monitor,0.155745,1
1789100749.735223,home_assistant,binary_sensor.front_door_contact,0.007384,1
1789100749.7380638,home_assistant,lock.front_door,0.002737,1
1789100749.741205,home_assistant,alarm_control_panel.home_alarm,0.003108,1
1789100749.7427049,home_assistant,binary_sensor.front_porch_camera_motion,0.001471,1
1789100749.744321,home_assistant,sensor.living_room_temperature,0.001587,1
1789100749.923475,smartthings_cloud,delaysteer-motion,0.179097,1
1789100750.1388521,smartthings_cloud,Office Smart Light,0.215318,1
1789100750.3019478,smartthings_cloud,Laundryroom/Mudroom Smart Light,0.163043,1
1789100750.475153,smartthings_cloud,Online Status Monitor,0.173151,1
1789100780.468,home_assistant,binary_sensor.front_door_contact,0.007547,1
1789100780.469864,home_assistant,lock.front_door,0.001765,1
1789100780.471355,home_assistant,alarm_control_panel.home_alarm,0.001462,1
1789100780.473661,home_assistant,binary_sensor.front_porch_camera_motion,0.002278,1
1789100780.4752672,home_assistant,sensor.living_room_temperature,0.001573,1
1789100780.694977,smartthings_cloud,delaysteer-motion,0.219763,1
1789100780.868654,smartthings_cloud,Office Smart Light,0.173738,1
1789100781.044318,smartthings_cloud,Laundryroom/Mudroom Smart Light,0.175695,1
1789100781.211644,smartthings_cloud,Online Status Monitor,0.16736,1
1789100811.2219038,home_assistant,binary_sensor.front_door_contact,0.006852,1
1789100811.223485,home_assistant,lock.front_door,0.001512,1
1789100811.2250009,home_assistant,alarm_control_panel.home_alarm,0.001491,1
1789100811.226176,home_assistant,binary_sensor.front_porch_camera_motion,0.001152,1
1789100811.22881,home_assistant,sensor.living_room_temperature,0.002616,1
1789100811.395375,smartthings_cloud,delaysteer-motion,0.166548,1
1789100811.571286,smartthings_cloud,Office Smart Light,0.175897,1
1789100811.7654169,smartthings_cloud,Laundryroom/Mudroom Smart Light,0.194118,1
1789100811.964454,smartthings_cloud,Online Status Monitor,0.199024,1
1789100841.978086,home_assistant,binary_sensor.front_door_contact,0.008122,1
1789100841.980816,home_assistant,lock.front_door,0.002634,1
1789100841.982374,home_assistant,alarm_control_panel.home_alarm,0.001525,1
1789100841.9839191,home_assistant,binary_sensor.front_porch_camera_motion,0.001519,1
1789100841.9854138,home_assistant,sensor.living_room_temperature,0.001462,1
1789100842.184093,smartthings_cloud,delaysteer-motion,0.198646,1
1789100842.349026,smartthings_cloud,Office Smart Light,0.164902,1
1789100842.5133288,smartthings_cloud,Laundryroom/Mudroom Smart Light,0.164269,1
1789100842.6799219,smartthings_cloud,Online Status Monitor,0.166562,1
1789100872.694895,home_assistant,binary_sensor.front_door_contact,0.010473,1
1789100872.6970081,home_assistant,lock.front_door,0.002001,1
1789100872.6984892,home_assistant,alarm_control_panel.home_alarm,0.001448,1
1789100872.7009652,home_assistant,binary_sensor.front_porch_camera_motion,0.002448,1
1789100872.702411,home_assistant,sensor.living_room_temperature,0.001416,1
1789100872.90666,smartthings_cloud,delaysteer-motion,0.204201,1
1789100873.071979,smartthings_cloud,Office Smart Light,0.16527,1
1789100873.225396,smartthings_cloud,Laundryroom/Mudroom Smart Light,0.153369,1
1789100873.3973958,smartthings_cloud,Online Status Monitor,0.171941,1
1789100903.414884,home_assistant,binary_sensor.front_door_contact,0.008702,1
1789100903.416713,home_assistant,lock.front_door,0.001732,1
1789100903.4218,home_assistant,alarm_control_panel.home_alarm,0.005054,1
1789100903.424406,home_assistant,binary_sensor.front_porch_camera_motion,0.002572,1
1789100903.426195,home_assistant,sensor.living_room_temperature,0.001756,1
1789100903.5988321,smartthings_cloud,delaysteer-motion,0.172594,1
1789100903.794216,smartthings_cloud,Office Smart Light,0.19535,1
1789100903.967089,smartthings_cloud,Laundryroom/Mudroom Smart Light,0.172826,1
1789100904.1129742,smartthings_cloud,Online Status Monitor,0.145836,1
1789100934.1287858,home_assistant,binary_sensor.front_door_contact,0.006161,1
1789100934.130282,home_assistant,lock.front_door,0.00143,1
1789100934.1326919,home_assistant,alarm_control_panel.home_alarm,0.002397,1
1789100934.133811,home_assistant,binary_sensor.front_porch_camera_motion,0.001108,1
1789100934.135998,home_assistant,sensor.living_room_temperature,0.002179,1
1789100934.378926,smartthings_cloud,delaysteer-motion,0.242916,1
1789100934.569459,smartthings_cloud,Office Smart Light,0.19049,1
1789100934.747316,smartthings_cloud,Laundryroom/Mudroom Smart Light,0.177827,1
1789100934.953599,smartthings_cloud,Online Status Monitor,0.206248,1
1789100964.966816,home_assistant,binary_sensor.front_door_contact,0.005771,1
1789100964.9688761,home_assistant,lock.front_door,0.001978,1
1789100964.970939,home_assistant,alarm_control_panel.home_alarm,0.002048,1
1789100964.973006,home_assistant,binary_sensor.front_porch_camera_motion,0.002059,1
1789100964.974696,home_assistant,sensor.living_room_temperature,0.001682,1
1789100965.137006,smartthings_cloud,delaysteer-motion,0.162279,1
1789100965.326293,smartthings_cloud,Office Smart Light,0.189227,1
1789100965.506656,smartthings_cloud,Laundryroom/Mudroom Smart Light,0.180316,1
1789100965.695107,smartthings_cloud,Online Status Monitor,0.188411,1
1789100995.7113469,home_assistant,binary_sensor.front_door_contact,0.006783,1
1789100995.712872,home_assistant,lock.front_door,0.001437,1
1789100995.7150059,home_assistant,alarm_control_panel.home_alarm,0.002111,1
1789100995.716799,home_assistant,binary_sensor.front_porch_camera_motion,0.001767,1
1789100995.71968,home_assistant,sensor.living_room_temperature,0.002853,1
1789100995.888648,smartthings_cloud,delaysteer-motion,0.16892,1
1789100996.062355,smartthings_cloud,Office Smart Light,0.173672,1
1789100996.239938,smartthings_cloud,Laundryroom/Mudroom Smart Light,0.177546,1
1789100996.400523,smartthings_cloud,Online Status Monitor,0.160543,1
1789101026.419543,home_assistant,binary_sensor.front_door_contact,0.00906,1
1789101026.423069,home_assistant,lock.front_door,0.003428,1
1789101026.424999,home_assistant,alarm_control_panel.home_alarm,0.001885,1
1789101026.426701,home_assistant,binary_sensor.front_porch_camera_motion,0.001665,1
1789101026.429627,home_assistant,sensor.living_room_temperature,0.002895,1
1789101026.6530108,smartthings_cloud,delaysteer-motion,0.223344,1
1789101026.8481688,smartthings_cloud,Office Smart Light,0.195113,1
1789101027.043555,smartthings_cloud,Laundryroom/Mudroom Smart Light,0.19536,1
1789101027.223107,smartthings_cloud,Online Status Monitor,0.179537,1
1789101057.246173,home_assistant,binary_sensor.front_door_contact,0.016092,1
1789101057.250874,home_assistant,lock.front_door,0.003869,1
1789101057.254528,home_assistant,alarm_control_panel.home_alarm,0.003618,1
1789101057.257948,home_assistant,binary_sensor.front_porch_camera_motion,0.003349,1
1789101057.2610781,home_assistant,sensor.living_room_temperature,0.003103,1
1789101057.476077,smartthings_cloud,delaysteer-motion,0.214956,1
1789101057.6918871,smartthings_cloud,Office Smart Light,0.215777,1
1789101057.856822,smartthings_cloud,Laundryroom/Mudroom Smart Light,0.164907,1
1789101058.0114932,smartthings_cloud,Online Status Monitor,0.154644,1
1789101088.082243,home_assistant,binary_sensor.front_door_contact,0.069981,1
1789101088.088994,home_assistant,lock.front_door,0.006664,1
1789101088.0941818,home_assistant,alarm_control_panel.home_alarm,0.005158,1
1789101088.103501,home_assistant,binary_sensor.front_porch_camera_motion,0.009282,1
1789101088.1100001,home_assistant,sensor.living_room_temperature,0.006462,1
1789101088.377544,smartthings_cloud,delaysteer-motion,0.267505,1
1789101088.548509,smartthings_cloud,Office Smart Light,0.170936,1
1789101088.741591,smartthings_cloud,Laundryroom/Mudroom Smart Light,0.193059,1
1789101088.906327,smartthings_cloud,Online Status Monitor,0.164708,1
1789101118.9226089,home_assistant,binary_sensor.front_door_contact,0.011069,1
1789101118.9258208,home_assistant,lock.front_door,0.003092,1
1789101118.9287941,home_assistant,alarm_control_panel.home_alarm,0.002933,1
1789101118.930702,home_assistant,binary_sensor.front_porch_camera_motion,0.00187,1
1789101118.933028,home_assistant,sensor.living_room_temperature,0.00228,1
1789101119.1305852,smartthings_cloud,delaysteer-motion,0.197517,1
1789101119.2975051,smartthings_cloud,Office Smart Light,0.166881,1
1789101119.501726,smartthings_cloud,Laundryroom/Mudroom Smart Light,0.204174,1
1789101119.667267,smartthings_cloud,Online Status Monitor,0.165514,1
1789101149.6912398,home_assistant,binary_sensor.front_door_contact,0.019383,1
1789101149.695248,home_assistant,lock.front_door,0.003886,1
1789101149.697099,home_assistant,alarm_control_panel.home_alarm,0.001821,1
1789101149.698876,home_assistant,binary_sensor.front_porch_camera_motion,0.001749,1
1789101149.700953,home_assistant,sensor.living_room_temperature,0.002047,1
1789101149.89579,smartthings_cloud,delaysteer-motion,0.194804,1
1789101150.107641,smartthings_cloud,Office Smart Light,0.211813,1
1789101150.270862,smartthings_cloud,Laundryroom/Mudroom Smart Light,0.163178,1
1789101150.427347,smartthings_cloud,Online Status Monitor,0.156455,1
1789101180.4513931,home_assistant,binary_sensor.front_door_contact,0.021374,1
1789101180.455759,home_assistant,lock.front_door,0.004234,1
1789101180.459915,home_assistant,alarm_control_panel.home_alarm,0.004036,1
1789101180.463715,home_assistant,binary_sensor.front_porch_camera_motion,0.003761,1
1789101180.46694,home_assistant,sensor.living_room_temperature,0.003186,1
1789101180.682142,smartthings_cloud,delaysteer-motion,0.215151,1
1789101180.8516622,smartthings_cloud,Office Smart Light,0.169484,1
1789101181.0714722,smartthings_cloud,Laundryroom/Mudroom Smart Light,0.219773,1
1789101181.352447,smartthings_cloud,Online Status Monitor,0.280935,1
1789101211.374112,home_assistant,binary_sensor.front_door_contact,0.016249,1
1789101211.379019,home_assistant,lock.front_door,0.004446,1
1789101211.3820531,home_assistant,alarm_control_panel.home_alarm,0.002992,1
1789101211.384533,home_assistant,binary_sensor.front_porch_camera_motion,0.002446,1
1789101211.38756,home_assistant,sensor.living_room_temperature,0.002994,1
1789101211.603667,smartthings_cloud,delaysteer-motion,0.216062,1
1789101211.805336,smartthings_cloud,Office Smart Light,0.20163,1
1789101212.022673,smartthings_cloud,Laundryroom/Mudroom Smart Light,0.217289,1
1789101212.294462,smartthings_cloud,Online Status Monitor,0.271755,1
1789101242.3251898,home_assistant,binary_sensor.front_door_contact,0.026085,1
1789101242.328029,home_assistant,lock.front_door,0.002724,1
1789101242.3337631,home_assistant,alarm_control_panel.home_alarm,0.005691,1
1789101242.337043,home_assistant,binary_sensor.front_porch_camera_motion,0.003246,1
1789101242.3398771,home_assistant,sensor.living_room_temperature,0.002798,1
1789101242.5527291,smartthings_cloud,delaysteer-motion,0.212801,1
1789101242.720942,smartthings_cloud,Office Smart Light,0.168176,1
1789101243.0051332,smartthings_cloud,Laundryroom/Mudroom Smart Light,0.284144,1
1789101243.185528,smartthings_cloud,Online Status Monitor,0.18037,1
1789101273.218755,home_assistant,binary_sensor.front_door_contact,0.0283,1
1789101273.222615,home_assistant,lock.front_door,0.003744,1
1789101273.227984,home_assistant,alarm_control_panel.home_alarm,0.005336,1
1789101273.2311082,home_assistant,binary_sensor.front_porch_camera_motion,0.003093,1
1789101273.235251,home_assistant,sensor.living_room_temperature,0.004111,1
1789101273.4972942,smartthings_cloud,delaysteer-motion,0.261993,1
1789101273.681696,smartthings_cloud,Office Smart Light,0.184372,1
1789101273.9035258,smartthings_cloud,Laundryroom/Mudroom Smart Light,0.221787,1
1789101274.088556,smartthings_cloud,Online Status Monitor,0.184987,1
1789101304.1106298,home_assistant,binary_sensor.front_door_contact,0.020223,1
1789101304.116508,home_assistant,lock.front_door,0.005771,1
1789101304.120497,home_assistant,alarm_control_panel.home_alarm,0.003937,1
1789101304.125537,home_assistant,binary_sensor.front_porch_camera_motion,0.005004,1
1789101304.128264,home_assistant,sensor.living_room_temperature,0.002694,1
1789101304.333208,smartthings_cloud,delaysteer-motion,0.204905,1
1789101304.539436,smartthings_cloud,Office Smart Light,0.20608,1
1789101304.7249558,smartthings_cloud,Laundryroom/Mudroom Smart Light,0.185485,1
1789101304.877054,smartthings_cloud,Online Status Monitor,0.152056,1
1789101334.923798,home_assistant,binary_sensor.front_door_contact,0.041432,1
1789101334.92686,home_assistant,lock.front_door,0.002867,1
1789101334.931652,home_assistant,alarm_control_panel.home_alarm,0.004756,1
1789101334.934291,home_assistant,binary_sensor.front_porch_camera_motion,0.002579,1
1789101334.9369972,home_assistant,sensor.living_room_temperature,0.002677,1
1789101335.1125,smartthings_cloud,delaysteer-motion,0.175457,1
1789101335.272369,smartthings_cloud,Office Smart Light,0.159826,1
1789101335.460429,smartthings_cloud,Laundryroom/Mudroom Smart Light,0.188026,1
1789101335.616792,smartthings_cloud,Online Status Monitor,0.156322,1
1789101365.642663,home_assistant,binary_sensor.front_door_contact,0.019973,1
1789101365.649076,home_assistant,lock.front_door,0.006045,1
1789101365.652291,home_assistant,alarm_control_panel.home_alarm,0.003173,1
1789101365.6555898,home_assistant,binary_sensor.front_porch_camera_motion,0.003267,1
1789101365.660277,home_assistant,sensor.living_room_temperature,0.004654,1
1789101365.880537,smartthings_cloud,delaysteer-motion,0.220206,1
1789101366.0673301,smartthings_cloud,Office Smart Light,0.186749,1
1789101366.2349079,smartthings_cloud,Laundryroom/Mudroom Smart Light,0.16754,1
1789101366.391818,smartthings_cloud,Online Status Monitor,0.156859,1
1789101396.408364,home_assistant,binary_sensor.front_door_contact,0.011002,1
1789101396.411445,home_assistant,lock.front_door,0.002987,1
1789101396.413504,home_assistant,alarm_control_panel.home_alarm,0.00203,1
1789101396.416519,home_assistant,binary_sensor.front_porch_camera_motion,0.002963,1
1789101396.418544,home_assistant,sensor.living_room_temperature,0.001985,1
1789101396.610092,smartthings_cloud,delaysteer-motion,0.191497,1
1789101396.77015,smartthings_cloud,Office Smart Light,0.160027,1
1789101396.932039,smartthings_cloud,Laundryroom/Mudroom Smart Light,0.161857,1
1789101397.104863,smartthings_cloud,Online Status Monitor,0.172784,1
1789101427.1242602,home_assistant,binary_sensor.front_door_contact,0.014036,1
1789101427.1263769,home_assistant,lock.front_door,0.002008,1
1789101427.129459,home_assistant,alarm_control_panel.home_alarm,0.003046,1
1789101427.131864,home_assistant,binary_sensor.front_porch_camera_motion,0.002372,1
1789101427.134389,home_assistant,sensor.living_room_temperature,0.002476,1
1789101427.343976,smartthings_cloud,delaysteer-motion,0.209542,1
1789101427.510386,smartthings_cloud,Office Smart Light,0.166351,1
1789101427.689355,smartthings_cloud,Laundryroom/Mudroom Smart Light,0.178932,1
1789101427.901411,smartthings_cloud,Online Status Monitor,0.21202,1
1789101457.937098,home_assistant,binary_sensor.front_door_contact,0.030604,1
1789101457.9409149,home_assistant,lock.front_door,0.003738,1
1789101457.944115,home_assistant,alarm_control_panel.home_alarm,0.003166,1
1789101457.947328,home_assistant,binary_sensor.front_porch_camera_motion,0.003186,1
1789101457.95087,home_assistant,sensor.living_room_temperature,0.00352,1
1789101458.216649,smartthings_cloud,delaysteer-motion,0.265756,1
1789101458.406497,smartthings_cloud,Office Smart Light,0.1898,1
1789101458.606567,smartthings_cloud,Laundryroom/Mudroom Smart Light,0.200023,1
1789101458.7895749,smartthings_cloud,Online Status Monitor,0.182961,1
1789101488.8258271,home_assistant,binary_sensor.front_door_contact,0.034557,1
1789101488.833727,home_assistant,lock.front_door,0.007773,1
1789101488.837145,home_assistant,alarm_control_panel.home_alarm,0.003378,1
1789101488.840404,home_assistant,binary_sensor.front_porch_camera_motion,0.003229,1
1789101488.8428202,home_assistant,sensor.living_room_temperature,0.002383,1
1789101489.1044369,smartthings_cloud,delaysteer-motion,0.261566,1
1789101489.276551,smartthings_cloud,Office Smart Light,0.172067,1
1789101489.449812,smartthings_cloud,Laundryroom/Mudroom Smart Light,0.173212,1
1789101489.628503,smartthings_cloud,Online Status Monitor,0.178645,1
1789101519.64148,home_assistant,binary_sensor.front_door_contact,0.00882,1
1789101519.644235,home_assistant,lock.front_door,0.002653,1
1789101519.6466298,home_assistant,alarm_control_panel.home_alarm,0.002357,1
1789101519.648432,home_assistant,binary_sensor.front_porch_camera_motion,0.001768,1
1789101519.651008,home_assistant,sensor.living_room_temperature,0.002541,1
1789101519.813566,smartthings_cloud,delaysteer-motion,0.162506,1
1789101520.027777,smartthings_cloud,Office Smart Light,0.214191,1
1789101520.223457,smartthings_cloud,Laundryroom/Mudroom Smart Light,0.195655,1
1789101520.380675,smartthings_cloud,Online Status Monitor,0.157192,1
1789101550.406806,home_assistant,binary_sensor.front_door_contact,0.021036,1
1789101550.411815,home_assistant,lock.front_door,0.004697,1
1789101550.415645,home_assistant,alarm_control_panel.home_alarm,0.003795,1
1789101550.419917,home_assistant,binary_sensor.front_porch_camera_motion,0.004234,1
1789101550.423467,home_assistant,sensor.living_room_temperature,0.003485,1
1789101550.713902,smartthings_cloud,delaysteer-motion,0.290382,1
1789101550.893749,smartthings_cloud,Office Smart Light,0.179808,1
1789101551.092916,smartthings_cloud,Laundryroom/Mudroom Smart Light,0.199135,1
1789101551.250271,smartthings_cloud,Online Status Monitor,0.157323,1
1789101581.277111,home_assistant,binary_sensor.front_door_contact,0.017356,1
1789101581.283495,home_assistant,lock.front_door,0.006262,1
1789101581.286644,home_assistant,alarm_control_panel.home_alarm,0.003108,1
1789101581.289717,home_assistant,binary_sensor.front_porch_camera_motion,0.003039,1
1789101581.292337,home_assistant,sensor.living_room_temperature,0.002583,1
1789101581.514816,smartthings_cloud,delaysteer-motion,0.222434,1
1789101581.666496,smartthings_cloud,Office Smart Light,0.151648,1
1789101581.838444,smartthings_cloud,Laundryroom/Mudroom Smart Light,0.171894,1
1789101581.993543,smartthings_cloud,Online Status Monitor,0.155027,1
1789101612.0263739,home_assistant,binary_sensor.front_door_contact,0.026968,1
1789101612.030429,home_assistant,lock.front_door,0.00393,1
1789101612.0332,home_assistant,alarm_control_panel.home_alarm,0.002738,1
1789101612.036077,home_assistant,binary_sensor.front_porch_camera_motion,0.002853,1
1789101612.03992,home_assistant,sensor.living_room_temperature,0.003823,1
1789101612.2333078,smartthings_cloud,delaysteer-motion,0.193351,1
1789101612.404425,smartthings_cloud,Office Smart Light,0.171092,1
1789101612.570965,smartthings_cloud,Laundryroom/Mudroom Smart Light,0.166519,1
1789101612.732844,smartthings_cloud,Online Status Monitor,0.161827,1
1789101642.7568362,home_assistant,binary_sensor.front_door_contact,0.020442,1
1789101642.760669,home_assistant,lock.front_door,0.003685,1
1789101642.763592,home_assistant,alarm_control_panel.home_alarm,0.002892,1
1789101642.7669,home_assistant,binary_sensor.front_porch_camera_motion,0.003273,1
1789101642.769718,home_assistant,sensor.living_room_temperature,0.002786,1
1789101643.0418088,smartthings_cloud,delaysteer-motion,0.272044,1
1789101643.202774,smartthings_cloud,Office Smart Light,0.160925,1
1789101643.4021099,smartthings_cloud,Laundryroom/Mudroom Smart Light,0.199305,1
1789101643.573579,smartthings_cloud,Online Status Monitor,0.171439,1
1789101673.6044521,home_assistant,binary_sensor.front_door_contact,0.026214,1
1789101673.6091158,home_assistant,lock.front_door,0.004415,1
1789101673.613614,home_assistant,alarm_control_panel.home_alarm,0.004454,1
1789101673.616618,home_assistant,binary_sensor.front_porch_camera_motion,0.002965,1
1789101673.618911,home_assistant,sensor.living_room_temperature,0.002254,1
1789101673.8213482,smartthings_cloud,delaysteer-motion,0.202387,1
1789101673.9892302,smartthings_cloud,Office Smart Light,0.167858,1
1789101674.196299,smartthings_cloud,Laundryroom/Mudroom Smart Light,0.207047,1
1789101674.417065,smartthings_cloud,Online Status Monitor,0.220736,1
1789101704.45016,home_assistant,binary_sensor.front_door_contact,0.027008,1
1789101704.453368,home_assistant,lock.front_door,0.003097,1
1789101704.4559848,home_assistant,alarm_control_panel.home_alarm,0.002567,1
1789101704.458303,home_assistant,binary_sensor.front_porch_camera_motion,0.002286,1
1789101704.461652,home_assistant,sensor.living_room_temperature,0.003317,1
1789101704.638838,smartthings_cloud,delaysteer-motion,0.17713,1
1789101704.784768,smartthings_cloud,Office Smart Light,0.145903,1
1789101704.980275,smartthings_cloud,Laundryroom/Mudroom Smart Light,0.195477,1
1789101705.152274,smartthings_cloud,Online Status Monitor,0.171977,1
1789101735.173135,home_assistant,binary_sensor.front_door_contact,0.01736,1
1789101735.176233,home_assistant,lock.front_door,0.003018,1
1789101735.178484,home_assistant,alarm_control_panel.home_alarm,0.002216,1
1789101735.180573,home_assistant,binary_sensor.front_porch_camera_motion,0.002063,1
1789101735.1824331,home_assistant,sensor.living_room_temperature,0.001839,1
1789101735.400426,smartthings_cloud,delaysteer-motion,0.217968,1
1789101735.6059499,smartthings_cloud,Office Smart Light,0.205486,1
1789101735.7930748,smartthings_cloud,Laundryroom/Mudroom Smart Light,0.187092,1
1789101735.966368,smartthings_cloud,Online Status Monitor,0.17326,1
1789101765.9776242,home_assistant,binary_sensor.front_door_contact,0.00965,1
1789101765.98118,home_assistant,lock.front_door,0.003433,1
1789101765.983354,home_assistant,alarm_control_panel.home_alarm,0.002136,1
1789101765.98646,home_assistant,binary_sensor.front_porch_camera_motion,0.003067,1
1789101765.98978,home_assistant,sensor.living_room_temperature,0.003287,1
1789101766.2096791,smartthings_cloud,delaysteer-motion,0.219848,1
1789101766.403971,smartthings_cloud,Office Smart Light,0.194197,1
1789101766.59216,smartthings_cloud,Laundryroom/Mudroom Smart Light,0.188157,1
1789101766.775411,smartthings_cloud,Online Status Monitor,0.183217,1
1789101796.7938318,home_assistant,binary_sensor.front_door_contact,0.01763,1
1789101796.797281,home_assistant,lock.front_door,0.00326,1
1789101796.800032,home_assistant,alarm_control_panel.home_alarm,0.002716,1
1789101796.80205,home_assistant,binary_sensor.front_porch_camera_motion,0.001985,1
1789101796.804096,home_assistant,sensor.living_room_temperature,0.002016,1
1789101796.96915,smartthings_cloud,delaysteer-motion,0.165006,1
1789101797.1919959,smartthings_cloud,Office Smart Light,0.222768,1
1789101797.3621702,smartthings_cloud,Laundryroom/Mudroom Smart Light,0.170124,1
1789101797.567602,smartthings_cloud,Online Status Monitor,0.205385,1
1789101827.5903811,home_assistant,binary_sensor.front_door_contact,0.021746,1
1789101827.593621,home_assistant,lock.front_door,0.003139,1
1789101827.59814,home_assistant,alarm_control_panel.home_alarm,0.004483,1
1789101827.602314,home_assistant,binary_sensor.front_porch_camera_motion,0.004139,1
1789101827.605558,home_assistant,sensor.living_room_temperature,0.003206,1
1789101827.840731,smartthings_cloud,delaysteer-motion,0.235125,1
1789101828.0256598,smartthings_cloud,Office Smart Light,0.184882,1
1789101828.237647,smartthings_cloud,Laundryroom/Mudroom Smart Light,0.211949,1
1789101828.41423,smartthings_cloud,Online Status Monitor,0.176534,1
1789101858.428056,home_assistant,binary_sensor.front_door_contact,0.008912,1
1789101858.4309719,home_assistant,lock.front_door,0.002824,1
1789101858.432668,home_assistant,alarm_control_panel.home_alarm,0.001666,1
1789101858.435712,home_assistant,binary_sensor.front_porch_camera_motion,0.003017,1
1789101858.437453,home_assistant,sensor.living_room_temperature,0.001707,1
1789101858.675429,smartthings_cloud,delaysteer-motion,0.237934,1
1789101858.834341,smartthings_cloud,Office Smart Light,0.158878,1
1789101859.022965,smartthings_cloud,Laundryroom/Mudroom Smart Light,0.188592,1
1789101859.2491899,smartthings_cloud,Online Status Monitor,0.226189,1
1789101889.2617002,home_assistant,binary_sensor.front_door_contact,0.008388,1
1789101889.2651799,home_assistant,lock.front_door,0.003381,1
1789101889.267993,home_assistant,alarm_control_panel.home_alarm,0.002777,1
1789101889.269421,home_assistant,binary_sensor.front_porch_camera_motion,0.001396,1
1789101889.270874,home_assistant,sensor.living_room_temperature,0.001426,1
1789101889.4639869,smartthings_cloud,delaysteer-motion,0.193073,1
1789101889.662335,smartthings_cloud,Office Smart Light,0.198281,1
1789101889.8577769,smartthings_cloud,Laundryroom/Mudroom Smart Light,0.195405,1
1789101890.019632,smartthings_cloud,Online Status Monitor,0.161828,1
1789101920.0316281,home_assistant,binary_sensor.front_door_contact,0.008552,1
1789101920.0343308,home_assistant,lock.front_door,0.002623,1
1789101920.036074,home_assistant,alarm_control_panel.home_alarm,0.001722,1
1789101920.037513,home_assistant,binary_sensor.front_porch_camera_motion,0.00142,1
1789101920.039099,home_assistant,sensor.living_room_temperature,0.001576,1
1789101920.260117,smartthings_cloud,delaysteer-motion,0.221002,1
1789101920.503034,smartthings_cloud,Office Smart Light,0.242859,1
1789101920.674777,smartthings_cloud,Laundryroom/Mudroom Smart Light,0.171693,1
1789101920.898428,smartthings_cloud,Online Status Monitor,0.223624,1
1789101950.915701,home_assistant,binary_sensor.front_door_contact,0.01317,1
1789101950.919978,home_assistant,lock.front_door,0.004167,1
1789101950.924684,home_assistant,alarm_control_panel.home_alarm,0.004669,1
1789101950.929478,home_assistant,binary_sensor.front_porch_camera_motion,0.004751,1
1789101950.933729,home_assistant,sensor.living_room_temperature,0.004206,1
1789101951.183764,smartthings_cloud,delaysteer-motion,0.249959,1
1789101951.45073,smartthings_cloud,Office Smart Light,0.26691,1
1789101951.637179,smartthings_cloud,Laundryroom/Mudroom Smart Light,0.186424,1
1789101951.8726132,smartthings_cloud,Online Status Monitor,0.235389,1
1789101981.891655,home_assistant,binary_sensor.front_door_contact,0.009688,1
1789101981.894445,home_assistant,lock.front_door,0.002697,1
1789101981.8961222,home_assistant,alarm_control_panel.home_alarm,0.001643,1
1789101981.899355,home_assistant,binary_sensor.front_porch_camera_motion,0.003197,1
1789101981.90203,home_assistant,sensor.living_room_temperature,0.002642,1
1789101982.095753,smartthings_cloud,delaysteer-motion,0.193676,1
1789101982.2918851,smartthings_cloud,Office Smart Light,0.196085,1
1789101982.502327,smartthings_cloud,Laundryroom/Mudroom Smart Light,0.210403,1
1789101982.711196,smartthings_cloud,Online Status Monitor,0.208828,1
1789102012.736773,home_assistant,binary_sensor.front_door_contact,0.018491,1
1789102012.740256,home_assistant,lock.front_door,0.003357,1
1789102012.7434828,home_assistant,alarm_control_panel.home_alarm,0.003183,1
1789102012.747936,home_assistant,binary_sensor.front_porch_camera_motion,0.004418,1
1789102012.7509272,home_assistant,sensor.living_room_temperature,0.002956,1
1789102012.931853,smartthings_cloud,delaysteer-motion,0.180886,1
1789102013.162091,smartthings_cloud,Office Smart Light,0.230202,1
1789102013.323252,smartthings_cloud,Laundryroom/Mudroom Smart Light,0.161114,1
1789102013.52327,smartthings_cloud,Online Status Monitor,0.199964,1
1789102043.5453062,home_assistant,binary_sensor.front_door_contact,0.013458,1
1789102043.5479832,home_assistant,lock.front_door,0.002588,1
1789102043.55075,home_assistant,alarm_control_panel.home_alarm,0.002746,1
1789102043.553443,home_assistant,binary_sensor.front_porch_camera_motion,0.002679,1
1789102043.5558028,home_assistant,sensor.living_room_temperature,0.002344,1
1789102043.778432,smartthings_cloud,delaysteer-motion,0.22261,1
1789102043.976353,smartthings_cloud,Office Smart Light,0.197868,1
1789102044.1685178,smartthings_cloud,Laundryroom/Mudroom Smart Light,0.192123,1
1789102044.386809,smartthings_cloud,Online Status Monitor,0.218248,1
1789102074.402092,home_assistant,binary_sensor.front_door_contact,0.010209,1
1789102074.404772,home_assistant,lock.front_door,0.002583,1
1789102074.4083142,home_assistant,alarm_control_panel.home_alarm,0.003514,1
1789102074.410798,home_assistant,binary_sensor.front_porch_camera_motion,0.002456,1
1789102074.4139788,home_assistant,sensor.living_room_temperature,0.003136,1
1789102074.664887,smartthings_cloud,delaysteer-motion,0.250865,1
1789102074.851712,smartthings_cloud,Office Smart Light,0.186781,1
1789102075.037878,smartthings_cloud,Laundryroom/Mudroom Smart Light,0.186128,1
1789102075.243265,smartthings_cloud,Online Status Monitor,0.205353,1
1789102105.2637749,home_assistant,binary_sensor.front_door_contact,0.010508,1
1789102105.2670872,home_assistant,lock.front_door,0.00321,1
1789102105.2699049,home_assistant,alarm_control_panel.home_alarm,0.002787,1
1789102105.273521,home_assistant,binary_sensor.front_porch_camera_motion,0.003583,1
1789102105.276433,home_assistant,sensor.living_room_temperature,0.002879,1
1789102105.5021079,smartthings_cloud,delaysteer-motion,0.225625,1
1789102105.684869,smartthings_cloud,Office Smart Light,0.182727,1
1789102105.95804,smartthings_cloud,Laundryroom/Mudroom Smart Light,0.273136,1
1789102106.166534,smartthings_cloud,Online Status Monitor,0.20846,1
1789102136.1997042,home_assistant,binary_sensor.front_door_contact,0.02017,1
1789102136.20353,home_assistant,lock.front_door,0.003712,1
1789102136.2068,home_assistant,alarm_control_panel.home_alarm,0.00323,1
1789102136.2098439,home_assistant,binary_sensor.front_porch_camera_motion,0.003009,1
1789102136.21336,home_assistant,sensor.living_room_temperature,0.003475,1
1789102136.467703,smartthings_cloud,delaysteer-motion,0.254242,1
1789102136.662969,smartthings_cloud,Office Smart Light,0.195201,1
1789102136.8434901,smartthings_cloud,Laundryroom/Mudroom Smart Light,0.180441,1
1789102137.02652,smartthings_cloud,Online Status Monitor,0.182938,1
1789102167.054394,home_assistant,binary_sensor.front_door_contact,0.014551,1
1789102167.0578518,home_assistant,lock.front_door,0.00337,1
1789102167.060752,home_assistant,alarm_control_panel.home_alarm,0.002875,1
1789102167.06453,home_assistant,binary_sensor.front_porch_camera_motion,0.003762,1
1789102167.067276,home_assistant,sensor.living_room_temperature,0.002719,1
1789102167.298157,smartthings_cloud,delaysteer-motion,0.230853,1
1789102167.463284,smartthings_cloud,Office Smart Light,0.165093,1
1789102167.751269,smartthings_cloud,Laundryroom/Mudroom Smart Light,0.28793,1
1789102167.906778,smartthings_cloud,Online Status Monitor,0.155485,1
1789102197.9305851,home_assistant,binary_sensor.front_door_contact,0.015276,1
1789102197.9375548,home_assistant,lock.front_door,0.00685,1
1789102197.943597,home_assistant,alarm_control_panel.home_alarm,0.005996,1
1789102197.946985,home_assistant,binary_sensor.front_porch_camera_motion,0.003359,1
1789102197.949733,home_assistant,sensor.living_room_temperature,0.002718,1
1789102198.181911,smartthings_cloud,delaysteer-motion,0.232134,1
1789102198.4066849,smartthings_cloud,Office Smart Light,0.224734,1
1789102198.636346,smartthings_cloud,Laundryroom/Mudroom Smart Light,0.229633,1
1789102198.857861,smartthings_cloud,Online Status Monitor,0.221478,1
1789102228.880856,home_assistant,binary_sensor.front_door_contact,0.018222,1
1789102228.885102,home_assistant,lock.front_door,0.003998,1
1789102228.8880389,home_assistant,alarm_control_panel.home_alarm,0.002907,1
1789102228.8903968,home_assistant,binary_sensor.front_porch_camera_motion,0.002328,1
1789102228.893627,home_assistant,sensor.living_room_temperature,0.003206,1
1789102229.1397839,smartthings_cloud,delaysteer-motion,0.246112,1
1789102229.3587399,smartthings_cloud,Office Smart Light,0.218887,1
1789102229.661216,smartthings_cloud,Laundryroom/Mudroom Smart Light,0.302441,1
1789102229.92157,smartthings_cloud,Online Status Monitor,0.260307,1
1789102259.942374,home_assistant,binary_sensor.front_door_contact,0.010312,1
1789102259.944663,home_assistant,lock.front_door,0.002126,1
1789102259.946226,home_assistant,alarm_control_panel.home_alarm,0.001541,1
1789102259.9474728,home_assistant,binary_sensor.front_porch_camera_motion,0.001224,1
1789102259.949543,home_assistant,sensor.living_room_temperature,0.002049,1
1789102260.158088,smartthings_cloud,delaysteer-motion,0.208499,1
1789102260.3324008,smartthings_cloud,Office Smart Light,0.174284,1
1789102260.491581,smartthings_cloud,Laundryroom/Mudroom Smart Light,0.159125,1
1789102260.656147,smartthings_cloud,Online Status Monitor,0.164518,1
1789102290.6726751,home_assistant,binary_sensor.front_door_contact,0.010105,1
1789102290.6761851,home_assistant,lock.front_door,0.003412,1
1789102290.6776478,home_assistant,alarm_control_panel.home_alarm,0.001429,1
1789102290.6788921,home_assistant,binary_sensor.front_porch_camera_motion,0.001215,1
1789102290.680533,home_assistant,sensor.living_room_temperature,0.001617,1
1789102290.852282,smartthings_cloud,delaysteer-motion,0.171706,1
1789102291.048356,smartthings_cloud,Office Smart Light,0.196039,1
1789102291.222369,smartthings_cloud,Laundryroom/Mudroom Smart Light,0.173864,1
1789102291.4042392,smartthings_cloud,Online Status Monitor,0.18181,1
1789102321.426643,home_assistant,binary_sensor.front_door_contact,0.011902,1
1789102321.4305978,home_assistant,lock.front_door,0.003843,1
1789102321.434101,home_assistant,alarm_control_panel.home_alarm,0.003468,1
1789102321.437094,home_assistant,binary_sensor.front_porch_camera_motion,0.002959,1
1789102321.44124,home_assistant,sensor.living_room_temperature,0.004116,1
1789102321.640755,smartthings_cloud,delaysteer-motion,0.199461,1
1789102321.845409,smartthings_cloud,Office Smart Light,0.204612,1
1789102322.014855,smartthings_cloud,Laundryroom/Mudroom Smart Light,0.169384,1
1789102322.186462,smartthings_cloud,Online Status Monitor,0.171571,1
1789102352.206143,home_assistant,binary_sensor.front_door_contact,0.011243,1
1789102352.2086442,home_assistant,lock.front_door,0.002404,1
1789102352.2106721,home_assistant,alarm_control_panel.home_alarm,0.001994,1
1789102352.213693,home_assistant,binary_sensor.front_porch_camera_motion,0.002991,1
1789102352.215379,home_assistant,sensor.living_room_temperature,0.001651,1
1789102352.382582,smartthings_cloud,delaysteer-motion,0.167155,1
1789102352.5422888,smartthings_cloud,Office Smart Light,0.159677,1
1789102352.726698,smartthings_cloud,Laundryroom/Mudroom Smart Light,0.18436,1
1789102352.954231,smartthings_cloud,Online Status Monitor,0.227483,1
1789102382.978465,home_assistant,binary_sensor.front_door_contact,0.015406,1
1789102382.9821901,home_assistant,lock.front_door,0.003643,1
1789102382.985502,home_assistant,alarm_control_panel.home_alarm,0.003295,1
1789102382.989665,home_assistant,binary_sensor.front_porch_camera_motion,0.004119,1
1789102382.9922261,home_assistant,sensor.living_room_temperature,0.002535,1
1789102383.216682,smartthings_cloud,delaysteer-motion,0.224422,1
1789102383.369055,smartthings_cloud,Office Smart Light,0.152322,1
1789102383.547478,smartthings_cloud,Laundryroom/Mudroom Smart Light,0.178385,1
1789102383.7504609,smartthings_cloud,Online Status Monitor,0.20294,1
1789102413.777502,home_assistant,binary_sensor.front_door_contact,0.017418,1
1789102413.7814488,home_assistant,lock.front_door,0.003838,1
1789102413.786179,home_assistant,alarm_control_panel.home_alarm,0.004696,1
1789102413.792046,home_assistant,binary_sensor.front_porch_camera_motion,0.005834,1
1789102413.795676,home_assistant,sensor.living_room_temperature,0.003591,1
1789102413.992304,smartthings_cloud,delaysteer-motion,0.196588,1
1789102414.18894,smartthings_cloud,Office Smart Light,0.196602,1
1789102414.3486211,smartthings_cloud,Laundryroom/Mudroom Smart Light,0.159653,1
1789102414.5252259,smartthings_cloud,Online Status Monitor,0.176575,1
1789102444.546859,home_assistant,binary_sensor.front_door_contact,0.016238,1
1789102444.551002,home_assistant,lock.front_door,0.004034,1
1789102444.554434,home_assistant,alarm_control_panel.home_alarm,0.003386,1
1789102444.557558,home_assistant,binary_sensor.front_porch_camera_motion,0.003086,1
1789102444.5614688,home_assistant,sensor.living_room_temperature,0.003876,1
1789102444.805752,smartthings_cloud,delaysteer-motion,0.244235,1
1789102445.0046039,smartthings_cloud,Office Smart Light,0.198779,1
1789102445.210474,smartthings_cloud,Laundryroom/Mudroom Smart Light,0.205834,1
1789102445.411646,smartthings_cloud,Online Status Monitor,0.201121,1
1789102475.43029,home_assistant,binary_sensor.front_door_contact,0.014721,1
1789102475.4334679,home_assistant,lock.front_door,0.003066,1
1789102475.436227,home_assistant,alarm_control_panel.home_alarm,0.002727,1
1789102475.439554,home_assistant,binary_sensor.front_porch_camera_motion,0.003299,1
1789102475.443208,home_assistant,sensor.living_room_temperature,0.003621,1
1789102475.6221561,smartthings_cloud,delaysteer-motion,0.178912,1
1789102475.782327,smartthings_cloud,Office Smart Light,0.160126,1
1789102475.9551208,smartthings_cloud,Laundryroom/Mudroom Smart Light,0.172749,1
1789102476.1690829,smartthings_cloud,Online Status Monitor,0.213918,1
1789102506.19043,home_assistant,binary_sensor.front_door_contact,0.014493,1
1789102506.1975281,home_assistant,lock.front_door,0.005915,1
1789102506.2024572,home_assistant,alarm_control_panel.home_alarm,0.004764,1
1789102506.205767,home_assistant,binary_sensor.front_porch_camera_motion,0.003275,1
1789102506.209074,home_assistant,sensor.living_room_temperature,0.003271,1
1789102506.413106,smartthings_cloud,delaysteer-motion,0.203939,1
1789102506.6248598,smartthings_cloud,Office Smart Light,0.211707,1
1789102506.790709,smartthings_cloud,Laundryroom/Mudroom Smart Light,0.165812,1
1789102506.957778,smartthings_cloud,Online Status Monitor,0.167037,1
1789102536.97844,home_assistant,binary_sensor.front_door_contact,0.011707,1
1789102536.982302,home_assistant,lock.front_door,0.003683,1
1789102536.98559,home_assistant,alarm_control_panel.home_alarm,0.003253,1
1789102536.989855,home_assistant,binary_sensor.front_porch_camera_motion,0.004233,1
1789102536.993071,home_assistant,sensor.living_room_temperature,0.003177,1
1789102537.210005,smartthings_cloud,delaysteer-motion,0.21689,1
1789102537.373705,smartthings_cloud,Office Smart Light,0.16368,1
1789102537.5475829,smartthings_cloud,Laundryroom/Mudroom Smart Light,0.173844,1
1789102537.7373052,smartthings_cloud,Online Status Monitor,0.189683,1
1789102567.756732,home_assistant,binary_sensor.front_door_contact,0.018015,1
1789102567.759252,home_assistant,lock.front_door,0.002411,1
1789102567.761941,home_assistant,alarm_control_panel.home_alarm,0.002656,1
1789102567.7648902,home_assistant,binary_sensor.front_porch_camera_motion,0.002926,1
1789102567.766047,home_assistant,sensor.living_room_temperature,0.001136,1
1789102567.944602,smartthings_cloud,delaysteer-motion,0.178525,1
1789102568.108172,smartthings_cloud,Office Smart Light,0.163522,1
1789102568.2634041,smartthings_cloud,Laundryroom/Mudroom Smart Light,0.155189,1
1789102568.445323,smartthings_cloud,Online Status Monitor,0.181892,1
1789102598.461249,home_assistant,binary_sensor.front_door_contact,0.011175,1
1789102598.464422,home_assistant,lock.front_door,0.003071,1
1789102598.4686348,home_assistant,alarm_control_panel.home_alarm,0.004177,1
1789102598.4718232,home_assistant,binary_sensor.front_porch_camera_motion,0.003152,1
1789102598.474802,home_assistant,sensor.living_room_temperature,0.002942,1
1789102598.669439,smartthings_cloud,delaysteer-motion,0.194591,1
1789102598.827908,smartthings_cloud,Office Smart Light,0.158402,1
1789102599.001096,smartthings_cloud,Laundryroom/Mudroom Smart Light,0.17316,1
1789102599.158889,smartthings_cloud,Online Status Monitor,0.157721,1
1789102629.180182,home_assistant,binary_sensor.front_door_contact,0.010653,1
1789102629.1843462,home_assistant,lock.front_door,0.004072,1
1789102629.187409,home_assistant,alarm_control_panel.home_alarm,0.003034,1
1789102629.190578,home_assistant,binary_sensor.front_porch_camera_motion,0.00314,1
1789102629.193686,home_assistant,sensor.living_room_temperature,0.003074,1
1789102629.420416,smartthings_cloud,delaysteer-motion,0.226678,1
1789102629.61549,smartthings_cloud,Office Smart Light,0.195031,1
1789102629.811884,smartthings_cloud,Laundryroom/Mudroom Smart Light,0.196354,1
1789102629.995074,smartthings_cloud,Online Status Monitor,0.183163,1
1789102660.018432,home_assistant,binary_sensor.front_door_contact,0.013448,1
1789102660.0221581,home_assistant,lock.front_door,0.003593,1
1789102660.0256371,home_assistant,alarm_control_panel.home_alarm,0.003439,1
1789102660.029077,home_assistant,binary_sensor.front_porch_camera_motion,0.003404,1
1789102660.033387,home_assistant,sensor.living_room_temperature,0.004274,1
1789102660.238192,smartthings_cloud,delaysteer-motion,0.20475,1
1789102660.4486039,smartthings_cloud,Office Smart Light,0.210375,1
1789102660.6234932,smartthings_cloud,Laundryroom/Mudroom Smart Light,0.17485,1
1789102660.773827,smartthings_cloud,Online Status Monitor,0.150285,1
1789102690.793153,home_assistant,binary_sensor.front_door_contact,0.010951,1
1789102690.7968588,home_assistant,lock.front_door,0.003562,1
1789102690.800074,home_assistant,alarm_control_panel.home_alarm,0.003176,1
1789102690.80319,home_assistant,binary_sensor.front_porch_camera_motion,0.003078,1
1789102690.806349,home_assistant,sensor.living_room_temperature,0.003125,1
1789102691.004184,smartthings_cloud,delaysteer-motion,0.197786,1
1789102691.153318,smartthings_cloud,Office Smart Light,0.149084,1
1789102691.3159099,smartthings_cloud,Laundryroom/Mudroom Smart Light,0.162553,1
1789102691.483231,smartthings_cloud,Online Status Monitor,0.167279,1
1789102721.501326,home_assistant,binary_sensor.front_door_contact,0.00998,1
1789102721.504547,home_assistant,lock.front_door,0.00312,1
1789102721.507644,home_assistant,alarm_control_panel.home_alarm,0.003063,1
1789102721.5114298,home_assistant,binary_sensor.front_porch_camera_motion,0.003748,1
1789102721.514453,home_assistant,sensor.living_room_temperature,0.002987,1
1789102721.833482,smartthings_cloud,delaysteer-motion,0.318989,1
1789102721.9921029,smartthings_cloud,Office Smart Light,0.158569,1
1789102722.1747892,smartthings_cloud,Laundryroom/Mudroom Smart Light,0.182651,1
1789102722.341177,smartthings_cloud,Online Status Monitor,0.166353,1
1789102752.3664708,home_assistant,binary_sensor.front_door_contact,0.015416,1
1789102752.3694851,home_assistant,lock.front_door,0.002919,1
1789102752.3715572,home_assistant,alarm_control_panel.home_alarm,0.002036,1
1789102752.3733592,home_assistant,binary_sensor.front_porch_camera_motion,0.001769,1
1789102752.376022,home_assistant,sensor.living_room_temperature,0.002638,1
1789102752.538487,smartthings_cloud,delaysteer-motion,0.162419,1
1789102752.689302,smartthings_cloud,Office Smart Light,0.150778,1
1789102752.8536088,smartthings_cloud,Laundryroom/Mudroom Smart Light,0.164274,1
1789102753.016811,smartthings_cloud,Online Status Monitor,0.163164,1
1789102783.0273762,home_assistant,binary_sensor.front_door_contact,0.009514,1
1789102783.030313,home_assistant,lock.front_door,0.002827,1
1789102783.032065,home_assistant,alarm_control_panel.home_alarm,0.001716,1
1789102783.0343602,home_assistant,binary_sensor.front_porch_camera_motion,0.002265,1
1789102783.035527,home_assistant,sensor.living_room_temperature,0.001138,1
1789102783.244779,smartthings_cloud,delaysteer-motion,0.209223,1
1789102783.425159,smartthings_cloud,Office Smart Light,0.180331,1
1789102783.634264,smartthings_cloud,Laundryroom/Mudroom Smart Light,0.209063,1
1789102783.79086,smartthings_cloud,Online Status Monitor,0.156546,1
1789102813.815695,home_assistant,binary_sensor.front_door_contact,0.014131,1
1789102813.819235,home_assistant,lock.front_door,0.00343,1
1789102813.82213,home_assistant,alarm_control_panel.home_alarm,0.002852,1
1789102813.82612,home_assistant,binary_sensor.front_porch_camera_motion,0.00395,1
1789102813.829817,home_assistant,sensor.living_room_temperature,0.00366,1
1789102814.049643,smartthings_cloud,delaysteer-motion,0.219784,1
1789102814.2009861,smartthings_cloud,Office Smart Light,0.151287,1
1789102814.366297,smartthings_cloud,Laundryroom/Mudroom Smart Light,0.165267,1
1789102814.526392,smartthings_cloud,Online Status Monitor,0.160047,1
1789102844.5572631,home_assistant,binary_sensor.front_door_contact,0.022431,1
1789102844.5601122,home_assistant,lock.front_door,0.002756,1
1789102844.562509,home_assistant,alarm_control_panel.home_alarm,0.002357,1
1789102844.564903,home_assistant,binary_sensor.front_porch_camera_motion,0.002357,1
1789102844.567837,home_assistant,sensor.living_room_temperature,0.002897,1
1789102844.768471,smartthings_cloud,delaysteer-motion,0.20057,1
1789102844.922115,smartthings_cloud,Office Smart Light,0.153596,1
1789102845.090719,smartthings_cloud,Laundryroom/Mudroom Smart Light,0.168566,1
1789102845.289133,smartthings_cloud,Online Status Monitor,0.198376,1
1789102875.3134751,home_assistant,binary_sensor.front_door_contact,0.013204,1
1789102875.316736,home_assistant,lock.front_door,0.003198,1
1789102875.318155,home_assistant,alarm_control_panel.home_alarm,0.001405,1
1789102875.3193111,home_assistant,binary_sensor.front_porch_camera_motion,0.001146,1
1789102875.320896,home_assistant,sensor.living_room_temperature,0.001578,1
1789102875.559654,smartthings_cloud,delaysteer-motion,0.238738,1
1789102875.730601,smartthings_cloud,Office Smart Light,0.170894,1
1789102875.8892741,smartthings_cloud,Laundryroom/Mudroom Smart Light,0.158635,1
1789102876.089876,smartthings_cloud,Online Status Monitor,0.200571,1
1789102906.117472,home_assistant,binary_sensor.front_door_contact,0.020179,1
1789102906.122116,home_assistant,lock.front_door,0.004522,1
1789102906.1254148,home_assistant,alarm_control_panel.home_alarm,0.003259,1
1789102906.1290061,home_assistant,binary_sensor.front_porch_camera_motion,0.003555,1
1789102906.134573,home_assistant,sensor.living_room_temperature,0.005512,1
1789102906.345171,smartthings_cloud,delaysteer-motion,0.210551,1
1789102906.5205178,smartthings_cloud,Office Smart Light,0.175307,1
1789102906.731097,smartthings_cloud,Laundryroom/Mudroom Smart Light,0.210499,1
1789102906.894867,smartthings_cloud,Online Status Monitor,0.163717,1
1789102936.936631,home_assistant,binary_sensor.front_door_contact,0.030838,1
1789102936.942959,home_assistant,lock.front_door,0.005486,1
1789102936.9460669,home_assistant,alarm_control_panel.home_alarm,0.003077,1
1789102936.949095,home_assistant,binary_sensor.front_porch_camera_motion,0.002998,1
1789102936.950937,home_assistant,sensor.living_room_temperature,0.001821,1
1789102937.12061,smartthings_cloud,delaysteer-motion,0.169651,1
1789102937.360661,smartthings_cloud,Office Smart Light,0.240002,1
1789102937.52987,smartthings_cloud,Laundryroom/Mudroom Smart Light,0.169162,1
1789102937.742306,smartthings_cloud,Online Status Monitor,0.212397,1
1789102967.765528,home_assistant,binary_sensor.front_door_contact,0.013479,1
1789102967.769909,home_assistant,lock.front_door,0.004258,1
1789102967.773549,home_assistant,alarm_control_panel.home_alarm,0.003603,1
1789102967.778046,home_assistant,binary_sensor.front_porch_camera_motion,0.004463,1
1789102967.780973,home_assistant,sensor.living_room_temperature,0.002892,1
1789102967.969366,smartthings_cloud,delaysteer-motion,0.188331,1
1789102968.1566458,smartthings_cloud,Office Smart Light,0.187228,1
1789102968.3414981,smartthings_cloud,Laundryroom/Mudroom Smart Light,0.184819,1
1789102968.50904,smartthings_cloud,Online Status Monitor,0.167503,1
1789102998.523077,home_assistant,binary_sensor.front_door_contact,0.012262,1
1789102998.526261,home_assistant,lock.front_door,0.003107,1
1789102998.529402,home_assistant,alarm_control_panel.home_alarm,0.003118,1
1789102998.5312982,home_assistant,binary_sensor.front_porch_camera_motion,0.001868,1
1789102998.5329459,home_assistant,sensor.living_room_temperature,0.001621,1
1789102998.787651,smartthings_cloud,delaysteer-motion,0.254646,1
1789102999.016104,smartthings_cloud,Office Smart Light,0.228378,1
1789102999.1958241,smartthings_cloud,Laundryroom/Mudroom Smart Light,0.179677,1
1789102999.366936,smartthings_cloud,Online Status Monitor,0.171084,1
1789103029.391739,home_assistant,binary_sensor.front_door_contact,0.018089,1
1789103029.3955562,home_assistant,lock.front_door,0.003667,1
1789103029.4014962,home_assistant,alarm_control_panel.home_alarm,0.005903,1
1789103029.4048052,home_assistant,binary_sensor.front_porch_camera_motion,0.003272,1
1789103029.407804,home_assistant,sensor.living_room_temperature,0.002966,1
1789103029.58241,smartthings_cloud,delaysteer-motion,0.174559,1
1789103029.764284,smartthings_cloud,Office Smart Light,0.181812,1
1789103029.972621,smartthings_cloud,Laundryroom/Mudroom Smart Light,0.208306,1
1789103030.140119,smartthings_cloud,Online Status Monitor,0.16745,1
1789103060.155842,home_assistant,binary_sensor.front_door_contact,0.011133,1
1789103060.160369,home_assistant,lock.front_door,0.004236,1
1789103060.1640902,home_assistant,alarm_control_panel.home_alarm,0.003688,1
1789103060.167122,home_assistant,binary_sensor.front_porch_camera_motion,0.002997,1
1789103060.172021,home_assistant,sensor.living_room_temperature,0.004861,1
1789103060.3816068,smartthings_cloud,delaysteer-motion,0.209544,1
1789103060.577579,smartthings_cloud,Office Smart Light,0.195922,1
1789103060.731394,smartthings_cloud,Laundryroom/Mudroom Smart Light,0.153774,1
1789103060.9079921,smartthings_cloud,Online Status Monitor,0.176556,1
1789103090.926943,home_assistant,binary_sensor.front_door_contact,0.009827,1
1789103090.930437,home_assistant,lock.front_door,0.003388,1
1789103090.9362948,home_assistant,alarm_control_panel.home_alarm,0.005823,1
1789103090.9395971,home_assistant,binary_sensor.front_porch_camera_motion,0.003263,1
1789103090.942847,home_assistant,sensor.living_room_temperature,0.003217,1
1789103091.1151419,smartthings_cloud,delaysteer-motion,0.172242,1
1789103091.30528,smartthings_cloud,Office Smart Light,0.190073,1
1789103091.482307,smartthings_cloud,Laundryroom/Mudroom Smart Light,0.176971,1
1789103091.649503,smartthings_cloud,Online Status Monitor,0.167156,1
1789103121.673766,home_assistant,binary_sensor.front_door_contact,0.021787,1
1789103121.677554,home_assistant,lock.front_door,0.003691,1
1789103121.680232,home_assistant,alarm_control_panel.home_alarm,0.002658,1
1789103121.6835442,home_assistant,binary_sensor.front_porch_camera_motion,0.003303,1
1789103121.6860852,home_assistant,sensor.living_room_temperature,0.002532,1
1789103121.9039621,smartthings_cloud,delaysteer-motion,0.217857,1
1789103122.079017,smartthings_cloud,Office Smart Light,0.175008,1
1789103122.2546508,smartthings_cloud,Laundryroom/Mudroom Smart Light,0.175592,1
1789103122.449881,smartthings_cloud,Online Status Monitor,0.195187,1
1789103152.4691358,home_assistant,binary_sensor.front_door_contact,0.013566,1
1789103152.4729059,home_assistant,lock.front_door,0.003692,1
1789103152.4754748,home_assistant,alarm_control_panel.home_alarm,0.002542,1
1789103152.477855,home_assistant,binary_sensor.front_porch_camera_motion,0.002349,1
1789103152.4805498,home_assistant,sensor.living_room_temperature,0.002668,1
1789103152.727055,smartthings_cloud,delaysteer-motion,0.246465,1
1789103152.897681,smartthings_cloud,Office Smart Light,0.170469,1
1789103153.052186,smartthings_cloud,Laundryroom/Mudroom Smart Light,0.154478,1
1789103153.227835,smartthings_cloud,Online Status Monitor,0.175618,1
1789103183.245548,home_assistant,binary_sensor.front_door_contact,0.011964,1
1789103183.249812,home_assistant,lock.front_door,0.004044,1
1789103183.2528,home_assistant,alarm_control_panel.home_alarm,0.002952,1
1789103183.255727,home_assistant,binary_sensor.front_porch_camera_motion,0.002897,1
1789103183.259202,home_assistant,sensor.living_room_temperature,0.003447,1
1789103183.438435,smartthings_cloud,delaysteer-motion,0.17919,1
1789103183.617009,smartthings_cloud,Office Smart Light,0.178543,1
1789103183.794213,smartthings_cloud,Laundryroom/Mudroom Smart Light,0.177168,1
1789103183.9477818,smartthings_cloud,Online Status Monitor,0.153533,1
1789103213.958409,home_assistant,binary_sensor.front_door_contact,0.009098,1
1789103213.960432,home_assistant,lock.front_door,0.001922,1
1789103213.962392,home_assistant,alarm_control_panel.home_alarm,0.00193,1
1789103213.9638,home_assistant,binary_sensor.front_porch_camera_motion,0.001386,1
1789103213.965399,home_assistant,sensor.living_room_temperature,0.001581,1
1789103214.193541,smartthings_cloud,delaysteer-motion,0.228108,1
1789103214.4030862,smartthings_cloud,Office Smart Light,0.209492,1
1789103214.647444,smartthings_cloud,Laundryroom/Mudroom Smart Light,0.244309,1
1789103214.877641,smartthings_cloud,Online Status Monitor,0.230148,1
1789103244.8892102,home_assistant,binary_sensor.front_door_contact,0.008236,1
1789103244.8911622,home_assistant,lock.front_door,0.001838,1
1789103244.8924,home_assistant,alarm_control_panel.home_alarm,0.001216,1
1789103244.894491,home_assistant,binary_sensor.front_porch_camera_motion,0.002073,1
1789103244.895915,home_assistant,sensor.living_room_temperature,0.0014,1
1789103245.19696,smartthings_cloud,delaysteer-motion,0.301001,1
1789103245.3825579,smartthings_cloud,Office Smart Light,0.185534,1
1789103245.611048,smartthings_cloud,Laundryroom/Mudroom Smart Light,0.228443,1
1789103245.848536,smartthings_cloud,Online Status Monitor,0.237439,1
1789103275.868416,home_assistant,binary_sensor.front_door_contact,0.009945,1
1789103275.87167,home_assistant,lock.front_door,0.003172,1
1789103275.874881,home_assistant,alarm_control_panel.home_alarm,0.003184,1
1789103275.877449,home_assistant,binary_sensor.front_porch_camera_motion,0.00254,1
1789103275.880001,home_assistant,sensor.living_room_temperature,0.002519,1
1789103276.071914,smartthings_cloud,delaysteer-motion,0.191861,1
1789103276.248544,smartthings_cloud,Office Smart Light,0.176596,1
1789103276.451616,smartthings_cloud,Laundryroom/Mudroom Smart Light,0.203045,1
1789103276.635895,smartthings_cloud,Online Status Monitor,0.184252,1
1789103306.655759,home_assistant,binary_sensor.front_door_contact,0.014919,1
1789103306.6598961,home_assistant,lock.front_door,0.004021,1
1789103306.6646972,home_assistant,alarm_control_panel.home_alarm,0.004762,1
1789103306.6678138,home_assistant,binary_sensor.front_porch_camera_motion,0.003077,1
1789103306.6716669,home_assistant,sensor.living_room_temperature,0.003816,1
1789103306.896799,smartthings_cloud,delaysteer-motion,0.22508,1
1789103307.05323,smartthings_cloud,Office Smart Light,0.156395,1
1789103307.282104,smartthings_cloud,Laundryroom/Mudroom Smart Light,0.228842,1
1789103307.4451048,smartthings_cloud,Online Status Monitor,0.162955,1
1789103337.473601,home_assistant,binary_sensor.front_door_contact,0.017431,1
1789103337.4777532,home_assistant,lock.front_door,0.004047,1
1789103337.482143,home_assistant,alarm_control_panel.home_alarm,0.004355,1
1789103337.484976,home_assistant,binary_sensor.front_porch_camera_motion,0.002792,1
1789103337.487922,home_assistant,sensor.living_room_temperature,0.002913,1
1789103337.6787882,smartthings_cloud,delaysteer-motion,0.19083,1
1789103337.884591,smartthings_cloud,Office Smart Light,0.205744,1
1789103338.059493,smartthings_cloud,Laundryroom/Mudroom Smart Light,0.174858,1
1789103338.2784991,smartthings_cloud,Online Status Monitor,0.218968,1
1789103368.299629,home_assistant,binary_sensor.front_door_contact,0.010229,1
1789103368.302894,home_assistant,lock.front_door,0.003134,1
1789103368.3064692,home_assistant,alarm_control_panel.home_alarm,0.003535,1
1789103368.310403,home_assistant,binary_sensor.front_porch_camera_motion,0.003901,1
1789103368.3134,home_assistant,sensor.living_room_temperature,0.002959,1
1789103368.516392,smartthings_cloud,delaysteer-motion,0.202948,1
1789103368.694987,smartthings_cloud,Office Smart Light,0.178538,1
1789103368.86177,smartthings_cloud,Laundryroom/Mudroom Smart Light,0.166747,1
1789103369.032493,smartthings_cloud,Online Status Monitor,0.170686,1
1789103399.055637,home_assistant,binary_sensor.front_door_contact,0.017248,1
1789103399.059413,home_assistant,lock.front_door,0.00369,1
1789103399.062593,home_assistant,alarm_control_panel.home_alarm,0.003162,1
1789103399.064215,home_assistant,binary_sensor.front_porch_camera_motion,0.001611,1
1789103399.066315,home_assistant,sensor.living_room_temperature,0.002085,1
1789103399.236068,smartthings_cloud,delaysteer-motion,0.169736,1
1789103399.4008589,smartthings_cloud,Office Smart Light,0.164751,1
1789103399.578511,smartthings_cloud,Laundryroom/Mudroom Smart Light,0.177617,1
1789103399.7458508,smartthings_cloud,Online Status Monitor,0.167308,1
1789103429.7691898,home_assistant,binary_sensor.front_door_contact,0.012794,1
1789103429.772654,home_assistant,lock.front_door,0.00333,1
1789103429.7765949,home_assistant,alarm_control_panel.home_alarm,0.003904,1
1789103429.7800078,home_assistant,binary_sensor.front_porch_camera_motion,0.003377,1
1789103429.7832289,home_assistant,sensor.living_room_temperature,0.003186,1
1789103430.030734,smartthings_cloud,delaysteer-motion,0.247461,1
1789103430.18814,smartthings_cloud,Office Smart Light,0.157333,1
1789103430.349432,smartthings_cloud,Laundryroom/Mudroom Smart Light,0.161254,1
1789103430.5182168,smartthings_cloud,Online Status Monitor,0.168732,1
1789103460.5554318,home_assistant,binary_sensor.front_door_contact,0.02043,1
1789103460.559844,home_assistant,lock.front_door,0.004304,1
1789103460.566498,home_assistant,alarm_control_panel.home_alarm,0.006612,1
1789103460.570194,home_assistant,binary_sensor.front_porch_camera_motion,0.003659,1
1789103460.5742831,home_assistant,sensor.living_room_temperature,0.004048,1
1789103460.748348,smartthings_cloud,delaysteer-motion,0.173844,1
1789103460.924715,smartthings_cloud,Office Smart Light,0.17614,1
1789103461.096649,smartthings_cloud,Laundryroom/Mudroom Smart Light,0.171728,1
1789103461.282115,smartthings_cloud,Online Status Monitor,0.185243,1
1789103491.321263,home_assistant,binary_sensor.front_door_contact,0.018028,1
1789103491.325403,home_assistant,lock.front_door,0.004061,1
1789103491.328289,home_assistant,alarm_control_panel.home_alarm,0.002857,1
1789103491.331625,home_assistant,binary_sensor.front_porch_camera_motion,0.003307,1
1789103491.334398,home_assistant,sensor.living_room_temperature,0.002742,1
1789103491.544291,smartthings_cloud,delaysteer-motion,0.209827,1
1789103491.723864,smartthings_cloud,Office Smart Light,0.179495,1
1789103491.896746,smartthings_cloud,Laundryroom/Mudroom Smart Light,0.172822,1
1789103492.089092,smartthings_cloud,Online Status Monitor,0.192293,1
1789103522.1221418,home_assistant,binary_sensor.front_door_contact,0.021113,1
1789103522.125578,home_assistant,lock.front_door,0.003133,1
1789103522.128578,home_assistant,alarm_control_panel.home_alarm,0.002967,1
1789103522.13121,home_assistant,binary_sensor.front_porch_camera_motion,0.002599,1
1789103522.134123,home_assistant,sensor.living_room_temperature,0.002884,1
1789103522.361602,smartthings_cloud,delaysteer-motion,0.22743,1
1789103522.5253482,smartthings_cloud,Office Smart Light,0.163629,1
1789103522.710824,smartthings_cloud,Laundryroom/Mudroom Smart Light,0.185421,1
1789103522.879872,smartthings_cloud,Online Status Monitor,0.169014,1
1789103552.8986628,home_assistant,binary_sensor.front_door_contact,0.010414,1
1789103552.901906,home_assistant,lock.front_door,0.003125,1
1789103552.903688,home_assistant,alarm_control_panel.home_alarm,0.001754,1
1789103552.907294,home_assistant,binary_sensor.front_porch_camera_motion,0.00358,1
1789103552.9100218,home_assistant,sensor.living_room_temperature,0.0027,1
1789103553.0725179,smartthings_cloud,delaysteer-motion,0.162455,1
1789103553.2405498,smartthings_cloud,Office Smart Light,0.167986,1
1789103553.400476,smartthings_cloud,Laundryroom/Mudroom Smart Light,0.159881,1
1789103553.5675552,smartthings_cloud,Online Status Monitor,0.167033,1
1789103583.5897,home_assistant,binary_sensor.front_door_contact,0.014049,1
1789103583.5932622,home_assistant,lock.front_door,0.003444,1
1789103583.5966232,home_assistant,alarm_control_panel.home_alarm,0.003332,1
1789103583.600479,home_assistant,binary_sensor.front_porch_camera_motion,0.003828,1
1789103583.6032362,home_assistant,sensor.living_room_temperature,0.002728,1
1789103583.7584698,smartthings_cloud,delaysteer-motion,0.15519,1
1789103583.927169,smartthings_cloud,Office Smart Light,0.168656,1
1789103584.106702,smartthings_cloud,Laundryroom/Mudroom Smart Light,0.179495,1
1789103584.308827,smartthings_cloud,Online Status Monitor,0.202087,1
1789103614.334214,home_assistant,binary_sensor.front_door_contact,0.020073,1
1789103614.3378549,home_assistant,lock.front_door,0.003539,1
1789103614.341388,home_assistant,alarm_control_panel.home_alarm,0.003495,1
1789103614.3457448,home_assistant,binary_sensor.front_porch_camera_motion,0.004325,1
1789103614.348684,home_assistant,sensor.living_room_temperature,0.002903,1
1789103614.595408,smartthings_cloud,delaysteer-motion,0.246672,1
1789103614.7721128,smartthings_cloud,Office Smart Light,0.176657,1
1789103614.9389849,smartthings_cloud,Laundryroom/Mudroom Smart Light,0.16683,1
1789103615.17846,smartthings_cloud,Online Status Monitor,0.239438,1
1789103645.203891,home_assistant,binary_sensor.front_door_contact,0.016517,1
1789103645.207576,home_assistant,lock.front_door,0.003548,1
1789103645.210891,home_assistant,alarm_control_panel.home_alarm,0.003276,1
1789103645.213747,home_assistant,binary_sensor.front_porch_camera_motion,0.002815,1
1789103645.216705,home_assistant,sensor.living_room_temperature,0.002926,1
1789103645.40862,smartthings_cloud,delaysteer-motion,0.191871,1
1789103645.589382,smartthings_cloud,Office Smart Light,0.180713,1
1789103645.756906,smartthings_cloud,Laundryroom/Mudroom Smart Light,0.167463,1
1789103645.927135,smartthings_cloud,Online Status Monitor,0.170178,1
1789103675.948448,home_assistant,binary_sensor.front_door_contact,0.01,1
1789103675.9507542,home_assistant,lock.front_door,0.002205,1
1789103675.952778,home_assistant,alarm_control_panel.home_alarm,0.001998,1
1789103675.954725,home_assistant,binary_sensor.front_porch_camera_motion,0.001916,1
1789103675.9561338,home_assistant,sensor.living_room_temperature,0.001378,1
1789103676.189733,smartthings_cloud,delaysteer-motion,0.233563,1
1789103676.356875,smartthings_cloud,Office Smart Light,0.167077,1
1789103676.578027,smartthings_cloud,Laundryroom/Mudroom Smart Light,0.221114,1
1789103676.765846,smartthings_cloud,Online Status Monitor,0.187773,1
1789103706.784404,home_assistant,binary_sensor.front_door_contact,0.013528,1
1789103706.788434,home_assistant,lock.front_door,0.002684,1
1789103706.791869,home_assistant,alarm_control_panel.home_alarm,0.003397,1
1789103706.7936242,home_assistant,binary_sensor.front_porch_camera_motion,0.001724,1
1789103706.7960541,home_assistant,sensor.living_room_temperature,0.002396,1
1789103707.125504,smartthings_cloud,delaysteer-motion,0.329402,1
1789103707.346081,smartthings_cloud,Office Smart Light,0.220528,1
1789103707.5422919,smartthings_cloud,Laundryroom/Mudroom Smart Light,0.196176,1
1789103707.732903,smartthings_cloud,Online Status Monitor,0.190567,1
1789103737.7568371,home_assistant,binary_sensor.front_door_contact,0.018904,1
1789103737.762841,home_assistant,lock.front_door,0.00522,1
1789103737.7660859,home_assistant,alarm_control_panel.home_alarm,0.00321,1
1789103737.770089,home_assistant,binary_sensor.front_porch_camera_motion,0.003967,1
1789103737.7732038,home_assistant,sensor.living_room_temperature,0.003078,1
1789103737.9669042,smartthings_cloud,delaysteer-motion,0.19365,1
1789103738.171496,smartthings_cloud,Office Smart Light,0.204569,1
1789103738.403583,smartthings_cloud,Laundryroom/Mudroom Smart Light,0.232055,1
1789103738.6054652,smartthings_cloud,Online Status Monitor,0.201825,1
1789103768.62489,home_assistant,binary_sensor.front_door_contact,0.015159,1
1789103768.628507,home_assistant,lock.front_door,0.003498,1
1789103768.633301,home_assistant,alarm_control_panel.home_alarm,0.004759,1
1789103768.637186,home_assistant,binary_sensor.front_porch_camera_motion,0.003849,1
1789103768.64242,home_assistant,sensor.living_room_temperature,0.005191,1
1789103768.866129,smartthings_cloud,delaysteer-motion,0.223662,1
1789103769.0833018,smartthings_cloud,Office Smart Light,0.217125,1
1789103769.2649212,smartthings_cloud,Laundryroom/Mudroom Smart Light,0.181583,1
1789103769.507908,smartthings_cloud,Online Status Monitor,0.242958,1
1789103799.5262709,home_assistant,binary_sensor.front_door_contact,0.013341,1
1789103799.5297978,home_assistant,lock.front_door,0.003421,1
1789103799.53273,home_assistant,alarm_control_panel.home_alarm,0.002898,1
1789103799.536342,home_assistant,binary_sensor.front_porch_camera_motion,0.003585,1
1789103799.539388,home_assistant,sensor.living_room_temperature,0.003019,1
1789103799.811209,smartthings_cloud,delaysteer-motion,0.271767,1
1789103799.995235,smartthings_cloud,Office Smart Light,0.183991,1
1789103800.2039309,smartthings_cloud,Laundryroom/Mudroom Smart Light,0.208668,1
1789103800.426263,smartthings_cloud,Online Status Monitor,0.222292,1
1789103830.4436228,home_assistant,binary_sensor.front_door_contact,0.0087,1
1789103830.4463758,home_assistant,lock.front_door,0.00267,1
1789103830.448895,home_assistant,alarm_control_panel.home_alarm,0.002492,1
1789103830.4521291,home_assistant,binary_sensor.front_porch_camera_motion,0.003208,1
1789103830.454602,home_assistant,sensor.living_room_temperature,0.002441,1
1789103830.6695318,smartthings_cloud,delaysteer-motion,0.214884,1
1789103830.8600981,smartthings_cloud,Office Smart Light,0.190525,1
1789103831.055945,smartthings_cloud,Laundryroom/Mudroom Smart Light,0.195803,1
1789103831.2574458,smartthings_cloud,Online Status Monitor,0.20147,1
1789103861.277601,home_assistant,binary_sensor.front_door_contact,0.012251,1
1789103861.280267,home_assistant,lock.front_door,0.002576,1
1789103861.2828128,home_assistant,alarm_control_panel.home_alarm,0.002518,1
1789103861.2854998,home_assistant,binary_sensor.front_porch_camera_motion,0.002656,1
1789103861.288615,home_assistant,sensor.living_room_temperature,0.003082,1
1789103861.495243,smartthings_cloud,delaysteer-motion,0.206573,1
1789103861.693027,smartthings_cloud,Office Smart Light,0.197724,1
1789103861.8788521,smartthings_cloud,Laundryroom/Mudroom Smart Light,0.18578,1
1789103862.0442939,smartthings_cloud,Online Status Monitor,0.165398,1
1789103892.0662248,home_assistant,binary_sensor.front_door_contact,0.01455,1
1789103892.0692532,home_assistant,lock.front_door,0.002926,1
1789103892.07246,home_assistant,alarm_control_panel.home_alarm,0.003173,1
1789103892.07526,home_assistant,binary_sensor.front_porch_camera_motion,0.002768,1
1789103892.078015,home_assistant,sensor.living_room_temperature,0.002724,1
1789103892.380867,smartthings_cloud,delaysteer-motion,0.302808,1
1789103892.649912,smartthings_cloud,Office Smart Light,0.268964,1
1789103892.873684,smartthings_cloud,Laundryroom/Mudroom Smart Light,0.22372,1
1789103893.1478772,smartthings_cloud,Online Status Monitor,0.274157,1
1789103923.16673,home_assistant,binary_sensor.front_door_contact,0.011052,1
1789103923.169266,home_assistant,lock.front_door,0.002387,1
1789103923.170976,home_assistant,alarm_control_panel.home_alarm,0.001675,1
1789103923.173135,home_assistant,binary_sensor.front_porch_camera_motion,0.002126,1
1789103923.175518,home_assistant,sensor.living_room_temperature,0.002339,1
1789103923.387288,smartthings_cloud,delaysteer-motion,0.211722,1
1789103923.5908391,smartthings_cloud,Office Smart Light,0.203517,1
1789103923.779912,smartthings_cloud,Laundryroom/Mudroom Smart Light,0.189033,1
1789103923.9779232,smartthings_cloud,Online Status Monitor,0.197977,1
1789103954.00805,home_assistant,binary_sensor.front_door_contact,0.020988,1
1789103954.014893,home_assistant,lock.front_door,0.005763,1
1789103954.018902,home_assistant,alarm_control_panel.home_alarm,0.003974,1
1789103954.023175,home_assistant,binary_sensor.front_porch_camera_motion,0.004236,1
1789103954.026554,home_assistant,sensor.living_room_temperature,0.003346,1
1789103954.28764,smartthings_cloud,delaysteer-motion,0.261041,1
1789103954.4866629,smartthings_cloud,Office Smart Light,0.198967,1
1789103954.697941,smartthings_cloud,Laundryroom/Mudroom Smart Light,0.211225,1
1789103954.9105222,smartthings_cloud,Online Status Monitor,0.212531,1
1789103984.931653,home_assistant,binary_sensor.front_door_contact,0.014525,1
1789103984.9346838,home_assistant,lock.front_door,0.002935,1
1789103984.941657,home_assistant,alarm_control_panel.home_alarm,0.006944,1
1789103984.9448042,home_assistant,binary_sensor.front_porch_camera_motion,0.003115,1
1789103984.94876,home_assistant,sensor.living_room_temperature,0.003927,1
1789103985.2477078,smartthings_cloud,delaysteer-motion,0.298903,1
1789103985.531245,smartthings_cloud,Office Smart Light,0.283486,1
1789103985.7988732,smartthings_cloud,Laundryroom/Mudroom Smart Light,0.267583,1
1789103985.964894,smartthings_cloud,Online Status Monitor,0.165975,1
1789104015.9872692,home_assistant,binary_sensor.front_door_contact,0.013516,1
1789104015.990894,home_assistant,lock.front_door,0.003519,1
1789104015.99508,home_assistant,alarm_control_panel.home_alarm,0.00415,1
1789104015.9985878,home_assistant,binary_sensor.front_porch_camera_motion,0.003475,1
1789104016.002579,home_assistant,sensor.living_room_temperature,0.003951,1
1789104016.177403,smartthings_cloud,delaysteer-motion,0.174778,1
1789104016.4468322,smartthings_cloud,Office Smart Light,0.269384,1
1789104016.695057,smartthings_cloud,Laundryroom/Mudroom Smart Light,0.248188,1
1789104016.881324,smartthings_cloud,Online Status Monitor,0.186206,1
1789104046.8985841,home_assistant,binary_sensor.front_door_contact,0.012882,1
1789104046.901752,home_assistant,lock.front_door,0.003082,1
1789104046.904524,home_assistant,alarm_control_panel.home_alarm,0.002746,1
1789104046.908483,home_assistant,binary_sensor.front_porch_camera_motion,0.003931,1
1789104046.91155,home_assistant,sensor.living_room_temperature,0.003037,1
1789104047.1012201,smartthings_cloud,delaysteer-motion,0.189635,1
1789104047.2836921,smartthings_cloud,Office Smart Light,0.182424,1
1789104047.4560902,smartthings_cloud,Laundryroom/Mudroom Smart Light,0.172365,1
1789104047.651846,smartthings_cloud,Online Status Monitor,0.195718,1
1789104077.679005,home_assistant,binary_sensor.front_door_contact,0.018405,1
1789104077.682059,home_assistant,lock.front_door,0.002953,1
1789104077.684739,home_assistant,alarm_control_panel.home_alarm,0.002648,1
1789104077.687791,home_assistant,binary_sensor.front_porch_camera_motion,0.00302,1
1789104077.691016,home_assistant,sensor.living_room_temperature,0.003191,1
1789104077.948492,smartthings_cloud,delaysteer-motion,0.257433,1
1789104078.1400142,smartthings_cloud,Office Smart Light,0.191452,1
1789104078.3196568,smartthings_cloud,Laundryroom/Mudroom Smart Light,0.179598,1
1789104078.516702,smartthings_cloud,Online Status Monitor,0.196991,1
1789104108.5432022,home_assistant,binary_sensor.front_door_contact,0.017227,1
1789104108.547168,home_assistant,lock.front_door,0.003858,1
1789104108.55074,home_assistant,alarm_control_panel.home_alarm,0.003541,1
1789104108.55324,home_assistant,binary_sensor.front_porch_camera_motion,0.00247,1
1789104108.555847,home_assistant,sensor.living_room_temperature,0.002579,1
1789104108.753699,smartthings_cloud,delaysteer-motion,0.19781,1
1789104108.939531,smartthings_cloud,Office Smart Light,0.185767,1
1789104109.1459699,smartthings_cloud,Laundryroom/Mudroom Smart Light,0.20639,1
1789104109.321496,smartthings_cloud,Online Status Monitor,0.175493,1
1789104139.346893,home_assistant,binary_sensor.front_door_contact,0.018663,1
1789104139.3511412,home_assistant,lock.front_door,0.00416,1
1789104139.3555992,home_assistant,alarm_control_panel.home_alarm,0.00443,1
1789104139.3588521,home_assistant,binary_sensor.front_porch_camera_motion,0.003222,1
1789104139.36152,home_assistant,sensor.living_room_temperature,0.002637,1
1789104139.60528,smartthings_cloud,delaysteer-motion,0.243722,1
1789104139.8102558,smartthings_cloud,Office Smart Light,0.204938,1
1789104140.008838,smartthings_cloud,Laundryroom/Mudroom Smart Light,0.198544,1
1789104140.1919832,smartthings_cloud,Online Status Monitor,0.18311,1
1789104170.2125819,home_assistant,binary_sensor.front_door_contact,0.012659,1
1789104170.215251,home_assistant,lock.front_door,0.00256,1
1789104170.219054,home_assistant,alarm_control_panel.home_alarm,0.003774,1
1789104170.221659,home_assistant,binary_sensor.front_porch_camera_motion,0.002577,1
1789104170.223626,home_assistant,sensor.living_room_temperature,0.001935,1
1789104170.5190961,smartthings_cloud,delaysteer-motion,0.295419,1
1789104170.6920269,smartthings_cloud,Office Smart Light,0.172846,1
1789104170.891419,smartthings_cloud,Laundryroom/Mudroom Smart Light,0.199349,1
1789104171.080009,smartthings_cloud,Online Status Monitor,0.188555,1
1789104201.1047769,home_assistant,binary_sensor.front_door_contact,0.015975,1
1789104201.110361,home_assistant,lock.front_door,0.005346,1
1789104201.1129,home_assistant,alarm_control_panel.home_alarm,0.002509,1
1789104201.117812,home_assistant,binary_sensor.front_porch_camera_motion,0.004882,1
1789104201.120754,home_assistant,sensor.living_room_temperature,0.002893,1
1789104201.30791,smartthings_cloud,delaysteer-motion,0.186963,1
1789104201.474036,smartthings_cloud,Office Smart Light,0.166089,1
1789104201.6689181,smartthings_cloud,Laundryroom/Mudroom Smart Light,0.194862,1
1789104201.8535738,smartthings_cloud,Online Status Monitor,0.184619,1
1789104231.874102,home_assistant,binary_sensor.front_door_contact,0.009913,1
1789104231.8768,home_assistant,lock.front_door,0.002606,1
1789104231.879306,home_assistant,alarm_control_panel.home_alarm,0.002477,1
1789104231.883061,home_assistant,binary_sensor.front_porch_camera_motion,0.003725,1
1789104231.885501,home_assistant,sensor.living_room_temperature,0.002412,1
1789104232.109761,smartthings_cloud,delaysteer-motion,0.224216,1
1789104232.321995,smartthings_cloud,Office Smart Light,0.212175,1
1789104232.5102139,smartthings_cloud,Laundryroom/Mudroom Smart Light,0.188183,1
1789104232.679465,smartthings_cloud,Online Status Monitor,0.169218,1
1789104262.702315,home_assistant,binary_sensor.front_door_contact,0.01312,1
1789104262.706126,home_assistant,lock.front_door,0.003713,1
1789104262.709397,home_assistant,alarm_control_panel.home_alarm,0.003233,1
1789104262.712502,home_assistant,binary_sensor.front_porch_camera_motion,0.003067,1
1789104262.7155252,home_assistant,sensor.living_room_temperature,0.002985,1
1789104262.926077,smartthings_cloud,delaysteer-motion,0.210485,1
1789104263.087521,smartthings_cloud,Office Smart Light,0.161377,1
1789104263.269346,smartthings_cloud,Laundryroom/Mudroom Smart Light,0.181784,1
1789104263.449009,smartthings_cloud,Online Status Monitor,0.179611,1
1789104293.466591,home_assistant,binary_sensor.front_door_contact,0.011498,1
1789104293.4701388,home_assistant,lock.front_door,0.003454,1
1789104293.472129,home_assistant,alarm_control_panel.home_alarm,0.001944,1
1789104293.47409,home_assistant,binary_sensor.front_porch_camera_motion,0.001915,1
1789104293.4755242,home_assistant,sensor.living_room_temperature,0.001404,1
1789104293.666772,smartthings_cloud,delaysteer-motion,0.191209,1
1789104293.835294,smartthings_cloud,Office Smart Light,0.168381,1
1789104293.994364,smartthings_cloud,Laundryroom/Mudroom Smart Light,0.159017,1
1789104294.167197,smartthings_cloud,Online Status Monitor,0.1728,1
1789104324.189667,home_assistant,binary_sensor.front_door_contact,0.013985,1
1789104324.193861,home_assistant,lock.front_door,0.004088,1
1789104324.196861,home_assistant,alarm_control_panel.home_alarm,0.002966,1
1789104324.20084,home_assistant,binary_sensor.front_porch_camera_motion,0.003943,1
1789104324.204331,home_assistant,sensor.living_room_temperature,0.003452,1
1789104324.366068,smartthings_cloud,delaysteer-motion,0.16168,1
1789104324.568634,smartthings_cloud,Office Smart Light,0.202512,1
1789104324.736468,smartthings_cloud,Laundryroom/Mudroom Smart Light,0.167793,1
1789104324.8966882,smartthings_cloud,Online Status Monitor,0.160188,1
1789104354.917613,home_assistant,binary_sensor.front_door_contact,0.009554,1
1789104354.91956,home_assistant,lock.front_door,0.001853,1
1789104354.921105,home_assistant,alarm_control_panel.home_alarm,0.001511,1
1789104354.9225621,home_assistant,binary_sensor.front_porch_camera_motion,0.001432,1
1789104354.924185,home_assistant,sensor.living_room_temperature,0.001596,1
1789104355.151146,smartthings_cloud,delaysteer-motion,0.226913,1
1789104355.300786,smartthings_cloud,Office Smart Light,0.149601,1
1789104355.467935,smartthings_cloud,Laundryroom/Mudroom Smart Light,0.16712,1
1789104355.650254,smartthings_cloud,Online Status Monitor,0.18229,1
1789104385.6723561,home_assistant,binary_sensor.front_door_contact,0.012784,1
1789104385.673822,home_assistant,lock.front_door,0.001373,1
1789104385.675045,home_assistant,alarm_control_panel.home_alarm,0.001204,1
1789104385.676458,home_assistant,binary_sensor.front_porch_camera_motion,0.001388,1
1789104385.6778848,home_assistant,sensor.living_room_temperature,0.001405,1
1789104385.834214,smartthings_cloud,delaysteer-motion,0.156302,1
1789104386.033761,smartthings_cloud,Office Smart Light,0.199469,1
1789104386.2027452,smartthings_cloud,Laundryroom/Mudroom Smart Light,0.168934,1
1789104386.354429,smartthings_cloud,Online Status Monitor,0.151636,1
1789104416.3706481,home_assistant,binary_sensor.front_door_contact,0.009952,1
1789104416.373649,home_assistant,lock.front_door,0.00293,1
1789104416.376687,home_assistant,alarm_control_panel.home_alarm,0.003005,1
1789104416.379572,home_assistant,binary_sensor.front_porch_camera_motion,0.002853,1
1789104416.3838358,home_assistant,sensor.living_room_temperature,0.004229,1
1789104416.553758,smartthings_cloud,delaysteer-motion,0.169867,1
1789104416.731871,smartthings_cloud,Office Smart Light,0.178032,1
1789104416.9376059,smartthings_cloud,Laundryroom/Mudroom Smart Light,0.205686,1
1789104417.1064808,smartthings_cloud,Online Status Monitor,0.168838,1
1789104447.127171,home_assistant,binary_sensor.front_door_contact,0.013502,1
1789104447.1303198,home_assistant,lock.front_door,0.002893,1
1789104447.132258,home_assistant,alarm_control_panel.home_alarm,0.001903,1
1789104447.133984,home_assistant,binary_sensor.front_porch_camera_motion,0.001692,1
1789104447.135668,home_assistant,sensor.living_room_temperature,0.001656,1
1789104447.322746,smartthings_cloud,delaysteer-motion,0.18703,1
1789104447.502815,smartthings_cloud,Office Smart Light,0.179993,1
1789104447.677024,smartthings_cloud,Laundryroom/Mudroom Smart Light,0.174173,1
1789104447.8398778,smartthings_cloud,Online Status Monitor,0.162815,1
1789104477.857669,home_assistant,binary_sensor.front_door_contact,0.008242,1
1789104477.8593311,home_assistant,lock.front_door,0.001576,1
1789104477.860876,home_assistant,alarm_control_panel.home_alarm,0.001521,1
1789104477.862132,home_assistant,binary_sensor.front_porch_camera_motion,0.001229,1
1789104477.8633091,home_assistant,sensor.living_room_temperature,0.001157,1
1789104478.0884092,smartthings_cloud,delaysteer-motion,0.225066,1
1789104478.2403998,smartthings_cloud,Office Smart Light,0.151928,1
1789104478.4098828,smartthings_cloud,Laundryroom/Mudroom Smart Light,0.169452,1
1789104478.5814972,smartthings_cloud,Online Status Monitor,0.17158,1
1789104508.6019049,home_assistant,binary_sensor.front_door_contact,0.011656,1
1789104508.6050491,home_assistant,lock.front_door,0.002946,1
1789104508.607624,home_assistant,alarm_control_panel.home_alarm,0.00252,1
1789104508.609947,home_assistant,binary_sensor.front_porch_camera_motion,0.002291,1
1789104508.61152,home_assistant,sensor.living_room_temperature,0.001538,1
1789104508.779,smartthings_cloud,delaysteer-motion,0.167443,1
1789104508.937844,smartthings_cloud,Office Smart Light,0.158761,1
1789104509.097573,smartthings_cloud,Laundryroom/Mudroom Smart Light,0.159688,1
1789104509.271425,smartthings_cloud,Online Status Monitor,0.173802,1
1789104539.284874,home_assistant,binary_sensor.front_door_contact,0.008327,1
1789104539.287318,home_assistant,lock.front_door,0.002316,1
1789104539.289365,home_assistant,alarm_control_panel.home_alarm,0.002012,1
1789104539.292264,home_assistant,binary_sensor.front_porch_camera_motion,0.002865,1
1789104539.293802,home_assistant,sensor.living_room_temperature,0.001506,1
1789104539.503668,smartthings_cloud,delaysteer-motion,0.209829,1
1789104539.6754901,smartthings_cloud,Office Smart Light,0.17171,1
1789104539.8520918,smartthings_cloud,Laundryroom/Mudroom Smart Light,0.176562,1
1789104540.025871,smartthings_cloud,Online Status Monitor,0.173727,1
1789104570.038193,home_assistant,binary_sensor.front_door_contact,0.007049,1
1789104570.040237,home_assistant,lock.front_door,0.001955,1
1789104570.0421052,home_assistant,alarm_control_panel.home_alarm,0.001834,1
1789104570.0444438,home_assistant,binary_sensor.front_porch_camera_motion,0.002315,1
1789104570.0463629,home_assistant,sensor.living_room_temperature,0.001891,1
1789104570.237546,smartthings_cloud,delaysteer-motion,0.191131,1
1789104570.4050891,smartthings_cloud,Office Smart Light,0.167497,1
1789104570.5503612,smartthings_cloud,Laundryroom/Mudroom Smart Light,0.14524,1
1789104570.7298439,smartthings_cloud,Online Status Monitor,0.17944,1
1789104600.745057,home_assistant,binary_sensor.front_door_contact,0.013008,1
1789104600.749325,home_assistant,lock.front_door,0.004129,1
1789104600.752484,home_assistant,alarm_control_panel.home_alarm,0.003125,1
1789104600.75563,home_assistant,binary_sensor.front_porch_camera_motion,0.00313,1
1789104600.758456,home_assistant,sensor.living_room_temperature,0.002797,1
1789104600.937196,smartthings_cloud,delaysteer-motion,0.178692,1
1789104601.1135209,smartthings_cloud,Office Smart Light,0.176266,1
1789104601.281264,smartthings_cloud,Laundryroom/Mudroom Smart Light,0.167704,1
1789104601.471305,smartthings_cloud,Online Status Monitor,0.189973,1
1789104631.4953809,home_assistant,binary_sensor.front_door_contact,0.012403,1
1789104631.4971032,home_assistant,lock.front_door,0.00165,1
1789104631.4981499,home_assistant,alarm_control_panel.home_alarm,0.001029,1
1789104631.4995048,home_assistant,binary_sensor.front_porch_camera_motion,0.001336,1
1789104631.5014951,home_assistant,sensor.living_room_temperature,0.001973,1
1789104631.73362,smartthings_cloud,delaysteer-motion,0.23205,1
1789104631.904619,smartthings_cloud,Office Smart Light,0.170933,1
1789104632.0707982,smartthings_cloud,Laundryroom/Mudroom Smart Light,0.166141,1
1789104632.273403,smartthings_cloud,Online Status Monitor,0.202557,1
1789104662.291897,home_assistant,binary_sensor.front_door_contact,0.010749,1
1789104662.295794,home_assistant,lock.front_door,0.003808,1
1789104662.298286,home_assistant,alarm_control_panel.home_alarm,0.002465,1
1789104662.300709,home_assistant,binary_sensor.front_porch_camera_motion,0.002394,1
1789104662.304022,home_assistant,sensor.living_room_temperature,0.003288,1
1789104662.489832,smartthings_cloud,delaysteer-motion,0.185772,1
1789104662.669387,smartthings_cloud,Office Smart Light,0.179514,1
1789104662.878041,smartthings_cloud,Laundryroom/Mudroom Smart Light,0.208622,1
1789104663.080259,smartthings_cloud,Online Status Monitor,0.202189,1
1789104693.100697,home_assistant,binary_sensor.front_door_contact,0.012006,1
1789104693.104981,home_assistant,lock.front_door,0.004189,1
1789104693.1079092,home_assistant,alarm_control_panel.home_alarm,0.002893,1
1789104693.111516,home_assistant,binary_sensor.front_porch_camera_motion,0.003572,1
1789104693.114794,home_assistant,sensor.living_room_temperature,0.003244,1
1789104693.3348548,smartthings_cloud,delaysteer-motion,0.220019,1
1789104693.539253,smartthings_cloud,Office Smart Light,0.204346,1
1789104693.707387,smartthings_cloud,Laundryroom/Mudroom Smart Light,0.16809,1
1789104693.8940449,smartthings_cloud,Online Status Monitor,0.186613,1
1789104723.917367,home_assistant,binary_sensor.front_door_contact,0.014183,1
1789104723.9213,home_assistant,lock.front_door,0.003814,1
1789104723.92532,home_assistant,alarm_control_panel.home_alarm,0.003982,1
1789104723.928653,home_assistant,binary_sensor.front_porch_camera_motion,0.003294,1
1789104723.9317062,home_assistant,sensor.living_room_temperature,0.003013,1
1789104724.143254,smartthings_cloud,delaysteer-motion,0.211502,1
1789104724.356139,smartthings_cloud,Office Smart Light,0.212803,1
1789104724.5247092,smartthings_cloud,Laundryroom/Mudroom Smart Light,0.168524,1
1789104724.69998,smartthings_cloud,Online Status Monitor,0.175241,1
1789104754.723113,home_assistant,binary_sensor.front_door_contact,0.012165,1
1789104754.726423,home_assistant,lock.front_door,0.003212,1
1789104754.729616,home_assistant,alarm_control_panel.home_alarm,0.003158,1
1789104754.732786,home_assistant,binary_sensor.front_porch_camera_motion,0.003136,1
1789104754.735975,home_assistant,sensor.living_room_temperature,0.003153,1
1789104754.9433432,smartthings_cloud,delaysteer-motion,0.207323,1
1789104755.118033,smartthings_cloud,Office Smart Light,0.174659,1
1789104755.268545,smartthings_cloud,Laundryroom/Mudroom Smart Light,0.150476,1
1789104755.449358,smartthings_cloud,Online Status Monitor,0.180778,1
1789104785.465173,home_assistant,binary_sensor.front_door_contact,0.014068,1
1789104785.469661,home_assistant,lock.front_door,0.004389,1
1789104785.472694,home_assistant,alarm_control_panel.home_alarm,0.003,1
1789104785.48166,home_assistant,binary_sensor.front_porch_camera_motion,0.008932,1
1789104785.4856262,home_assistant,sensor.living_room_temperature,0.003926,1
1789104785.713279,smartthings_cloud,delaysteer-motion,0.227619,1
1789104785.9,smartthings_cloud,Office Smart Light,0.186688,1
1789104786.1614149,smartthings_cloud,Laundryroom/Mudroom Smart Light,0.261392,1
1789104786.320093,smartthings_cloud,Online Status Monitor,0.158652,1
1789104816.3530219,home_assistant,binary_sensor.front_door_contact,0.023686,1
1789104816.357308,home_assistant,lock.front_door,0.00405,1
1789104816.361071,home_assistant,alarm_control_panel.home_alarm,0.003725,1
1789104816.3641212,home_assistant,binary_sensor.front_porch_camera_motion,0.003015,1
1789104816.367866,home_assistant,sensor.living_room_temperature,0.003709,1
1789104816.5966,smartthings_cloud,delaysteer-motion,0.228681,1
1789104816.7557068,smartthings_cloud,Office Smart Light,0.159037,1
1789104816.924608,smartthings_cloud,Laundryroom/Mudroom Smart Light,0.168872,1
1789104817.073747,smartthings_cloud,Online Status Monitor,0.149091,1
1789104847.095664,home_assistant,binary_sensor.front_door_contact,0.017494,1
1789104847.10054,home_assistant,lock.front_door,0.004727,1
1789104847.104218,home_assistant,alarm_control_panel.home_alarm,0.003636,1
1789104847.107371,home_assistant,binary_sensor.front_porch_camera_motion,0.003113,1
1789104847.110624,home_assistant,sensor.living_room_temperature,0.003214,1
1789104847.3009,smartthings_cloud,delaysteer-motion,0.190232,1
1789104847.471712,smartthings_cloud,Office Smart Light,0.170782,1
1789104847.660904,smartthings_cloud,Laundryroom/Mudroom Smart Light,0.18914,1
1789104847.827323,smartthings_cloud,Online Status Monitor,0.16637,1
1789104877.8646789,home_assistant,binary_sensor.front_door_contact,0.032541,1
1789104877.8696861,home_assistant,lock.front_door,0.004919,1
1789104877.873835,home_assistant,alarm_control_panel.home_alarm,0.004132,1
1789104877.877554,home_assistant,binary_sensor.front_porch_camera_motion,0.003701,1
1789104877.8793752,home_assistant,sensor.living_room_temperature,0.001808,1
1789104878.1001978,smartthings_cloud,delaysteer-motion,0.220798,1
1789104878.2759318,smartthings_cloud,Office Smart Light,0.175688,1
1789104878.445079,smartthings_cloud,Laundryroom/Mudroom Smart Light,0.169107,1
1789104878.605619,smartthings_cloud,Online Status Monitor,0.160502,1
1789104908.6249049,home_assistant,binary_sensor.front_door_contact,0.012418,1
1789104908.628976,home_assistant,lock.front_door,0.003961,1
1789104908.632592,home_assistant,alarm_control_panel.home_alarm,0.003577,1
1789104908.635751,home_assistant,binary_sensor.front_porch_camera_motion,0.003122,1
1789104908.638873,home_assistant,sensor.living_room_temperature,0.003084,1
1789104908.834754,smartthings_cloud,delaysteer-motion,0.195835,1
1789104909.009034,smartthings_cloud,Office Smart Light,0.174231,1
1789104909.205803,smartthings_cloud,Laundryroom/Mudroom Smart Light,0.196719,1
1789104909.3885162,smartthings_cloud,Online Status Monitor,0.182668,1
1789104939.411584,home_assistant,binary_sensor.front_door_contact,0.013873,1
1789104939.415929,home_assistant,lock.front_door,0.004224,1
1789104939.4196851,home_assistant,alarm_control_panel.home_alarm,0.003721,1
1789104939.4236329,home_assistant,binary_sensor.front_porch_camera_motion,0.003909,1
1789104939.426913,home_assistant,sensor.living_room_temperature,0.003245,1
1789104939.648729,smartthings_cloud,delaysteer-motion,0.22177,1
1789104939.85985,smartthings_cloud,Office Smart Light,0.211055,1
1789104940.036082,smartthings_cloud,Laundryroom/Mudroom Smart Light,0.176183,1
1789104940.22871,smartthings_cloud,Online Status Monitor,0.192579,1
1789104970.253504,home_assistant,binary_sensor.front_door_contact,0.015305,1
1789104970.256453,home_assistant,lock.front_door,0.002856,1
1789104970.258861,home_assistant,alarm_control_panel.home_alarm,0.002369,1
1789104970.260949,home_assistant,binary_sensor.front_porch_camera_motion,0.002062,1
1789104970.262881,home_assistant,sensor.living_room_temperature,0.001904,1
1789104970.487665,smartthings_cloud,delaysteer-motion,0.22473,1
1789104970.699872,smartthings_cloud,Office Smart Light,0.212164,1
1789104970.869685,smartthings_cloud,Laundryroom/Mudroom Smart Light,0.169776,1
1789104971.022448,smartthings_cloud,Online Status Monitor,0.152726,1
1789105001.039389,home_assistant,binary_sensor.front_door_contact,0.016107,1
1789105001.0434859,home_assistant,lock.front_door,0.003785,1
1789105001.0469592,home_assistant,alarm_control_panel.home_alarm,0.003438,1
1789105001.051917,home_assistant,binary_sensor.front_porch_camera_motion,0.004916,1
1789105001.0556722,home_assistant,sensor.living_room_temperature,0.00372,1
1789105001.241465,smartthings_cloud,delaysteer-motion,0.18575,1
1789105001.420876,smartthings_cloud,Office Smart Light,0.179371,1
1789105001.576413,smartthings_cloud,Laundryroom/Mudroom Smart Light,0.155502,1
1789105001.748211,smartthings_cloud,Online Status Monitor,0.171757,1
1789105031.77063,home_assistant,binary_sensor.front_door_contact,0.014259,1
1789105031.7737951,home_assistant,lock.front_door,0.003075,1
1789105031.775999,home_assistant,alarm_control_panel.home_alarm,0.002169,1
1789105031.778551,home_assistant,binary_sensor.front_porch_camera_motion,0.002519,1
1789105031.780643,home_assistant,sensor.living_room_temperature,0.002067,1
1789105031.965052,smartthings_cloud,delaysteer-motion,0.184369,1
1789105032.178475,smartthings_cloud,Office Smart Light,0.213373,1
1789105032.342436,smartthings_cloud,Laundryroom/Mudroom Smart Light,0.16391,1
1789105032.542091,smartthings_cloud,Online Status Monitor,0.199606,1
1789105062.559531,home_assistant,binary_sensor.front_door_contact,0.012823,1
1789105062.563562,home_assistant,lock.front_door,0.003926,1
1789105062.566645,home_assistant,alarm_control_panel.home_alarm,0.003044,1
1789105062.5699022,home_assistant,binary_sensor.front_porch_camera_motion,0.00322,1
1789105062.572831,home_assistant,sensor.living_room_temperature,0.002894,1
1789105062.815388,smartthings_cloud,delaysteer-motion,0.24252,1
1789105062.9826822,smartthings_cloud,Office Smart Light,0.167259,1
1789105063.1963782,smartthings_cloud,Laundryroom/Mudroom Smart Light,0.213655,1
1789105063.354422,smartthings_cloud,Online Status Monitor,0.158015,1
1789105093.373743,home_assistant,binary_sensor.front_door_contact,0.012068,1
1789105093.377075,home_assistant,lock.front_door,0.003229,1
1789105093.380149,home_assistant,alarm_control_panel.home_alarm,0.003039,1
1789105093.383222,home_assistant,binary_sensor.front_porch_camera_motion,0.003038,1
1789105093.386393,home_assistant,sensor.living_room_temperature,0.003135,1
1789105093.596498,smartthings_cloud,delaysteer-motion,0.210054,1
1789105093.752737,smartthings_cloud,Office Smart Light,0.156176,1
1789105093.935821,smartthings_cloud,Laundryroom/Mudroom Smart Light,0.183042,1
1789105094.1430998,smartthings_cloud,Online Status Monitor,0.20725,1
1789105124.1614232,home_assistant,binary_sensor.front_door_contact,0.00951,1
1789105124.163612,home_assistant,lock.front_door,0.002044,1
1789105124.166018,home_assistant,alarm_control_panel.home_alarm,0.002373,1
1789105124.167284,home_assistant,binary_sensor.front_porch_camera_motion,0.001235,1
1789105124.168803,home_assistant,sensor.living_room_temperature,0.001501,1
1789105124.336475,smartthings_cloud,delaysteer-motion,0.167645,1
1789105124.502021,smartthings_cloud,Office Smart Light,0.165503,1
1789105124.67275,smartthings_cloud,Laundryroom/Mudroom Smart Light,0.170679,1
1789105124.857871,smartthings_cloud,Online Status Monitor,0.185078,1
1789105154.873997,home_assistant,binary_sensor.front_door_contact,0.013318,1
1789105154.8771598,home_assistant,lock.front_door,0.003043,1
1789105154.879764,home_assistant,alarm_control_panel.home_alarm,0.002592,1
1789105154.882886,home_assistant,binary_sensor.front_porch_camera_motion,0.003113,1
1789105154.886045,home_assistant,sensor.living_room_temperature,0.003152,1
1789105155.1025028,smartthings_cloud,delaysteer-motion,0.216437,1
1789105155.306707,smartthings_cloud,Office Smart Light,0.204153,1
1789105155.530569,smartthings_cloud,Laundryroom/Mudroom Smart Light,0.223809,1
1789105155.6962051,smartthings_cloud,Online Status Monitor,0.165586,1
1789105185.714297,home_assistant,binary_sensor.front_door_contact,0.012151,1
1789105185.717925,home_assistant,lock.front_door,0.003522,1
1789105185.721142,home_assistant,alarm_control_panel.home_alarm,0.00318,1
1789105185.724263,home_assistant,binary_sensor.front_porch_camera_motion,0.003083,1
1789105185.7277818,home_assistant,sensor.living_room_temperature,0.003486,1
1789105185.940385,smartthings_cloud,delaysteer-motion,0.212549,1
1789105186.113439,smartthings_cloud,Office Smart Light,0.173009,1
1789105186.3572109,smartthings_cloud,Laundryroom/Mudroom Smart Light,0.243734,1
1789105186.526913,smartthings_cloud,Online Status Monitor,0.169663,1
1789105216.548146,home_assistant,binary_sensor.front_door_contact,0.011728,1
1789105216.551334,home_assistant,lock.front_door,0.003085,1
1789105216.5542998,home_assistant,alarm_control_panel.home_alarm,0.002933,1
1789105216.557485,home_assistant,binary_sensor.front_porch_camera_motion,0.003145,1
1789105216.560697,home_assistant,sensor.living_room_temperature,0.003177,1
1789105216.792005,smartthings_cloud,delaysteer-motion,0.231259,1
1789105216.9553149,smartthings_cloud,Office Smart Light,0.163262,1
1789105217.1367118,smartthings_cloud,Laundryroom/Mudroom Smart Light,0.18136,1
1789105217.3469281,smartthings_cloud,Online Status Monitor,0.210144,1
1789105247.374034,home_assistant,binary_sensor.front_door_contact,0.016812,1
1789105247.381589,home_assistant,lock.front_door,0.006963,1
1789105247.385549,home_assistant,alarm_control_panel.home_alarm,0.003922,1
1789105247.389015,home_assistant,binary_sensor.front_porch_camera_motion,0.00343,1
1789105247.3924758,home_assistant,sensor.living_room_temperature,0.003427,1
1789105247.724145,smartthings_cloud,delaysteer-motion,0.331624,1
1789105247.895044,smartthings_cloud,Office Smart Light,0.170851,1
1789105248.072407,smartthings_cloud,Laundryroom/Mudroom Smart Light,0.177309,1
1789105248.246849,smartthings_cloud,Online Status Monitor,0.174392,1
1789105278.267421,home_assistant,binary_sensor.front_door_contact,0.013477,1
1789105278.2707589,home_assistant,lock.front_door,0.003219,1
1789105278.274815,home_assistant,alarm_control_panel.home_alarm,0.004022,1
1789105278.2794912,home_assistant,binary_sensor.front_porch_camera_motion,0.004633,1
1789105278.283009,home_assistant,sensor.living_room_temperature,0.003477,1
1789105278.5038002,smartthings_cloud,delaysteer-motion,0.220742,1
1789105278.710049,smartthings_cloud,Office Smart Light,0.206172,1
1789105278.907058,smartthings_cloud,Laundryroom/Mudroom Smart Light,0.196959,1
1789105279.112077,smartthings_cloud,Online Status Monitor,0.204972,1
1789105309.146389,home_assistant,binary_sensor.front_door_contact,0.023352,1
1789105309.150333,home_assistant,lock.front_door,0.003866,1
1789105309.155113,home_assistant,alarm_control_panel.home_alarm,0.004756,1
1789105309.1572459,home_assistant,binary_sensor.front_porch_camera_motion,0.002106,1
1789105309.159913,home_assistant,sensor.living_room_temperature,0.002641,1
1789105309.3246248,smartthings_cloud,delaysteer-motion,0.164678,1
1789105309.486835,smartthings_cloud,Office Smart Light,0.162178,1
1789105309.652263,smartthings_cloud,Laundryroom/Mudroom Smart Light,0.165396,1
1789105309.8079638,smartthings_cloud,Online Status Monitor,0.155674,1
1789105339.830663,home_assistant,binary_sensor.front_door_contact,0.017515,1
1789105339.834333,home_assistant,lock.front_door,0.003563,1
1789105339.836145,home_assistant,alarm_control_panel.home_alarm,0.001778,1
1789105339.838072,home_assistant,binary_sensor.front_porch_camera_motion,0.001901,1
1789105339.8399098,home_assistant,sensor.living_room_temperature,0.001817,1
1789105340.083693,smartthings_cloud,delaysteer-motion,0.24375,1
1789105340.284357,smartthings_cloud,Office Smart Light,0.200623,1
1789105340.474658,smartthings_cloud,Laundryroom/Mudroom Smart Light,0.190249,1
1789105340.6480472,smartthings_cloud,Online Status Monitor,0.173327,1
1789105370.666334,home_assistant,binary_sensor.front_door_contact,0.008843,1
1789105370.668538,home_assistant,lock.front_door,0.002107,1
1789105370.670191,home_assistant,alarm_control_panel.home_alarm,0.001619,1
1789105370.67167,home_assistant,binary_sensor.front_porch_camera_motion,0.001454,1
1789105370.673631,home_assistant,sensor.living_room_temperature,0.001937,1
1789105370.882973,smartthings_cloud,delaysteer-motion,0.209308,1
1789105371.072227,smartthings_cloud,Office Smart Light,0.189214,1
1789105371.282676,smartthings_cloud,Laundryroom/Mudroom Smart Light,0.210405,1
1789105371.4986482,smartthings_cloud,Online Status Monitor,0.215921,1
1789105401.519718,home_assistant,binary_sensor.front_door_contact,0.015273,1
1789105401.522725,home_assistant,lock.front_door,0.002905,1
1789105401.525005,home_assistant,alarm_control_panel.home_alarm,0.002242,1
1789105401.53494,home_assistant,binary_sensor.front_porch_camera_motion,0.009879,1
1789105401.539832,home_assistant,sensor.living_room_temperature,0.004834,1
1789105401.73254,smartthings_cloud,delaysteer-motion,0.192671,1
1789105401.8946,smartthings_cloud,Office Smart Light,0.162025,1
1789105402.0871198,smartthings_cloud,Laundryroom/Mudroom Smart Light,0.192483,1
1789105402.268631,smartthings_cloud,Online Status Monitor,0.181475,1
1789105432.281547,home_assistant,binary_sensor.front_door_contact,0.011111,1
1789105432.283475,home_assistant,lock.front_door,0.001817,1
1789105432.285138,home_assistant,alarm_control_panel.home_alarm,0.001629,1
1789105432.286612,home_assistant,binary_sensor.front_porch_camera_motion,0.00144,1
1789105432.288157,home_assistant,sensor.living_room_temperature,0.001522,1
1789105432.4759738,smartthings_cloud,delaysteer-motion,0.187781,1
1789105432.640343,smartthings_cloud,Office Smart Light,0.164315,1
1789105432.835126,smartthings_cloud,Laundryroom/Mudroom Smart Light,0.194724,1
1789105433.003239,smartthings_cloud,Online Status Monitor,0.168079,1
1789105463.02282,home_assistant,binary_sensor.front_door_contact,0.011893,1
1789105463.026898,home_assistant,lock.front_door,0.003724,1
1789105463.030213,home_assistant,alarm_control_panel.home_alarm,0.00327,1
1789105463.032168,home_assistant,binary_sensor.front_porch_camera_motion,0.001913,1
1789105463.034983,home_assistant,sensor.living_room_temperature,0.002776,1
1789105463.274595,smartthings_cloud,delaysteer-motion,0.239563,1
1789105463.610636,smartthings_cloud,Office Smart Light,0.335992,1
1789105463.8277252,smartthings_cloud,Laundryroom/Mudroom Smart Light,0.217037,1
1789105464.249603,smartthings_cloud,Online Status Monitor,0.421831,1
1789105494.2692008,home_assistant,binary_sensor.front_door_contact,0.008641,1
1789105494.271389,home_assistant,lock.front_door,0.00208,1
1789105494.273037,home_assistant,alarm_control_panel.home_alarm,0.001615,1
1789105494.274672,home_assistant,binary_sensor.front_porch_camera_motion,0.001606,1
1789105494.277011,home_assistant,sensor.living_room_temperature,0.002307,1
1789105494.503923,smartthings_cloud,delaysteer-motion,0.226869,1
1789105494.669245,smartthings_cloud,Office Smart Light,0.165268,1
1789105494.855941,smartthings_cloud,Laundryroom/Mudroom Smart Light,0.18664,1
1789105495.0439308,smartthings_cloud,Online Status Monitor,0.187961,1
1789105525.059176,home_assistant,binary_sensor.front_door_contact,0.008984,1
1789105525.063029,home_assistant,lock.front_door,0.003749,1
1789105525.066369,home_assistant,alarm_control_panel.home_alarm,0.003307,1
1789105525.06935,home_assistant,binary_sensor.front_porch_camera_motion,0.002948,1
1789105525.072147,home_assistant,sensor.living_room_temperature,0.002764,1
1789105525.2880168,smartthings_cloud,delaysteer-motion,0.215821,1
1789105525.4743302,smartthings_cloud,Office Smart Light,0.186285,1
1789105525.671927,smartthings_cloud,Laundryroom/Mudroom Smart Light,0.197568,1
1789105525.8547368,smartthings_cloud,Online Status Monitor,0.182783,1
1789105555.878319,home_assistant,binary_sensor.front_door_contact,0.012837,1
1789105555.8812711,home_assistant,lock.front_door,0.002851,1
1789105555.883678,home_assistant,alarm_control_panel.home_alarm,0.002374,1
1789105555.886056,home_assistant,binary_sensor.front_porch_camera_motion,0.002349,1
1789105555.8885918,home_assistant,sensor.living_room_temperature,0.002509,1
1789105556.0881338,smartthings_cloud,delaysteer-motion,0.199505,1
1789105556.282141,smartthings_cloud,Office Smart Light,0.193952,1
1789105556.5065799,smartthings_cloud,Laundryroom/Mudroom Smart Light,0.224392,1
1789105556.6975749,smartthings_cloud,Online Status Monitor,0.190947,1
1789105586.717867,home_assistant,binary_sensor.front_door_contact,0.01421,1
1789105586.721343,home_assistant,lock.front_door,0.00336,1
1789105586.725427,home_assistant,alarm_control_panel.home_alarm,0.004047,1
1789105586.72913,home_assistant,binary_sensor.front_porch_camera_motion,0.003668,1
1789105586.732121,home_assistant,sensor.living_room_temperature,0.002956,1
1789105586.931249,smartthings_cloud,delaysteer-motion,0.199082,1
1789105587.114864,smartthings_cloud,Office Smart Light,0.183577,1
1789105587.326412,smartthings_cloud,Laundryroom/Mudroom Smart Light,0.211495,1
1789105587.512894,smartthings_cloud,Online Status Monitor,0.186431,1
1789105617.532535,home_assistant,binary_sensor.front_door_contact,0.011546,1
1789105617.5357351,home_assistant,lock.front_door,0.003105,1
1789105617.538652,home_assistant,alarm_control_panel.home_alarm,0.002888,1
1789105617.541395,home_assistant,binary_sensor.front_porch_camera_motion,0.002713,1
1789105617.543846,home_assistant,sensor.living_room_temperature,0.002416,1
1789105617.761525,smartthings_cloud,delaysteer-motion,0.217643,1
1789105617.930593,smartthings_cloud,Office Smart Light,0.169033,1
1789105618.13393,smartthings_cloud,Laundryroom/Mudroom Smart Light,0.20331,1
1789105618.2884,smartthings_cloud,Online Status Monitor,0.154434,1
1789105648.308885,home_assistant,binary_sensor.front_door_contact,0.010359,1
1789105648.312181,home_assistant,lock.front_door,0.003203,1
1789105648.315068,home_assistant,alarm_control_panel.home_alarm,0.002857,1
1789105648.3177211,home_assistant,binary_sensor.front_porch_camera_motion,0.002624,1
1789105648.320423,home_assistant,sensor.living_room_temperature,0.002673,1
1789105648.57066,smartthings_cloud,delaysteer-motion,0.250197,1
1789105648.723001,smartthings_cloud,Office Smart Light,0.152315,1
1789105648.895709,smartthings_cloud,Laundryroom/Mudroom Smart Light,0.172673,1
1789105649.059239,smartthings_cloud,Online Status Monitor,0.163501,1
1789105679.084317,home_assistant,binary_sensor.front_door_contact,0.014472,1
1789105679.087853,home_assistant,lock.front_door,0.003447,1
1789105679.090637,home_assistant,alarm_control_panel.home_alarm,0.002751,1
1789105679.0935712,home_assistant,binary_sensor.front_porch_camera_motion,0.002904,1
1789105679.0964742,home_assistant,sensor.living_room_temperature,0.002873,1
1789105679.298191,smartthings_cloud,delaysteer-motion,0.201675,1
1789105679.486675,smartthings_cloud,Office Smart Light,0.188436,1
1789105679.6773162,smartthings_cloud,Laundryroom/Mudroom Smart Light,0.190603,1
1789105679.8461199,smartthings_cloud,Online Status Monitor,0.168767,1
1789105709.879324,home_assistant,binary_sensor.front_door_contact,0.02452,1
1789105709.883788,home_assistant,lock.front_door,0.004278,1
1789105709.886703,home_assistant,alarm_control_panel.home_alarm,0.002874,1
1789105709.8891299,home_assistant,binary_sensor.front_porch_camera_motion,0.002396,1
1789105709.893046,home_assistant,sensor.living_room_temperature,0.003882,1
1789105710.142186,smartthings_cloud,delaysteer-motion,0.249102,1
1789105710.315073,smartthings_cloud,Office Smart Light,0.172845,1
1789105710.479001,smartthings_cloud,Laundryroom/Mudroom Smart Light,0.163877,1
1789105710.6643891,smartthings_cloud,Online Status Monitor,0.185337,1
1789105740.693345,home_assistant,binary_sensor.front_door_contact,0.022389,1
1789105740.696959,home_assistant,lock.front_door,0.003506,1
1789105740.700156,home_assistant,alarm_control_panel.home_alarm,0.00317,1
1789105740.704306,home_assistant,binary_sensor.front_porch_camera_motion,0.00412,1
1789105740.708509,home_assistant,sensor.living_room_temperature,0.004148,1
1789105740.9564888,smartthings_cloud,delaysteer-motion,0.247935,1
1789105741.1255722,smartthings_cloud,Office Smart Light,0.169053,1
1789105741.3212218,smartthings_cloud,Laundryroom/Mudroom Smart Light,0.195618,1
1789105741.518264,smartthings_cloud,Online Status Monitor,0.197012,1
1789105771.5430322,home_assistant,binary_sensor.front_door_contact,0.014506,1
1789105771.5472262,home_assistant,lock.front_door,0.004078,1
1789105771.55126,home_assistant,alarm_control_panel.home_alarm,0.003999,1
1789105771.5553138,home_assistant,binary_sensor.front_porch_camera_motion,0.004017,1
1789105771.560622,home_assistant,sensor.living_room_temperature,0.00527,1
1789105771.741919,smartthings_cloud,delaysteer-motion,0.181248,1
1789105771.917848,smartthings_cloud,Office Smart Light,0.175889,1
1789105772.0787609,smartthings_cloud,Laundryroom/Mudroom Smart Light,0.160889,1
1789105772.263239,smartthings_cloud,Online Status Monitor,0.184439,1
1789105802.277426,home_assistant,binary_sensor.front_door_contact,0.010517,1
1789105802.2806778,home_assistant,lock.front_door,0.003126,1
1789105802.284626,home_assistant,alarm_control_panel.home_alarm,0.003904,1
1789105802.287411,home_assistant,binary_sensor.front_porch_camera_motion,0.002743,1
1789105802.2900329,home_assistant,sensor.living_room_temperature,0.002578,1
1789105802.503923,smartthings_cloud,delaysteer-motion,0.213821,1
1789105802.667705,smartthings_cloud,Office Smart Light,0.163741,1
1789105802.831035,smartthings_cloud,Laundryroom/Mudroom Smart Light,0.163289,1
1789105802.999465,smartthings_cloud,Online Status Monitor,0.168392,1
1789105833.021132,home_assistant,binary_sensor.front_door_contact,0.017756,1
1789105833.025677,home_assistant,lock.front_door,0.004445,1
1789105833.0287979,home_assistant,alarm_control_panel.home_alarm,0.003087,1
1789105833.032383,home_assistant,binary_sensor.front_porch_camera_motion,0.00355,1
1789105833.0358558,home_assistant,sensor.living_room_temperature,0.003441,1
1789105833.239758,smartthings_cloud,delaysteer-motion,0.203851,1
1789105833.3935108,smartthings_cloud,Office Smart Light,0.15371,1
1789105833.576007,smartthings_cloud,Laundryroom/Mudroom Smart Light,0.182454,1
1789105833.758529,smartthings_cloud,Online Status Monitor,0.182479,1
1789105863.777021,home_assistant,binary_sensor.front_door_contact,0.009893,1
1789105863.78144,home_assistant,lock.front_door,0.004285,1
1789105863.784496,home_assistant,alarm_control_panel.home_alarm,0.003018,1
1789105863.7874172,home_assistant,binary_sensor.front_porch_camera_motion,0.002885,1
1789105863.7901928,home_assistant,sensor.living_room_temperature,0.002743,1
1789105863.985605,smartthings_cloud,delaysteer-motion,0.195376,1
1789105864.1871538,smartthings_cloud,Office Smart Light,0.20151,1
1789105864.363668,smartthings_cloud,Laundryroom/Mudroom Smart Light,0.176487,1
1789105864.526277,smartthings_cloud,Online Status Monitor,0.16258,1
1789105894.549271,home_assistant,binary_sensor.front_door_contact,0.013399,1
1789105894.552355,home_assistant,lock.front_door,0.0029,1
1789105894.5544121,home_assistant,alarm_control_panel.home_alarm,0.002032,1
1789105894.556041,home_assistant,binary_sensor.front_porch_camera_motion,0.001613,1
1789105894.557308,home_assistant,sensor.living_room_temperature,0.001256,1
1789105894.728485,smartthings_cloud,delaysteer-motion,0.171153,1
1789105894.9193752,smartthings_cloud,Office Smart Light,0.190821,1
1789105895.095412,smartthings_cloud,Laundryroom/Mudroom Smart Light,0.17599,1
1789105895.2605162,smartthings_cloud,Online Status Monitor,0.165063,1
1789105925.283587,home_assistant,binary_sensor.front_door_contact,0.013819,1
1789105925.287497,home_assistant,lock.front_door,0.003793,1
1789105925.290694,home_assistant,alarm_control_panel.home_alarm,0.00316,1
1789105925.294107,home_assistant,binary_sensor.front_porch_camera_motion,0.003375,1
1789105925.297107,home_assistant,sensor.living_room_temperature,0.002959,1
1789105925.542458,smartthings_cloud,delaysteer-motion,0.245294,1
1789105925.725735,smartthings_cloud,Office Smart Light,0.18322,1
1789105925.910395,smartthings_cloud,Laundryroom/Mudroom Smart Light,0.184619,1
1789105926.0703192,smartthings_cloud,Online Status Monitor,0.15988,1
1789105956.088871,home_assistant,binary_sensor.front_door_contact,0.010557,1
1789105956.093576,home_assistant,lock.front_door,0.004548,1
1789105956.097481,home_assistant,alarm_control_panel.home_alarm,0.003868,1
1789105956.101313,home_assistant,binary_sensor.front_porch_camera_motion,0.003793,1
1789105956.1045089,home_assistant,sensor.living_room_temperature,0.00316,1
1789105956.426722,smartthings_cloud,delaysteer-motion,0.322159,1
1789105956.612236,smartthings_cloud,Office Smart Light,0.185483,1
1789105956.80748,smartthings_cloud,Laundryroom/Mudroom Smart Light,0.195205,1
1789105956.9827662,smartthings_cloud,Online Status Monitor,0.175243,1
1789105987.000567,home_assistant,binary_sensor.front_door_contact,0.010532,1
1789105987.002879,home_assistant,lock.front_door,0.002221,1
1789105987.00512,home_assistant,alarm_control_panel.home_alarm,0.002216,1
1789105987.007592,home_assistant,binary_sensor.front_porch_camera_motion,0.002445,1
1789105987.009143,home_assistant,sensor.living_room_temperature,0.001522,1
1789105987.214123,smartthings_cloud,delaysteer-motion,0.204947,1
1789105987.397789,smartthings_cloud,Office Smart Light,0.183211,1
1789105987.567631,smartthings_cloud,Laundryroom/Mudroom Smart Light,0.169808,1
1789105987.750413,smartthings_cloud,Online Status Monitor,0.182745,1
1789106017.765871,home_assistant,binary_sensor.front_door_contact,0.013427,1
1789106017.7696471,home_assistant,lock.front_door,0.003664,1
1789106017.772991,home_assistant,alarm_control_panel.home_alarm,0.003304,1
1789106017.776289,home_assistant,binary_sensor.front_porch_camera_motion,0.003258,1
1789106017.779718,home_assistant,sensor.living_room_temperature,0.00339,1
1789106017.981765,smartthings_cloud,delaysteer-motion,0.201993,1
1789106018.152606,smartthings_cloud,Office Smart Light,0.170799,1
1789106018.3259761,smartthings_cloud,Laundryroom/Mudroom Smart Light,0.173313,1
1789106018.527626,smartthings_cloud,Online Status Monitor,0.201612,1
1789106048.5430028,home_assistant,binary_sensor.front_door_contact,0.014357,1
1789106048.547967,home_assistant,lock.front_door,0.004842,1
1789106048.5531409,home_assistant,alarm_control_panel.home_alarm,0.005134,1
1789106048.557634,home_assistant,binary_sensor.front_porch_camera_motion,0.004456,1
1789106048.5611389,home_assistant,sensor.living_room_temperature,0.003465,1
1789106048.8503711,smartthings_cloud,delaysteer-motion,0.289175,1
1789106049.0353448,smartthings_cloud,Office Smart Light,0.184903,1
1789106049.206113,smartthings_cloud,Laundryroom/Mudroom Smart Light,0.170714,1
1789106049.4216802,smartthings_cloud,Online Status Monitor,0.215519,1
1789106079.418748,home_assistant,binary_sensor.front_door_contact,0.011657,1
1789106079.421126,home_assistant,lock.front_door,0.002291,1
1789106079.42376,home_assistant,alarm_control_panel.home_alarm,0.002607,1
1789106079.425378,home_assistant,binary_sensor.front_porch_camera_motion,0.001597,1
1789106079.428494,home_assistant,sensor.living_room_temperature,0.003098,1
1789106079.6055691,smartthings_cloud,delaysteer-motion,0.177087,1
1789106079.812141,smartthings_cloud,Office Smart Light,0.206608,1
1789106079.9801118,smartthings_cloud,Laundryroom/Mudroom Smart Light,0.16799,1
1789106080.145451,smartthings_cloud,Online Status Monitor,0.165363,1
1789106110.167347,home_assistant,binary_sensor.front_door_contact,0.024363,1
1789106110.172571,home_assistant,lock.front_door,0.004874,1
1789106110.181275,home_assistant,alarm_control_panel.home_alarm,0.008674,1
1789106110.185112,home_assistant,binary_sensor.front_porch_camera_motion,0.003808,1
1789106110.195592,home_assistant,sensor.living_room_temperature,0.010442,1
1789106110.408301,smartthings_cloud,delaysteer-motion,0.212625,1
1789106110.588993,smartthings_cloud,Office Smart Light,0.180633,1
1789106110.768682,smartthings_cloud,Laundryroom/Mudroom Smart Light,0.179635,1
1789106110.941615,smartthings_cloud,Online Status Monitor,0.172881,1
1789106140.959357,home_assistant,binary_sensor.front_door_contact,0.010416,1
1789106140.962507,home_assistant,lock.front_door,0.003011,1
1789106140.9683259,home_assistant,alarm_control_panel.home_alarm,0.005777,1
1789106140.97367,home_assistant,binary_sensor.front_porch_camera_motion,0.005313,1
1789106140.977789,home_assistant,sensor.living_room_temperature,0.004077,1
1789106141.26881,smartthings_cloud,delaysteer-motion,0.290987,1
1789106141.4274912,smartthings_cloud,Office Smart Light,0.158598,1
1789106141.602459,smartthings_cloud,Laundryroom/Mudroom Smart Light,0.174915,1
1789106141.8175201,smartthings_cloud,Online Status Monitor,0.215015,1
1789106171.8366249,home_assistant,binary_sensor.front_door_contact,0.009513,1
1789106171.838778,home_assistant,lock.front_door,0.002034,1
1789106171.840682,home_assistant,alarm_control_panel.home_alarm,0.00187,1
1789106171.842711,home_assistant,binary_sensor.front_porch_camera_motion,0.001991,1
1789106171.8448918,home_assistant,sensor.living_room_temperature,0.002145,1
1789106172.01744,smartthings_cloud,delaysteer-motion,0.172495,1
1789106172.23007,smartthings_cloud,Office Smart Light,0.212603,1
1789106172.4342551,smartthings_cloud,Laundryroom/Mudroom Smart Light,0.204152,1
1789106172.597762,smartthings_cloud,Online Status Monitor,0.163471,1
1789106202.613537,home_assistant,binary_sensor.front_door_contact,0.005717,1
1789106202.614982,home_assistant,lock.front_door,0.001375,1
1789106202.6163058,home_assistant,alarm_control_panel.home_alarm,0.001304,1
1789106202.617443,home_assistant,binary_sensor.front_porch_camera_motion,0.001121,1
1789106202.6185322,home_assistant,sensor.living_room_temperature,0.001075,1
1789106202.8397079,smartthings_cloud,delaysteer-motion,0.221155,1
1789106203.034046,smartthings_cloud,Office Smart Light,0.194311,1
1789106203.2703779,smartthings_cloud,Laundryroom/Mudroom Smart Light,0.236272,1
1789106203.4371579,smartthings_cloud,Online Status Monitor,0.166732,1
1789106233.454506,home_assistant,binary_sensor.front_door_contact,0.009792,1
1789106233.457068,home_assistant,lock.front_door,0.002458,1
1789106233.459935,home_assistant,alarm_control_panel.home_alarm,0.002832,1
1789106233.462621,home_assistant,binary_sensor.front_porch_camera_motion,0.002646,1
1789106233.4665082,home_assistant,sensor.living_room_temperature,0.00385,1
1789106233.708342,smartthings_cloud,delaysteer-motion,0.241787,1
1789106233.879061,smartthings_cloud,Office Smart Light,0.170678,1
1789106234.0753868,smartthings_cloud,Laundryroom/Mudroom Smart Light,0.196277,1
1789106234.2656431,smartthings_cloud,Online Status Monitor,0.190197,1
1789106264.281019,home_assistant,binary_sensor.front_door_contact,0.007233,1
1789106264.283746,home_assistant,lock.front_door,0.002649,1
1789106264.285216,home_assistant,alarm_control_panel.home_alarm,0.001445,1
1789106264.286368,home_assistant,binary_sensor.front_porch_camera_motion,0.001134,1
1789106264.287793,home_assistant,sensor.living_room_temperature,0.001406,1
1789106264.466101,smartthings_cloud,delaysteer-motion,0.178288,1
1789106264.633247,smartthings_cloud,Office Smart Light,0.167117,1
1789106264.82026,smartthings_cloud,Laundryroom/Mudroom Smart Light,0.186986,1
1789106265.0148962,smartthings_cloud,Online Status Monitor,0.19458,1
1789106295.0305762,home_assistant,binary_sensor.front_door_contact,0.014049,1
1789106295.033979,home_assistant,lock.front_door,0.003284,1
1789106295.037507,home_assistant,alarm_control_panel.home_alarm,0.003493,1
1789106295.040572,home_assistant,binary_sensor.front_porch_camera_motion,0.003029,1
1789106295.043604,home_assistant,sensor.living_room_temperature,0.002997,1
1789106295.252464,smartthings_cloud,delaysteer-motion,0.208806,1
1789106295.417863,smartthings_cloud,Office Smart Light,0.165362,1
1789106295.589167,smartthings_cloud,Laundryroom/Mudroom Smart Light,0.171274,1
1789106295.80066,smartthings_cloud,Online Status Monitor,0.211467,1
1789106325.816225,home_assistant,binary_sensor.front_door_contact,0.013785,1
1789106325.8192298,home_assistant,lock.front_door,0.002914,1
1789106325.821952,home_assistant,alarm_control_panel.home_alarm,0.002691,1
1789106325.8245509,home_assistant,binary_sensor.front_porch_camera_motion,0.002566,1
1789106325.827339,home_assistant,sensor.living_room_temperature,0.002758,1
1789106326.107512,smartthings_cloud,delaysteer-motion,0.28012,1
1789106326.358115,smartthings_cloud,Office Smart Light,0.25056,1
1789106326.5571158,smartthings_cloud,Laundryroom/Mudroom Smart Light,0.198966,1
1789106326.716725,smartthings_cloud,Online Status Monitor,0.159562,1
1789106356.755059,home_assistant,binary_sensor.front_door_contact,0.028721,1
1789106356.760115,home_assistant,lock.front_door,0.004841,1
1789106356.7637298,home_assistant,alarm_control_panel.home_alarm,0.003578,1
1789106356.767602,home_assistant,binary_sensor.front_porch_camera_motion,0.003837,1
1789106356.7709901,home_assistant,sensor.living_room_temperature,0.003349,1
1789106356.993087,smartthings_cloud,delaysteer-motion,0.222046,1
1789106357.1649458,smartthings_cloud,Office Smart Light,0.171809,1
1789106357.3288288,smartthings_cloud,Laundryroom/Mudroom Smart Light,0.163833,1
1789106357.494167,smartthings_cloud,Online Status Monitor,0.165299,1
1789106387.5236852,home_assistant,binary_sensor.front_door_contact,0.018658,1
1789106387.5277,home_assistant,lock.front_door,0.003906,1
1789106387.53185,home_assistant,alarm_control_panel.home_alarm,0.004111,1
1789106387.5355468,home_assistant,binary_sensor.front_porch_camera_motion,0.003658,1
1789106387.5387158,home_assistant,sensor.living_room_temperature,0.003133,1
1789106387.750999,smartthings_cloud,delaysteer-motion,0.212242,1
1789106387.913995,smartthings_cloud,Office Smart Light,0.162946,1
1789106388.105108,smartthings_cloud,Laundryroom/Mudroom Smart Light,0.191079,1
1789106388.287415,smartthings_cloud,Online Status Monitor,0.182262,1
1789106418.308932,home_assistant,binary_sensor.front_door_contact,0.014481,1
1789106418.312917,home_assistant,lock.front_door,0.003879,1
1789106418.316871,home_assistant,alarm_control_panel.home_alarm,0.003917,1
1789106418.3198771,home_assistant,binary_sensor.front_porch_camera_motion,0.002971,1
1789106418.323292,home_assistant,sensor.living_room_temperature,0.003379,1
1789106418.65618,smartthings_cloud,delaysteer-motion,0.33285,1
1789106418.829945,smartthings_cloud,Office Smart Light,0.173729,1
1789106419.001268,smartthings_cloud,Laundryroom/Mudroom Smart Light,0.171291,1
1789106419.177185,smartthings_cloud,Online Status Monitor,0.175865,1
1789106449.21195,home_assistant,binary_sensor.front_door_contact,0.034134,1
1789106449.216209,home_assistant,lock.front_door,0.004137,1
1789106449.223094,home_assistant,alarm_control_panel.home_alarm,0.006853,1
1789106449.233084,home_assistant,binary_sensor.front_porch_camera_motion,0.009963,1
1789106449.2510579,home_assistant,sensor.living_room_temperature,0.017936,1
1789106449.428734,smartthings_cloud,delaysteer-motion,0.177617,1
1789106449.613688,smartthings_cloud,Office Smart Light,0.184919,1
1789106449.7737758,smartthings_cloud,Laundryroom/Mudroom Smart Light,0.160052,1
1789106449.9752169,smartthings_cloud,Online Status Monitor,0.201386,1
1789106480.002194,home_assistant,binary_sensor.front_door_contact,0.025671,1
1789106480.0061498,home_assistant,lock.front_door,0.003868,1
1789106480.0090618,home_assistant,alarm_control_panel.home_alarm,0.002885,1
1789106480.012258,home_assistant,binary_sensor.front_porch_camera_motion,0.003171,1
1789106480.014823,home_assistant,sensor.living_room_temperature,0.00254,1
1789106480.193268,smartthings_cloud,delaysteer-motion,0.17841,1
1789106480.38546,smartthings_cloud,Office Smart Light,0.192164,1
1789106480.556484,smartthings_cloud,Laundryroom/Mudroom Smart Light,0.17099,1
1789106480.738306,smartthings_cloud,Online Status Monitor,0.181789,1
1789106510.7612019,home_assistant,binary_sensor.front_door_contact,0.014179,1
1789106510.7638998,home_assistant,lock.front_door,0.002604,1
1789106510.766005,home_assistant,alarm_control_panel.home_alarm,0.002078,1
1789106510.769087,home_assistant,binary_sensor.front_porch_camera_motion,0.003065,1
1789106510.771851,home_assistant,sensor.living_room_temperature,0.00274,1
1789106510.9357991,smartthings_cloud,delaysteer-motion,0.163921,1
1789106511.150113,smartthings_cloud,Office Smart Light,0.214257,1
1789106511.314136,smartthings_cloud,Laundryroom/Mudroom Smart Light,0.16399,1
1789106511.506012,smartthings_cloud,Online Status Monitor,0.191847,1
1789106541.529223,home_assistant,binary_sensor.front_door_contact,0.012903,1
1789106541.533047,home_assistant,lock.front_door,0.003737,1
1789106541.538489,home_assistant,alarm_control_panel.home_alarm,0.005414,1
1789106541.543385,home_assistant,binary_sensor.front_porch_camera_motion,0.004864,1
1789106541.546432,home_assistant,sensor.living_room_temperature,0.003015,1
1789106541.702732,smartthings_cloud,delaysteer-motion,0.15625,1
1789106541.889951,smartthings_cloud,Office Smart Light,0.187186,1
1789106542.139213,smartthings_cloud,Laundryroom/Mudroom Smart Light,0.249234,1
1789106542.31583,smartthings_cloud,Online Status Monitor,0.176582,1
1789106572.338559,home_assistant,binary_sensor.front_door_contact,0.021804,1
1789106572.3438091,home_assistant,lock.front_door,0.005069,1
1789106572.349061,home_assistant,alarm_control_panel.home_alarm,0.005214,1
1789106572.354514,home_assistant,binary_sensor.front_porch_camera_motion,0.005414,1
1789106572.358499,home_assistant,sensor.living_room_temperature,0.003931,1
1789106572.585736,smartthings_cloud,delaysteer-motion,0.227184,1
1789106572.774901,smartthings_cloud,Office Smart Light,0.189124,1
1789106572.961849,smartthings_cloud,Laundryroom/Mudroom Smart Light,0.186899,1
1789106573.133876,smartthings_cloud,Online Status Monitor,0.171978,1
1789106603.152139,home_assistant,binary_sensor.front_door_contact,0.013846,1
1789106603.156824,home_assistant,lock.front_door,0.004559,1
1789106603.160052,home_assistant,alarm_control_panel.home_alarm,0.003184,1
1789106603.164078,home_assistant,binary_sensor.front_porch_camera_motion,0.00399,1
1789106603.1680698,home_assistant,sensor.living_room_temperature,0.003948,1
1789106603.354628,smartthings_cloud,delaysteer-motion,0.186515,1
1789106603.521246,smartthings_cloud,Office Smart Light,0.16657,1
1789106603.706337,smartthings_cloud,Laundryroom/Mudroom Smart Light,0.185053,1
1789106603.8829598,smartthings_cloud,Online Status Monitor,0.176588,1
1789106633.9041421,home_assistant,binary_sensor.front_door_contact,0.011696,1
1789106633.90683,home_assistant,lock.front_door,0.002592,1
1789106633.908969,home_assistant,alarm_control_panel.home_alarm,0.002117,1
1789106633.912145,home_assistant,binary_sensor.front_porch_camera_motion,0.003165,1
1789106633.9164999,home_assistant,sensor.living_room_temperature,0.004338,1
1789106634.101774,smartthings_cloud,delaysteer-motion,0.185241,1
1789106634.281827,smartthings_cloud,Office Smart Light,0.180005,1
1789106634.455533,smartthings_cloud,Laundryroom/Mudroom Smart Light,0.173683,1
1789106634.6186209,smartthings_cloud,Online Status Monitor,0.163044,1
1789106664.6407511,home_assistant,binary_sensor.front_door_contact,0.013806,1
1789106664.6452658,home_assistant,lock.front_door,0.004272,1
1789106664.650037,home_assistant,alarm_control_panel.home_alarm,0.004731,1
1789106664.654728,home_assistant,binary_sensor.front_porch_camera_motion,0.004647,1
1789106664.65807,home_assistant,sensor.living_room_temperature,0.003307,1
1789106664.8629591,smartthings_cloud,delaysteer-motion,0.204832,1
1789106665.047589,smartthings_cloud,Office Smart Light,0.184601,1
1789106665.271581,smartthings_cloud,Laundryroom/Mudroom Smart Light,0.223949,1
1789106665.443249,smartthings_cloud,Online Status Monitor,0.171623,1
1789106695.468576,home_assistant,binary_sensor.front_door_contact,0.015287,1
1789106695.4726799,home_assistant,lock.front_door,0.003967,1
1789106695.4760761,home_assistant,alarm_control_panel.home_alarm,0.003343,1
1789106695.480105,home_assistant,binary_sensor.front_porch_camera_motion,0.003984,1
1789106695.4831932,home_assistant,sensor.living_room_temperature,0.00304,1
1789106695.6887941,smartthings_cloud,delaysteer-motion,0.205528,1
1789106695.9046469,smartthings_cloud,Office Smart Light,0.215827,1
1789106696.068426,smartthings_cloud,Laundryroom/Mudroom Smart Light,0.163747,1
1789106696.2404711,smartthings_cloud,Online Status Monitor,0.172007,1
1789106726.258155,home_assistant,binary_sensor.front_door_contact,0.010823,1
1789106726.260959,home_assistant,lock.front_door,0.002707,1
1789106726.263681,home_assistant,alarm_control_panel.home_alarm,0.002691,1
1789106726.266052,home_assistant,binary_sensor.front_porch_camera_motion,0.002342,1
1789106726.268509,home_assistant,sensor.living_room_temperature,0.002426,1
1789106726.462944,smartthings_cloud,delaysteer-motion,0.1944,1
1789106726.639442,smartthings_cloud,Office Smart Light,0.17645,1
1789106726.786077,smartthings_cloud,Laundryroom/Mudroom Smart Light,0.146587,1
1789106726.9316149,smartthings_cloud,Online Status Monitor,0.14548,1
1789106756.948266,home_assistant,binary_sensor.front_door_contact,0.008186,1
1789106756.950955,home_assistant,lock.front_door,0.002575,1
1789106756.953409,home_assistant,alarm_control_panel.home_alarm,0.002428,1
1789106756.9558709,home_assistant,binary_sensor.front_porch_camera_motion,0.002433,1
1789106756.961173,home_assistant,sensor.living_room_temperature,0.005275,1
1789106757.1865861,smartthings_cloud,delaysteer-motion,0.225375,1
1789106757.378078,smartthings_cloud,Office Smart Light,0.191465,1
1789106757.5490282,smartthings_cloud,Laundryroom/Mudroom Smart Light,0.170923,1
1789106757.742264,smartthings_cloud,Online Status Monitor,0.193209,1
1789106787.766451,home_assistant,binary_sensor.front_door_contact,0.013765,1
1789106787.769948,home_assistant,lock.front_door,0.003353,1
1789106787.774103,home_assistant,alarm_control_panel.home_alarm,0.004119,1
1789106787.7766988,home_assistant,binary_sensor.front_porch_camera_motion,0.002564,1
1789106787.779496,home_assistant,sensor.living_room_temperature,0.002762,1
1789106787.968093,smartthings_cloud,delaysteer-motion,0.188542,1
1789106788.149539,smartthings_cloud,Office Smart Light,0.181382,1
1789106788.314223,smartthings_cloud,Laundryroom/Mudroom Smart Light,0.164616,1
1789106788.5028942,smartthings_cloud,Online Status Monitor,0.188608,1
1789106818.529566,home_assistant,binary_sensor.front_door_contact,0.021287,1
1789106818.5334349,home_assistant,lock.front_door,0.003757,1
1789106818.536421,home_assistant,alarm_control_panel.home_alarm,0.002951,1
1789106818.539754,home_assistant,binary_sensor.front_porch_camera_motion,0.00326,1
1789106818.54249,home_assistant,sensor.living_room_temperature,0.002703,1
1789106818.766989,smartthings_cloud,delaysteer-motion,0.224442,1
1789106818.953402,smartthings_cloud,Office Smart Light,0.186377,1
1789106819.179321,smartthings_cloud,Laundryroom/Mudroom Smart Light,0.225874,1
1789106819.347861,smartthings_cloud,Online Status Monitor,0.168502,1
1789106849.37309,home_assistant,binary_sensor.front_door_contact,0.019811,1
1789106849.378075,home_assistant,lock.front_door,0.004756,1
1789106849.380453,home_assistant,alarm_control_panel.home_alarm,0.002349,1
1789106849.382593,home_assistant,binary_sensor.front_porch_camera_motion,0.002115,1
1789106849.3844109,home_assistant,sensor.living_room_temperature,0.001797,1
1789106849.599338,smartthings_cloud,delaysteer-motion,0.214901,1
1789106849.762149,smartthings_cloud,Office Smart Light,0.162765,1
1789106849.928816,smartthings_cloud,Laundryroom/Mudroom Smart Light,0.166631,1
1789106850.0880058,smartthings_cloud,Online Status Monitor,0.159136,1
1789106880.1270459,home_assistant,binary_sensor.front_door_contact,0.031439,1
1789106880.131853,home_assistant,lock.front_door,0.004078,1
1789106880.133919,home_assistant,alarm_control_panel.home_alarm,0.002033,1
1789106880.1360798,home_assistant,binary_sensor.front_porch_camera_motion,0.002134,1
1789106880.1391501,home_assistant,sensor.living_room_temperature,0.003048,1
1789106880.3229709,smartthings_cloud,delaysteer-motion,0.183785,1
1789106880.470183,smartthings_cloud,Office Smart Light,0.147157,1
1789106880.661881,smartthings_cloud,Laundryroom/Mudroom Smart Light,0.191643,1
1789106880.834569,smartthings_cloud,Online Status Monitor,0.172648,1
1789106910.858463,home_assistant,binary_sensor.front_door_contact,0.017153,1
1789106910.862819,home_assistant,lock.front_door,0.004222,1
1789106910.868119,home_assistant,alarm_control_panel.home_alarm,0.005264,1
1789106910.872679,home_assistant,binary_sensor.front_porch_camera_motion,0.004513,1
1789106910.875668,home_assistant,sensor.living_room_temperature,0.002949,1
1789106911.064749,smartthings_cloud,delaysteer-motion,0.189013,1
1789106911.232119,smartthings_cloud,Office Smart Light,0.167333,1
1789106911.4140642,smartthings_cloud,Laundryroom/Mudroom Smart Light,0.181899,1
1789106911.5963678,smartthings_cloud,Online Status Monitor,0.182262,1
1789106941.626644,home_assistant,binary_sensor.front_door_contact,0.02006,1
1789106941.6288571,home_assistant,lock.front_door,0.002114,1
1789106941.631577,home_assistant,alarm_control_panel.home_alarm,0.002695,1
1789106941.63467,home_assistant,binary_sensor.front_porch_camera_motion,0.003058,1
1789106941.636528,home_assistant,sensor.living_room_temperature,0.001822,1
1789106941.856074,smartthings_cloud,delaysteer-motion,0.219502,1
1789106942.022042,smartthings_cloud,Office Smart Light,0.16591,1
1789106942.255875,smartthings_cloud,Laundryroom/Mudroom Smart Light,0.233782,1
1789106942.423821,smartthings_cloud,Online Status Monitor,0.167907,1
1789106972.449897,home_assistant,binary_sensor.front_door_contact,0.015594,1
1789106972.4524648,home_assistant,lock.front_door,0.00249,1
1789106972.4545128,home_assistant,alarm_control_panel.home_alarm,0.002034,1
1789106972.456821,home_assistant,binary_sensor.front_porch_camera_motion,0.002293,1
1789106972.458474,home_assistant,sensor.living_room_temperature,0.001634,1
1789106972.685994,smartthings_cloud,delaysteer-motion,0.227502,1
1789106972.850531,smartthings_cloud,Office Smart Light,0.164501,1
1789106973.019876,smartthings_cloud,Laundryroom/Mudroom Smart Light,0.1693,1
1789106973.1859741,smartthings_cloud,Online Status Monitor,0.166066,1
1789107003.1982641,home_assistant,binary_sensor.front_door_contact,0.011442,1
1789107003.2016408,home_assistant,lock.front_door,0.003247,1
1789107003.203155,home_assistant,alarm_control_panel.home_alarm,0.001484,1
1789107003.2046149,home_assistant,binary_sensor.front_porch_camera_motion,0.001433,1
1789107003.206683,home_assistant,sensor.living_room_temperature,0.002038,1
1789107003.425633,smartthings_cloud,delaysteer-motion,0.218913,1
1789107003.6035578,smartthings_cloud,Office Smart Light,0.177881,1
1789107003.7821498,smartthings_cloud,Laundryroom/Mudroom Smart Light,0.178557,1
1789107003.9532769,smartthings_cloud,Online Status Monitor,0.171083,1
1789107033.97474,home_assistant,binary_sensor.front_door_contact,0.016014,1
1789107033.976942,home_assistant,lock.front_door,0.002093,1
1789107033.979797,home_assistant,alarm_control_panel.home_alarm,0.002834,1
1789107033.981243,home_assistant,binary_sensor.front_porch_camera_motion,0.001429,1
1789107033.982251,home_assistant,sensor.living_room_temperature,0.000993,1
1789107034.2077281,smartthings_cloud,delaysteer-motion,0.225457,1
1789107034.367209,smartthings_cloud,Office Smart Light,0.15944,1
1789107034.5619571,smartthings_cloud,Laundryroom/Mudroom Smart Light,0.194712,1
1789107034.732558,smartthings_cloud,Online Status Monitor,0.170555,1
1789107064.761248,home_assistant,binary_sensor.front_door_contact,0.017355,1
1789107064.7635179,home_assistant,lock.front_door,0.002151,1
1789107064.7694132,home_assistant,alarm_control_panel.home_alarm,0.00585,1
1789107064.77359,home_assistant,binary_sensor.front_porch_camera_motion,0.004132,1
1789107064.779521,home_assistant,sensor.living_room_temperature,0.005896,1
1789107064.966645,smartthings_cloud,delaysteer-motion,0.187069,1
1789107065.145643,smartthings_cloud,Office Smart Light,0.17896,1
1789107065.308876,smartthings_cloud,Laundryroom/Mudroom Smart Light,0.16319,1
1789107065.496991,smartthings_cloud,Online Status Monitor,0.188087,1
1789107095.5123699,home_assistant,binary_sensor.front_door_contact,0.006881,1
1789107095.514981,home_assistant,lock.front_door,0.002161,1
1789107095.516754,home_assistant,alarm_control_panel.home_alarm,0.001747,1
1789107095.518007,home_assistant,binary_sensor.front_porch_camera_motion,0.001233,1
1789107095.519318,home_assistant,sensor.living_room_temperature,0.001295,1
1789107095.684847,smartthings_cloud,delaysteer-motion,0.165506,1
1789107095.904514,smartthings_cloud,Office Smart Light,0.219641,1
1789107096.135319,smartthings_cloud,Laundryroom/Mudroom Smart Light,0.230778,1
1789107096.3282838,smartthings_cloud,Online Status Monitor,0.192939,1
1789107126.347981,home_assistant,binary_sensor.front_door_contact,0.012298,1
1789107126.350519,home_assistant,lock.front_door,0.002407,1
1789107126.351528,home_assistant,alarm_control_panel.home_alarm,0.000991,1
1789107126.352573,home_assistant,binary_sensor.front_porch_camera_motion,0.001032,1
1789107126.353524,home_assistant,sensor.living_room_temperature,0.000935,1
1789107126.678792,smartthings_cloud,delaysteer-motion,0.325248,1
1789107126.870987,smartthings_cloud,Office Smart Light,0.192143,1
1789107127.0326378,smartthings_cloud,Laundryroom/Mudroom Smart Light,0.161609,1
1789107127.211224,smartthings_cloud,Online Status Monitor,0.178542,1
1789107157.23774,home_assistant,binary_sensor.front_door_contact,0.024169,1
1789107157.2421162,home_assistant,lock.front_door,0.004037,1
1789107157.245139,home_assistant,alarm_control_panel.home_alarm,0.002999,1
1789107157.247736,home_assistant,binary_sensor.front_porch_camera_motion,0.00256,1
1789107157.249009,home_assistant,sensor.living_room_temperature,0.001251,1
1789107157.4205902,smartthings_cloud,delaysteer-motion,0.171557,1
1789107157.5881999,smartthings_cloud,Office Smart Light,0.167562,1
1789107157.763856,smartthings_cloud,Laundryroom/Mudroom Smart Light,0.175612,1
1789107157.9161952,smartthings_cloud,Online Status Monitor,0.152302,1
1789107187.935443,home_assistant,binary_sensor.front_door_contact,0.015171,1
1789107187.938735,home_assistant,lock.front_door,0.003174,1
1789107187.942044,home_assistant,alarm_control_panel.home_alarm,0.003276,1
1789107187.944919,home_assistant,binary_sensor.front_porch_camera_motion,0.002844,1
1789107187.9485781,home_assistant,sensor.living_room_temperature,0.003626,1
1789107188.1305752,smartthings_cloud,delaysteer-motion,0.181946,1
1789107188.302885,smartthings_cloud,Office Smart Light,0.172283,1
1789107188.4849658,smartthings_cloud,Laundryroom/Mudroom Smart Light,0.182052,1
1789107188.63986,smartthings_cloud,Online Status Monitor,0.15485,1
1789107218.657141,home_assistant,binary_sensor.front_door_contact,0.011699,1
1789107218.6603389,home_assistant,lock.front_door,0.003099,1
1789107218.663832,home_assistant,alarm_control_panel.home_alarm,0.003463,1
1789107218.6673238,home_assistant,binary_sensor.front_porch_camera_motion,0.00346,1
1789107218.670801,home_assistant,sensor.living_room_temperature,0.003446,1
1789107218.947814,smartthings_cloud,delaysteer-motion,0.276965,1
1789107219.101079,smartthings_cloud,Office Smart Light,0.15324,1
1789107219.314942,smartthings_cloud,Laundryroom/Mudroom Smart Light,0.213845,1
1789107219.823476,smartthings_cloud,Online Status Monitor,0.508505,1
1789107249.844148,home_assistant,binary_sensor.front_door_contact,0.015077,1
1789107249.847913,home_assistant,lock.front_door,0.003643,1
1789107249.8519309,home_assistant,alarm_control_panel.home_alarm,0.003983,1
1789107249.8550751,home_assistant,binary_sensor.front_porch_camera_motion,0.003108,1
1789107249.858614,home_assistant,sensor.living_room_temperature,0.003505,1
1789107250.078919,smartthings_cloud,delaysteer-motion,0.220253,1
1789107250.270234,smartthings_cloud,Office Smart Light,0.191253,1
1789107250.426972,smartthings_cloud,Laundryroom/Mudroom Smart Light,0.15669,1
1789107250.5897758,smartthings_cloud,Online Status Monitor,0.162753,1
1789107280.605442,home_assistant,binary_sensor.front_door_contact,0.011992,1
1789107280.6091368,home_assistant,lock.front_door,0.003597,1
1789107280.6119611,home_assistant,alarm_control_panel.home_alarm,0.002792,1
1789107280.614532,home_assistant,binary_sensor.front_porch_camera_motion,0.002539,1
1789107280.6173718,home_assistant,sensor.living_room_temperature,0.002806,1
1789107280.816336,smartthings_cloud,delaysteer-motion,0.198919,1
1789107281.0216188,smartthings_cloud,Office Smart Light,0.205234,1
1789107281.241157,smartthings_cloud,Laundryroom/Mudroom Smart Light,0.21948,1
1789107281.423884,smartthings_cloud,Online Status Monitor,0.182701,1
1789107311.438118,home_assistant,binary_sensor.front_door_contact,0.011677,1
1789107311.4418838,home_assistant,lock.front_door,0.003621,1
1789107311.445656,home_assistant,alarm_control_panel.home_alarm,0.003736,1
1789107311.448757,home_assistant,binary_sensor.front_porch_camera_motion,0.003067,1
1789107311.451644,home_assistant,sensor.living_room_temperature,0.002852,1
1789107311.6873071,smartthings_cloud,delaysteer-motion,0.235612,1
1789107311.866684,smartthings_cloud,Office Smart Light,0.179327,1
1789107312.071965,smartthings_cloud,Laundryroom/Mudroom Smart Light,0.205213,1
1789107312.226327,smartthings_cloud,Online Status Monitor,0.154306,1
1789107342.250301,home_assistant,binary_sensor.front_door_contact,0.013463,1
1789107342.254831,home_assistant,lock.front_door,0.004392,1
1789107342.258118,home_assistant,alarm_control_panel.home_alarm,0.00324,1
1789107342.261676,home_assistant,binary_sensor.front_porch_camera_motion,0.003512,1
1789107342.26464,home_assistant,sensor.living_room_temperature,0.00292,1
1789107342.436936,smartthings_cloud,delaysteer-motion,0.171933,1
1789107342.608263,smartthings_cloud,Office Smart Light,0.170979,1
1789107342.786636,smartthings_cloud,Laundryroom/Mudroom Smart Light,0.178027,1
1789107342.962917,smartthings_cloud,Online Status Monitor,0.175915,1
1789107373.00434,home_assistant,binary_sensor.front_door_contact,0.016957,1
1789107373.010714,home_assistant,lock.front_door,0.006228,1
1789107373.015517,home_assistant,alarm_control_panel.home_alarm,0.004767,1
1789107373.019714,home_assistant,binary_sensor.front_porch_camera_motion,0.004156,1
1789107373.024415,home_assistant,sensor.living_room_temperature,0.004666,1
1789107373.240911,smartthings_cloud,delaysteer-motion,0.216391,1
1789107373.416796,smartthings_cloud,Office Smart Light,0.175808,1
1789107373.580616,smartthings_cloud,Laundryroom/Mudroom Smart Light,0.163731,1
1789107373.7541592,smartthings_cloud,Online Status Monitor,0.17347,1
1789107403.7769248,home_assistant,binary_sensor.front_door_contact,0.013398,1
1789107403.7817018,home_assistant,lock.front_door,0.004656,1
1789107403.7857778,home_assistant,alarm_control_panel.home_alarm,0.00403,1
1789107403.789057,home_assistant,binary_sensor.front_porch_camera_motion,0.003241,1
1789107403.794998,home_assistant,sensor.living_room_temperature,0.005906,1
1789107404.114208,smartthings_cloud,delaysteer-motion,0.319137,1
1789107404.320023,smartthings_cloud,Office Smart Light,0.205753,1
1789107404.475717,smartthings_cloud,Laundryroom/Mudroom Smart Light,0.155654,1
1789107404.6443698,smartthings_cloud,Online Status Monitor,0.168604,1
1789107434.655696,home_assistant,binary_sensor.front_door_contact,0.00898,1
1789107434.65764,home_assistant,lock.front_door,0.00188,1
1789107434.65874,home_assistant,alarm_control_panel.home_alarm,0.001089,1
1789107434.660146,home_assistant,binary_sensor.front_porch_camera_motion,0.001393,1
1789107434.661364,home_assistant,sensor.living_room_temperature,0.001209,1
1789107434.874316,smartthings_cloud,delaysteer-motion,0.212925,1
1789107435.0369558,smartthings_cloud,Office Smart Light,0.162589,1
1789107435.195172,smartthings_cloud,Laundryroom/Mudroom Smart Light,0.158177,1
1789107435.36563,smartthings_cloud,Online Status Monitor,0.170421,1
1789107465.395226,home_assistant,binary_sensor.front_door_contact,0.018073,1
1789107465.399246,home_assistant,lock.front_door,0.00391,1
1789107465.401674,home_assistant,alarm_control_panel.home_alarm,0.002391,1
1789107465.403817,home_assistant,binary_sensor.front_porch_camera_motion,0.002107,1
1789107465.406666,home_assistant,sensor.living_room_temperature,0.002814,1
1789107465.566557,smartthings_cloud,delaysteer-motion,0.159819,1
1789107465.737657,smartthings_cloud,Office Smart Light,0.171055,1
1789107465.927453,smartthings_cloud,Laundryroom/Mudroom Smart Light,0.189757,1
1789107466.113893,smartthings_cloud,Online Status Monitor,0.186405,1
1789107496.1377752,home_assistant,binary_sensor.front_door_contact,0.018256,1
1789107496.142504,home_assistant,lock.front_door,0.00444,1
1789107496.147489,home_assistant,alarm_control_panel.home_alarm,0.00496,1
1789107496.1533551,home_assistant,binary_sensor.front_porch_camera_motion,0.005839,1
1789107496.156335,home_assistant,sensor.living_room_temperature,0.002963,1
1789107496.51658,smartthings_cloud,delaysteer-motion,0.360213,1
1789107496.6863492,smartthings_cloud,Office Smart Light,0.169739,1
1789107496.863689,smartthings_cloud,Laundryroom/Mudroom Smart Light,0.177309,1
1789107497.033708,smartthings_cloud,Online Status Monitor,0.169987,1
1789107527.05891,home_assistant,binary_sensor.front_door_contact,0.021794,1
1789107527.063334,home_assistant,lock.front_door,0.004247,1
1789107527.0664792,home_assistant,alarm_control_panel.home_alarm,0.003099,1
1789107527.075029,home_assistant,binary_sensor.front_porch_camera_motion,0.008514,1
1789107527.079436,home_assistant,sensor.living_room_temperature,0.004349,1
1789107527.235865,smartthings_cloud,delaysteer-motion,0.156347,1
1789107527.399113,smartthings_cloud,Office Smart Light,0.163192,1
1789107527.586693,smartthings_cloud,Laundryroom/Mudroom Smart Light,0.187529,1
1789107527.748721,smartthings_cloud,Online Status Monitor,0.162002,1
1789107557.767943,home_assistant,binary_sensor.front_door_contact,0.012902,1
1789107557.772205,home_assistant,lock.front_door,0.004166,1
1789107557.7758021,home_assistant,alarm_control_panel.home_alarm,0.003559,1
1789107557.779045,home_assistant,binary_sensor.front_porch_camera_motion,0.003202,1
1789107557.7824872,home_assistant,sensor.living_room_temperature,0.003405,1
1789107557.953938,smartthings_cloud,delaysteer-motion,0.171387,1
1789107558.1479108,smartthings_cloud,Office Smart Light,0.193921,1
1789107558.317855,smartthings_cloud,Laundryroom/Mudroom Smart Light,0.169888,1
1789107558.490912,smartthings_cloud,Online Status Monitor,0.173018,1
1789107588.5344489,home_assistant,binary_sensor.front_door_contact,0.033293,1
1789107588.538532,home_assistant,lock.front_door,0.003962,1
1789107588.54231,home_assistant,alarm_control_panel.home_alarm,0.003739,1
1789107588.545121,home_assistant,binary_sensor.front_porch_camera_motion,0.002754,1
1789107588.5480099,home_assistant,sensor.living_room_temperature,0.002856,1
1789107588.8405728,smartthings_cloud,delaysteer-motion,0.292509,1
1789107588.987508,smartthings_cloud,Office Smart Light,0.146914,1
1789107589.150811,smartthings_cloud,Laundryroom/Mudroom Smart Light,0.163286,1
1789107589.3694222,smartthings_cloud,Online Status Monitor,0.218555,1
1789107619.3940191,home_assistant,binary_sensor.front_door_contact,0.016561,1
1789107619.397624,home_assistant,lock.front_door,0.003471,1
1789107619.399914,home_assistant,alarm_control_panel.home_alarm,0.002258,1
1789107619.401925,home_assistant,binary_sensor.front_porch_camera_motion,0.001977,1
1789107619.4040709,home_assistant,sensor.living_room_temperature,0.002123,1
1789107619.642099,smartthings_cloud,delaysteer-motion,0.237998,1
1789107619.7957351,smartthings_cloud,Office Smart Light,0.153585,1
1789107619.954596,smartthings_cloud,Laundryroom/Mudroom Smart Light,0.158811,1
1789107620.150232,smartthings_cloud,Online Status Monitor,0.195585,1
1789107650.169078,home_assistant,binary_sensor.front_door_contact,0.013797,1
1789107650.170996,home_assistant,lock.front_door,0.00183,1
1789107650.17242,home_assistant,alarm_control_panel.home_alarm,0.001404,1
1789107650.17365,home_assistant,binary_sensor.front_porch_camera_motion,0.001214,1
1789107650.1757069,home_assistant,sensor.living_room_temperature,0.002043,1
1789107650.359503,smartthings_cloud,delaysteer-motion,0.18377,1
1789107650.567225,smartthings_cloud,Office Smart Light,0.207656,1
1789107650.7560372,smartthings_cloud,Laundryroom/Mudroom Smart Light,0.188755,1
1789107650.920289,smartthings_cloud,Online Status Monitor,0.164185,1
1789107680.940768,home_assistant,binary_sensor.front_door_contact,0.009093,1
1789107680.944499,home_assistant,lock.front_door,0.00363,1
1789107680.94767,home_assistant,alarm_control_panel.home_alarm,0.003136,1
1789107680.9513578,home_assistant,binary_sensor.front_porch_camera_motion,0.003656,1
1789107680.954908,home_assistant,sensor.living_room_temperature,0.003514,1
1789107681.1698408,smartthings_cloud,delaysteer-motion,0.21489,1
1789107681.342491,smartthings_cloud,Office Smart Light,0.17262,1
1789107681.5079832,smartthings_cloud,Laundryroom/Mudroom Smart Light,0.16545,1
1789107681.6762428,smartthings_cloud,Online Status Monitor,0.168229,1
1789107711.691821,home_assistant,binary_sensor.front_door_contact,0.007798,1
1789107711.693876,home_assistant,lock.front_door,0.00196,1
1789107711.6954398,home_assistant,alarm_control_panel.home_alarm,0.001524,1
1789107711.697205,home_assistant,binary_sensor.front_porch_camera_motion,0.001735,1
1789107711.6986492,home_assistant,sensor.living_room_temperature,0.001417,1
1789107711.875245,smartthings_cloud,delaysteer-motion,0.176566,1
1789107712.044394,smartthings_cloud,Office Smart Light,0.169102,1
1789107712.2509031,smartthings_cloud,Laundryroom/Mudroom Smart Light,0.206474,1
1789107712.448874,smartthings_cloud,Online Status Monitor,0.197935,1
1789107742.469684,home_assistant,binary_sensor.front_door_contact,0.010609,1
1789107742.4716601,home_assistant,lock.front_door,0.001883,1
1789107742.473047,home_assistant,alarm_control_panel.home_alarm,0.001368,1
1789107742.474738,home_assistant,binary_sensor.front_porch_camera_motion,0.00168,1
1789107742.477688,home_assistant,sensor.living_room_temperature,0.002935,1
1789107742.63694,smartthings_cloud,delaysteer-motion,0.159218,1
1789107742.832892,smartthings_cloud,Office Smart Light,0.195927,1
1789107743.016315,smartthings_cloud,Laundryroom/Mudroom Smart Light,0.183372,1
1789107743.203153,smartthings_cloud,Online Status Monitor,0.186772,1
1789107773.224722,home_assistant,binary_sensor.front_door_contact,0.010633,1
1789107773.227554,home_assistant,lock.front_door,0.002733,1
1789107773.229214,home_assistant,alarm_control_panel.home_alarm,0.001642,1
1789107773.230978,home_assistant,binary_sensor.front_porch_camera_motion,0.001749,1
1789107773.232318,home_assistant,sensor.living_room_temperature,0.001322,1
1789107773.455659,smartthings_cloud,delaysteer-motion,0.223315,1
1789107773.6897411,smartthings_cloud,Office Smart Light,0.23405,1
1789107773.861355,smartthings_cloud,Laundryroom/Mudroom Smart Light,0.171579,1
1789107774.03925,smartthings_cloud,Online Status Monitor,0.17784,1
1789107804.053132,home_assistant,binary_sensor.front_door_contact,0.00822,1
1789107804.0549161,home_assistant,lock.front_door,0.001688,1
1789107804.0563068,home_assistant,alarm_control_panel.home_alarm,0.001368,1
1789107804.057415,home_assistant,binary_sensor.front_porch_camera_motion,0.00109,1
1789107804.0585978,home_assistant,sensor.living_room_temperature,0.001169,1
1789107804.229461,smartthings_cloud,delaysteer-motion,0.170832,1
1789107804.426123,smartthings_cloud,Office Smart Light,0.19661,1
1789107804.623125,smartthings_cloud,Laundryroom/Mudroom Smart Light,0.196953,1
1789107804.800682,smartthings_cloud,Online Status Monitor,0.177498,1
1789107834.822881,home_assistant,binary_sensor.front_door_contact,0.011857,1
1789107834.826148,home_assistant,lock.front_door,0.003157,1
1789107834.829451,home_assistant,alarm_control_panel.home_alarm,0.003258,1
1789107834.833051,home_assistant,binary_sensor.front_porch_camera_motion,0.00356,1
1789107834.835635,home_assistant,sensor.living_room_temperature,0.002529,1
1789107835.05106,smartthings_cloud,delaysteer-motion,0.215374,1
1789107835.227165,smartthings_cloud,Office Smart Light,0.176065,1
1789107835.395605,smartthings_cloud,Laundryroom/Mudroom Smart Light,0.168384,1
1789107835.557048,smartthings_cloud,Online Status Monitor,0.16139,1
1789107865.581589,home_assistant,binary_sensor.front_door_contact,0.021639,1
1789107865.5852458,home_assistant,lock.front_door,0.003602,1
1789107865.588616,home_assistant,alarm_control_panel.home_alarm,0.003353,1
1789107865.591403,home_assistant,binary_sensor.front_porch_camera_motion,0.002757,1
1789107865.592761,home_assistant,sensor.living_room_temperature,0.001337,1
1789107865.807604,smartthings_cloud,delaysteer-motion,0.214825,1
1789107865.9873972,smartthings_cloud,Office Smart Light,0.179741,1
1789107866.170063,smartthings_cloud,Laundryroom/Mudroom Smart Light,0.182616,1
1789107866.3537762,smartthings_cloud,Online Status Monitor,0.183662,1
1789107896.3708339,home_assistant,binary_sensor.front_door_contact,0.006648,1
1789107896.3727958,home_assistant,lock.front_door,0.001864,1
1789107896.374458,home_assistant,alarm_control_panel.home_alarm,0.001628,1
1789107896.376002,home_assistant,binary_sensor.front_porch_camera_motion,0.001518,1
1789107896.377406,home_assistant,sensor.living_room_temperature,0.001373,1
1789107896.551198,smartthings_cloud,delaysteer-motion,0.173753,1
1789107896.747485,smartthings_cloud,Office Smart Light,0.196246,1
1789107896.968139,smartthings_cloud,Laundryroom/Mudroom Smart Light,0.220614,1
1789107897.14179,smartthings_cloud,Online Status Monitor,0.173614,1
1789107927.148968,home_assistant,binary_sensor.front_door_contact,0.00613,1
1789107927.1503282,home_assistant,lock.front_door,0.001283,1
1789107927.151652,home_assistant,alarm_control_panel.home_alarm,0.001305,1
1789107927.153524,home_assistant,binary_sensor.front_porch_camera_motion,0.001855,1
1789107927.154618,home_assistant,sensor.living_room_temperature,0.001079,1
1789107927.3518138,smartthings_cloud,delaysteer-motion,0.197174,1
1789107927.524395,smartthings_cloud,Office Smart Light,0.172553,1
1789107927.693713,smartthings_cloud,Laundryroom/Mudroom Smart Light,0.169289,1
1789107927.910199,smartthings_cloud,Online Status Monitor,0.216457,1
1789107957.941239,home_assistant,binary_sensor.front_door_contact,0.020159,1
1789107957.943139,home_assistant,lock.front_door,0.001808,1
1789107957.944834,home_assistant,alarm_control_panel.home_alarm,0.001664,1
1789107957.9462311,home_assistant,binary_sensor.front_porch_camera_motion,0.001366,1
1789107957.947841,home_assistant,sensor.living_room_temperature,0.001581,1
1789107958.1592488,smartthings_cloud,delaysteer-motion,0.211366,1
1789107958.326827,smartthings_cloud,Office Smart Light,0.167548,1
1789107958.5148082,smartthings_cloud,Laundryroom/Mudroom Smart Light,0.18793,1
1789107958.695489,smartthings_cloud,Online Status Monitor,0.180654,1
1789107988.718653,home_assistant,binary_sensor.front_door_contact,0.014478,1
1789107988.720484,home_assistant,lock.front_door,0.001697,1
1789107988.721914,home_assistant,alarm_control_panel.home_alarm,0.001405,1
1789107988.723597,home_assistant,binary_sensor.front_porch_camera_motion,0.001658,1
1789107988.724981,home_assistant,sensor.living_room_temperature,0.001324,1
1789107988.8896818,smartthings_cloud,delaysteer-motion,0.164671,1
1789107989.039835,smartthings_cloud,Office Smart Light,0.150105,1
1789107989.193711,smartthings_cloud,Laundryroom/Mudroom Smart Light,0.153836,1
1789107989.372855,smartthings_cloud,Online Status Monitor,0.179091,1
1789108019.389693,home_assistant,binary_sensor.front_door_contact,0.012777,1
1789108019.3934941,home_assistant,lock.front_door,0.003653,1
1789108019.397384,home_assistant,alarm_control_panel.home_alarm,0.003856,1
1789108019.4014468,home_assistant,binary_sensor.front_porch_camera_motion,0.004023,1
1789108019.405181,home_assistant,sensor.living_room_temperature,0.0037,1
1789108019.626556,smartthings_cloud,delaysteer-motion,0.221316,1
1789108019.828535,smartthings_cloud,Office Smart Light,0.201943,1
1789108020.013827,smartthings_cloud,Laundryroom/Mudroom Smart Light,0.185259,1
1789108020.584703,smartthings_cloud,Online Status Monitor,0.57083,1
1789108050.60704,home_assistant,binary_sensor.front_door_contact,0.016024,1
1789108050.6114109,home_assistant,lock.front_door,0.004274,1
1789108050.6181278,home_assistant,alarm_control_panel.home_alarm,0.006673,1
1789108050.621481,home_assistant,binary_sensor.front_porch_camera_motion,0.003321,1
1789108050.624541,home_assistant,sensor.living_room_temperature,0.003024,1
1789108050.8357701,smartthings_cloud,delaysteer-motion,0.211168,1
1789108051.045703,smartthings_cloud,Office Smart Light,0.209883,1
1789108051.209594,smartthings_cloud,Laundryroom/Mudroom Smart Light,0.163854,1
1789108051.37573,smartthings_cloud,Online Status Monitor,0.166102,1
1789108081.394144,home_assistant,binary_sensor.front_door_contact,0.011979,1
1789108081.397623,home_assistant,lock.front_door,0.003367,1
1789108081.400946,home_assistant,alarm_control_panel.home_alarm,0.003283,1
1789108081.404997,home_assistant,binary_sensor.front_porch_camera_motion,0.004015,1
1789108081.407896,home_assistant,sensor.living_room_temperature,0.002863,1
1789108081.6249459,smartthings_cloud,delaysteer-motion,0.216998,1
1789108081.816243,smartthings_cloud,Office Smart Light,0.19123,1
1789108081.9775639,smartthings_cloud,Laundryroom/Mudroom Smart Light,0.161256,1
1789108082.152904,smartthings_cloud,Online Status Monitor,0.175278,1
1789108112.2583559,home_assistant,binary_sensor.front_door_contact,0.091334,1
1789108112.274316,home_assistant,lock.front_door,0.015684,1
1789108112.284527,home_assistant,alarm_control_panel.home_alarm,0.01016,1
1789108112.3008142,home_assistant,binary_sensor.front_porch_camera_motion,0.016065,1
1789108112.307678,home_assistant,sensor.living_room_temperature,0.006814,1
1789108112.469003,smartthings_cloud,delaysteer-motion,0.161283,1
1789108112.641527,smartthings_cloud,Office Smart Light,0.172485,1
1789108112.801673,smartthings_cloud,Laundryroom/Mudroom Smart Light,0.160097,1
1789108112.969593,smartthings_cloud,Online Status Monitor,0.167887,1
1789108142.996922,home_assistant,binary_sensor.front_door_contact,0.017938,1
1789108142.9998689,home_assistant,lock.front_door,0.002843,1
1789108143.001878,home_assistant,alarm_control_panel.home_alarm,0.00197,1
1789108143.003799,home_assistant,binary_sensor.front_porch_camera_motion,0.001867,1
1789108143.007033,home_assistant,sensor.living_room_temperature,0.003199,1
1789108143.199399,smartthings_cloud,delaysteer-motion,0.192306,1
1789108143.3612852,smartthings_cloud,Office Smart Light,0.161849,1
1789108143.520633,smartthings_cloud,Laundryroom/Mudroom Smart Light,0.159314,1
1789108143.700696,smartthings_cloud,Online Status Monitor,0.18003,1
1789108173.730853,home_assistant,binary_sensor.front_door_contact,0.024857,1
1789108173.733108,home_assistant,lock.front_door,0.002133,1
1789108173.7347279,home_assistant,alarm_control_panel.home_alarm,0.001587,1
1789108173.736285,home_assistant,binary_sensor.front_porch_camera_motion,0.00153,1
1789108173.737801,home_assistant,sensor.living_room_temperature,0.001488,1
1789108173.93665,smartthings_cloud,delaysteer-motion,0.198811,1
1789108174.098686,smartthings_cloud,Office Smart Light,0.162002,1
1789108174.2640882,smartthings_cloud,Laundryroom/Mudroom Smart Light,0.165365,1
1789108174.446226,smartthings_cloud,Online Status Monitor,0.182097,1
1789108204.482038,home_assistant,binary_sensor.front_door_contact,0.028689,1
1789108204.486184,home_assistant,lock.front_door,0.003966,1
1789108204.489254,home_assistant,alarm_control_panel.home_alarm,0.003034,1
1789108204.493114,home_assistant,binary_sensor.front_porch_camera_motion,0.003825,1
1789108204.497241,home_assistant,sensor.living_room_temperature,0.004095,1
1789108204.695204,smartthings_cloud,delaysteer-motion,0.19793,1
1789108204.866055,smartthings_cloud,Office Smart Light,0.170813,1
1789108205.0276742,smartthings_cloud,Laundryroom/Mudroom Smart Light,0.161561,1
1789108205.18473,smartthings_cloud,Online Status Monitor,0.157003,1
1789108235.202208,home_assistant,binary_sensor.front_door_contact,0.011473,1
1789108235.205933,home_assistant,lock.front_door,0.003581,1
1789108235.20976,home_assistant,alarm_control_panel.home_alarm,0.003812,1
1789108235.213326,home_assistant,binary_sensor.front_porch_camera_motion,0.003553,1
1789108235.2168891,home_assistant,sensor.living_room_temperature,0.003541,1
1789108235.40869,smartthings_cloud,delaysteer-motion,0.191779,1
1789108235.612766,smartthings_cloud,Office Smart Light,0.204041,1
1789108235.819972,smartthings_cloud,Laundryroom/Mudroom Smart Light,0.207178,1
1789108235.99605,smartthings_cloud,Online Status Monitor,0.176048,1
1789108266.0090292,home_assistant,binary_sensor.front_door_contact,0.009669,1
1789108266.013443,home_assistant,lock.front_door,0.004297,1
1789108266.0166552,home_assistant,alarm_control_panel.home_alarm,0.003188,1
1789108266.0184572,home_assistant,binary_sensor.front_porch_camera_motion,0.001781,1
1789108266.022749,home_assistant,sensor.living_room_temperature,0.00428,1
1789108266.203419,smartthings_cloud,delaysteer-motion,0.18062,1
1789108266.358094,smartthings_cloud,Office Smart Light,0.154652,1
1789108266.512274,smartthings_cloud,Laundryroom/Mudroom Smart Light,0.154134,1
1789108266.675759,smartthings_cloud,Online Status Monitor,0.163455,1
1789108296.699701,home_assistant,binary_sensor.front_door_contact,0.013469,1
1789108296.703697,home_assistant,lock.front_door,0.003917,1
1789108296.707399,home_assistant,alarm_control_panel.home_alarm,0.003689,1
1789108296.711155,home_assistant,binary_sensor.front_porch_camera_motion,0.003745,1
1789108296.715313,home_assistant,sensor.living_room_temperature,0.004148,1
1789108296.950067,smartthings_cloud,delaysteer-motion,0.234725,1
1789108297.100063,smartthings_cloud,Office Smart Light,0.149947,1
1789108297.251168,smartthings_cloud,Laundryroom/Mudroom Smart Light,0.151074,1
1789108297.421045,smartthings_cloud,Online Status Monitor,0.169849,1
1789108327.447008,home_assistant,binary_sensor.front_door_contact,0.018305,1
1789108327.450902,home_assistant,lock.front_door,0.00382,1
1789108327.45597,home_assistant,alarm_control_panel.home_alarm,0.005047,1
1789108327.461631,home_assistant,binary_sensor.front_porch_camera_motion,0.00565,1
1789108327.463635,home_assistant,sensor.living_room_temperature,0.001994,1
1789108327.639363,smartthings_cloud,delaysteer-motion,0.175712,1
1789108327.843023,smartthings_cloud,Office Smart Light,0.203639,1
1789108327.994965,smartthings_cloud,Laundryroom/Mudroom Smart Light,0.151914,1
1789108328.16782,smartthings_cloud,Online Status Monitor,0.172829,1
1789108358.186529,home_assistant,binary_sensor.front_door_contact,0.01182,1
1789108358.191193,home_assistant,lock.front_door,0.004499,1
1789108358.195371,home_assistant,alarm_control_panel.home_alarm,0.004137,1
1789108358.199069,home_assistant,binary_sensor.front_porch_camera_motion,0.003661,1
1789108358.2027252,home_assistant,sensor.living_room_temperature,0.003617,1
1789108358.376034,smartthings_cloud,delaysteer-motion,0.173262,1
1789108358.533392,smartthings_cloud,Office Smart Light,0.157308,1
1789108358.7470138,smartthings_cloud,Laundryroom/Mudroom Smart Light,0.213582,1
1789108358.9308648,smartthings_cloud,Online Status Monitor,0.183821,1
1789108388.9539149,home_assistant,binary_sensor.front_door_contact,0.011913,1
1789108388.957103,home_assistant,lock.front_door,0.003104,1
1789108388.960876,home_assistant,alarm_control_panel.home_alarm,0.003759,1
1789108388.963896,home_assistant,binary_sensor.front_porch_camera_motion,0.003003,1
1789108388.967568,home_assistant,sensor.living_room_temperature,0.003652,1
1789108389.1949902,smartthings_cloud,delaysteer-motion,0.227391,1
1789108389.370819,smartthings_cloud,Office Smart Light,0.17579,1
1789108389.52837,smartthings_cloud,Laundryroom/Mudroom Smart Light,0.157515,1
1789108389.695138,smartthings_cloud,Online Status Monitor,0.166727,1
1789108419.724651,home_assistant,binary_sensor.front_door_contact,0.020892,1
1789108419.729481,home_assistant,lock.front_door,0.004745,1
1789108419.732318,home_assistant,alarm_control_panel.home_alarm,0.002815,1
1789108419.734996,home_assistant,binary_sensor.front_porch_camera_motion,0.002663,1
1789108419.738509,home_assistant,sensor.living_room_temperature,0.003499,1
1789108419.971264,smartthings_cloud,delaysteer-motion,0.232725,1
1789108420.1805031,smartthings_cloud,Office Smart Light,0.209197,1
1789108420.344005,smartthings_cloud,Laundryroom/Mudroom Smart Light,0.163465,1
1789108420.5130692,smartthings_cloud,Online Status Monitor,0.169025,1
1789108450.542732,home_assistant,binary_sensor.front_door_contact,0.021803,1
1789108450.54637,home_assistant,lock.front_door,0.003558,1
1789108450.549858,home_assistant,alarm_control_panel.home_alarm,0.003458,1
1789108450.554017,home_assistant,binary_sensor.front_porch_camera_motion,0.004114,1
1789108450.55851,home_assistant,sensor.living_room_temperature,0.004462,1
1789108450.718667,smartthings_cloud,delaysteer-motion,0.160116,1
1789108450.90286,smartthings_cloud,Office Smart Light,0.184165,1
1789108451.0607429,smartthings_cloud,Laundryroom/Mudroom Smart Light,0.157864,1
1789108451.2724218,smartthings_cloud,Online Status Monitor,0.211651,1
1789108481.292135,home_assistant,binary_sensor.front_door_contact,0.013033,1
1789108481.295386,home_assistant,lock.front_door,0.003046,1
1789108481.298285,home_assistant,alarm_control_panel.home_alarm,0.002858,1
1789108481.3020449,home_assistant,binary_sensor.front_porch_camera_motion,0.003721,1
1789108481.3052568,home_assistant,sensor.living_room_temperature,0.003173,1
1789108481.546433,smartthings_cloud,delaysteer-motion,0.241107,1
1789108481.7056482,smartthings_cloud,Office Smart Light,0.159179,1
1789108481.870434,smartthings_cloud,Laundryroom/Mudroom Smart Light,0.164747,1
1789108482.044393,smartthings_cloud,Online Status Monitor,0.173924,1
1789108512.064663,home_assistant,binary_sensor.front_door_contact,0.013501,1
1789108512.066972,home_assistant,lock.front_door,0.002222,1
1789108512.0694468,home_assistant,alarm_control_panel.home_alarm,0.002446,1
1789108512.074357,home_assistant,binary_sensor.front_porch_camera_motion,0.004861,1
1789108512.078239,home_assistant,sensor.living_room_temperature,0.003845,1
1789108512.2910469,smartthings_cloud,delaysteer-motion,0.212746,1
1789108512.4651258,smartthings_cloud,Office Smart Light,0.174025,1
1789108512.6213,smartthings_cloud,Laundryroom/Mudroom Smart Light,0.156149,1
1789108512.79981,smartthings_cloud,Online Status Monitor,0.178482,1
1789108542.832151,home_assistant,binary_sensor.front_door_contact,0.026011,1
1789108542.8342972,home_assistant,lock.front_door,0.002073,1
1789108542.836441,home_assistant,alarm_control_panel.home_alarm,0.002128,1
1789108542.838515,home_assistant,binary_sensor.front_porch_camera_motion,0.002056,1
1789108542.840416,home_assistant,sensor.living_room_temperature,0.001891,1
1789108543.0090969,smartthings_cloud,delaysteer-motion,0.168649,1
1789108543.1552498,smartthings_cloud,Office Smart Light,0.146124,1
1789108543.299911,smartthings_cloud,Laundryroom/Mudroom Smart Light,0.144635,1
1789108543.455889,smartthings_cloud,Online Status Monitor,0.15593,1
1789108573.4923048,home_assistant,binary_sensor.front_door_contact,0.025692,1
1789108573.495772,home_assistant,lock.front_door,0.003332,1
1789108573.4992042,home_assistant,alarm_control_panel.home_alarm,0.003401,1
1789108573.503505,home_assistant,binary_sensor.front_porch_camera_motion,0.004269,1
1789108573.5073159,home_assistant,sensor.living_room_temperature,0.003779,1
1789108573.710776,smartthings_cloud,delaysteer-motion,0.20342,1
1789108573.91618,smartthings_cloud,Office Smart Light,0.205361,1
1789108574.072255,smartthings_cloud,Laundryroom/Mudroom Smart Light,0.156032,1
1789108574.232476,smartthings_cloud,Online Status Monitor,0.160184,1
1789108604.256334,home_assistant,binary_sensor.front_door_contact,0.018224,1
1789108604.258106,home_assistant,lock.front_door,0.001714,1
1789108604.26287,home_assistant,alarm_control_panel.home_alarm,0.004756,1
1789108604.26443,home_assistant,binary_sensor.front_porch_camera_motion,0.00154,1
1789108604.26637,home_assistant,sensor.living_room_temperature,0.001924,1
1789108604.478698,smartthings_cloud,delaysteer-motion,0.212309,1
1789108604.637501,smartthings_cloud,Office Smart Light,0.158759,1
1789108604.7962189,smartthings_cloud,Laundryroom/Mudroom Smart Light,0.158688,1
1789108604.960653,smartthings_cloud,Online Status Monitor,0.164405,1
1789108634.973717,home_assistant,binary_sensor.front_door_contact,0.011372,1
1789108634.976794,home_assistant,lock.front_door,0.00292,1
1789108634.978488,home_assistant,alarm_control_panel.home_alarm,0.00167,1
1789108634.9800189,home_assistant,binary_sensor.front_porch_camera_motion,0.00149,1
1789108634.982502,home_assistant,sensor.living_room_temperature,0.002462,1
1789108635.139766,smartthings_cloud,delaysteer-motion,0.15723,1
1789108635.295635,smartthings_cloud,Office Smart Light,0.1558,1
1789108635.464712,smartthings_cloud,Laundryroom/Mudroom Smart Light,0.169036,1
1789108635.639034,smartthings_cloud,Online Status Monitor,0.17427,1
1789108665.6492102,home_assistant,binary_sensor.front_door_contact,0.008386,1
1789108665.650922,home_assistant,lock.front_door,0.001617,1
1789108665.652276,home_assistant,alarm_control_panel.home_alarm,0.001324,1
1789108665.6535082,home_assistant,binary_sensor.front_porch_camera_motion,0.001215,1
1789108665.654918,home_assistant,sensor.living_room_temperature,0.001392,1
1789108665.957356,smartthings_cloud,delaysteer-motion,0.302405,1
1789108666.162879,smartthings_cloud,Office Smart Light,0.205452,1
1789108666.35089,smartthings_cloud,Laundryroom/Mudroom Smart Light,0.187961,1
1789108666.518052,smartthings_cloud,Online Status Monitor,0.167119,1
1789108696.534512,home_assistant,binary_sensor.front_door_contact,0.012625,1
1789108696.537921,home_assistant,lock.front_door,0.003305,1
1789108696.5416052,home_assistant,alarm_control_panel.home_alarm,0.003645,1
1789108696.544472,home_assistant,binary_sensor.front_porch_camera_motion,0.002833,1
1789108696.547106,home_assistant,sensor.living_room_temperature,0.002616,1
1789108696.777322,smartthings_cloud,delaysteer-motion,0.230183,1
1789108696.948883,smartthings_cloud,Office Smart Light,0.171522,1
1789108697.165285,smartthings_cloud,Laundryroom/Mudroom Smart Light,0.216363,1
1789108697.330034,smartthings_cloud,Online Status Monitor,0.164718,1
1789108727.339045,home_assistant,binary_sensor.front_door_contact,0.011849,1
1789108727.3430479,home_assistant,lock.front_door,0.003892,1
1789108727.346745,home_assistant,alarm_control_panel.home_alarm,0.003661,1
1789108727.349921,home_assistant,binary_sensor.front_porch_camera_motion,0.003143,1
1789108727.3542001,home_assistant,sensor.living_room_temperature,0.004247,1
1789108727.519424,smartthings_cloud,delaysteer-motion,0.165322,1
1789108727.680167,smartthings_cloud,Office Smart Light,0.160842,1
1789108727.879028,smartthings_cloud,Laundryroom/Mudroom Smart Light,0.198993,1
1789108728.040448,smartthings_cloud,Online Status Monitor,0.161487,1
1789108758.059407,home_assistant,binary_sensor.front_door_contact,0.015292,1
1789108758.062509,home_assistant,lock.front_door,0.003029,1
1789108758.065248,home_assistant,alarm_control_panel.home_alarm,0.002725,1
1789108758.066871,home_assistant,binary_sensor.front_porch_camera_motion,0.001595,1
1789108758.068484,home_assistant,sensor.living_room_temperature,0.001595,1
1789108758.362329,smartthings_cloud,delaysteer-motion,0.293853,1
1789108758.513678,smartthings_cloud,Office Smart Light,0.151313,1
1789108758.7024279,smartthings_cloud,Laundryroom/Mudroom Smart Light,0.188736,1
1789108758.863192,smartthings_cloud,Online Status Monitor,0.160728,1
1789108788.883371,home_assistant,binary_sensor.front_door_contact,0.010816,1
1789108788.885241,home_assistant,lock.front_door,0.001773,1
1789108788.88711,home_assistant,alarm_control_panel.home_alarm,0.001836,1
1789108788.888437,home_assistant,binary_sensor.front_porch_camera_motion,0.001302,1
1789108788.889666,home_assistant,sensor.living_room_temperature,0.001205,1
1789108789.09439,smartthings_cloud,delaysteer-motion,0.204691,1
1789108789.268251,smartthings_cloud,Office Smart Light,0.173762,1
1789108789.433203,smartthings_cloud,Laundryroom/Mudroom Smart Light,0.164902,1
1789108789.6126232,smartthings_cloud,Online Status Monitor,0.179389,1
1789108819.637391,home_assistant,binary_sensor.front_door_contact,0.01579,1
1789108819.639863,home_assistant,lock.front_door,0.002242,1
1789108819.641848,home_assistant,alarm_control_panel.home_alarm,0.001953,1
1789108819.64451,home_assistant,binary_sensor.front_porch_camera_motion,0.00263,1
1789108819.64746,home_assistant,sensor.living_room_temperature,0.00292,1
1789108819.8016949,smartthings_cloud,delaysteer-motion,0.154194,1
1789108819.9991739,smartthings_cloud,Office Smart Light,0.197405,1
1789108820.154418,smartthings_cloud,Laundryroom/Mudroom Smart Light,0.155193,1
1789108820.3381948,smartthings_cloud,Online Status Monitor,0.183736,1
1789108850.361582,home_assistant,binary_sensor.front_door_contact,0.015666,1
1789108850.363531,home_assistant,lock.front_door,0.001851,1
1789108850.365269,home_assistant,alarm_control_panel.home_alarm,0.001705,1
1789108850.367319,home_assistant,binary_sensor.front_porch_camera_motion,0.002014,1
1789108850.3687391,home_assistant,sensor.living_room_temperature,0.001393,1
1789108850.5872462,smartthings_cloud,delaysteer-motion,0.218463,1
1789108850.778063,smartthings_cloud,Office Smart Light,0.190738,1
1789108850.9651358,smartthings_cloud,Laundryroom/Mudroom Smart Light,0.187024,1
1789108851.129344,smartthings_cloud,Online Status Monitor,0.164178,1
1789108881.152233,home_assistant,binary_sensor.front_door_contact,0.013253,1
1789108881.155776,home_assistant,lock.front_door,0.003438,1
1789108881.1582,home_assistant,alarm_control_panel.home_alarm,0.00239,1
1789108881.160432,home_assistant,binary_sensor.front_porch_camera_motion,0.002195,1
1789108881.162734,home_assistant,sensor.living_room_temperature,0.002266,1
1789108881.372718,smartthings_cloud,delaysteer-motion,0.20987,1
1789108881.551486,smartthings_cloud,Office Smart Light,0.178719,1
1789108881.7228181,smartthings_cloud,Laundryroom/Mudroom Smart Light,0.171283,1
1789108881.903407,smartthings_cloud,Online Status Monitor,0.180541,1
1789108911.926047,home_assistant,binary_sensor.front_door_contact,0.012327,1
1789108911.92996,home_assistant,lock.front_door,0.003353,1
1789108911.933822,home_assistant,alarm_control_panel.home_alarm,0.003827,1
1789108911.935765,home_assistant,binary_sensor.front_porch_camera_motion,0.001909,1
1789108911.9374,home_assistant,sensor.living_room_temperature,0.0016,1
1789108912.175263,smartthings_cloud,delaysteer-motion,0.237814,1
1789108912.368248,smartthings_cloud,Office Smart Light,0.192934,1
1789108912.534924,smartthings_cloud,Laundryroom/Mudroom Smart Light,0.166636,1
1789108912.686253,smartthings_cloud,Online Status Monitor,0.151281,1
1789108942.7088552,home_assistant,binary_sensor.front_door_contact,0.011364,1
1789108942.71253,home_assistant,lock.front_door,0.003551,1
1789108942.716459,home_assistant,alarm_control_panel.home_alarm,0.003892,1
1789108942.720271,home_assistant,binary_sensor.front_porch_camera_motion,0.003777,1
1789108942.723382,home_assistant,sensor.living_room_temperature,0.00307,1
1789108942.897672,smartthings_cloud,delaysteer-motion,0.174246,1
1789108943.0985112,smartthings_cloud,Office Smart Light,0.200786,1
1789108943.2746072,smartthings_cloud,Laundryroom/Mudroom Smart Light,0.176046,1
1789108943.42303,smartthings_cloud,Online Status Monitor,0.148398,1
1789108973.443841,home_assistant,binary_sensor.front_door_contact,0.018396,1
1789108973.447097,home_assistant,lock.front_door,0.003143,1
1789108973.451725,home_assistant,alarm_control_panel.home_alarm,0.004588,1
1789108973.454185,home_assistant,binary_sensor.front_porch_camera_motion,0.002419,1
1789108973.456914,home_assistant,sensor.living_room_temperature,0.002688,1
1789108973.654424,smartthings_cloud,delaysteer-motion,0.197466,1
1789108973.806184,smartthings_cloud,Office Smart Light,0.151711,1
1789108973.984062,smartthings_cloud,Laundryroom/Mudroom Smart Light,0.177831,1
1789108974.151647,smartthings_cloud,Online Status Monitor,0.167532,1
1789109004.171113,home_assistant,binary_sensor.front_door_contact,0.013851,1
1789109004.1740742,home_assistant,lock.front_door,0.002862,1
1789109004.1768682,home_assistant,alarm_control_panel.home_alarm,0.002767,1
1789109004.17897,home_assistant,binary_sensor.front_porch_camera_motion,0.002077,1
1789109004.181461,home_assistant,sensor.living_room_temperature,0.00247,1
1789109004.372205,smartthings_cloud,delaysteer-motion,0.190703,1
1789109004.531314,smartthings_cloud,Office Smart Light,0.159074,1
1789109004.695613,smartthings_cloud,Laundryroom/Mudroom Smart Light,0.164255,1
1789109004.9026392,smartthings_cloud,Online Status Monitor,0.20698,1
1789109034.9346619,home_assistant,binary_sensor.front_door_contact,0.026336,1
1789109034.938407,home_assistant,lock.front_door,0.003649,1
1789109034.941032,home_assistant,alarm_control_panel.home_alarm,0.002611,1
1789109034.943687,home_assistant,binary_sensor.front_porch_camera_motion,0.002644,1
1789109034.945685,home_assistant,sensor.living_room_temperature,0.001987,1
1789109035.117622,smartthings_cloud,delaysteer-motion,0.171913,1
1789109035.279237,smartthings_cloud,Office Smart Light,0.16157,1
1789109035.4814038,smartthings_cloud,Laundryroom/Mudroom Smart Light,0.20212,1
1789109035.65046,smartthings_cloud,Online Status Monitor,0.169006,1
1789109065.6690938,home_assistant,binary_sensor.front_door_contact,0.012206,1
1789109065.6727018,home_assistant,lock.front_door,0.0035,1
1789109065.675717,home_assistant,alarm_control_panel.home_alarm,0.002976,1
1789109065.678741,home_assistant,binary_sensor.front_porch_camera_motion,0.002988,1
1789109065.6817899,home_assistant,sensor.living_room_temperature,0.003012,1
1789109065.9030578,smartthings_cloud,delaysteer-motion,0.221218,1
1789109066.081955,smartthings_cloud,Office Smart Light,0.178835,1
1789109066.274254,smartthings_cloud,Laundryroom/Mudroom Smart Light,0.192245,1
1789109066.446055,smartthings_cloud,Online Status Monitor,0.171768,1
1789109096.463208,home_assistant,binary_sensor.front_door_contact,0.008907,1
1789109096.465307,home_assistant,lock.front_door,0.001946,1
1789109096.467728,home_assistant,alarm_control_panel.home_alarm,0.00239,1
1789109096.469763,home_assistant,binary_sensor.front_porch_camera_motion,0.002002,1
1789109096.4718568,home_assistant,sensor.living_room_temperature,0.00206,1
1789109096.6671941,smartthings_cloud,delaysteer-motion,0.195067,1
1789109096.8644102,smartthings_cloud,Office Smart Light,0.197167,1
1789109097.0439198,smartthings_cloud,Laundryroom/Mudroom Smart Light,0.179461,1
1789109097.229451,smartthings_cloud,Online Status Monitor,0.185482,1
1789109127.2521868,home_assistant,binary_sensor.front_door_contact,0.011934,1
1789109127.255853,home_assistant,lock.front_door,0.003549,1
1789109127.259199,home_assistant,alarm_control_panel.home_alarm,0.003315,1
1789109127.262244,home_assistant,binary_sensor.front_porch_camera_motion,0.003011,1
1789109127.2658648,home_assistant,sensor.living_room_temperature,0.003588,1
1789109127.485437,smartthings_cloud,delaysteer-motion,0.219523,1
1789109127.6655161,smartthings_cloud,Office Smart Light,0.180016,1
1789109127.8879979,smartthings_cloud,Laundryroom/Mudroom Smart Light,0.222433,1
1789109128.0716171,smartthings_cloud,Online Status Monitor,0.183589,1
1789109158.0948448,home_assistant,binary_sensor.front_door_contact,0.012522,1
1789109158.098403,home_assistant,lock.front_door,0.00343,1
1789109158.1016681,home_assistant,alarm_control_panel.home_alarm,0.003226,1
1789109158.1046689,home_assistant,binary_sensor.front_porch_camera_motion,0.002963,1
1789109158.107688,home_assistant,sensor.living_room_temperature,0.002981,1
1789109158.3197188,smartthings_cloud,delaysteer-motion,0.211983,1
1789109158.494615,smartthings_cloud,Office Smart Light,0.174848,1
1789109158.653829,smartthings_cloud,Laundryroom/Mudroom Smart Light,0.159176,1
1789109158.825532,smartthings_cloud,Online Status Monitor,0.171655,1
1789109188.8471491,home_assistant,binary_sensor.front_door_contact,0.013558,1
1789109188.851028,home_assistant,lock.front_door,0.003753,1
1789109188.854497,home_assistant,alarm_control_panel.home_alarm,0.003434,1
1789109188.8580768,home_assistant,binary_sensor.front_porch_camera_motion,0.003546,1
1789109188.862164,home_assistant,sensor.living_room_temperature,0.004047,1
1789109189.032662,smartthings_cloud,delaysteer-motion,0.170409,1
1789109189.221379,smartthings_cloud,Office Smart Light,0.188644,1
1789109189.425782,smartthings_cloud,Laundryroom/Mudroom Smart Light,0.204348,1
1789109189.598517,smartthings_cloud,Online Status Monitor,0.172695,1
1789109219.62934,home_assistant,binary_sensor.front_door_contact,0.020473,1
1789109219.6342201,home_assistant,lock.front_door,0.004735,1
1789109219.639383,home_assistant,alarm_control_panel.home_alarm,0.005103,1
1789109219.647873,home_assistant,binary_sensor.front_porch_camera_motion,0.008441,1
1789109219.651813,home_assistant,sensor.living_room_temperature,0.003845,1
1789109219.829522,smartthings_cloud,delaysteer-motion,0.177645,1
1789109220.0062232,smartthings_cloud,Office Smart Light,0.176667,1
1789109220.160969,smartthings_cloud,Laundryroom/Mudroom Smart Light,0.154715,1
1789109220.330751,smartthings_cloud,Online Status Monitor,0.169734,1
1789109250.34926,home_assistant,binary_sensor.front_door_contact,0.014769,1
1789109250.3563929,home_assistant,lock.front_door,0.007017,1
1789109250.361693,home_assistant,alarm_control_panel.home_alarm,0.005247,1
1789109250.366517,home_assistant,binary_sensor.front_porch_camera_motion,0.004718,1
1789109250.370956,home_assistant,sensor.living_room_temperature,0.004404,1
1789109250.60574,smartthings_cloud,delaysteer-motion,0.234725,1
1789109250.7828312,smartthings_cloud,Office Smart Light,0.177043,1
1789109250.953793,smartthings_cloud,Laundryroom/Mudroom Smart Light,0.170903,1
1789109251.176918,smartthings_cloud,Online Status Monitor,0.223088,1
1789109281.1933599,home_assistant,binary_sensor.front_door_contact,0.012322,1
1789109281.1968908,home_assistant,lock.front_door,0.003427,1
1789109281.200224,home_assistant,alarm_control_panel.home_alarm,0.003294,1
1789109281.2052531,home_assistant,binary_sensor.front_porch_camera_motion,0.004993,1
1789109281.2090209,home_assistant,sensor.living_room_temperature,0.003731,1
1789109281.370333,smartthings_cloud,delaysteer-motion,0.161259,1
1789109281.548817,smartthings_cloud,Office Smart Light,0.178433,1
1789109281.72386,smartthings_cloud,Laundryroom/Mudroom Smart Light,0.17501,1
1789109281.924057,smartthings_cloud,Online Status Monitor,0.20016,1
1789109311.947074,home_assistant,binary_sensor.front_door_contact,0.018217,1
1789109311.951264,home_assistant,lock.front_door,0.00391,1
1789109311.954464,home_assistant,alarm_control_panel.home_alarm,0.003174,1
1789109311.957637,home_assistant,binary_sensor.front_porch_camera_motion,0.003153,1
1789109311.959852,home_assistant,sensor.living_room_temperature,0.002196,1
1789109312.1615202,smartthings_cloud,delaysteer-motion,0.201638,1
1789109312.327737,smartthings_cloud,Office Smart Light,0.166155,1
1789109312.494708,smartthings_cloud,Laundryroom/Mudroom Smart Light,0.16694,1
1789109312.653173,smartthings_cloud,Online Status Monitor,0.158409,1
1789109342.672558,home_assistant,binary_sensor.front_door_contact,0.012916,1
1789109342.676335,home_assistant,lock.front_door,0.003697,1
1789109342.678889,home_assistant,alarm_control_panel.home_alarm,0.002543,1
1789109342.682278,home_assistant,binary_sensor.front_porch_camera_motion,0.003381,1
1789109342.684948,home_assistant,sensor.living_room_temperature,0.002654,1
1789109342.910004,smartthings_cloud,delaysteer-motion,0.225035,1
1789109343.0918431,smartthings_cloud,Office Smart Light,0.181777,1
1789109343.261045,smartthings_cloud,Laundryroom/Mudroom Smart Light,0.16915,1
1789109343.469481,smartthings_cloud,Online Status Monitor,0.208384,1
1789109373.499737,home_assistant,binary_sensor.front_door_contact,0.020432,1
1789109373.504653,home_assistant,lock.front_door,0.00478,1
1789109373.508415,home_assistant,alarm_control_panel.home_alarm,0.003725,1
1789109373.511223,home_assistant,binary_sensor.front_porch_camera_motion,0.00277,1
1789109373.51438,home_assistant,sensor.living_room_temperature,0.003119,1
1789109373.694686,smartthings_cloud,delaysteer-motion,0.18023,1
1789109373.84411,smartthings_cloud,Office Smart Light,0.149369,1
1789109374.039291,smartthings_cloud,Laundryroom/Mudroom Smart Light,0.195132,1
1789109374.203115,smartthings_cloud,Online Status Monitor,0.163776,1
1789109404.2255008,home_assistant,binary_sensor.front_door_contact,0.017068,1
1789109404.2353652,home_assistant,lock.front_door,0.009548,1
1789109404.2401202,home_assistant,alarm_control_panel.home_alarm,0.004724,1
1789109404.243208,home_assistant,binary_sensor.front_porch_camera_motion,0.003053,1
1789109404.246179,home_assistant,sensor.living_room_temperature,0.002941,1
1789109404.472481,smartthings_cloud,delaysteer-motion,0.226261,1
1789109404.697835,smartthings_cloud,Office Smart Light,0.225312,1
1789109404.8615239,smartthings_cloud,Laundryroom/Mudroom Smart Light,0.163649,1
1789109405.0233011,smartthings_cloud,Online Status Monitor,0.161743,1
1789109435.0519218,home_assistant,binary_sensor.front_door_contact,0.023983,1
1789109435.0555148,home_assistant,lock.front_door,0.003494,1
1789109435.058642,home_assistant,alarm_control_panel.home_alarm,0.003091,1
1789109435.062538,home_assistant,binary_sensor.front_porch_camera_motion,0.003861,1
1789109435.065165,home_assistant,sensor.living_room_temperature,0.002594,1
1789109435.254515,smartthings_cloud,delaysteer-motion,0.189308,1
1789109435.447663,smartthings_cloud,Office Smart Light,0.193095,1
1789109435.618947,smartthings_cloud,Laundryroom/Mudroom Smart Light,0.171237,1
1789109435.856332,smartthings_cloud,Online Status Monitor,0.237336,1
1789109465.878618,home_assistant,binary_sensor.front_door_contact,0.015064,1
1789109465.8821068,home_assistant,lock.front_door,0.003373,1
1789109465.885014,home_assistant,alarm_control_panel.home_alarm,0.002874,1
1789109465.8879611,home_assistant,binary_sensor.front_porch_camera_motion,0.002913,1
1789109465.890848,home_assistant,sensor.living_room_temperature,0.002853,1
1789109466.098806,smartthings_cloud,delaysteer-motion,0.207918,1
1789109466.279626,smartthings_cloud,Office Smart Light,0.180772,1
1789109466.5045881,smartthings_cloud,Laundryroom/Mudroom Smart Light,0.224914,1
1789109466.6749299,smartthings_cloud,Online Status Monitor,0.170289,1
1789109496.697115,home_assistant,binary_sensor.front_door_contact,0.013584,1
1789109496.699711,home_assistant,lock.front_door,0.002484,1
1789109496.70166,home_assistant,alarm_control_panel.home_alarm,0.001914,1
1789109496.7034318,home_assistant,binary_sensor.front_porch_camera_motion,0.001737,1
1789109496.70568,home_assistant,sensor.living_room_temperature,0.002216,1
1789109496.883477,smartthings_cloud,delaysteer-motion,0.177747,1
1789109497.051479,smartthings_cloud,Office Smart Light,0.167891,1
1789109497.2086248,smartthings_cloud,Laundryroom/Mudroom Smart Light,0.15711,1
1789109497.3811169,smartthings_cloud,Online Status Monitor,0.172457,1
1789109527.4025002,home_assistant,binary_sensor.front_door_contact,0.01065,1
1789109527.4059782,home_assistant,lock.front_door,0.003378,1
1789109527.409285,home_assistant,alarm_control_panel.home_alarm,0.003272,1
1789109527.412867,home_assistant,binary_sensor.front_porch_camera_motion,0.003543,1
1789109527.415945,home_assistant,sensor.living_room_temperature,0.003042,1
1789109527.61185,smartthings_cloud,delaysteer-motion,0.195853,1
1789109527.777855,smartthings_cloud,Office Smart Light,0.165955,1
1789109527.955332,smartthings_cloud,Laundryroom/Mudroom Smart Light,0.177438,1
1789109528.1099389,smartthings_cloud,Online Status Monitor,0.154571,1
1789109558.132256,home_assistant,binary_sensor.front_door_contact,0.012374,1
1789109558.137066,home_assistant,lock.front_door,0.004693,1
1789109558.141502,home_assistant,alarm_control_panel.home_alarm,0.004398,1
1789109558.144576,home_assistant,binary_sensor.front_porch_camera_motion,0.003038,1
1789109558.148607,home_assistant,sensor.living_room_temperature,0.003991,1
1789109558.3849978,smartthings_cloud,delaysteer-motion,0.236349,1
1789109558.596906,smartthings_cloud,Office Smart Light,0.211871,1
1789109558.8390641,smartthings_cloud,Laundryroom/Mudroom Smart Light,0.242108,1
1789109558.996185,smartthings_cloud,Online Status Monitor,0.157072,1
1789109589.0331168,home_assistant,binary_sensor.front_door_contact,0.025447,1
1789109589.036575,home_assistant,lock.front_door,0.003348,1
1789109589.040371,home_assistant,alarm_control_panel.home_alarm,0.003763,1
1789109589.043021,home_assistant,binary_sensor.front_porch_camera_motion,0.002622,1
1789109589.0447118,home_assistant,sensor.living_room_temperature,0.001676,1
1789109589.2154381,smartthings_cloud,delaysteer-motion,0.170707,1
1789109589.386642,smartthings_cloud,Office Smart Light,0.171156,1
1789109589.573937,smartthings_cloud,Laundryroom/Mudroom Smart Light,0.187242,1
1789109589.731346,smartthings_cloud,Online Status Monitor,0.157376,1
