run_id,scenario,trial,family,guard,w_spec_s,commit_lag_s,effective_window_s,transition_at_s,transition_inside_window,violation,guard_residual_s,notes
e8-20260813,E8_speculative_window,0,secure_house,none,0.0,0.0,0.0,39.6401,False,False,inf,secure_house: structural commit lag 0.0s
e8-20260813,E8_speculative_window,1,secure_house,none,0.0,0.0,0.0,11.1198,False,False,inf,secure_house: structural commit lag 0.0s
e8-20260813,E8_speculative_window,2,secure_house,none,0.0,0.0,0.0,35.7029,False,False,inf,secure_house: structural commit lag 0.0s
e8-20260813,E8_speculative_window,3,secure_house,none,0.0,0.0,0.0,18.1114,False,False,inf,secure_house: structural commit lag 0.0s
e8-20260813,E8_speculative_window,4,secure_house,none,0.0,0.0,0.0,5.4244,False,False,inf,secure_house: structural commit lag 0.0s
e8-20260813,E8_speculative_window,5,secure_house,none,0.0,0.0,0.0,4.3592,False,False,inf,secure_house: structural commit lag 0.0s
e8-20260813,E8_speculative_window,6,secure_house,none,0.0,0.0,0.0,32.8046,False,False,inf,secure_house: structural commit lag 0.0s
e8-20260813,E8_speculative_window,7,secure_house,none,0.0,0.0,0.0,17.2115,False,False,inf,secure_house: structural commit lag 0.0s
e8-20260813,E8_speculative_window,8,secure_house,none,0.0,0.0,0.0,37.9789,False,False,inf,secure_house: structural commit lag 0.0s
e8-20260813,E8_speculative_window,9,secure_house,none,0.0,0.0,0.0,39.9219,False,False,inf,secure_house: structural commit lag 0.0s
e8-20260813,E8_speculative_window,10,secure_house,none,0.0,0.0,0.0,25.2542,False,False,inf,secure_house: structural commit lag 0.0s
e8-20260813,E8_speculative_window,11,secure_house,none,0.0,0.0,0.0,12.4597,False,False,inf,secure_house: structural commit lag 0.0s
e8-20260813,E8_speculative_window,12,secure_house,none,0.0,0.0,0.0,21.9387,False,False,inf,secure_house: structural commit lag 0.0s
e8-20260813,E8_speculative_window,13,secure_house,none,0.0,0.0,0.0,31.6006,False,False,inf,secure_house: structural commit lag 0.0s
e8-20260813,E8_speculative_window,14,secure_house,none,0.0,0.0,0.0,14.8018,False,False,inf,secure_house: structural commit lag 0.0s
e8-20260813,E8_speculative_window,15,secure_house,none,0.0,0.0,0.0,27.5678,False,False,inf,secure_house: structural commit lag 0.0s
e8-20260813,E8_speculative_window,16,secure_house,none,0.0,0.0,0.0,9.8237,False,False,inf,secure_house: structural commit lag 0.0s
e8-20260813,E8_speculative_window,17,secure_house,none,0.0,0.0,0.0,35.4534,False,False,inf,secure_house: structural commit lag 0.0s
e8-20260813,E8_speculative_window,18,secure_house,none,0.0,0.0,0.0,12.4202,False,False,inf,secure_house: structural commit lag 0.0s
e8-20260813,E8_speculative_window,19,secure_house,none,0.0,0.0,0.0,9.1325,False,False,inf,secure_house: structural commit lag 0.0s
e8-20260813,E8_speculative_window,0,secure_house,none,0.1,0.0,0.1,17.7919,False,False,inf,secure_house: structural commit lag 0.0s
e8-20260813,E8_speculative_window,1,secure_house,none,0.1,0.0,0.1,28.5068,False,False,inf,secure_house: structural commit lag 0.0s
e8-20260813,E8_speculative_window,2,secure_house,none,0.1,0.0,0.1,16.5784,False,False,inf,secure_house: structural commit lag 0.0s
e8-20260813,E8_speculative_window,3,secure_house,none,0.1,0.0,0.1,18.0742,False,False,inf,secure_house: structural commit lag 0.0s
e8-20260813,E8_speculative_window,4,secure_house,none,0.1,0.0,0.1,37.3529,False,False,inf,secure_house: structural commit lag 0.0s
e8-20260813,E8_speculative_window,5,secure_house,none,0.1,0.0,0.1,30.8902,False,False,inf,secure_house: structural commit lag 0.0s
e8-20260813,E8_speculative_window,6,secure_house,none,0.1,0.0,0.1,14.6911,False,False,inf,secure_house: structural commit lag 0.0s
e8-20260813,E8_speculative_window,7,secure_house,none,0.1,0.0,0.1,37.0345,False,False,inf,secure_house: structural commit lag 0.0s
e8-20260813,E8_speculative_window,8,secure_house,none,0.1,0.0,0.1,5.729,False,False,inf,secure_house: structural commit lag 0.0s
e8-20260813,E8_speculative_window,9,secure_house,none,0.1,0.0,0.1,17.9175,False,False,inf,secure_house: structural commit lag 0.0s
e8-20260813,E8_speculative_window,10,secure_house,none,0.1,0.0,0.1,36.5606,False,False,inf,secure_house: structural commit lag 0.0s
e8-20260813,E8_speculative_window,11,secure_house,none,0.1,0.0,0.1,37.0482,False,False,inf,secure_house: structural commit lag 0.0s
e8-20260813,E8_speculative_window,12,secure_house,none,0.1,0.0,0.1,23.7162,False,False,inf,secure_house: structural commit lag 0.0s
e8-20260813,E8_speculative_window,13,secure_house,none,0.1,0.0,0.1,12.2766,False,False,inf,secure_house: structural commit lag 0.0s
e8-20260813,E8_speculative_window,14,secure_house,none,0.1,0.0,0.1,38.3427,False,False,inf,secure_house: structural commit lag 0.0s
e8-20260813,E8_speculative_window,15,secure_house,none,0.1,0.0,0.1,9.2844,False,False,inf,secure_house: structural commit lag 0.0s
e8-20260813,E8_speculative_window,16,secure_house,none,0.1,0.0,0.1,14.648,False,False,inf,secure_house: structural commit lag 0.0s
e8-20260813,E8_speculative_window,17,secure_house,none,0.1,0.0,0.1,14.704,False,False,inf,secure_house: structural commit lag 0.0s
e8-20260813,E8_speculative_window,18,secure_house,none,0.1,0.0,0.1,34.3553,False,False,inf,secure_house: structural commit lag 0.0s
e8-20260813,E8_speculative_window,19,secure_house,none,0.1,0.0,0.1,14.8037,False,False,inf,secure_house: structural commit lag 0.0s
e8-20260813,E8_speculative_window,0,secure_house,none,0.25,0.0,0.25,11.8868,False,False,inf,secure_house: structural commit lag 0.0s
e8-20260813,E8_speculative_window,1,secure_house,none,0.25,0.0,0.25,39.6011,False,False,inf,secure_house: structural commit lag 0.0s
e8-20260813,E8_speculative_window,2,secure_house,none,0.25,0.0,0.25,38.6788,False,False,inf,secure_house: structural commit lag 0.0s
e8-20260813,E8_speculative_window,3,secure_house,none,0.25,0.0,0.25,28.6857,False,False,inf,secure_house: structural commit lag 0.0s
e8-20260813,E8_speculative_window,4,secure_house,none,0.25,0.0,0.25,35.6054,False,False,inf,secure_house: structural commit lag 0.0s
e8-20260813,E8_speculative_window,5,secure_house,none,0.25,0.0,0.25,12.4707,False,False,inf,secure_house: structural commit lag 0.0s
e8-20260813,E8_speculative_window,6,secure_house,none,0.25,0.0,0.25,4.0863,False,False,inf,secure_house: structural commit lag 0.0s
e8-20260813,E8_speculative_window,7,secure_house,none,0.25,0.0,0.25,38.0521,False,False,inf,secure_house: structural commit lag 0.0s
e8-20260813,E8_speculative_window,8,secure_house,none,0.25,0.0,0.25,19.5322,False,False,inf,secure_house: structural commit lag 0.0s
e8-20260813,E8_speculative_window,9,secure_house,none,0.25,0.0,0.25,25.4755,False,False,inf,secure_house: structural commit lag 0.0s
e8-20260813,E8_speculative_window,10,secure_house,none,0.25,0.0,0.25,8.2715,False,False,inf,secure_house: structural commit lag 0.0s
e8-20260813,E8_speculative_window,11,secure_house,none,0.25,0.0,0.25,17.8582,False,False,inf,secure_house: structural commit lag 0.0s
e8-20260813,E8_speculative_window,12,secure_house,none,0.25,0.0,0.25,35.4351,False,False,inf,secure_house: structural commit lag 0.0s
e8-20260813,E8_speculative_window,13,secure_house,none,0.25,0.0,0.25,14.7485,False,False,inf,secure_house: structural commit lag 0.0s
e8-20260813,E8_speculative_window,14,secure_house,none,0.25,0.0,0.25,16.2573,False,False,inf,secure_house: structural commit lag 0.0s
e8-20260813,E8_speculative_window,15,secure_house,none,0.25,0.0,0.25,32.4231,False,False,inf,secure_house: structural commit lag 0.0s
e8-20260813,E8_speculative_window,16,secure_house,none,0.25,0.0,0.25,3.7071,False,False,inf,secure_house: structural commit lag 0.0s
e8-20260813,E8_speculative_window,17,secure_house,none,0.25,0.0,0.25,23.538,False,False,inf,secure_house: structural commit lag 0.0s
e8-20260813,E8_speculative_window,18,secure_house,none,0.25,0.0,0.25,8.9927,False,False,inf,secure_house: structural commit lag 0.0s
e8-20260813,E8_speculative_window,19,secure_house,none,0.25,0.0,0.25,8.8709,False,False,inf,secure_house: structural commit lag 0.0s
e8-20260813,E8_speculative_window,0,secure_house,none,0.5,0.0,0.5,7.8246,False,False,inf,secure_house: structural commit lag 0.0s
e8-20260813,E8_speculative_window,1,secure_house,none,0.5,0.0,0.5,21.4956,False,False,inf,secure_house: structural commit lag 0.0s
e8-20260813,E8_speculative_window,2,secure_house,none,0.5,0.0,0.5,26.9872,False,False,inf,secure_house: structural commit lag 0.0s
e8-20260813,E8_speculative_window,3,secure_house,none,0.5,0.0,0.5,11.033,False,False,inf,secure_house: structural commit lag 0.0s
e8-20260813,E8_speculative_window,4,secure_house,none,0.5,0.0,0.5,14.0919,False,False,inf,secure_house: structural commit lag 0.0s
e8-20260813,E8_speculative_window,5,secure_house,none,0.5,0.0,0.5,39.4123,False,False,inf,secure_house: structural commit lag 0.0s
e8-20260813,E8_speculative_window,6,secure_house,none,0.5,0.0,0.5,26.3082,False,False,inf,secure_house: structural commit lag 0.0s
e8-20260813,E8_speculative_window,7,secure_house,none,0.5,0.0,0.5,19.1555,False,False,inf,secure_house: structural commit lag 0.0s
e8-20260813,E8_speculative_window,8,secure_house,none,0.5,0.0,0.5,20.6368,False,False,inf,secure_house: structural commit lag 0.0s
e8-20260813,E8_speculative_window,9,secure_house,none,0.5,0.0,0.5,6.3965,False,False,inf,secure_house: structural commit lag 0.0s
e8-20260813,E8_speculative_window,10,secure_house,none,0.5,0.0,0.5,15.7044,False,False,inf,secure_house: structural commit lag 0.0s
e8-20260813,E8_speculative_window,11,secure_house,none,0.5,0.0,0.5,21.2939,False,False,inf,secure_house: structural commit lag 0.0s
e8-20260813,E8_speculative_window,12,secure_house,none,0.5,0.0,0.5,21.1981,False,False,inf,secure_house: structural commit lag 0.0s
e8-20260813,E8_speculative_window,13,secure_house,none,0.5,0.0,0.5,3.3485,False,False,inf,secure_house: structural commit lag 0.0s
e8-20260813,E8_speculative_window,14,secure_house,none,0.5,0.0,0.5,32.3089,False,False,inf,secure_house: structural commit lag 0.0s
e8-20260813,E8_speculative_window,15,secure_house,none,0.5,0.0,0.5,0.9849,False,False,inf,secure_house: structural commit lag 0.0s
e8-20260813,E8_speculative_window,16,secure_house,none,0.5,0.0,0.5,33.215,False,False,inf,secure_house: structural commit lag 0.0s
e8-20260813,E8_speculative_window,17,secure_house,none,0.5,0.0,0.5,31.8543,False,False,inf,secure_house: structural commit lag 0.0s
e8-20260813,E8_speculative_window,18,secure_house,none,0.5,0.0,0.5,2.5101,False,False,inf,secure_house: structural commit lag 0.0s
e8-20260813,E8_speculative_window,19,secure_house,none,0.5,0.0,0.5,1.3819,False,False,inf,secure_house: structural commit lag 0.0s
e8-20260813,E8_speculative_window,0,secure_house,none,1.0,0.0,1.0,29.0482,False,False,inf,secure_house: structural commit lag 0.0s
e8-20260813,E8_speculative_window,1,secure_house,none,1.0,0.0,1.0,19.6285,False,False,inf,secure_house: structural commit lag 0.0s
e8-20260813,E8_speculative_window,2,secure_house,none,1.0,0.0,1.0,8.4465,False,False,inf,secure_house: structural commit lag 0.0s
e8-20260813,E8_speculative_window,3,secure_house,none,1.0,0.0,1.0,11.0471,False,False,inf,secure_house: structural commit lag 0.0s
e8-20260813,E8_speculative_window,4,secure_house,none,1.0,0.0,1.0,26.5367,False,False,inf,secure_house: structural commit lag 0.0s
e8-20260813,E8_speculative_window,5,secure_house,none,1.0,0.0,1.0,2.6984,False,False,inf,secure_house: structural commit lag 0.0s
e8-20260813,E8_speculative_window,6,secure_house,none,1.0,0.0,1.0,0.8939,True,True,inf,secure_house: structural commit lag 0.0s
e8-20260813,E8_speculative_window,7,secure_house,none,1.0,0.0,1.0,18.9094,False,False,inf,secure_house: structural commit lag 0.0s
e8-20260813,E8_speculative_window,8,secure_house,none,1.0,0.0,1.0,29.9034,False,False,inf,secure_house: structural commit lag 0.0s
e8-20260813,E8_speculative_window,9,secure_house,none,1.0,0.0,1.0,16.1773,False,False,inf,secure_house: structural commit lag 0.0s
e8-20260813,E8_speculative_window,10,secure_house,none,1.0,0.0,1.0,3.5836,False,False,inf,secure_house: structural commit lag 0.0s
e8-20260813,E8_speculative_window,11,secure_house,none,1.0,0.0,1.0,32.5479,False,False,inf,secure_house: structural commit lag 0.0s
e8-20260813,E8_speculative_window,12,secure_house,none,1.0,0.0,1.0,10.5583,False,False,inf,secure_house: structural commit lag 0.0s
e8-20260813,E8_speculative_window,13,secure_house,none,1.0,0.0,1.0,23.4162,False,False,inf,secure_house: structural commit lag 0.0s
e8-20260813,E8_speculative_window,14,secure_house,none,1.0,0.0,1.0,27.4813,False,False,inf,secure_house: structural commit lag 0.0s
e8-20260813,E8_speculative_window,15,secure_house,none,1.0,0.0,1.0,18.3995,False,False,inf,secure_house: structural commit lag 0.0s
e8-20260813,E8_speculative_window,16,secure_house,none,1.0,0.0,1.0,38.9102,False,False,inf,secure_house: structural commit lag 0.0s
e8-20260813,E8_speculative_window,17,secure_house,none,1.0,0.0,1.0,25.1122,False,False,inf,secure_house: structural commit lag 0.0s
e8-20260813,E8_speculative_window,18,secure_house,none,1.0,0.0,1.0,32.2,False,False,inf,secure_house: structural commit lag 0.0s
e8-20260813,E8_speculative_window,19,secure_house,none,1.0,0.0,1.0,6.9099,False,False,inf,secure_house: structural commit lag 0.0s
e8-20260813,E8_speculative_window,0,secure_house,none,2.0,0.0,2.0,30.6983,False,False,inf,secure_house: structural commit lag 0.0s
e8-20260813,E8_speculative_window,1,secure_house,none,2.0,0.0,2.0,1.1621,True,True,inf,secure_house: structural commit lag 0.0s
e8-20260813,E8_speculative_window,2,secure_house,none,2.0,0.0,2.0,37.8829,False,False,inf,secure_house: structural commit lag 0.0s
e8-20260813,E8_speculative_window,3,secure_house,none,2.0,0.0,2.0,35.2181,False,False,inf,secure_house: structural commit lag 0.0s
e8-20260813,E8_speculative_window,4,secure_house,none,2.0,0.0,2.0,21.0057,False,False,inf,secure_house: structural commit lag 0.0s
e8-20260813,E8_speculative_window,5,secure_house,none,2.0,0.0,2.0,17.4036,False,False,inf,secure_house: structural commit lag 0.0s
e8-20260813,E8_speculative_window,6,secure_house,none,2.0,0.0,2.0,22.0497,False,False,inf,secure_house: structural commit lag 0.0s
e8-20260813,E8_speculative_window,7,secure_house,none,2.0,0.0,2.0,30.0024,False,False,inf,secure_house: structural commit lag 0.0s
e8-20260813,E8_speculative_window,8,secure_house,none,2.0,0.0,2.0,4.2566,False,False,inf,secure_house: structural commit lag 0.0s
e8-20260813,E8_speculative_window,9,secure_house,none,2.0,0.0,2.0,23.4308,False,False,inf,secure_house: structural commit lag 0.0s
e8-20260813,E8_speculative_window,10,secure_house,none,2.0,0.0,2.0,13.3041,False,False,inf,secure_house: structural commit lag 0.0s
e8-20260813,E8_speculative_window,11,secure_house,none,2.0,0.0,2.0,2.0925,False,False,inf,secure_house: structural commit lag 0.0s
e8-20260813,E8_speculative_window,12,secure_house,none,2.0,0.0,2.0,11.5146,False,False,inf,secure_house: structural commit lag 0.0s
e8-20260813,E8_speculative_window,13,secure_house,none,2.0,0.0,2.0,22.9674,False,False,inf,secure_house: structural commit lag 0.0s
e8-20260813,E8_speculative_window,14,secure_house,none,2.0,0.0,2.0,23.6066,False,False,inf,secure_house: structural commit lag 0.0s
e8-20260813,E8_speculative_window,15,secure_house,none,2.0,0.0,2.0,31.9392,False,False,inf,secure_house: structural commit lag 0.0s
e8-20260813,E8_speculative_window,16,secure_house,none,2.0,0.0,2.0,32.4287,False,False,inf,secure_house: structural commit lag 0.0s
e8-20260813,E8_speculative_window,17,secure_house,none,2.0,0.0,2.0,8.0374,False,False,inf,secure_house: structural commit lag 0.0s
e8-20260813,E8_speculative_window,18,secure_house,none,2.0,0.0,2.0,27.2744,False,False,inf,secure_house: structural commit lag 0.0s
e8-20260813,E8_speculative_window,19,secure_house,none,2.0,0.0,2.0,31.3356,False,False,inf,secure_house: structural commit lag 0.0s
e8-20260813,E8_speculative_window,0,secure_house,none,5.0,0.0,5.0,26.7142,False,False,inf,secure_house: structural commit lag 0.0s
e8-20260813,E8_speculative_window,1,secure_house,none,5.0,0.0,5.0,17.4541,False,False,inf,secure_house: structural commit lag 0.0s
e8-20260813,E8_speculative_window,2,secure_house,none,5.0,0.0,5.0,4.8087,True,True,inf,secure_house: structural commit lag 0.0s
e8-20260813,E8_speculative_window,3,secure_house,none,5.0,0.0,5.0,2.7143,True,True,inf,secure_house: structural commit lag 0.0s
e8-20260813,E8_speculative_window,4,secure_house,none,5.0,0.0,5.0,25.5911,False,False,inf,secure_house: structural commit lag 0.0s
e8-20260813,E8_speculative_window,5,secure_house,none,5.0,0.0,5.0,22.8816,False,False,inf,secure_house: structural commit lag 0.0s
e8-20260813,E8_speculative_window,6,secure_house,none,5.0,0.0,5.0,36.9239,False,False,inf,secure_house: structural commit lag 0.0s
e8-20260813,E8_speculative_window,7,secure_house,none,5.0,0.0,5.0,29.9605,False,False,inf,secure_house: structural commit lag 0.0s
e8-20260813,E8_speculative_window,8,secure_house,none,5.0,0.0,5.0,30.095,False,False,inf,secure_house: structural commit lag 0.0s
e8-20260813,E8_speculative_window,9,secure_house,none,5.0,0.0,5.0,16.5371,False,False,inf,secure_house: structural commit lag 0.0s
e8-20260813,E8_speculative_window,10,secure_house,none,5.0,0.0,5.0,35.0956,False,False,inf,secure_house: structural commit lag 0.0s
e8-20260813,E8_speculative_window,11,secure_house,none,5.0,0.0,5.0,30.8766,False,False,inf,secure_house: structural commit lag 0.0s
e8-20260813,E8_speculative_window,12,secure_house,none,5.0,0.0,5.0,6.4021,False,False,inf,secure_house: structural commit lag 0.0s
e8-20260813,E8_speculative_window,13,secure_house,none,5.0,0.0,5.0,25.6677,False,False,inf,secure_house: structural commit lag 0.0s
e8-20260813,E8_speculative_window,14,secure_house,none,5.0,0.0,5.0,0.5444,True,True,inf,secure_house: structural commit lag 0.0s
e8-20260813,E8_speculative_window,15,secure_house,none,5.0,0.0,5.0,26.5632,False,False,inf,secure_house: structural commit lag 0.0s
e8-20260813,E8_speculative_window,16,secure_house,none,5.0,0.0,5.0,14.2988,False,False,inf,secure_house: structural commit lag 0.0s
e8-20260813,E8_speculative_window,17,secure_house,none,5.0,0.0,5.0,12.3238,False,False,inf,secure_house: structural commit lag 0.0s
e8-20260813,E8_speculative_window,18,secure_house,none,5.0,0.0,5.0,33.5143,False,False,inf,secure_house: structural commit lag 0.0s
e8-20260813,E8_speculative_window,19,secure_house,none,5.0,0.0,5.0,39.7193,False,False,inf,secure_house: structural commit lag 0.0s
e8-20260813,E8_speculative_window,0,secure_house,none,10.0,0.0,10.0,5.554,True,True,inf,secure_house: structural commit lag 0.0s
e8-20260813,E8_speculative_window,1,secure_house,none,10.0,0.0,10.0,25.0168,False,False,inf,secure_house: structural commit lag 0.0s
e8-20260813,E8_speculative_window,2,secure_house,none,10.0,0.0,10.0,14.9748,False,False,inf,secure_house: structural commit lag 0.0s
e8-20260813,E8_speculative_window,3,secure_house,none,10.0,0.0,10.0,37.4404,False,False,inf,secure_house: structural commit lag 0.0s
e8-20260813,E8_speculative_window,4,secure_house,none,10.0,0.0,10.0,35.7281,False,False,inf,secure_house: structural commit lag 0.0s
e8-20260813,E8_speculative_window,5,secure_house,none,10.0,0.0,10.0,30.4611,False,False,inf,secure_house: structural commit lag 0.0s
e8-20260813,E8_speculative_window,6,secure_house,none,10.0,0.0,10.0,1.14,True,True,inf,secure_house: structural commit lag 0.0s
e8-20260813,E8_speculative_window,7,secure_house,none,10.0,0.0,10.0,32.6197,False,False,inf,secure_house: structural commit lag 0.0s
e8-20260813,E8_speculative_window,8,secure_house,none,10.0,0.0,10.0,5.5206,True,True,inf,secure_house: structural commit lag 0.0s
e8-20260813,E8_speculative_window,9,secure_house,none,10.0,0.0,10.0,27.2187,False,False,inf,secure_house: structural commit lag 0.0s
e8-20260813,E8_speculative_window,10,secure_house,none,10.0,0.0,10.0,18.8046,False,False,inf,secure_house: structural commit lag 0.0s
e8-20260813,E8_speculative_window,11,secure_house,none,10.0,0.0,10.0,19.4725,False,False,inf,secure_house: structural commit lag 0.0s
e8-20260813,E8_speculative_window,12,secure_house,none,10.0,0.0,10.0,25.3975,False,False,inf,secure_house: structural commit lag 0.0s
e8-20260813,E8_speculative_window,13,secure_house,none,10.0,0.0,10.0,2.1895,True,True,inf,secure_house: structural commit lag 0.0s
e8-20260813,E8_speculative_window,14,secure_house,none,10.0,0.0,10.0,30.857,False,False,inf,secure_house: structural commit lag 0.0s
e8-20260813,E8_speculative_window,15,secure_house,none,10.0,0.0,10.0,39.836,False,False,inf,secure_house: structural commit lag 0.0s
e8-20260813,E8_speculative_window,16,secure_house,none,10.0,0.0,10.0,26.123,False,False,inf,secure_house: structural commit lag 0.0s
e8-20260813,E8_speculative_window,17,secure_house,none,10.0,0.0,10.0,34.543,False,False,inf,secure_house: structural commit lag 0.0s
e8-20260813,E8_speculative_window,18,secure_house,none,10.0,0.0,10.0,28.4894,False,False,inf,secure_house: structural commit lag 0.0s
e8-20260813,E8_speculative_window,19,secure_house,none,10.0,0.0,10.0,32.0585,False,False,inf,secure_house: structural commit lag 0.0s
e8-20260813,E8_speculative_window,0,secure_house,none,20.0,0.0,20.0,29.7083,False,False,inf,secure_house: structural commit lag 0.0s
e8-20260813,E8_speculative_window,1,secure_house,none,20.0,0.0,20.0,1.3135,True,True,inf,secure_house: structural commit lag 0.0s
e8-20260813,E8_speculative_window,2,secure_house,none,20.0,0.0,20.0,3.7236,True,True,inf,secure_house: structural commit lag 0.0s
e8-20260813,E8_speculative_window,3,secure_house,none,20.0,0.0,20.0,39.0079,False,False,inf,secure_house: structural commit lag 0.0s
e8-20260813,E8_speculative_window,4,secure_house,none,20.0,0.0,20.0,3.8562,True,True,inf,secure_house: structural commit lag 0.0s
e8-20260813,E8_speculative_window,5,secure_house,none,20.0,0.0,20.0,24.2668,False,False,inf,secure_house: structural commit lag 0.0s
e8-20260813,E8_speculative_window,6,secure_house,none,20.0,0.0,20.0,11.0164,True,True,inf,secure_house: structural commit lag 0.0s
e8-20260813,E8_speculative_window,7,secure_house,none,20.0,0.0,20.0,32.408,False,False,inf,secure_house: structural commit lag 0.0s
e8-20260813,E8_speculative_window,8,secure_house,none,20.0,0.0,20.0,2.6735,True,True,inf,secure_house: structural commit lag 0.0s
e8-20260813,E8_speculative_window,9,secure_house,none,20.0,0.0,20.0,0.9342,True,True,inf,secure_house: structural commit lag 0.0s
e8-20260813,E8_speculative_window,10,secure_house,none,20.0,0.0,20.0,27.4049,False,False,inf,secure_house: structural commit lag 0.0s
e8-20260813,E8_speculative_window,11,secure_house,none,20.0,0.0,20.0,37.1509,False,False,inf,secure_house: structural commit lag 0.0s
e8-20260813,E8_speculative_window,12,secure_house,none,20.0,0.0,20.0,19.0005,True,True,inf,secure_house: structural commit lag 0.0s
e8-20260813,E8_speculative_window,13,secure_house,none,20.0,0.0,20.0,27.4055,False,False,inf,secure_house: structural commit lag 0.0s
e8-20260813,E8_speculative_window,14,secure_house,none,20.0,0.0,20.0,37.2428,False,False,inf,secure_house: structural commit lag 0.0s
e8-20260813,E8_speculative_window,15,secure_house,none,20.0,0.0,20.0,26.1455,False,False,inf,secure_house: structural commit lag 0.0s
e8-20260813,E8_speculative_window,16,secure_house,none,20.0,0.0,20.0,0.2608,True,True,inf,secure_house: structural commit lag 0.0s
e8-20260813,E8_speculative_window,17,secure_house,none,20.0,0.0,20.0,6.0012,True,True,inf,secure_house: structural commit lag 0.0s
e8-20260813,E8_speculative_window,18,secure_house,none,20.0,0.0,20.0,13.012,True,True,inf,secure_house: structural commit lag 0.0s
e8-20260813,E8_speculative_window,19,secure_house,none,20.0,0.0,20.0,24.149,False,False,inf,secure_house: structural commit lag 0.0s
e8-20260813,E8_speculative_window,0,secure_house,none,40.0,0.0,40.0,39.2192,True,True,inf,secure_house: structural commit lag 0.0s
e8-20260813,E8_speculative_window,1,secure_house,none,40.0,0.0,40.0,26.4887,True,True,inf,secure_house: structural commit lag 0.0s
e8-20260813,E8_speculative_window,2,secure_house,none,40.0,0.0,40.0,15.975,True,True,inf,secure_house: structural commit lag 0.0s
e8-20260813,E8_speculative_window,3,secure_house,none,40.0,0.0,40.0,1.7425,True,True,inf,secure_house: structural commit lag 0.0s
e8-20260813,E8_speculative_window,4,secure_house,none,40.0,0.0,40.0,17.1828,True,True,inf,secure_house: structural commit lag 0.0s
e8-20260813,E8_speculative_window,5,secure_house,none,40.0,0.0,40.0,4.0731,True,True,inf,secure_house: structural commit lag 0.0s
e8-20260813,E8_speculative_window,6,secure_house,none,40.0,0.0,40.0,30.0013,True,True,inf,secure_house: structural commit lag 0.0s
e8-20260813,E8_speculative_window,7,secure_house,none,40.0,0.0,40.0,16.0578,True,True,inf,secure_house: structural commit lag 0.0s
e8-20260813,E8_speculative_window,8,secure_house,none,40.0,0.0,40.0,24.0154,True,True,inf,secure_house: structural commit lag 0.0s
e8-20260813,E8_speculative_window,9,secure_house,none,40.0,0.0,40.0,3.7506,True,True,inf,secure_house: structural commit lag 0.0s
e8-20260813,E8_speculative_window,10,secure_house,none,40.0,0.0,40.0,34.3442,True,True,inf,secure_house: structural commit lag 0.0s
e8-20260813,E8_speculative_window,11,secure_house,none,40.0,0.0,40.0,37.7891,True,True,inf,secure_house: structural commit lag 0.0s
e8-20260813,E8_speculative_window,12,secure_house,none,40.0,0.0,40.0,7.2273,True,True,inf,secure_house: structural commit lag 0.0s
e8-20260813,E8_speculative_window,13,secure_house,none,40.0,0.0,40.0,12.5716,True,True,inf,secure_house: structural commit lag 0.0s
e8-20260813,E8_speculative_window,14,secure_house,none,40.0,0.0,40.0,5.4616,True,True,inf,secure_house: structural commit lag 0.0s
e8-20260813,E8_speculative_window,15,secure_house,none,40.0,0.0,40.0,5.7372,True,True,inf,secure_house: structural commit lag 0.0s
e8-20260813,E8_speculative_window,16,secure_house,none,40.0,0.0,40.0,8.3835,True,True,inf,secure_house: structural commit lag 0.0s
e8-20260813,E8_speculative_window,17,secure_house,none,40.0,0.0,40.0,28.9376,True,True,inf,secure_house: structural commit lag 0.0s
e8-20260813,E8_speculative_window,18,secure_house,none,40.0,0.0,40.0,27.6321,True,True,inf,secure_house: structural commit lag 0.0s
e8-20260813,E8_speculative_window,19,secure_house,none,40.0,0.0,40.0,24.1334,True,True,inf,secure_house: structural commit lag 0.0s
e8-20260813,E8_speculative_window,0,secure_house,static,0.0,0.0,0.0,3.9524,False,False,2.0,secure_house: structural commit lag 0.0s
e8-20260813,E8_speculative_window,1,secure_house,static,0.0,0.0,0.0,24.3592,False,False,2.0,secure_house: structural commit lag 0.0s
e8-20260813,E8_speculative_window,2,secure_house,static,0.0,0.0,0.0,20.1521,False,False,2.0,secure_house: structural commit lag 0.0s
e8-20260813,E8_speculative_window,3,secure_house,static,0.0,0.0,0.0,23.0849,False,False,2.0,secure_house: structural commit lag 0.0s
e8-20260813,E8_speculative_window,4,secure_house,static,0.0,0.0,0.0,30.6489,False,False,2.0,secure_house: structural commit lag 0.0s
e8-20260813,E8_speculative_window,5,secure_house,static,0.0,0.0,0.0,35.8539,False,False,2.0,secure_house: structural commit lag 0.0s
e8-20260813,E8_speculative_window,6,secure_house,static,0.0,0.0,0.0,26.8419,False,False,2.0,secure_house: structural commit lag 0.0s
e8-20260813,E8_speculative_window,7,secure_house,static,0.0,0.0,0.0,11.1628,False,False,2.0,secure_house: structural commit lag 0.0s
e8-20260813,E8_speculative_window,8,secure_house,static,0.0,0.0,0.0,35.9424,False,False,2.0,secure_house: structural commit lag 0.0s
e8-20260813,E8_speculative_window,9,secure_house,static,0.0,0.0,0.0,28.023,False,False,2.0,secure_house: structural commit lag 0.0s
e8-20260813,E8_speculative_window,10,secure_house,static,0.0,0.0,0.0,33.2589,False,False,2.0,secure_house: structural commit lag 0.0s
e8-20260813,E8_speculative_window,11,secure_house,static,0.0,0.0,0.0,1.341,False,False,2.0,secure_house: structural commit lag 0.0s
e8-20260813,E8_speculative_window,12,secure_house,static,0.0,0.0,0.0,15.4754,False,False,2.0,secure_house: structural commit lag 0.0s
e8-20260813,E8_speculative_window,13,secure_house,static,0.0,0.0,0.0,38.7469,False,False,2.0,secure_house: structural commit lag 0.0s
e8-20260813,E8_speculative_window,14,secure_house,static,0.0,0.0,0.0,17.5827,False,False,2.0,secure_house: structural commit lag 0.0s
e8-20260813,E8_speculative_window,15,secure_house,static,0.0,0.0,0.0,34.991,False,False,2.0,secure_house: structural commit lag 0.0s
e8-20260813,E8_speculative_window,16,secure_house,static,0.0,0.0,0.0,25.893,False,False,2.0,secure_house: structural commit lag 0.0s
e8-20260813,E8_speculative_window,17,secure_house,static,0.0,0.0,0.0,36.3911,False,False,2.0,secure_house: structural commit lag 0.0s
e8-20260813,E8_speculative_window,18,secure_house,static,0.0,0.0,0.0,6.1303,False,False,2.0,secure_house: structural commit lag 0.0s
e8-20260813,E8_speculative_window,19,secure_house,static,0.0,0.0,0.0,20.6943,False,False,2.0,secure_house: structural commit lag 0.0s
e8-20260813,E8_speculative_window,0,secure_house,static,0.1,0.0,0.1,35.3814,False,False,2.0,secure_house: structural commit lag 0.0s
e8-20260813,E8_speculative_window,1,secure_house,static,0.1,0.0,0.1,16.6796,False,False,2.0,secure_house: structural commit lag 0.0s
e8-20260813,E8_speculative_window,2,secure_house,static,0.1,0.0,0.1,32.678,False,False,2.0,secure_house: structural commit lag 0.0s
e8-20260813,E8_speculative_window,3,secure_house,static,0.1,0.0,0.1,18.351,False,False,2.0,secure_house: structural commit lag 0.0s
e8-20260813,E8_speculative_window,4,secure_house,static,0.1,0.0,0.1,31.7202,False,False,2.0,secure_house: structural commit lag 0.0s
e8-20260813,E8_speculative_window,5,secure_house,static,0.1,0.0,0.1,32.4525,False,False,2.0,secure_house: structural commit lag 0.0s
e8-20260813,E8_speculative_window,6,secure_house,static,0.1,0.0,0.1,5.0742,False,False,2.0,secure_house: structural commit lag 0.0s
e8-20260813,E8_speculative_window,7,secure_house,static,0.1,0.0,0.1,3.8109,False,False,2.0,secure_house: structural commit lag 0.0s
e8-20260813,E8_speculative_window,8,secure_house,static,0.1,0.0,0.1,21.2429,False,False,2.0,secure_house: structural commit lag 0.0s
e8-20260813,E8_speculative_window,9,secure_house,static,0.1,0.0,0.1,13.6794,False,False,2.0,secure_house: structural commit lag 0.0s
e8-20260813,E8_speculative_window,10,secure_house,static,0.1,0.0,0.1,31.6226,False,False,2.0,secure_house: structural commit lag 0.0s
e8-20260813,E8_speculative_window,11,secure_house,static,0.1,0.0,0.1,21.9879,False,False,2.0,secure_house: structural commit lag 0.0s
e8-20260813,E8_speculative_window,12,secure_house,static,0.1,0.0,0.1,25.2806,False,False,2.0,secure_house: structural commit lag 0.0s
e8-20260813,E8_speculative_window,13,secure_house,static,0.1,0.0,0.1,16.1935,False,False,2.0,secure_house: structural commit lag 0.0s
e8-20260813,E8_speculative_window,14,secure_house,static,0.1,0.0,0.1,0.3867,False,False,2.0,secure_house: structural commit lag 0.0s
e8-20260813,E8_speculative_window,15,secure_house,static,0.1,0.0,0.1,14.5469,False,False,2.0,secure_house: structural commit lag 0.0s
e8-20260813,E8_speculative_window,16,secure_house,static,0.1,0.0,0.1,36.7643,False,False,2.0,secure_house: structural commit lag 0.0s
e8-20260813,E8_speculative_window,17,secure_house,static,0.1,0.0,0.1,33.4036,False,False,2.0,secure_house: structural commit lag 0.0s
e8-20260813,E8_speculative_window,18,secure_house,static,0.1,0.0,0.1,39.263,False,False,2.0,secure_house: structural commit lag 0.0s
e8-20260813,E8_speculative_window,19,secure_house,static,0.1,0.0,0.1,4.01,False,False,2.0,secure_house: structural commit lag 0.0s
e8-20260813,E8_speculative_window,0,secure_house,static,0.25,0.0,0.25,25.2635,False,False,2.0,secure_house: structural commit lag 0.0s
e8-20260813,E8_speculative_window,1,secure_house,static,0.25,0.0,0.25,1.5613,False,False,2.0,secure_house: structural commit lag 0.0s
e8-20260813,E8_speculative_window,2,secure_house,static,0.25,0.0,0.25,28.415,False,False,2.0,secure_house: structural commit lag 0.0s
e8-20260813,E8_speculative_window,3,secure_house,static,0.25,0.0,0.25,10.285,False,False,2.0,secure_house: structural commit lag 0.0s
e8-20260813,E8_speculative_window,4,secure_house,static,0.25,0.0,0.25,17.3662,False,False,2.0,secure_house: structural commit lag 0.0s
e8-20260813,E8_speculative_window,5,secure_house,static,0.25,0.0,0.25,3.8804,False,False,2.0,secure_house: structural commit lag 0.0s
e8-20260813,E8_speculative_window,6,secure_house,static,0.25,0.0,0.25,34.232,False,False,2.0,secure_house: structural commit lag 0.0s
e8-20260813,E8_speculative_window,7,secure_house,static,0.25,0.0,0.25,1.6378,False,False,2.0,secure_house: structural commit lag 0.0s
e8-20260813,E8_speculative_window,8,secure_house,static,0.25,0.0,0.25,4.9996,False,False,2.0,secure_house: structural commit lag 0.0s
e8-20260813,E8_speculative_window,9,secure_house,static,0.25,0.0,0.25,2.6929,False,False,2.0,secure_house: structural commit lag 0.0s
e8-20260813,E8_speculative_window,10,secure_house,static,0.25,0.0,0.25,19.6696,False,False,2.0,secure_house: structural commit lag 0.0s
e8-20260813,E8_speculative_window,11,secure_house,static,0.25,0.0,0.25,38.4159,False,False,2.0,secure_house: structural commit lag 0.0s
e8-20260813,E8_speculative_window,12,secure_house,static,0.25,0.0,0.25,33.5292,False,False,2.0,secure_house: structural commit lag 0.0s
e8-20260813,E8_speculative_window,13,secure_house,static,0.25,0.0,0.25,38.7035,False,False,2.0,secure_house: structural commit lag 0.0s
e8-20260813,E8_speculative_window,14,secure_house,static,0.25,0.0,0.25,23.6158,False,False,2.0,secure_house: structural commit lag 0.0s
e8-20260813,E8_speculative_window,15,secure_house,static,0.25,0.0,0.25,0.7202,False,False,2.0,secure_house: structural commit lag 0.0s
e8-20260813,E8_speculative_window,16,secure_house,static,0.25,0.0,0.25,39.3758,False,False,2.0,secure_house: structural commit lag 0.0s
e8-20260813,E8_speculative_window,17,secure_house,static,0.25,0.0,0.25,25.5009,False,False,2.0,secure_house: structural commit lag 0.0s
e8-20260813,E8_speculative_window,18,secure_house,static,0.25,0.0,0.25,5.8867,False,False,2.0,secure_house: structural commit lag 0.0s
e8-20260813,E8_speculative_window,19,secure_house,static,0.25,0.0,0.25,38.0863,False,False,2.0,secure_house: structural commit lag 0.0s
e8-20260813,E8_speculative_window,0,secure_house,static,0.5,0.0,0.5,12.0998,False,False,2.0,secure_house: structural commit lag 0.0s
e8-20260813,E8_speculative_window,1,secure_house,static,0.5,0.0,0.5,26.1927,False,False,2.0,secure_house: structural commit lag 0.0s
e8-20260813,E8_speculative_window,2,secure_house,static,0.5,0.0,0.5,13.7208,False,False,2.0,secure_house: structural commit lag 0.0s
e8-20260813,E8_speculative_window,3,secure_house,static,0.5,0.0,0.5,11.0248,False,False,2.0,secure_house: structural commit lag 0.0s
e8-20260813,E8_speculative_window,4,secure_house,static,0.5,0.0,0.5,16.1595,False,False,2.0,secure_house: structural commit lag 0.0s
e8-20260813,E8_speculative_window,5,secure_house,static,0.5,0.0,0.5,27.3077,False,False,2.0,secure_house: structural commit lag 0.0s
e8-20260813,E8_speculative_window,6,secure_house,static,0.5,0.0,0.5,11.1573,False,False,2.0,secure_house: structural commit lag 0.0s
e8-20260813,E8_speculative_window,7,secure_house,static,0.5,0.0,0.5,1.7896,False,False,2.0,secure_house: structural commit lag 0.0s
e8-20260813,E8_speculative_window,8,secure_house,static,0.5,0.0,0.5,20.2465,False,False,2.0,secure_house: structural commit lag 0.0s
e8-20260813,E8_speculative_window,9,secure_house,static,0.5,0.0,0.5,30.9226,False,False,2.0,secure_house: structural commit lag 0.0s
e8-20260813,E8_speculative_window,10,secure_house,static,0.5,0.0,0.5,1.6105,False,False,2.0,secure_house: structural commit lag 0.0s
e8-20260813,E8_speculative_window,11,secure_house,static,0.5,0.0,0.5,14.3115,False,False,2.0,secure_house: structural commit lag 0.0s
e8-20260813,E8_speculative_window,12,secure_house,static,0.5,0.0,0.5,27.7905,False,False,2.0,secure_house: structural commit lag 0.0s
e8-20260813,E8_speculative_window,13,secure_house,static,0.5,0.0,0.5,12.1919,False,False,2.0,secure_house: structural commit lag 0.0s
e8-20260813,E8_speculative_window,14,secure_house,static,0.5,0.0,0.5,3.4611,False,False,2.0,secure_house: structural commit lag 0.0s
e8-20260813,E8_speculative_window,15,secure_house,static,0.5,0.0,0.5,5.9544,False,False,2.0,secure_house: structural commit lag 0.0s
e8-20260813,E8_speculative_window,16,secure_house,static,0.5,0.0,0.5,34.5395,False,False,2.0,secure_house: structural commit lag 0.0s
e8-20260813,E8_speculative_window,17,secure_house,static,0.5,0.0,0.5,1.1002,False,False,2.0,secure_house: structural commit lag 0.0s
e8-20260813,E8_speculative_window,18,secure_house,static,0.5,0.0,0.5,10.2192,False,False,2.0,secure_house: structural commit lag 0.0s
e8-20260813,E8_speculative_window,19,secure_house,static,0.5,0.0,0.5,27.9813,False,False,2.0,secure_house: structural commit lag 0.0s
e8-20260813,E8_speculative_window,0,secure_house,static,1.0,0.0,1.0,36.7147,False,False,2.0,secure_house: structural commit lag 0.0s
e8-20260813,E8_speculative_window,1,secure_house,static,1.0,0.0,1.0,28.6883,False,False,2.0,secure_house: structural commit lag 0.0s
e8-20260813,E8_speculative_window,2,secure_house,static,1.0,0.0,1.0,1.652,False,False,2.0,secure_house: structural commit lag 0.0s
e8-20260813,E8_speculative_window,3,secure_house,static,1.0,0.0,1.0,6.0098,False,False,2.0,secure_house: structural commit lag 0.0s
e8-20260813,E8_speculative_window,4,secure_house,static,1.0,0.0,1.0,36.3295,False,False,2.0,secure_house: structural commit lag 0.0s
e8-20260813,E8_speculative_window,5,secure_house,static,1.0,0.0,1.0,0.3206,True,True,2.0,secure_house: structural commit lag 0.0s
e8-20260813,E8_speculative_window,6,secure_house,static,1.0,0.0,1.0,1.5112,False,False,2.0,secure_house: structural commit lag 0.0s
e8-20260813,E8_speculative_window,7,secure_house,static,1.0,0.0,1.0,36.452,False,False,2.0,secure_house: structural commit lag 0.0s
e8-20260813,E8_speculative_window,8,secure_house,static,1.0,0.0,1.0,23.3233,False,False,2.0,secure_house: structural commit lag 0.0s
e8-20260813,E8_speculative_window,9,secure_house,static,1.0,0.0,1.0,3.9401,False,False,2.0,secure_house: structural commit lag 0.0s
e8-20260813,E8_speculative_window,10,secure_house,static,1.0,0.0,1.0,39.4819,False,False,2.0,secure_house: structural commit lag 0.0s
e8-20260813,E8_speculative_window,11,secure_house,static,1.0,0.0,1.0,17.8519,False,False,2.0,secure_house: structural commit lag 0.0s
e8-20260813,E8_speculative_window,12,secure_house,static,1.0,0.0,1.0,35.0418,False,False,2.0,secure_house: structural commit lag 0.0s
e8-20260813,E8_speculative_window,13,secure_house,static,1.0,0.0,1.0,27.7791,False,False,2.0,secure_house: structural commit lag 0.0s
e8-20260813,E8_speculative_window,14,secure_house,static,1.0,0.0,1.0,10.2309,False,False,2.0,secure_house: structural commit lag 0.0s
e8-20260813,E8_speculative_window,15,secure_house,static,1.0,0.0,1.0,17.7274,False,False,2.0,secure_house: structural commit lag 0.0s
e8-20260813,E8_speculative_window,16,secure_house,static,1.0,0.0,1.0,17.4328,False,False,2.0,secure_house: structural commit lag 0.0s
e8-20260813,E8_speculative_window,17,secure_house,static,1.0,0.0,1.0,25.3208,False,False,2.0,secure_house: structural commit lag 0.0s
e8-20260813,E8_speculative_window,18,secure_house,static,1.0,0.0,1.0,20.2843,False,False,2.0,secure_house: structural commit lag 0.0s
e8-20260813,E8_speculative_window,19,secure_house,static,1.0,0.0,1.0,25.8603,False,False,2.0,secure_house: structural commit lag 0.0s
e8-20260813,E8_speculative_window,0,secure_house,static,2.0,0.0,2.0,29.3917,False,False,2.0,secure_house: structural commit lag 0.0s
e8-20260813,E8_speculative_window,1,secure_house,static,2.0,0.0,2.0,3.0177,False,False,2.0,secure_house: structural commit lag 0.0s
e8-20260813,E8_speculative_window,2,secure_house,static,2.0,0.0,2.0,32.7849,False,False,2.0,secure_house: structural commit lag 0.0s
e8-20260813,E8_speculative_window,3,secure_house,static,2.0,0.0,2.0,21.9203,False,False,2.0,secure_house: structural commit lag 0.0s
e8-20260813,E8_speculative_window,4,secure_house,static,2.0,0.0,2.0,20.9939,False,False,2.0,secure_house: structural commit lag 0.0s
e8-20260813,E8_speculative_window,5,secure_house,static,2.0,0.0,2.0,15.9168,False,False,2.0,secure_house: structural commit lag 0.0s
e8-20260813,E8_speculative_window,6,secure_house,static,2.0,0.0,2.0,5.2779,False,False,2.0,secure_house: structural commit lag 0.0s
e8-20260813,E8_speculative_window,7,secure_house,static,2.0,0.0,2.0,17.2365,False,False,2.0,secure_house: structural commit lag 0.0s
e8-20260813,E8_speculative_window,8,secure_house,static,2.0,0.0,2.0,33.373,False,False,2.0,secure_house: structural commit lag 0.0s
e8-20260813,E8_speculative_window,9,secure_house,static,2.0,0.0,2.0,16.8657,False,False,2.0,secure_house: structural commit lag 0.0s
e8-20260813,E8_speculative_window,10,secure_house,static,2.0,0.0,2.0,31.1154,False,False,2.0,secure_house: structural commit lag 0.0s
e8-20260813,E8_speculative_window,11,secure_house,static,2.0,0.0,2.0,25.4775,False,False,2.0,secure_house: structural commit lag 0.0s
e8-20260813,E8_speculative_window,12,secure_house,static,2.0,0.0,2.0,38.0844,False,False,2.0,secure_house: structural commit lag 0.0s
e8-20260813,E8_speculative_window,13,secure_house,static,2.0,0.0,2.0,1.9901,True,True,2.0,secure_house: structural commit lag 0.0s
e8-20260813,E8_speculative_window,14,secure_house,static,2.0,0.0,2.0,11.2477,False,False,2.0,secure_house: structural commit lag 0.0s
e8-20260813,E8_speculative_window,15,secure_house,static,2.0,0.0,2.0,35.2837,False,False,2.0,secure_house: structural commit lag 0.0s
e8-20260813,E8_speculative_window,16,secure_house,static,2.0,0.0,2.0,6.3974,False,False,2.0,secure_house: structural commit lag 0.0s
e8-20260813,E8_speculative_window,17,secure_house,static,2.0,0.0,2.0,3.7969,False,False,2.0,secure_house: structural commit lag 0.0s
e8-20260813,E8_speculative_window,18,secure_house,static,2.0,0.0,2.0,36.4712,False,False,2.0,secure_house: structural commit lag 0.0s
e8-20260813,E8_speculative_window,19,secure_house,static,2.0,0.0,2.0,15.3635,False,False,2.0,secure_house: structural commit lag 0.0s
e8-20260813,E8_speculative_window,0,secure_house,static,5.0,0.0,5.0,25.4253,False,False,2.0,secure_house: structural commit lag 0.0s
e8-20260813,E8_speculative_window,1,secure_house,static,5.0,0.0,5.0,1.1532,True,True,2.0,secure_house: structural commit lag 0.0s
e8-20260813,E8_speculative_window,2,secure_house,static,5.0,0.0,5.0,8.1021,False,False,2.0,secure_house: structural commit lag 0.0s
e8-20260813,E8_speculative_window,3,secure_house,static,5.0,0.0,5.0,8.0025,False,False,2.0,secure_house: structural commit lag 0.0s
e8-20260813,E8_speculative_window,4,secure_house,static,5.0,0.0,5.0,39.9825,False,False,2.0,secure_house: structural commit lag 0.0s
e8-20260813,E8_speculative_window,5,secure_house,static,5.0,0.0,5.0,16.6417,False,False,2.0,secure_house: structural commit lag 0.0s
e8-20260813,E8_speculative_window,6,secure_house,static,5.0,0.0,5.0,35.8224,False,False,2.0,secure_house: structural commit lag 0.0s
e8-20260813,E8_speculative_window,7,secure_house,static,5.0,0.0,5.0,39.3878,False,False,2.0,secure_house: structural commit lag 0.0s
e8-20260813,E8_speculative_window,8,secure_house,static,5.0,0.0,5.0,39.7802,False,False,2.0,secure_house: structural commit lag 0.0s
e8-20260813,E8_speculative_window,9,secure_house,static,5.0,0.0,5.0,0.561,True,True,2.0,secure_house: structural commit lag 0.0s
e8-20260813,E8_speculative_window,10,secure_house,static,5.0,0.0,5.0,27.8608,False,False,2.0,secure_house: structural commit lag 0.0s
e8-20260813,E8_speculative_window,11,secure_house,static,5.0,0.0,5.0,8.0803,False,False,2.0,secure_house: structural commit lag 0.0s
e8-20260813,E8_speculative_window,12,secure_house,static,5.0,0.0,5.0,26.7174,False,False,2.0,secure_house: structural commit lag 0.0s
e8-20260813,E8_speculative_window,13,secure_house,static,5.0,0.0,5.0,5.4098,False,False,2.0,secure_house: structural commit lag 0.0s
e8-20260813,E8_speculative_window,14,secure_house,static,5.0,0.0,5.0,31.4189,False,False,2.0,secure_house: structural commit lag 0.0s
e8-20260813,E8_speculative_window,15,secure_house,static,5.0,0.0,5.0,31.8358,False,False,2.0,secure_house: structural commit lag 0.0s
e8-20260813,E8_speculative_window,16,secure_house,static,5.0,0.0,5.0,37.9112,False,False,2.0,secure_house: structural commit lag 0.0s
e8-20260813,E8_speculative_window,17,secure_house,static,5.0,0.0,5.0,0.8275,True,True,2.0,secure_house: structural commit lag 0.0s
e8-20260813,E8_speculative_window,18,secure_house,static,5.0,0.0,5.0,29.387,False,False,2.0,secure_house: structural commit lag 0.0s
e8-20260813,E8_speculative_window,19,secure_house,static,5.0,0.0,5.0,27.7515,False,False,2.0,secure_house: structural commit lag 0.0s
e8-20260813,E8_speculative_window,0,secure_house,static,10.0,0.0,10.0,36.2286,False,False,2.0,secure_house: structural commit lag 0.0s
e8-20260813,E8_speculative_window,1,secure_house,static,10.0,0.0,10.0,0.0397,True,True,2.0,secure_house: structural commit lag 0.0s
e8-20260813,E8_speculative_window,2,secure_house,static,10.0,0.0,10.0,9.0434,False,False,2.0,secure_house: structural commit lag 0.0s
e8-20260813,E8_speculative_window,3,secure_house,static,10.0,0.0,10.0,2.7812,False,False,2.0,secure_house: structural commit lag 0.0s
e8-20260813,E8_speculative_window,4,secure_house,static,10.0,0.0,10.0,4.5324,False,False,2.0,secure_house: structural commit lag 0.0s
e8-20260813,E8_speculative_window,5,secure_house,static,10.0,0.0,10.0,12.184,False,False,2.0,secure_house: structural commit lag 0.0s
e8-20260813,E8_speculative_window,6,secure_house,static,10.0,0.0,10.0,16.8479,False,False,2.0,secure_house: structural commit lag 0.0s
e8-20260813,E8_speculative_window,7,secure_house,static,10.0,0.0,10.0,27.8679,False,False,2.0,secure_house: structural commit lag 0.0s
e8-20260813,E8_speculative_window,8,secure_house,static,10.0,0.0,10.0,5.0325,False,False,2.0,secure_house: structural commit lag 0.0s
e8-20260813,E8_speculative_window,9,secure_house,static,10.0,0.0,10.0,35.0965,False,False,2.0,secure_house: structural commit lag 0.0s
e8-20260813,E8_speculative_window,10,secure_house,static,10.0,0.0,10.0,13.2847,False,False,2.0,secure_house: structural commit lag 0.0s
e8-20260813,E8_speculative_window,11,secure_house,static,10.0,0.0,10.0,15.3075,False,False,2.0,secure_house: structural commit lag 0.0s
e8-20260813,E8_speculative_window,12,secure_house,static,10.0,0.0,10.0,5.9469,False,False,2.0,secure_house: structural commit lag 0.0s
e8-20260813,E8_speculative_window,13,secure_house,static,10.0,0.0,10.0,14.3187,False,False,2.0,secure_house: structural commit lag 0.0s
e8-20260813,E8_speculative_window,14,secure_house,static,10.0,0.0,10.0,21.767,False,False,2.0,secure_house: structural commit lag 0.0s
e8-20260813,E8_speculative_window,15,secure_house,static,10.0,0.0,10.0,19.1973,False,False,2.0,secure_house: structural commit lag 0.0s
e8-20260813,E8_speculative_window,16,secure_house,static,10.0,0.0,10.0,35.0926,False,False,2.0,secure_house: structural commit lag 0.0s
e8-20260813,E8_speculative_window,17,secure_house,static,10.0,0.0,10.0,35.314,False,False,2.0,secure_house: structural commit lag 0.0s
e8-20260813,E8_speculative_window,18,secure_house,static,10.0,0.0,10.0,17.7267,False,False,2.0,secure_house: structural commit lag 0.0s
e8-20260813,E8_speculative_window,19,secure_house,static,10.0,0.0,10.0,36.5083,False,False,2.0,secure_house: structural commit lag 0.0s
e8-20260813,E8_speculative_window,0,secure_house,static,20.0,0.0,20.0,39.7515,False,False,2.0,secure_house: structural commit lag 0.0s
e8-20260813,E8_speculative_window,1,secure_house,static,20.0,0.0,20.0,35.3765,False,False,2.0,secure_house: structural commit lag 0.0s
e8-20260813,E8_speculative_window,2,secure_house,static,20.0,0.0,20.0,18.6766,False,False,2.0,secure_house: structural commit lag 0.0s
e8-20260813,E8_speculative_window,3,secure_house,static,20.0,0.0,20.0,17.5123,False,False,2.0,secure_house: structural commit lag 0.0s
e8-20260813,E8_speculative_window,4,secure_house,static,20.0,0.0,20.0,24.4397,False,False,2.0,secure_house: structural commit lag 0.0s
e8-20260813,E8_speculative_window,5,secure_house,static,20.0,0.0,20.0,25.4289,False,False,2.0,secure_house: structural commit lag 0.0s
e8-20260813,E8_speculative_window,6,secure_house,static,20.0,0.0,20.0,1.6056,True,True,2.0,secure_house: structural commit lag 0.0s
e8-20260813,E8_speculative_window,7,secure_house,static,20.0,0.0,20.0,25.6534,False,False,2.0,secure_house: structural commit lag 0.0s
e8-20260813,E8_speculative_window,8,secure_house,static,20.0,0.0,20.0,2.3119,False,False,2.0,secure_house: structural commit lag 0.0s
e8-20260813,E8_speculative_window,9,secure_house,static,20.0,0.0,20.0,14.7235,False,False,2.0,secure_house: structural commit lag 0.0s
e8-20260813,E8_speculative_window,10,secure_house,static,20.0,0.0,20.0,24.18,False,False,2.0,secure_house: structural commit lag 0.0s
e8-20260813,E8_speculative_window,11,secure_house,static,20.0,0.0,20.0,20.2288,False,False,2.0,secure_house: structural commit lag 0.0s
e8-20260813,E8_speculative_window,12,secure_house,static,20.0,0.0,20.0,1.7257,True,True,2.0,secure_house: structural commit lag 0.0s
e8-20260813,E8_speculative_window,13,secure_house,static,20.0,0.0,20.0,36.5029,False,False,2.0,secure_house: structural commit lag 0.0s
e8-20260813,E8_speculative_window,14,secure_house,static,20.0,0.0,20.0,38.6898,False,False,2.0,secure_house: structural commit lag 0.0s
e8-20260813,E8_speculative_window,15,secure_house,static,20.0,0.0,20.0,14.9428,False,False,2.0,secure_house: structural commit lag 0.0s
e8-20260813,E8_speculative_window,16,secure_house,static,20.0,0.0,20.0,17.7629,False,False,2.0,secure_house: structural commit lag 0.0s
e8-20260813,E8_speculative_window,17,secure_house,static,20.0,0.0,20.0,7.9296,False,False,2.0,secure_house: structural commit lag 0.0s
e8-20260813,E8_speculative_window,18,secure_house,static,20.0,0.0,20.0,30.5969,False,False,2.0,secure_house: structural commit lag 0.0s
e8-20260813,E8_speculative_window,19,secure_house,static,20.0,0.0,20.0,33.1771,False,False,2.0,secure_house: structural commit lag 0.0s
e8-20260813,E8_speculative_window,0,secure_house,static,40.0,0.0,40.0,36.765,False,False,2.0,secure_house: structural commit lag 0.0s
e8-20260813,E8_speculative_window,1,secure_house,static,40.0,0.0,40.0,10.0516,False,False,2.0,secure_house: structural commit lag 0.0s
e8-20260813,E8_speculative_window,2,secure_house,static,40.0,0.0,40.0,15.6114,False,False,2.0,secure_house: structural commit lag 0.0s
e8-20260813,E8_speculative_window,3,secure_house,static,40.0,0.0,40.0,35.2834,False,False,2.0,secure_house: structural commit lag 0.0s
e8-20260813,E8_speculative_window,4,secure_house,static,40.0,0.0,40.0,12.6793,False,False,2.0,secure_house: structural commit lag 0.0s
e8-20260813,E8_speculative_window,5,secure_house,static,40.0,0.0,40.0,21.702,False,False,2.0,secure_house: structural commit lag 0.0s
e8-20260813,E8_speculative_window,6,secure_house,static,40.0,0.0,40.0,38.8272,False,False,2.0,secure_house: structural commit lag 0.0s
e8-20260813,E8_speculative_window,7,secure_house,static,40.0,0.0,40.0,31.2202,False,False,2.0,secure_house: structural commit lag 0.0s
e8-20260813,E8_speculative_window,8,secure_house,static,40.0,0.0,40.0,17.8796,False,False,2.0,secure_house: structural commit lag 0.0s
e8-20260813,E8_speculative_window,9,secure_house,static,40.0,0.0,40.0,8.2244,False,False,2.0,secure_house: structural commit lag 0.0s
e8-20260813,E8_speculative_window,10,secure_house,static,40.0,0.0,40.0,20.3879,False,False,2.0,secure_house: structural commit lag 0.0s
e8-20260813,E8_speculative_window,11,secure_house,static,40.0,0.0,40.0,13.3357,False,False,2.0,secure_house: structural commit lag 0.0s
e8-20260813,E8_speculative_window,12,secure_house,static,40.0,0.0,40.0,10.7088,False,False,2.0,secure_house: structural commit lag 0.0s
e8-20260813,E8_speculative_window,13,secure_house,static,40.0,0.0,40.0,18.1298,False,False,2.0,secure_house: structural commit lag 0.0s
e8-20260813,E8_speculative_window,14,secure_house,static,40.0,0.0,40.0,9.9444,False,False,2.0,secure_house: structural commit lag 0.0s
e8-20260813,E8_speculative_window,15,secure_house,static,40.0,0.0,40.0,35.1868,False,False,2.0,secure_house: structural commit lag 0.0s
e8-20260813,E8_speculative_window,16,secure_house,static,40.0,0.0,40.0,34.1966,False,False,2.0,secure_house: structural commit lag 0.0s
e8-20260813,E8_speculative_window,17,secure_house,static,40.0,0.0,40.0,9.2427,False,False,2.0,secure_house: structural commit lag 0.0s
e8-20260813,E8_speculative_window,18,secure_house,static,40.0,0.0,40.0,12.0774,False,False,2.0,secure_house: structural commit lag 0.0s
e8-20260813,E8_speculative_window,19,secure_house,static,40.0,0.0,40.0,7.3508,False,False,2.0,secure_house: structural commit lag 0.0s
e8-20260813,E8_speculative_window,0,secure_house,heartbeat,0.0,0.0,0.0,10.9589,False,False,1.0,secure_house: structural commit lag 0.0s
e8-20260813,E8_speculative_window,1,secure_house,heartbeat,0.0,0.0,0.0,16.9592,False,False,1.0,secure_house: structural commit lag 0.0s
e8-20260813,E8_speculative_window,2,secure_house,heartbeat,0.0,0.0,0.0,30.9097,False,False,1.0,secure_house: structural commit lag 0.0s
e8-20260813,E8_speculative_window,3,secure_house,heartbeat,0.0,0.0,0.0,39.8103,False,False,1.0,secure_house: structural commit lag 0.0s
e8-20260813,E8_speculative_window,4,secure_house,heartbeat,0.0,0.0,0.0,23.8998,False,False,1.0,secure_house: structural commit lag 0.0s
e8-20260813,E8_speculative_window,5,secure_house,heartbeat,0.0,0.0,0.0,28.8337,False,False,1.0,secure_house: structural commit lag 0.0s
e8-20260813,E8_speculative_window,6,secure_house,heartbeat,0.0,0.0,0.0,39.1552,False,False,1.0,secure_house: structural commit lag 0.0s
e8-20260813,E8_speculative_window,7,secure_house,heartbeat,0.0,0.0,0.0,11.6596,False,False,1.0,secure_house: structural commit lag 0.0s
e8-20260813,E8_speculative_window,8,secure_house,heartbeat,0.0,0.0,0.0,1.1304,False,False,1.0,secure_house: structural commit lag 0.0s
e8-20260813,E8_speculative_window,9,secure_house,heartbeat,0.0,0.0,0.0,20.6197,False,False,1.0,secure_house: structural commit lag 0.0s
e8-20260813,E8_speculative_window,10,secure_house,heartbeat,0.0,0.0,0.0,28.691,False,False,1.0,secure_house: structural commit lag 0.0s
e8-20260813,E8_speculative_window,11,secure_house,heartbeat,0.0,0.0,0.0,22.2931,False,False,1.0,secure_house: structural commit lag 0.0s
e8-20260813,E8_speculative_window,12,secure_house,heartbeat,0.0,0.0,0.0,21.171,False,False,1.0,secure_house: structural commit lag 0.0s
e8-20260813,E8_speculative_window,13,secure_house,heartbeat,0.0,0.0,0.0,25.9532,False,False,1.0,secure_house: structural commit lag 0.0s
e8-20260813,E8_speculative_window,14,secure_house,heartbeat,0.0,0.0,0.0,38.0525,False,False,1.0,secure_house: structural commit lag 0.0s
e8-20260813,E8_speculative_window,15,secure_house,heartbeat,0.0,0.0,0.0,34.8431,False,False,1.0,secure_house: structural commit lag 0.0s
e8-20260813,E8_speculative_window,16,secure_house,heartbeat,0.0,0.0,0.0,34.7777,False,False,1.0,secure_house: structural commit lag 0.0s
e8-20260813,E8_speculative_window,17,secure_house,heartbeat,0.0,0.0,0.0,28.1999,False,False,1.0,secure_house: structural commit lag 0.0s
e8-20260813,E8_speculative_window,18,secure_house,heartbeat,0.0,0.0,0.0,31.8334,False,False,1.0,secure_house: structural commit lag 0.0s
e8-20260813,E8_speculative_window,19,secure_house,heartbeat,0.0,0.0,0.0,12.0965,False,False,1.0,secure_house: structural commit lag 0.0s
e8-20260813,E8_speculative_window,0,secure_house,heartbeat,0.1,0.0,0.1,11.3597,False,False,1.0,secure_house: structural commit lag 0.0s
e8-20260813,E8_speculative_window,1,secure_house,heartbeat,0.1,0.0,0.1,7.1885,False,False,1.0,secure_house: structural commit lag 0.0s
e8-20260813,E8_speculative_window,2,secure_house,heartbeat,0.1,0.0,0.1,15.0621,False,False,1.0,secure_house: structural commit lag 0.0s
e8-20260813,E8_speculative_window,3,secure_house,heartbeat,0.1,0.0,0.1,18.4782,False,False,1.0,secure_house: structural commit lag 0.0s
e8-20260813,E8_speculative_window,4,secure_house,heartbeat,0.1,0.0,0.1,11.1425,False,False,1.0,secure_house: structural commit lag 0.0s
e8-20260813,E8_speculative_window,5,secure_house,heartbeat,0.1,0.0,0.1,38.2086,False,False,1.0,secure_house: structural commit lag 0.0s
e8-20260813,E8_speculative_window,6,secure_house,heartbeat,0.1,0.0,0.1,6.6611,False,False,1.0,secure_house: structural commit lag 0.0s
e8-20260813,E8_speculative_window,7,secure_house,heartbeat,0.1,0.0,0.1,36.4739,False,False,1.0,secure_house: structural commit lag 0.0s
e8-20260813,E8_speculative_window,8,secure_house,heartbeat,0.1,0.0,0.1,23.4493,False,False,1.0,secure_house: structural commit lag 0.0s
e8-20260813,E8_speculative_window,9,secure_house,heartbeat,0.1,0.0,0.1,11.4181,False,False,1.0,secure_house: structural commit lag 0.0s
e8-20260813,E8_speculative_window,10,secure_house,heartbeat,0.1,0.0,0.1,27.6343,False,False,1.0,secure_house: structural commit lag 0.0s
e8-20260813,E8_speculative_window,11,secure_house,heartbeat,0.1,0.0,0.1,12.5761,False,False,1.0,secure_house: structural commit lag 0.0s
e8-20260813,E8_speculative_window,12,secure_house,heartbeat,0.1,0.0,0.1,35.5989,False,False,1.0,secure_house: structural commit lag 0.0s
e8-20260813,E8_speculative_window,13,secure_house,heartbeat,0.1,0.0,0.1,37.8383,False,False,1.0,secure_house: structural commit lag 0.0s
e8-20260813,E8_speculative_window,14,secure_house,heartbeat,0.1,0.0,0.1,1.2841,False,False,1.0,secure_house: structural commit lag 0.0s
e8-20260813,E8_speculative_window,15,secure_house,heartbeat,0.1,0.0,0.1,4.83,False,False,1.0,secure_house: structural commit lag 0.0s
e8-20260813,E8_speculative_window,16,secure_house,heartbeat,0.1,0.0,0.1,19.4822,False,False,1.0,secure_house: structural commit lag 0.0s
e8-20260813,E8_speculative_window,17,secure_house,heartbeat,0.1,0.0,0.1,19.5352,False,False,1.0,secure_house: structural commit lag 0.0s
e8-20260813,E8_speculative_window,18,secure_house,heartbeat,0.1,0.0,0.1,35.4196,False,False,1.0,secure_house: structural commit lag 0.0s
e8-20260813,E8_speculative_window,19,secure_house,heartbeat,0.1,0.0,0.1,18.6236,False,False,1.0,secure_house: structural commit lag 0.0s
e8-20260813,E8_speculative_window,0,secure_house,heartbeat,0.25,0.0,0.25,8.9665,False,False,1.0,secure_house: structural commit lag 0.0s
e8-20260813,E8_speculative_window,1,secure_house,heartbeat,0.25,0.0,0.25,33.6631,False,False,1.0,secure_house: structural commit lag 0.0s
e8-20260813,E8_speculative_window,2,secure_house,heartbeat,0.25,0.0,0.25,26.2681,False,False,1.0,secure_house: structural commit lag 0.0s
e8-20260813,E8_speculative_window,3,secure_house,heartbeat,0.25,0.0,0.25,3.1843,False,False,1.0,secure_house: structural commit lag 0.0s
e8-20260813,E8_speculative_window,4,secure_house,heartbeat,0.25,0.0,0.25,32.0916,False,False,1.0,secure_house: structural commit lag 0.0s
e8-20260813,E8_speculative_window,5,secure_house,heartbeat,0.25,0.0,0.25,23.8353,False,False,1.0,secure_house: structural commit lag 0.0s
e8-20260813,E8_speculative_window,6,secure_house,heartbeat,0.25,0.0,0.25,29.5581,False,False,1.0,secure_house: structural commit lag 0.0s
e8-20260813,E8_speculative_window,7,secure_house,heartbeat,0.25,0.0,0.25,1.6194,False,False,1.0,secure_house: structural commit lag 0.0s
e8-20260813,E8_speculative_window,8,secure_house,heartbeat,0.25,0.0,0.25,27.4284,False,False,1.0,secure_house: structural commit lag 0.0s
e8-20260813,E8_speculative_window,9,secure_house,heartbeat,0.25,0.0,0.25,30.3576,False,False,1.0,secure_house: structural commit lag 0.0s
e8-20260813,E8_speculative_window,10,secure_house,heartbeat,0.25,0.0,0.25,3.2038,False,False,1.0,secure_house: structural commit lag 0.0s
e8-20260813,E8_speculative_window,11,secure_house,heartbeat,0.25,0.0,0.25,31.9757,False,False,1.0,secure_house: structural commit lag 0.0s
e8-20260813,E8_speculative_window,12,secure_house,heartbeat,0.25,0.0,0.25,28.2587,False,False,1.0,secure_house: structural commit lag 0.0s
e8-20260813,E8_speculative_window,13,secure_house,heartbeat,0.25,0.0,0.25,38.3783,False,False,1.0,secure_house: structural commit lag 0.0s
e8-20260813,E8_speculative_window,14,secure_house,heartbeat,0.25,0.0,0.25,32.7411,False,False,1.0,secure_house: structural commit lag 0.0s
e8-20260813,E8_speculative_window,15,secure_house,heartbeat,0.25,0.0,0.25,1.9962,False,False,1.0,secure_house: structural commit lag 0.0s
e8-20260813,E8_speculative_window,16,secure_house,heartbeat,0.25,0.0,0.25,7.5931,False,False,1.0,secure_house: structural commit lag 0.0s
e8-20260813,E8_speculative_window,17,secure_house,heartbeat,0.25,0.0,0.25,30.7471,False,False,1.0,secure_house: structural commit lag 0.0s
e8-20260813,E8_speculative_window,18,secure_house,heartbeat,0.25,0.0,0.25,8.7335,False,False,1.0,secure_house: structural commit lag 0.0s
e8-20260813,E8_speculative_window,19,secure_house,heartbeat,0.25,0.0,0.25,9.4843,False,False,1.0,secure_house: structural commit lag 0.0s
e8-20260813,E8_speculative_window,0,secure_house,heartbeat,0.5,0.0,0.5,32.173,False,False,1.0,secure_house: structural commit lag 0.0s
e8-20260813,E8_speculative_window,1,secure_house,heartbeat,0.5,0.0,0.5,24.2075,False,False,1.0,secure_house: structural commit lag 0.0s
e8-20260813,E8_speculative_window,2,secure_house,heartbeat,0.5,0.0,0.5,2.5995,False,False,1.0,secure_house: structural commit lag 0.0s
e8-20260813,E8_speculative_window,3,secure_house,heartbeat,0.5,0.0,0.5,6.8896,False,False,1.0,secure_house: structural commit lag 0.0s
e8-20260813,E8_speculative_window,4,secure_house,heartbeat,0.5,0.0,0.5,30.4377,False,False,1.0,secure_house: structural commit lag 0.0s
e8-20260813,E8_speculative_window,5,secure_house,heartbeat,0.5,0.0,0.5,13.1715,False,False,1.0,secure_house: structural commit lag 0.0s
e8-20260813,E8_speculative_window,6,secure_house,heartbeat,0.5,0.0,0.5,35.0711,False,False,1.0,secure_house: structural commit lag 0.0s
e8-20260813,E8_speculative_window,7,secure_house,heartbeat,0.5,0.0,0.5,10.4242,False,False,1.0,secure_house: structural commit lag 0.0s
e8-20260813,E8_speculative_window,8,secure_house,heartbeat,0.5,0.0,0.5,29.7601,False,False,1.0,secure_house: structural commit lag 0.0s
e8-20260813,E8_speculative_window,9,secure_house,heartbeat,0.5,0.0,0.5,22.5725,False,False,1.0,secure_house: structural commit lag 0.0s
e8-20260813,E8_speculative_window,10,secure_house,heartbeat,0.5,0.0,0.5,21.8307,False,False,1.0,secure_house: structural commit lag 0.0s
e8-20260813,E8_speculative_window,11,secure_house,heartbeat,0.5,0.0,0.5,4.7811,False,False,1.0,secure_house: structural commit lag 0.0s
e8-20260813,E8_speculative_window,12,secure_house,heartbeat,0.5,0.0,0.5,30.3518,False,False,1.0,secure_house: structural commit lag 0.0s
e8-20260813,E8_speculative_window,13,secure_house,heartbeat,0.5,0.0,0.5,15.9891,False,False,1.0,secure_house: structural commit lag 0.0s
e8-20260813,E8_speculative_window,14,secure_house,heartbeat,0.5,0.0,0.5,38.942,False,False,1.0,secure_house: structural commit lag 0.0s
e8-20260813,E8_speculative_window,15,secure_house,heartbeat,0.5,0.0,0.5,11.7915,False,False,1.0,secure_house: structural commit lag 0.0s
e8-20260813,E8_speculative_window,16,secure_house,heartbeat,0.5,0.0,0.5,5.0589,False,False,1.0,secure_house: structural commit lag 0.0s
e8-20260813,E8_speculative_window,17,secure_house,heartbeat,0.5,0.0,0.5,3.7187,False,False,1.0,secure_house: structural commit lag 0.0s
e8-20260813,E8_speculative_window,18,secure_house,heartbeat,0.5,0.0,0.5,19.7452,False,False,1.0,secure_house: structural commit lag 0.0s
e8-20260813,E8_speculative_window,19,secure_house,heartbeat,0.5,0.0,0.5,14.265,False,False,1.0,secure_house: structural commit lag 0.0s
e8-20260813,E8_speculative_window,0,secure_house,heartbeat,1.0,0.0,1.0,25.4923,False,False,1.0,secure_house: structural commit lag 0.0s
e8-20260813,E8_speculative_window,1,secure_house,heartbeat,1.0,0.0,1.0,24.5882,False,False,1.0,secure_house: structural commit lag 0.0s
e8-20260813,E8_speculative_window,2,secure_house,heartbeat,1.0,0.0,1.0,38.0439,False,False,1.0,secure_house: structural commit lag 0.0s
e8-20260813,E8_speculative_window,3,secure_house,heartbeat,1.0,0.0,1.0,17.6926,False,False,1.0,secure_house: structural commit lag 0.0s
e8-20260813,E8_speculative_window,4,secure_house,heartbeat,1.0,0.0,1.0,9.9088,False,False,1.0,secure_house: structural commit lag 0.0s
e8-20260813,E8_speculative_window,5,secure_house,heartbeat,1.0,0.0,1.0,31.1623,False,False,1.0,secure_house: structural commit lag 0.0s
e8-20260813,E8_speculative_window,6,secure_house,heartbeat,1.0,0.0,1.0,23.2035,False,False,1.0,secure_house: structural commit lag 0.0s
e8-20260813,E8_speculative_window,7,secure_house,heartbeat,1.0,0.0,1.0,9.1802,False,False,1.0,secure_house: structural commit lag 0.0s
e8-20260813,E8_speculative_window,8,secure_house,heartbeat,1.0,0.0,1.0,2.9124,False,False,1.0,secure_house: structural commit lag 0.0s
e8-20260813,E8_speculative_window,9,secure_house,heartbeat,1.0,0.0,1.0,29.2133,False,False,1.0,secure_house: structural commit lag 0.0s
e8-20260813,E8_speculative_window,10,secure_house,heartbeat,1.0,0.0,1.0,31.6762,False,False,1.0,secure_house: structural commit lag 0.0s
e8-20260813,E8_speculative_window,11,secure_house,heartbeat,1.0,0.0,1.0,23.6339,False,False,1.0,secure_house: structural commit lag 0.0s
e8-20260813,E8_speculative_window,12,secure_house,heartbeat,1.0,0.0,1.0,12.5639,False,False,1.0,secure_house: structural commit lag 0.0s
e8-20260813,E8_speculative_window,13,secure_house,heartbeat,1.0,0.0,1.0,31.517,False,False,1.0,secure_house: structural commit lag 0.0s
e8-20260813,E8_speculative_window,14,secure_house,heartbeat,1.0,0.0,1.0,35.4358,False,False,1.0,secure_house: structural commit lag 0.0s
e8-20260813,E8_speculative_window,15,secure_house,heartbeat,1.0,0.0,1.0,12.4901,False,False,1.0,secure_house: structural commit lag 0.0s
e8-20260813,E8_speculative_window,16,secure_house,heartbeat,1.0,0.0,1.0,14.2128,False,False,1.0,secure_house: structural commit lag 0.0s
e8-20260813,E8_speculative_window,17,secure_house,heartbeat,1.0,0.0,1.0,35.8629,False,False,1.0,secure_house: structural commit lag 0.0s
e8-20260813,E8_speculative_window,18,secure_house,heartbeat,1.0,0.0,1.0,0.4933,True,True,1.0,secure_house: structural commit lag 0.0s
e8-20260813,E8_speculative_window,19,secure_house,heartbeat,1.0,0.0,1.0,36.1864,False,False,1.0,secure_house: structural commit lag 0.0s
e8-20260813,E8_speculative_window,0,secure_house,heartbeat,2.0,0.0,2.0,25.4552,False,False,1.0,secure_house: structural commit lag 0.0s
e8-20260813,E8_speculative_window,1,secure_house,heartbeat,2.0,0.0,2.0,33.4051,False,False,1.0,secure_house: structural commit lag 0.0s
e8-20260813,E8_speculative_window,2,secure_house,heartbeat,2.0,0.0,2.0,4.722,False,False,1.0,secure_house: structural commit lag 0.0s
e8-20260813,E8_speculative_window,3,secure_house,heartbeat,2.0,0.0,2.0,16.4916,False,False,1.0,secure_house: structural commit lag 0.0s
e8-20260813,E8_speculative_window,4,secure_house,heartbeat,2.0,0.0,2.0,15.0705,False,False,1.0,secure_house: structural commit lag 0.0s
e8-20260813,E8_speculative_window,5,secure_house,heartbeat,2.0,0.0,2.0,21.6858,False,False,1.0,secure_house: structural commit lag 0.0s
e8-20260813,E8_speculative_window,6,secure_house,heartbeat,2.0,0.0,2.0,19.5631,False,False,1.0,secure_house: structural commit lag 0.0s
e8-20260813,E8_speculative_window,7,secure_house,heartbeat,2.0,0.0,2.0,30.7688,False,False,1.0,secure_house: structural commit lag 0.0s
e8-20260813,E8_speculative_window,8,secure_house,heartbeat,2.0,0.0,2.0,15.3366,False,False,1.0,secure_house: structural commit lag 0.0s
e8-20260813,E8_speculative_window,9,secure_house,heartbeat,2.0,0.0,2.0,20.3946,False,False,1.0,secure_house: structural commit lag 0.0s
e8-20260813,E8_speculative_window,10,secure_house,heartbeat,2.0,0.0,2.0,14.9554,False,False,1.0,secure_house: structural commit lag 0.0s
e8-20260813,E8_speculative_window,11,secure_house,heartbeat,2.0,0.0,2.0,24.8522,False,False,1.0,secure_house: structural commit lag 0.0s
e8-20260813,E8_speculative_window,12,secure_house,heartbeat,2.0,0.0,2.0,13.2645,False,False,1.0,secure_house: structural commit lag 0.0s
e8-20260813,E8_speculative_window,13,secure_house,heartbeat,2.0,0.0,2.0,10.0565,False,False,1.0,secure_house: structural commit lag 0.0s
e8-20260813,E8_speculative_window,14,secure_house,heartbeat,2.0,0.0,2.0,36.2373,False,False,1.0,secure_house: structural commit lag 0.0s
e8-20260813,E8_speculative_window,15,secure_house,heartbeat,2.0,0.0,2.0,26.5717,False,False,1.0,secure_house: structural commit lag 0.0s
e8-20260813,E8_speculative_window,16,secure_house,heartbeat,2.0,0.0,2.0,5.9691,False,False,1.0,secure_house: structural commit lag 0.0s
e8-20260813,E8_speculative_window,17,secure_house,heartbeat,2.0,0.0,2.0,35.3018,False,False,1.0,secure_house: structural commit lag 0.0s
e8-20260813,E8_speculative_window,18,secure_house,heartbeat,2.0,0.0,2.0,17.2457,False,False,1.0,secure_house: structural commit lag 0.0s
e8-20260813,E8_speculative_window,19,secure_house,heartbeat,2.0,0.0,2.0,20.2532,False,False,1.0,secure_house: structural commit lag 0.0s
e8-20260813,E8_speculative_window,0,secure_house,heartbeat,5.0,0.0,5.0,24.1328,False,False,1.0,secure_house: structural commit lag 0.0s
e8-20260813,E8_speculative_window,1,secure_house,heartbeat,5.0,0.0,5.0,34.9419,False,False,1.0,secure_house: structural commit lag 0.0s
e8-20260813,E8_speculative_window,2,secure_house,heartbeat,5.0,0.0,5.0,22.81,False,False,1.0,secure_house: structural commit lag 0.0s
e8-20260813,E8_speculative_window,3,secure_house,heartbeat,5.0,0.0,5.0,7.0166,False,False,1.0,secure_house: structural commit lag 0.0s
e8-20260813,E8_speculative_window,4,secure_house,heartbeat,5.0,0.0,5.0,19.6247,False,False,1.0,secure_house: structural commit lag 0.0s
e8-20260813,E8_speculative_window,5,secure_house,heartbeat,5.0,0.0,5.0,16.0469,False,False,1.0,secure_house: structural commit lag 0.0s
e8-20260813,E8_speculative_window,6,secure_house,heartbeat,5.0,0.0,5.0,26.1578,False,False,1.0,secure_house: structural commit lag 0.0s
e8-20260813,E8_speculative_window,7,secure_house,heartbeat,5.0,0.0,5.0,38.1184,False,False,1.0,secure_house: structural commit lag 0.0s
e8-20260813,E8_speculative_window,8,secure_house,heartbeat,5.0,0.0,5.0,8.7717,False,False,1.0,secure_house: structural commit lag 0.0s
e8-20260813,E8_speculative_window,9,secure_house,heartbeat,5.0,0.0,5.0,8.2261,False,False,1.0,secure_house: structural commit lag 0.0s
e8-20260813,E8_speculative_window,10,secure_house,heartbeat,5.0,0.0,5.0,10.4257,False,False,1.0,secure_house: structural commit lag 0.0s
e8-20260813,E8_speculative_window,11,secure_house,heartbeat,5.0,0.0,5.0,13.7806,False,False,1.0,secure_house: structural commit lag 0.0s
e8-20260813,E8_speculative_window,12,secure_house,heartbeat,5.0,0.0,5.0,6.7102,False,False,1.0,secure_house: structural commit lag 0.0s
e8-20260813,E8_speculative_window,13,secure_house,heartbeat,5.0,0.0,5.0,18.1073,False,False,1.0,secure_house: structural commit lag 0.0s
e8-20260813,E8_speculative_window,14,secure_house,heartbeat,5.0,0.0,5.0,27.9582,False,False,1.0,secure_house: structural commit lag 0.0s
e8-20260813,E8_speculative_window,15,secure_house,heartbeat,5.0,0.0,5.0,24.8719,False,False,1.0,secure_house: structural commit lag 0.0s
e8-20260813,E8_speculative_window,16,secure_house,heartbeat,5.0,0.0,5.0,17.9108,False,False,1.0,secure_house: structural commit lag 0.0s
e8-20260813,E8_speculative_window,17,secure_house,heartbeat,5.0,0.0,5.0,20.5247,False,False,1.0,secure_house: structural commit lag 0.0s
e8-20260813,E8_speculative_window,18,secure_house,heartbeat,5.0,0.0,5.0,29.4292,False,False,1.0,secure_house: structural commit lag 0.0s
e8-20260813,E8_speculative_window,19,secure_house,heartbeat,5.0,0.0,5.0,10.9702,False,False,1.0,secure_house: structural commit lag 0.0s
e8-20260813,E8_speculative_window,0,secure_house,heartbeat,10.0,0.0,10.0,6.3875,False,False,1.0,secure_house: structural commit lag 0.0s
e8-20260813,E8_speculative_window,1,secure_house,heartbeat,10.0,0.0,10.0,24.0152,False,False,1.0,secure_house: structural commit lag 0.0s
e8-20260813,E8_speculative_window,2,secure_house,heartbeat,10.0,0.0,10.0,30.607,False,False,1.0,secure_house: structural commit lag 0.0s
e8-20260813,E8_speculative_window,3,secure_house,heartbeat,10.0,0.0,10.0,22.0335,False,False,1.0,secure_house: structural commit lag 0.0s
e8-20260813,E8_speculative_window,4,secure_house,heartbeat,10.0,0.0,10.0,22.5894,False,False,1.0,secure_house: structural commit lag 0.0s
e8-20260813,E8_speculative_window,5,secure_house,heartbeat,10.0,0.0,10.0,19.2843,False,False,1.0,secure_house: structural commit lag 0.0s
e8-20260813,E8_speculative_window,6,secure_house,heartbeat,10.0,0.0,10.0,34.0688,False,False,1.0,secure_house: structural commit lag 0.0s
e8-20260813,E8_speculative_window,7,secure_house,heartbeat,10.0,0.0,10.0,24.6223,False,False,1.0,secure_house: structural commit lag 0.0s
e8-20260813,E8_speculative_window,8,secure_house,heartbeat,10.0,0.0,10.0,37.466,False,False,1.0,secure_house: structural commit lag 0.0s
e8-20260813,E8_speculative_window,9,secure_house,heartbeat,10.0,0.0,10.0,31.718,False,False,1.0,secure_house: structural commit lag 0.0s
e8-20260813,E8_speculative_window,10,secure_house,heartbeat,10.0,0.0,10.0,21.1179,False,False,1.0,secure_house: structural commit lag 0.0s
e8-20260813,E8_speculative_window,11,secure_house,heartbeat,10.0,0.0,10.0,4.5844,False,False,1.0,secure_house: structural commit lag 0.0s
e8-20260813,E8_speculative_window,12,secure_house,heartbeat,10.0,0.0,10.0,2.5316,False,False,1.0,secure_house: structural commit lag 0.0s
e8-20260813,E8_speculative_window,13,secure_house,heartbeat,10.0,0.0,10.0,30.6895,False,False,1.0,secure_house: structural commit lag 0.0s
e8-20260813,E8_speculative_window,14,secure_house,heartbeat,10.0,0.0,10.0,18.7041,False,False,1.0,secure_house: structural commit lag 0.0s
e8-20260813,E8_speculative_window,15,secure_house,heartbeat,10.0,0.0,10.0,10.8957,False,False,1.0,secure_house: structural commit lag 0.0s
e8-20260813,E8_speculative_window,16,secure_house,heartbeat,10.0,0.0,10.0,23.9851,False,False,1.0,secure_house: structural commit lag 0.0s
e8-20260813,E8_speculative_window,17,secure_house,heartbeat,10.0,0.0,10.0,18.066,False,False,1.0,secure_house: structural commit lag 0.0s
e8-20260813,E8_speculative_window,18,secure_house,heartbeat,10.0,0.0,10.0,11.3867,False,False,1.0,secure_house: structural commit lag 0.0s
e8-20260813,E8_speculative_window,19,secure_house,heartbeat,10.0,0.0,10.0,24.688,False,False,1.0,secure_house: structural commit lag 0.0s
e8-20260813,E8_speculative_window,0,secure_house,heartbeat,20.0,0.0,20.0,11.447,False,False,1.0,secure_house: structural commit lag 0.0s
e8-20260813,E8_speculative_window,1,secure_house,heartbeat,20.0,0.0,20.0,22.023,False,False,1.0,secure_house: structural commit lag 0.0s
e8-20260813,E8_speculative_window,2,secure_house,heartbeat,20.0,0.0,20.0,24.2926,False,False,1.0,secure_house: structural commit lag 0.0s
e8-20260813,E8_speculative_window,3,secure_house,heartbeat,20.0,0.0,20.0,5.6227,False,False,1.0,secure_house: structural commit lag 0.0s
e8-20260813,E8_speculative_window,4,secure_house,heartbeat,20.0,0.0,20.0,31.3328,False,False,1.0,secure_house: structural commit lag 0.0s
e8-20260813,E8_speculative_window,5,secure_house,heartbeat,20.0,0.0,20.0,39.69,False,False,1.0,secure_house: structural commit lag 0.0s
e8-20260813,E8_speculative_window,6,secure_house,heartbeat,20.0,0.0,20.0,12.701,False,False,1.0,secure_house: structural commit lag 0.0s
e8-20260813,E8_speculative_window,7,secure_house,heartbeat,20.0,0.0,20.0,7.4209,False,False,1.0,secure_house: structural commit lag 0.0s
e8-20260813,E8_speculative_window,8,secure_house,heartbeat,20.0,0.0,20.0,12.3943,False,False,1.0,secure_house: structural commit lag 0.0s
e8-20260813,E8_speculative_window,9,secure_house,heartbeat,20.0,0.0,20.0,2.2373,False,False,1.0,secure_house: structural commit lag 0.0s
e8-20260813,E8_speculative_window,10,secure_house,heartbeat,20.0,0.0,20.0,39.6098,False,False,1.0,secure_house: structural commit lag 0.0s
e8-20260813,E8_speculative_window,11,secure_house,heartbeat,20.0,0.0,20.0,11.0825,False,False,1.0,secure_house: structural commit lag 0.0s
e8-20260813,E8_speculative_window,12,secure_house,heartbeat,20.0,0.0,20.0,12.4784,False,False,1.0,secure_house: structural commit lag 0.0s
e8-20260813,E8_speculative_window,13,secure_house,heartbeat,20.0,0.0,20.0,22.1789,False,False,1.0,secure_house: structural commit lag 0.0s
e8-20260813,E8_speculative_window,14,secure_house,heartbeat,20.0,0.0,20.0,7.1746,False,False,1.0,secure_house: structural commit lag 0.0s
e8-20260813,E8_speculative_window,15,secure_house,heartbeat,20.0,0.0,20.0,16.1721,False,False,1.0,secure_house: structural commit lag 0.0s
e8-20260813,E8_speculative_window,16,secure_house,heartbeat,20.0,0.0,20.0,11.5579,False,False,1.0,secure_house: structural commit lag 0.0s
e8-20260813,E8_speculative_window,17,secure_house,heartbeat,20.0,0.0,20.0,6.3264,False,False,1.0,secure_house: structural commit lag 0.0s
e8-20260813,E8_speculative_window,18,secure_house,heartbeat,20.0,0.0,20.0,1.1578,False,False,1.0,secure_house: structural commit lag 0.0s
e8-20260813,E8_speculative_window,19,secure_house,heartbeat,20.0,0.0,20.0,36.1824,False,False,1.0,secure_house: structural commit lag 0.0s
e8-20260813,E8_speculative_window,0,secure_house,heartbeat,40.0,0.0,40.0,11.6482,False,False,1.0,secure_house: structural commit lag 0.0s
e8-20260813,E8_speculative_window,1,secure_house,heartbeat,40.0,0.0,40.0,3.5931,False,False,1.0,secure_house: structural commit lag 0.0s
e8-20260813,E8_speculative_window,2,secure_house,heartbeat,40.0,0.0,40.0,0.9712,True,True,1.0,secure_house: structural commit lag 0.0s
e8-20260813,E8_speculative_window,3,secure_house,heartbeat,40.0,0.0,40.0,18.4545,False,False,1.0,secure_house: structural commit lag 0.0s
e8-20260813,E8_speculative_window,4,secure_house,heartbeat,40.0,0.0,40.0,9.6402,False,False,1.0,secure_house: structural commit lag 0.0s
e8-20260813,E8_speculative_window,5,secure_house,heartbeat,40.0,0.0,40.0,10.8832,False,False,1.0,secure_house: structural commit lag 0.0s
e8-20260813,E8_speculative_window,6,secure_house,heartbeat,40.0,0.0,40.0,15.4263,False,False,1.0,secure_house: structural commit lag 0.0s
e8-20260813,E8_speculative_window,7,secure_house,heartbeat,40.0,0.0,40.0,32.8175,False,False,1.0,secure_house: structural commit lag 0.0s
e8-20260813,E8_speculative_window,8,secure_house,heartbeat,40.0,0.0,40.0,23.4935,False,False,1.0,secure_house: structural commit lag 0.0s
e8-20260813,E8_speculative_window,9,secure_house,heartbeat,40.0,0.0,40.0,31.3482,False,False,1.0,secure_house: structural commit lag 0.0s
e8-20260813,E8_speculative_window,10,secure_house,heartbeat,40.0,0.0,40.0,0.4263,True,True,1.0,secure_house: structural commit lag 0.0s
e8-20260813,E8_speculative_window,11,secure_house,heartbeat,40.0,0.0,40.0,11.3843,False,False,1.0,secure_house: structural commit lag 0.0s
e8-20260813,E8_speculative_window,12,secure_house,heartbeat,40.0,0.0,40.0,8.5496,False,False,1.0,secure_house: structural commit lag 0.0s
e8-20260813,E8_speculative_window,13,secure_house,heartbeat,40.0,0.0,40.0,25.605,False,False,1.0,secure_house: structural commit lag 0.0s
e8-20260813,E8_speculative_window,14,secure_house,heartbeat,40.0,0.0,40.0,25.3862,False,False,1.0,secure_house: structural commit lag 0.0s
e8-20260813,E8_speculative_window,15,secure_house,heartbeat,40.0,0.0,40.0,21.3769,False,False,1.0,secure_house: structural commit lag 0.0s
e8-20260813,E8_speculative_window,16,secure_house,heartbeat,40.0,0.0,40.0,22.395,False,False,1.0,secure_house: structural commit lag 0.0s
e8-20260813,E8_speculative_window,17,secure_house,heartbeat,40.0,0.0,40.0,32.1435,False,False,1.0,secure_house: structural commit lag 0.0s
e8-20260813,E8_speculative_window,18,secure_house,heartbeat,40.0,0.0,40.0,39.7333,False,False,1.0,secure_house: structural commit lag 0.0s
e8-20260813,E8_speculative_window,19,secure_house,heartbeat,40.0,0.0,40.0,30.267,False,False,1.0,secure_house: structural commit lag 0.0s
e8-20260813,E8_speculative_window,0,secure_house,activepoll,0.0,0.0,0.0,23.3038,False,False,0.1,secure_house: structural commit lag 0.0s
e8-20260813,E8_speculative_window,1,secure_house,activepoll,0.0,0.0,0.0,35.3758,False,False,0.1,secure_house: structural commit lag 0.0s
e8-20260813,E8_speculative_window,2,secure_house,activepoll,0.0,0.0,0.0,17.0978,False,False,0.1,secure_house: structural commit lag 0.0s
e8-20260813,E8_speculative_window,3,secure_house,activepoll,0.0,0.0,0.0,25.1273,False,False,0.1,secure_house: structural commit lag 0.0s
e8-20260813,E8_speculative_window,4,secure_house,activepoll,0.0,0.0,0.0,35.4483,False,False,0.1,secure_house: structural commit lag 0.0s
e8-20260813,E8_speculative_window,5,secure_house,activepoll,0.0,0.0,0.0,3.935,False,False,0.1,secure_house: structural commit lag 0.0s
e8-20260813,E8_speculative_window,6,secure_house,activepoll,0.0,0.0,0.0,37.3357,False,False,0.1,secure_house: structural commit lag 0.0s
e8-20260813,E8_speculative_window,7,secure_house,activepoll,0.0,0.0,0.0,20.4702,False,False,0.1,secure_house: structural commit lag 0.0s
e8-20260813,E8_speculative_window,8,secure_house,activepoll,0.0,0.0,0.0,7.5219,False,False,0.1,secure_house: structural commit lag 0.0s
e8-20260813,E8_speculative_window,9,secure_house,activepoll,0.0,0.0,0.0,27.7017,False,False,0.1,secure_house: structural commit lag 0.0s
e8-20260813,E8_speculative_window,10,secure_house,activepoll,0.0,0.0,0.0,37.2345,False,False,0.1,secure_house: structural commit lag 0.0s
e8-20260813,E8_speculative_window,11,secure_house,activepoll,0.0,0.0,0.0,25.9433,False,False,0.1,secure_house: structural commit lag 0.0s
e8-20260813,E8_speculative_window,12,secure_house,activepoll,0.0,0.0,0.0,28.8341,False,False,0.1,secure_house: structural commit lag 0.0s
e8-20260813,E8_speculative_window,13,secure_house,activepoll,0.0,0.0,0.0,27.766,False,False,0.1,secure_house: structural commit lag 0.0s
e8-20260813,E8_speculative_window,14,secure_house,activepoll,0.0,0.0,0.0,6.8864,False,False,0.1,secure_house: structural commit lag 0.0s
e8-20260813,E8_speculative_window,15,secure_house,activepoll,0.0,0.0,0.0,1.0004,False,False,0.1,secure_house: structural commit lag 0.0s
e8-20260813,E8_speculative_window,16,secure_house,activepoll,0.0,0.0,0.0,19.8642,False,False,0.1,secure_house: structural commit lag 0.0s
e8-20260813,E8_speculative_window,17,secure_house,activepoll,0.0,0.0,0.0,15.842,False,False,0.1,secure_house: structural commit lag 0.0s
e8-20260813,E8_speculative_window,18,secure_house,activepoll,0.0,0.0,0.0,16.6816,False,False,0.1,secure_house: structural commit lag 0.0s
e8-20260813,E8_speculative_window,19,secure_house,activepoll,0.0,0.0,0.0,15.7164,False,False,0.1,secure_house: structural commit lag 0.0s
e8-20260813,E8_speculative_window,0,secure_house,activepoll,0.1,0.0,0.1,7.0096,False,False,0.1,secure_house: structural commit lag 0.0s
e8-20260813,E8_speculative_window,1,secure_house,activepoll,0.1,0.0,0.1,4.554,False,False,0.1,secure_house: structural commit lag 0.0s
e8-20260813,E8_speculative_window,2,secure_house,activepoll,0.1,0.0,0.1,24.4964,False,False,0.1,secure_house: structural commit lag 0.0s
e8-20260813,E8_speculative_window,3,secure_house,activepoll,0.1,0.0,0.1,24.1673,False,False,0.1,secure_house: structural commit lag 0.0s
e8-20260813,E8_speculative_window,4,secure_house,activepoll,0.1,0.0,0.1,36.6666,False,False,0.1,secure_house: structural commit lag 0.0s
e8-20260813,E8_speculative_window,5,secure_house,activepoll,0.1,0.0,0.1,12.4723,False,False,0.1,secure_house: structural commit lag 0.0s
e8-20260813,E8_speculative_window,6,secure_house,activepoll,0.1,0.0,0.1,2.9154,False,False,0.1,secure_house: structural commit lag 0.0s
e8-20260813,E8_speculative_window,7,secure_house,activepoll,0.1,0.0,0.1,24.2241,False,False,0.1,secure_house: structural commit lag 0.0s
e8-20260813,E8_speculative_window,8,secure_house,activepoll,0.1,0.0,0.1,30.2483,False,False,0.1,secure_house: structural commit lag 0.0s
e8-20260813,E8_speculative_window,9,secure_house,activepoll,0.1,0.0,0.1,6.3876,False,False,0.1,secure_house: structural commit lag 0.0s
e8-20260813,E8_speculative_window,10,secure_house,activepoll,0.1,0.0,0.1,25.1222,False,False,0.1,secure_house: structural commit lag 0.0s
e8-20260813,E8_speculative_window,11,secure_house,activepoll,0.1,0.0,0.1,20.5462,False,False,0.1,secure_house: structural commit lag 0.0s
e8-20260813,E8_speculative_window,12,secure_house,activepoll,0.1,0.0,0.1,15.2212,False,False,0.1,secure_house: structural commit lag 0.0s
e8-20260813,E8_speculative_window,13,secure_house,activepoll,0.1,0.0,0.1,19.8444,False,False,0.1,secure_house: structural commit lag 0.0s
e8-20260813,E8_speculative_window,14,secure_house,activepoll,0.1,0.0,0.1,14.0151,False,False,0.1,secure_house: structural commit lag 0.0s
e8-20260813,E8_speculative_window,15,secure_house,activepoll,0.1,0.0,0.1,38.6825,False,False,0.1,secure_house: structural commit lag 0.0s
e8-20260813,E8_speculative_window,16,secure_house,activepoll,0.1,0.0,0.1,31.7466,False,False,0.1,secure_house: structural commit lag 0.0s
e8-20260813,E8_speculative_window,17,secure_house,activepoll,0.1,0.0,0.1,8.8111,False,False,0.1,secure_house: structural commit lag 0.0s
e8-20260813,E8_speculative_window,18,secure_house,activepoll,0.1,0.0,0.1,6.9122,False,False,0.1,secure_house: structural commit lag 0.0s
e8-20260813,E8_speculative_window,19,secure_house,activepoll,0.1,0.0,0.1,21.8099,False,False,0.1,secure_house: structural commit lag 0.0s
e8-20260813,E8_speculative_window,0,secure_house,activepoll,0.25,0.0,0.25,22.2178,False,False,0.1,secure_house: structural commit lag 0.0s
e8-20260813,E8_speculative_window,1,secure_house,activepoll,0.25,0.0,0.25,11.8502,False,False,0.1,secure_house: structural commit lag 0.0s
e8-20260813,E8_speculative_window,2,secure_house,activepoll,0.25,0.0,0.25,10.4268,False,False,0.1,secure_house: structural commit lag 0.0s
e8-20260813,E8_speculative_window,3,secure_house,activepoll,0.25,0.0,0.25,10.3442,False,False,0.1,secure_house: structural commit lag 0.0s
e8-20260813,E8_speculative_window,4,secure_house,activepoll,0.25,0.0,0.25,33.8973,False,False,0.1,secure_house: structural commit lag 0.0s
e8-20260813,E8_speculative_window,5,secure_house,activepoll,0.25,0.0,0.25,30.8579,False,False,0.1,secure_house: structural commit lag 0.0s
e8-20260813,E8_speculative_window,6,secure_house,activepoll,0.25,0.0,0.25,4.308,False,False,0.1,secure_house: structural commit lag 0.0s
e8-20260813,E8_speculative_window,7,secure_house,activepoll,0.25,0.0,0.25,8.4915,False,False,0.1,secure_house: structural commit lag 0.0s
e8-20260813,E8_speculative_window,8,secure_house,activepoll,0.25,0.0,0.25,38.0798,False,False,0.1,secure_house: structural commit lag 0.0s
e8-20260813,E8_speculative_window,9,secure_house,activepoll,0.25,0.0,0.25,25.6838,False,False,0.1,secure_house: structural commit lag 0.0s
e8-20260813,E8_speculative_window,10,secure_house,activepoll,0.25,0.0,0.25,38.1824,False,False,0.1,secure_house: structural commit lag 0.0s
e8-20260813,E8_speculative_window,11,secure_house,activepoll,0.25,0.0,0.25,8.1231,False,False,0.1,secure_house: structural commit lag 0.0s
e8-20260813,E8_speculative_window,12,secure_house,activepoll,0.25,0.0,0.25,30.4268,False,False,0.1,secure_house: structural commit lag 0.0s
e8-20260813,E8_speculative_window,13,secure_house,activepoll,0.25,0.0,0.25,2.0489,False,False,0.1,secure_house: structural commit lag 0.0s
e8-20260813,E8_speculative_window,14,secure_house,activepoll,0.25,0.0,0.25,3.9365,False,False,0.1,secure_house: structural commit lag 0.0s
e8-20260813,E8_speculative_window,15,secure_house,activepoll,0.25,0.0,0.25,3.6114,False,False,0.1,secure_house: structural commit lag 0.0s
e8-20260813,E8_speculative_window,16,secure_house,activepoll,0.25,0.0,0.25,14.6844,False,False,0.1,secure_house: structural commit lag 0.0s
e8-20260813,E8_speculative_window,17,secure_house,activepoll,0.25,0.0,0.25,16.7183,False,False,0.1,secure_house: structural commit lag 0.0s
e8-20260813,E8_speculative_window,18,secure_house,activepoll,0.25,0.0,0.25,20.7039,False,False,0.1,secure_house: structural commit lag 0.0s
e8-20260813,E8_speculative_window,19,secure_house,activepoll,0.25,0.0,0.25,18.18,False,False,0.1,secure_house: structural commit lag 0.0s
e8-20260813,E8_speculative_window,0,secure_house,activepoll,0.5,0.0,0.5,15.8492,False,False,0.1,secure_house: structural commit lag 0.0s
e8-20260813,E8_speculative_window,1,secure_house,activepoll,0.5,0.0,0.5,22.3195,False,False,0.1,secure_house: structural commit lag 0.0s
e8-20260813,E8_speculative_window,2,secure_house,activepoll,0.5,0.0,0.5,0.5032,False,False,0.1,secure_house: structural commit lag 0.0s
e8-20260813,E8_speculative_window,3,secure_house,activepoll,0.5,0.0,0.5,7.4844,False,False,0.1,secure_house: structural commit lag 0.0s
e8-20260813,E8_speculative_window,4,secure_house,activepoll,0.5,0.0,0.5,37.4592,False,False,0.1,secure_house: structural commit lag 0.0s
e8-20260813,E8_speculative_window,5,secure_house,activepoll,0.5,0.0,0.5,9.5171,False,False,0.1,secure_house: structural commit lag 0.0s
e8-20260813,E8_speculative_window,6,secure_house,activepoll,0.5,0.0,0.5,16.8709,False,False,0.1,secure_house: structural commit lag 0.0s
e8-20260813,E8_speculative_window,7,secure_house,activepoll,0.5,0.0,0.5,25.744,False,False,0.1,secure_house: structural commit lag 0.0s
e8-20260813,E8_speculative_window,8,secure_house,activepoll,0.5,0.0,0.5,33.2575,False,False,0.1,secure_house: structural commit lag 0.0s
e8-20260813,E8_speculative_window,9,secure_house,activepoll,0.5,0.0,0.5,36.8488,False,False,0.1,secure_house: structural commit lag 0.0s
e8-20260813,E8_speculative_window,10,secure_house,activepoll,0.5,0.0,0.5,35.6748,False,False,0.1,secure_house: structural commit lag 0.0s
e8-20260813,E8_speculative_window,11,secure_house,activepoll,0.5,0.0,0.5,34.1982,False,False,0.1,secure_house: structural commit lag 0.0s
e8-20260813,E8_speculative_window,12,secure_house,activepoll,0.5,0.0,0.5,26.7382,False,False,0.1,secure_house: structural commit lag 0.0s
e8-20260813,E8_speculative_window,13,secure_house,activepoll,0.5,0.0,0.5,7.3236,False,False,0.1,secure_house: structural commit lag 0.0s
e8-20260813,E8_speculative_window,14,secure_house,activepoll,0.5,0.0,0.5,5.0717,False,False,0.1,secure_house: structural commit lag 0.0s
e8-20260813,E8_speculative_window,15,secure_house,activepoll,0.5,0.0,0.5,16.6538,False,False,0.1,secure_house: structural commit lag 0.0s
e8-20260813,E8_speculative_window,16,secure_house,activepoll,0.5,0.0,0.5,29.1896,False,False,0.1,secure_house: structural commit lag 0.0s
e8-20260813,E8_speculative_window,17,secure_house,activepoll,0.5,0.0,0.5,16.8779,False,False,0.1,secure_house: structural commit lag 0.0s
e8-20260813,E8_speculative_window,18,secure_house,activepoll,0.5,0.0,0.5,36.6667,False,False,0.1,secure_house: structural commit lag 0.0s
e8-20260813,E8_speculative_window,19,secure_house,activepoll,0.5,0.0,0.5,34.884,False,False,0.1,secure_house: structural commit lag 0.0s
e8-20260813,E8_speculative_window,0,secure_house,activepoll,1.0,0.0,1.0,31.6048,False,False,0.1,secure_house: structural commit lag 0.0s
e8-20260813,E8_speculative_window,1,secure_house,activepoll,1.0,0.0,1.0,33.2725,False,False,0.1,secure_house: structural commit lag 0.0s
e8-20260813,E8_speculative_window,2,secure_house,activepoll,1.0,0.0,1.0,10.5505,False,False,0.1,secure_house: structural commit lag 0.0s
e8-20260813,E8_speculative_window,3,secure_house,activepoll,1.0,0.0,1.0,4.4664,False,False,0.1,secure_house: structural commit lag 0.0s
e8-20260813,E8_speculative_window,4,secure_house,activepoll,1.0,0.0,1.0,37.6809,False,False,0.1,secure_house: structural commit lag 0.0s
e8-20260813,E8_speculative_window,5,secure_house,activepoll,1.0,0.0,1.0,20.6238,False,False,0.1,secure_house: structural commit lag 0.0s
e8-20260813,E8_speculative_window,6,secure_house,activepoll,1.0,0.0,1.0,31.0752,False,False,0.1,secure_house: structural commit lag 0.0s
e8-20260813,E8_speculative_window,7,secure_house,activepoll,1.0,0.0,1.0,34.9088,False,False,0.1,secure_house: structural commit lag 0.0s
e8-20260813,E8_speculative_window,8,secure_house,activepoll,1.0,0.0,1.0,1.1213,False,False,0.1,secure_house: structural commit lag 0.0s
e8-20260813,E8_speculative_window,9,secure_house,activepoll,1.0,0.0,1.0,11.3108,False,False,0.1,secure_house: structural commit lag 0.0s
e8-20260813,E8_speculative_window,10,secure_house,activepoll,1.0,0.0,1.0,0.3079,False,False,0.1,secure_house: structural commit lag 0.0s
e8-20260813,E8_speculative_window,11,secure_house,activepoll,1.0,0.0,1.0,15.3539,False,False,0.1,secure_house: structural commit lag 0.0s
e8-20260813,E8_speculative_window,12,secure_house,activepoll,1.0,0.0,1.0,29.4754,False,False,0.1,secure_house: structural commit lag 0.0s
e8-20260813,E8_speculative_window,13,secure_house,activepoll,1.0,0.0,1.0,31.8554,False,False,0.1,secure_house: structural commit lag 0.0s
e8-20260813,E8_speculative_window,14,secure_house,activepoll,1.0,0.0,1.0,0.5464,False,False,0.1,secure_house: structural commit lag 0.0s
e8-20260813,E8_speculative_window,15,secure_house,activepoll,1.0,0.0,1.0,22.4593,False,False,0.1,secure_house: structural commit lag 0.0s
e8-20260813,E8_speculative_window,16,secure_house,activepoll,1.0,0.0,1.0,35.7146,False,False,0.1,secure_house: structural commit lag 0.0s
e8-20260813,E8_speculative_window,17,secure_house,activepoll,1.0,0.0,1.0,28.9829,False,False,0.1,secure_house: structural commit lag 0.0s
e8-20260813,E8_speculative_window,18,secure_house,activepoll,1.0,0.0,1.0,15.7435,False,False,0.1,secure_house: structural commit lag 0.0s
e8-20260813,E8_speculative_window,19,secure_house,activepoll,1.0,0.0,1.0,16.8286,False,False,0.1,secure_house: structural commit lag 0.0s
e8-20260813,E8_speculative_window,0,secure_house,activepoll,2.0,0.0,2.0,21.0843,False,False,0.1,secure_house: structural commit lag 0.0s
e8-20260813,E8_speculative_window,1,secure_house,activepoll,2.0,0.0,2.0,7.5851,False,False,0.1,secure_house: structural commit lag 0.0s
e8-20260813,E8_speculative_window,2,secure_house,activepoll,2.0,0.0,2.0,20.3942,False,False,0.1,secure_house: structural commit lag 0.0s
e8-20260813,E8_speculative_window,3,secure_house,activepoll,2.0,0.0,2.0,26.2704,False,False,0.1,secure_house: structural commit lag 0.0s
e8-20260813,E8_speculative_window,4,secure_house,activepoll,2.0,0.0,2.0,0.5041,False,False,0.1,secure_house: structural commit lag 0.0s
e8-20260813,E8_speculative_window,5,secure_house,activepoll,2.0,0.0,2.0,14.9878,False,False,0.1,secure_house: structural commit lag 0.0s
e8-20260813,E8_speculative_window,6,secure_house,activepoll,2.0,0.0,2.0,16.1058,False,False,0.1,secure_house: structural commit lag 0.0s
e8-20260813,E8_speculative_window,7,secure_house,activepoll,2.0,0.0,2.0,39.2213,False,False,0.1,secure_house: structural commit lag 0.0s
e8-20260813,E8_speculative_window,8,secure_house,activepoll,2.0,0.0,2.0,0.2601,False,False,0.1,secure_house: structural commit lag 0.0s
e8-20260813,E8_speculative_window,9,secure_house,activepoll,2.0,0.0,2.0,19.8261,False,False,0.1,secure_house: structural commit lag 0.0s
e8-20260813,E8_speculative_window,10,secure_house,activepoll,2.0,0.0,2.0,26.9522,False,False,0.1,secure_house: structural commit lag 0.0s
e8-20260813,E8_speculative_window,11,secure_house,activepoll,2.0,0.0,2.0,27.3173,False,False,0.1,secure_house: structural commit lag 0.0s
e8-20260813,E8_speculative_window,12,secure_house,activepoll,2.0,0.0,2.0,27.5793,False,False,0.1,secure_house: structural commit lag 0.0s
e8-20260813,E8_speculative_window,13,secure_house,activepoll,2.0,0.0,2.0,13.9809,False,False,0.1,secure_house: structural commit lag 0.0s
e8-20260813,E8_speculative_window,14,secure_house,activepoll,2.0,0.0,2.0,19.5118,False,False,0.1,secure_house: structural commit lag 0.0s
e8-20260813,E8_speculative_window,15,secure_house,activepoll,2.0,0.0,2.0,32.7026,False,False,0.1,secure_house: structural commit lag 0.0s
e8-20260813,E8_speculative_window,16,secure_house,activepoll,2.0,0.0,2.0,13.4417,False,False,0.1,secure_house: structural commit lag 0.0s
e8-20260813,E8_speculative_window,17,secure_house,activepoll,2.0,0.0,2.0,1.8257,False,False,0.1,secure_house: structural commit lag 0.0s
e8-20260813,E8_speculative_window,18,secure_house,activepoll,2.0,0.0,2.0,27.1168,False,False,0.1,secure_house: structural commit lag 0.0s
e8-20260813,E8_speculative_window,19,secure_house,activepoll,2.0,0.0,2.0,25.0953,False,False,0.1,secure_house: structural commit lag 0.0s
e8-20260813,E8_speculative_window,0,secure_house,activepoll,5.0,0.0,5.0,32.5567,False,False,0.1,secure_house: structural commit lag 0.0s
e8-20260813,E8_speculative_window,1,secure_house,activepoll,5.0,0.0,5.0,3.7808,False,False,0.1,secure_house: structural commit lag 0.0s
e8-20260813,E8_speculative_window,2,secure_house,activepoll,5.0,0.0,5.0,39.5851,False,False,0.1,secure_house: structural commit lag 0.0s
e8-20260813,E8_speculative_window,3,secure_house,activepoll,5.0,0.0,5.0,31.7372,False,False,0.1,secure_house: structural commit lag 0.0s
e8-20260813,E8_speculative_window,4,secure_house,activepoll,5.0,0.0,5.0,6.1227,False,False,0.1,secure_house: structural commit lag 0.0s
e8-20260813,E8_speculative_window,5,secure_house,activepoll,5.0,0.0,5.0,5.6,False,False,0.1,secure_house: structural commit lag 0.0s
e8-20260813,E8_speculative_window,6,secure_house,activepoll,5.0,0.0,5.0,25.5739,False,False,0.1,secure_house: structural commit lag 0.0s
e8-20260813,E8_speculative_window,7,secure_house,activepoll,5.0,0.0,5.0,34.978,False,False,0.1,secure_house: structural commit lag 0.0s
e8-20260813,E8_speculative_window,8,secure_house,activepoll,5.0,0.0,5.0,26.0092,False,False,0.1,secure_house: structural commit lag 0.0s
e8-20260813,E8_speculative_window,9,secure_house,activepoll,5.0,0.0,5.0,23.716,False,False,0.1,secure_house: structural commit lag 0.0s
e8-20260813,E8_speculative_window,10,secure_house,activepoll,5.0,0.0,5.0,5.29,False,False,0.1,secure_house: structural commit lag 0.0s
e8-20260813,E8_speculative_window,11,secure_house,activepoll,5.0,0.0,5.0,25.3636,False,False,0.1,secure_house: structural commit lag 0.0s
e8-20260813,E8_speculative_window,12,secure_house,activepoll,5.0,0.0,5.0,31.7409,False,False,0.1,secure_house: structural commit lag 0.0s
e8-20260813,E8_speculative_window,13,secure_house,activepoll,5.0,0.0,5.0,36.4957,False,False,0.1,secure_house: structural commit lag 0.0s
e8-20260813,E8_speculative_window,14,secure_house,activepoll,5.0,0.0,5.0,12.637,False,False,0.1,secure_house: structural commit lag 0.0s
e8-20260813,E8_speculative_window,15,secure_house,activepoll,5.0,0.0,5.0,15.959,False,False,0.1,secure_house: structural commit lag 0.0s
e8-20260813,E8_speculative_window,16,secure_house,activepoll,5.0,0.0,5.0,37.1222,False,False,0.1,secure_house: structural commit lag 0.0s
e8-20260813,E8_speculative_window,17,secure_house,activepoll,5.0,0.0,5.0,21.437,False,False,0.1,secure_house: structural commit lag 0.0s
e8-20260813,E8_speculative_window,18,secure_house,activepoll,5.0,0.0,5.0,7.1738,False,False,0.1,secure_house: structural commit lag 0.0s
e8-20260813,E8_speculative_window,19,secure_house,activepoll,5.0,0.0,5.0,35.5325,False,False,0.1,secure_house: structural commit lag 0.0s
e8-20260813,E8_speculative_window,0,secure_house,activepoll,10.0,0.0,10.0,27.8547,False,False,0.1,secure_house: structural commit lag 0.0s
e8-20260813,E8_speculative_window,1,secure_house,activepoll,10.0,0.0,10.0,15.7802,False,False,0.1,secure_house: structural commit lag 0.0s
e8-20260813,E8_speculative_window,2,secure_house,activepoll,10.0,0.0,10.0,27.7868,False,False,0.1,secure_house: structural commit lag 0.0s
e8-20260813,E8_speculative_window,3,secure_house,activepoll,10.0,0.0,10.0,2.3046,False,False,0.1,secure_house: structural commit lag 0.0s
e8-20260813,E8_speculative_window,4,secure_house,activepoll,10.0,0.0,10.0,10.329,False,False,0.1,secure_house: structural commit lag 0.0s
e8-20260813,E8_speculative_window,5,secure_house,activepoll,10.0,0.0,10.0,31.6355,False,False,0.1,secure_house: structural commit lag 0.0s
e8-20260813,E8_speculative_window,6,secure_house,activepoll,10.0,0.0,10.0,6.2491,False,False,0.1,secure_house: structural commit lag 0.0s
e8-20260813,E8_speculative_window,7,secure_house,activepoll,10.0,0.0,10.0,19.0488,False,False,0.1,secure_house: structural commit lag 0.0s
e8-20260813,E8_speculative_window,8,secure_house,activepoll,10.0,0.0,10.0,19.1407,False,False,0.1,secure_house: structural commit lag 0.0s
e8-20260813,E8_speculative_window,9,secure_house,activepoll,10.0,0.0,10.0,7.2604,False,False,0.1,secure_house: structural commit lag 0.0s
e8-20260813,E8_speculative_window,10,secure_house,activepoll,10.0,0.0,10.0,1.9128,False,False,0.1,secure_house: structural commit lag 0.0s
e8-20260813,E8_speculative_window,11,secure_house,activepoll,10.0,0.0,10.0,4.8413,False,False,0.1,secure_house: structural commit lag 0.0s
e8-20260813,E8_speculative_window,12,secure_house,activepoll,10.0,0.0,10.0,2.9348,False,False,0.1,secure_house: structural commit lag 0.0s
e8-20260813,E8_speculative_window,13,secure_house,activepoll,10.0,0.0,10.0,31.0459,False,False,0.1,secure_house: structural commit lag 0.0s
e8-20260813,E8_speculative_window,14,secure_house,activepoll,10.0,0.0,10.0,38.3575,False,False,0.1,secure_house: structural commit lag 0.0s
e8-20260813,E8_speculative_window,15,secure_house,activepoll,10.0,0.0,10.0,36.0773,False,False,0.1,secure_house: structural commit lag 0.0s
e8-20260813,E8_speculative_window,16,secure_house,activepoll,10.0,0.0,10.0,31.0274,False,False,0.1,secure_house: structural commit lag 0.0s
e8-20260813,E8_speculative_window,17,secure_house,activepoll,10.0,0.0,10.0,27.8114,False,False,0.1,secure_house: structural commit lag 0.0s
e8-20260813,E8_speculative_window,18,secure_house,activepoll,10.0,0.0,10.0,5.7922,False,False,0.1,secure_house: structural commit lag 0.0s
e8-20260813,E8_speculative_window,19,secure_house,activepoll,10.0,0.0,10.0,37.6841,False,False,0.1,secure_house: structural commit lag 0.0s
e8-20260813,E8_speculative_window,0,secure_house,activepoll,20.0,0.0,20.0,25.7894,False,False,0.1,secure_house: structural commit lag 0.0s
e8-20260813,E8_speculative_window,1,secure_house,activepoll,20.0,0.0,20.0,30.7488,False,False,0.1,secure_house: structural commit lag 0.0s
e8-20260813,E8_speculative_window,2,secure_house,activepoll,20.0,0.0,20.0,38.9803,False,False,0.1,secure_house: structural commit lag 0.0s
e8-20260813,E8_speculative_window,3,secure_house,activepoll,20.0,0.0,20.0,24.4346,False,False,0.1,secure_house: structural commit lag 0.0s
e8-20260813,E8_speculative_window,4,secure_house,activepoll,20.0,0.0,20.0,21.1329,False,False,0.1,secure_house: structural commit lag 0.0s
e8-20260813,E8_speculative_window,5,secure_house,activepoll,20.0,0.0,20.0,1.0813,False,False,0.1,secure_house: structural commit lag 0.0s
e8-20260813,E8_speculative_window,6,secure_house,activepoll,20.0,0.0,20.0,8.7192,False,False,0.1,secure_house: structural commit lag 0.0s
e8-20260813,E8_speculative_window,7,secure_house,activepoll,20.0,0.0,20.0,22.359,False,False,0.1,secure_house: structural commit lag 0.0s
e8-20260813,E8_speculative_window,8,secure_house,activepoll,20.0,0.0,20.0,11.6209,False,False,0.1,secure_house: structural commit lag 0.0s
e8-20260813,E8_speculative_window,9,secure_house,activepoll,20.0,0.0,20.0,18.0949,False,False,0.1,secure_house: structural commit lag 0.0s
e8-20260813,E8_speculative_window,10,secure_house,activepoll,20.0,0.0,20.0,29.3589,False,False,0.1,secure_house: structural commit lag 0.0s
e8-20260813,E8_speculative_window,11,secure_house,activepoll,20.0,0.0,20.0,36.1154,False,False,0.1,secure_house: structural commit lag 0.0s
e8-20260813,E8_speculative_window,12,secure_house,activepoll,20.0,0.0,20.0,32.3965,False,False,0.1,secure_house: structural commit lag 0.0s
e8-20260813,E8_speculative_window,13,secure_house,activepoll,20.0,0.0,20.0,19.5856,False,False,0.1,secure_house: structural commit lag 0.0s
e8-20260813,E8_speculative_window,14,secure_house,activepoll,20.0,0.0,20.0,31.3331,False,False,0.1,secure_house: structural commit lag 0.0s
e8-20260813,E8_speculative_window,15,secure_house,activepoll,20.0,0.0,20.0,15.7888,False,False,0.1,secure_house: structural commit lag 0.0s
e8-20260813,E8_speculative_window,16,secure_house,activepoll,20.0,0.0,20.0,10.6472,False,False,0.1,secure_house: structural commit lag 0.0s
e8-20260813,E8_speculative_window,17,secure_house,activepoll,20.0,0.0,20.0,0.83,False,False,0.1,secure_house: structural commit lag 0.0s
e8-20260813,E8_speculative_window,18,secure_house,activepoll,20.0,0.0,20.0,13.1946,False,False,0.1,secure_house: structural commit lag 0.0s
e8-20260813,E8_speculative_window,19,secure_house,activepoll,20.0,0.0,20.0,10.2603,False,False,0.1,secure_house: structural commit lag 0.0s
e8-20260813,E8_speculative_window,0,secure_house,activepoll,40.0,0.0,40.0,17.973,False,False,0.1,secure_house: structural commit lag 0.0s
e8-20260813,E8_speculative_window,1,secure_house,activepoll,40.0,0.0,40.0,18.4658,False,False,0.1,secure_house: structural commit lag 0.0s
e8-20260813,E8_speculative_window,2,secure_house,activepoll,40.0,0.0,40.0,2.5933,False,False,0.1,secure_house: structural commit lag 0.0s
e8-20260813,E8_speculative_window,3,secure_house,activepoll,40.0,0.0,40.0,19.3912,False,False,0.1,secure_house: structural commit lag 0.0s
e8-20260813,E8_speculative_window,4,secure_house,activepoll,40.0,0.0,40.0,10.0565,False,False,0.1,secure_house: structural commit lag 0.0s
e8-20260813,E8_speculative_window,5,secure_house,activepoll,40.0,0.0,40.0,4.7133,False,False,0.1,secure_house: structural commit lag 0.0s
e8-20260813,E8_speculative_window,6,secure_house,activepoll,40.0,0.0,40.0,14.7765,False,False,0.1,secure_house: structural commit lag 0.0s
e8-20260813,E8_speculative_window,7,secure_house,activepoll,40.0,0.0,40.0,1.7606,False,False,0.1,secure_house: structural commit lag 0.0s
e8-20260813,E8_speculative_window,8,secure_house,activepoll,40.0,0.0,40.0,27.5627,False,False,0.1,secure_house: structural commit lag 0.0s
e8-20260813,E8_speculative_window,9,secure_house,activepoll,40.0,0.0,40.0,35.9623,False,False,0.1,secure_house: structural commit lag 0.0s
e8-20260813,E8_speculative_window,10,secure_house,activepoll,40.0,0.0,40.0,3.752,False,False,0.1,secure_house: structural commit lag 0.0s
e8-20260813,E8_speculative_window,11,secure_house,activepoll,40.0,0.0,40.0,30.6358,False,False,0.1,secure_house: structural commit lag 0.0s
e8-20260813,E8_speculative_window,12,secure_house,activepoll,40.0,0.0,40.0,23.9497,False,False,0.1,secure_house: structural commit lag 0.0s
e8-20260813,E8_speculative_window,13,secure_house,activepoll,40.0,0.0,40.0,2.3688,False,False,0.1,secure_house: structural commit lag 0.0s
e8-20260813,E8_speculative_window,14,secure_house,activepoll,40.0,0.0,40.0,37.985,False,False,0.1,secure_house: structural commit lag 0.0s
e8-20260813,E8_speculative_window,15,secure_house,activepoll,40.0,0.0,40.0,25.1673,False,False,0.1,secure_house: structural commit lag 0.0s
e8-20260813,E8_speculative_window,16,secure_house,activepoll,40.0,0.0,40.0,28.6817,False,False,0.1,secure_house: structural commit lag 0.0s
e8-20260813,E8_speculative_window,17,secure_house,activepoll,40.0,0.0,40.0,9.2318,False,False,0.1,secure_house: structural commit lag 0.0s
e8-20260813,E8_speculative_window,18,secure_house,activepoll,40.0,0.0,40.0,25.7362,False,False,0.1,secure_house: structural commit lag 0.0s
e8-20260813,E8_speculative_window,19,secure_house,activepoll,40.0,0.0,40.0,29.4494,False,False,0.1,secure_house: structural commit lag 0.0s
e8-20260813,E8_speculative_window,0,access,none,0.0,0.0,0.0,30.4832,False,False,inf,access: structural commit lag 0.0s
e8-20260813,E8_speculative_window,1,access,none,0.0,0.0,0.0,24.813,False,False,inf,access: structural commit lag 0.0s
e8-20260813,E8_speculative_window,2,access,none,0.0,0.0,0.0,26.4242,False,False,inf,access: structural commit lag 0.0s
e8-20260813,E8_speculative_window,3,access,none,0.0,0.0,0.0,3.5149,False,False,inf,access: structural commit lag 0.0s
e8-20260813,E8_speculative_window,4,access,none,0.0,0.0,0.0,11.5099,False,False,inf,access: structural commit lag 0.0s
e8-20260813,E8_speculative_window,5,access,none,0.0,0.0,0.0,1.645,False,False,inf,access: structural commit lag 0.0s
e8-20260813,E8_speculative_window,6,access,none,0.0,0.0,0.0,1.3554,False,False,inf,access: structural commit lag 0.0s
e8-20260813,E8_speculative_window,7,access,none,0.0,0.0,0.0,25.2945,False,False,inf,access: structural commit lag 0.0s
e8-20260813,E8_speculative_window,8,access,none,0.0,0.0,0.0,16.8062,False,False,inf,access: structural commit lag 0.0s
e8-20260813,E8_speculative_window,9,access,none,0.0,0.0,0.0,29.909,False,False,inf,access: structural commit lag 0.0s
e8-20260813,E8_speculative_window,10,access,none,0.0,0.0,0.0,12.4946,False,False,inf,access: structural commit lag 0.0s
e8-20260813,E8_speculative_window,11,access,none,0.0,0.0,0.0,22.1833,False,False,inf,access: structural commit lag 0.0s
e8-20260813,E8_speculative_window,12,access,none,0.0,0.0,0.0,22.0264,False,False,inf,access: structural commit lag 0.0s
e8-20260813,E8_speculative_window,13,access,none,0.0,0.0,0.0,11.6259,False,False,inf,access: structural commit lag 0.0s
e8-20260813,E8_speculative_window,14,access,none,0.0,0.0,0.0,16.728,False,False,inf,access: structural commit lag 0.0s
e8-20260813,E8_speculative_window,15,access,none,0.0,0.0,0.0,24.2345,False,False,inf,access: structural commit lag 0.0s
e8-20260813,E8_speculative_window,16,access,none,0.0,0.0,0.0,34.9301,False,False,inf,access: structural commit lag 0.0s
e8-20260813,E8_speculative_window,17,access,none,0.0,0.0,0.0,21.7356,False,False,inf,access: structural commit lag 0.0s
e8-20260813,E8_speculative_window,18,access,none,0.0,0.0,0.0,19.3407,False,False,inf,access: structural commit lag 0.0s
e8-20260813,E8_speculative_window,19,access,none,0.0,0.0,0.0,10.1804,False,False,inf,access: structural commit lag 0.0s
e8-20260813,E8_speculative_window,0,access,none,0.1,0.0,0.1,2.7155,False,False,inf,access: structural commit lag 0.0s
e8-20260813,E8_speculative_window,1,access,none,0.1,0.0,0.1,1.3608,False,False,inf,access: structural commit lag 0.0s
e8-20260813,E8_speculative_window,2,access,none,0.1,0.0,0.1,30.6003,False,False,inf,access: structural commit lag 0.0s
e8-20260813,E8_speculative_window,3,access,none,0.1,0.0,0.1,13.8966,False,False,inf,access: structural commit lag 0.0s
e8-20260813,E8_speculative_window,4,access,none,0.1,0.0,0.1,10.6653,False,False,inf,access: structural commit lag 0.0s
e8-20260813,E8_speculative_window,5,access,none,0.1,0.0,0.1,3.5506,False,False,inf,access: structural commit lag 0.0s
e8-20260813,E8_speculative_window,6,access,none,0.1,0.0,0.1,18.8114,False,False,inf,access: structural commit lag 0.0s
e8-20260813,E8_speculative_window,7,access,none,0.1,0.0,0.1,5.9406,False,False,inf,access: structural commit lag 0.0s
e8-20260813,E8_speculative_window,8,access,none,0.1,0.0,0.1,21.5505,False,False,inf,access: structural commit lag 0.0s
e8-20260813,E8_speculative_window,9,access,none,0.1,0.0,0.1,21.423,False,False,inf,access: structural commit lag 0.0s
e8-20260813,E8_speculative_window,10,access,none,0.1,0.0,0.1,17.5951,False,False,inf,access: structural commit lag 0.0s
e8-20260813,E8_speculative_window,11,access,none,0.1,0.0,0.1,32.1608,False,False,inf,access: structural commit lag 0.0s
e8-20260813,E8_speculative_window,12,access,none,0.1,0.0,0.1,8.5362,False,False,inf,access: structural commit lag 0.0s
e8-20260813,E8_speculative_window,13,access,none,0.1,0.0,0.1,3.7619,False,False,inf,access: structural commit lag 0.0s
e8-20260813,E8_speculative_window,14,access,none,0.1,0.0,0.1,32.3343,False,False,inf,access: structural commit lag 0.0s
e8-20260813,E8_speculative_window,15,access,none,0.1,0.0,0.1,36.3486,False,False,inf,access: structural commit lag 0.0s
e8-20260813,E8_speculative_window,16,access,none,0.1,0.0,0.1,0.4687,False,False,inf,access: structural commit lag 0.0s
e8-20260813,E8_speculative_window,17,access,none,0.1,0.0,0.1,5.6296,False,False,inf,access: structural commit lag 0.0s
e8-20260813,E8_speculative_window,18,access,none,0.1,0.0,0.1,35.8991,False,False,inf,access: structural commit lag 0.0s
e8-20260813,E8_speculative_window,19,access,none,0.1,0.0,0.1,13.8815,False,False,inf,access: structural commit lag 0.0s
e8-20260813,E8_speculative_window,0,access,none,0.25,0.0,0.25,13.1526,False,False,inf,access: structural commit lag 0.0s
e8-20260813,E8_speculative_window,1,access,none,0.25,0.0,0.25,17.4064,False,False,inf,access: structural commit lag 0.0s
e8-20260813,E8_speculative_window,2,access,none,0.25,0.0,0.25,18.7856,False,False,inf,access: structural commit lag 0.0s
e8-20260813,E8_speculative_window,3,access,none,0.25,0.0,0.25,24.9938,False,False,inf,access: structural commit lag 0.0s
e8-20260813,E8_speculative_window,4,access,none,0.25,0.0,0.25,14.4195,False,False,inf,access: structural commit lag 0.0s
e8-20260813,E8_speculative_window,5,access,none,0.25,0.0,0.25,36.251,False,False,inf,access: structural commit lag 0.0s
e8-20260813,E8_speculative_window,6,access,none,0.25,0.0,0.25,12.2976,False,False,inf,access: structural commit lag 0.0s
e8-20260813,E8_speculative_window,7,access,none,0.25,0.0,0.25,2.7205,False,False,inf,access: structural commit lag 0.0s
e8-20260813,E8_speculative_window,8,access,none,0.25,0.0,0.25,11.4473,False,False,inf,access: structural commit lag 0.0s
e8-20260813,E8_speculative_window,9,access,none,0.25,0.0,0.25,39.3895,False,False,inf,access: structural commit lag 0.0s
e8-20260813,E8_speculative_window,10,access,none,0.25,0.0,0.25,12.0593,False,False,inf,access: structural commit lag 0.0s
e8-20260813,E8_speculative_window,11,access,none,0.25,0.0,0.25,16.6891,False,False,inf,access: structural commit lag 0.0s
e8-20260813,E8_speculative_window,12,access,none,0.25,0.0,0.25,24.2134,False,False,inf,access: structural commit lag 0.0s
e8-20260813,E8_speculative_window,13,access,none,0.25,0.0,0.25,35.9217,False,False,inf,access: structural commit lag 0.0s
e8-20260813,E8_speculative_window,14,access,none,0.25,0.0,0.25,24.3423,False,False,inf,access: structural commit lag 0.0s
e8-20260813,E8_speculative_window,15,access,none,0.25,0.0,0.25,34.2528,False,False,inf,access: structural commit lag 0.0s
e8-20260813,E8_speculative_window,16,access,none,0.25,0.0,0.25,6.5556,False,False,inf,access: structural commit lag 0.0s
e8-20260813,E8_speculative_window,17,access,none,0.25,0.0,0.25,38.561,False,False,inf,access: structural commit lag 0.0s
e8-20260813,E8_speculative_window,18,access,none,0.25,0.0,0.25,25.4635,False,False,inf,access: structural commit lag 0.0s
e8-20260813,E8_speculative_window,19,access,none,0.25,0.0,0.25,13.7426,False,False,inf,access: structural commit lag 0.0s
e8-20260813,E8_speculative_window,0,access,none,0.5,0.0,0.5,1.4697,False,False,inf,access: structural commit lag 0.0s
e8-20260813,E8_speculative_window,1,access,none,0.5,0.0,0.5,5.2874,False,False,inf,access: structural commit lag 0.0s
e8-20260813,E8_speculative_window,2,access,none,0.5,0.0,0.5,31.2256,False,False,inf,access: structural commit lag 0.0s
e8-20260813,E8_speculative_window,3,access,none,0.5,0.0,0.5,13.426,False,False,inf,access: structural commit lag 0.0s
e8-20260813,E8_speculative_window,4,access,none,0.5,0.0,0.5,34.9629,False,False,inf,access: structural commit lag 0.0s
e8-20260813,E8_speculative_window,5,access,none,0.5,0.0,0.5,24.1609,False,False,inf,access: structural commit lag 0.0s
e8-20260813,E8_speculative_window,6,access,none,0.5,0.0,0.5,25.217,False,False,inf,access: structural commit lag 0.0s
e8-20260813,E8_speculative_window,7,access,none,0.5,0.0,0.5,26.7443,False,False,inf,access: structural commit lag 0.0s
e8-20260813,E8_speculative_window,8,access,none,0.5,0.0,0.5,31.6158,False,False,inf,access: structural commit lag 0.0s
e8-20260813,E8_speculative_window,9,access,none,0.5,0.0,0.5,30.4203,False,False,inf,access: structural commit lag 0.0s
e8-20260813,E8_speculative_window,10,access,none,0.5,0.0,0.5,30.5994,False,False,inf,access: structural commit lag 0.0s
e8-20260813,E8_speculative_window,11,access,none,0.5,0.0,0.5,34.5024,False,False,inf,access: structural commit lag 0.0s
e8-20260813,E8_speculative_window,12,access,none,0.5,0.0,0.5,39.298,False,False,inf,access: structural commit lag 0.0s
e8-20260813,E8_speculative_window,13,access,none,0.5,0.0,0.5,37.1366,False,False,inf,access: structural commit lag 0.0s
e8-20260813,E8_speculative_window,14,access,none,0.5,0.0,0.5,16.7889,False,False,inf,access: structural commit lag 0.0s
e8-20260813,E8_speculative_window,15,access,none,0.5,0.0,0.5,39.1488,False,False,inf,access: structural commit lag 0.0s
e8-20260813,E8_speculative_window,16,access,none,0.5,0.0,0.5,7.8643,False,False,inf,access: structural commit lag 0.0s
e8-20260813,E8_speculative_window,17,access,none,0.5,0.0,0.5,37.4295,False,False,inf,access: structural commit lag 0.0s
e8-20260813,E8_speculative_window,18,access,none,0.5,0.0,0.5,28.4147,False,False,inf,access: structural commit lag 0.0s
e8-20260813,E8_speculative_window,19,access,none,0.5,0.0,0.5,17.5626,False,False,inf,access: structural commit lag 0.0s
e8-20260813,E8_speculative_window,0,access,none,1.0,0.0,1.0,38.0273,False,False,inf,access: structural commit lag 0.0s
e8-20260813,E8_speculative_window,1,access,none,1.0,0.0,1.0,9.951,False,False,inf,access: structural commit lag 0.0s
e8-20260813,E8_speculative_window,2,access,none,1.0,0.0,1.0,36.4619,False,False,inf,access: structural commit lag 0.0s
e8-20260813,E8_speculative_window,3,access,none,1.0,0.0,1.0,34.5276,False,False,inf,access: structural commit lag 0.0s
e8-20260813,E8_speculative_window,4,access,none,1.0,0.0,1.0,6.8973,False,False,inf,access: structural commit lag 0.0s
e8-20260813,E8_speculative_window,5,access,none,1.0,0.0,1.0,24.9159,False,False,inf,access: structural commit lag 0.0s
e8-20260813,E8_speculative_window,6,access,none,1.0,0.0,1.0,20.5231,False,False,inf,access: structural commit lag 0.0s
e8-20260813,E8_speculative_window,7,access,none,1.0,0.0,1.0,27.4235,False,False,inf,access: structural commit lag 0.0s
e8-20260813,E8_speculative_window,8,access,none,1.0,0.0,1.0,27.4839,False,False,inf,access: structural commit lag 0.0s
e8-20260813,E8_speculative_window,9,access,none,1.0,0.0,1.0,1.1641,False,False,inf,access: structural commit lag 0.0s
e8-20260813,E8_speculative_window,10,access,none,1.0,0.0,1.0,23.041,False,False,inf,access: structural commit lag 0.0s
e8-20260813,E8_speculative_window,11,access,none,1.0,0.0,1.0,27.2189,False,False,inf,access: structural commit lag 0.0s
e8-20260813,E8_speculative_window,12,access,none,1.0,0.0,1.0,36.7667,False,False,inf,access: structural commit lag 0.0s
e8-20260813,E8_speculative_window,13,access,none,1.0,0.0,1.0,31.436,False,False,inf,access: structural commit lag 0.0s
e8-20260813,E8_speculative_window,14,access,none,1.0,0.0,1.0,5.609,False,False,inf,access: structural commit lag 0.0s
e8-20260813,E8_speculative_window,15,access,none,1.0,0.0,1.0,9.354,False,False,inf,access: structural commit lag 0.0s
e8-20260813,E8_speculative_window,16,access,none,1.0,0.0,1.0,15.9377,False,False,inf,access: structural commit lag 0.0s
e8-20260813,E8_speculative_window,17,access,none,1.0,0.0,1.0,30.17,False,False,inf,access: structural commit lag 0.0s
e8-20260813,E8_speculative_window,18,access,none,1.0,0.0,1.0,0.4667,True,True,inf,access: structural commit lag 0.0s
e8-20260813,E8_speculative_window,19,access,none,1.0,0.0,1.0,18.1644,False,False,inf,access: structural commit lag 0.0s
e8-20260813,E8_speculative_window,0,access,none,2.0,0.0,2.0,13.9007,False,False,inf,access: structural commit lag 0.0s
e8-20260813,E8_speculative_window,1,access,none,2.0,0.0,2.0,18.0624,False,False,inf,access: structural commit lag 0.0s
e8-20260813,E8_speculative_window,2,access,none,2.0,0.0,2.0,2.6858,False,False,inf,access: structural commit lag 0.0s
e8-20260813,E8_speculative_window,3,access,none,2.0,0.0,2.0,21.2564,False,False,inf,access: structural commit lag 0.0s
e8-20260813,E8_speculative_window,4,access,none,2.0,0.0,2.0,26.9134,False,False,inf,access: structural commit lag 0.0s
e8-20260813,E8_speculative_window,5,access,none,2.0,0.0,2.0,27.5173,False,False,inf,access: structural commit lag 0.0s
e8-20260813,E8_speculative_window,6,access,none,2.0,0.0,2.0,5.8227,False,False,inf,access: structural commit lag 0.0s
e8-20260813,E8_speculative_window,7,access,none,2.0,0.0,2.0,8.6001,False,False,inf,access: structural commit lag 0.0s
e8-20260813,E8_speculative_window,8,access,none,2.0,0.0,2.0,21.2514,False,False,inf,access: structural commit lag 0.0s
e8-20260813,E8_speculative_window,9,access,none,2.0,0.0,2.0,4.6998,False,False,inf,access: structural commit lag 0.0s
e8-20260813,E8_speculative_window,10,access,none,2.0,0.0,2.0,6.0107,False,False,inf,access: structural commit lag 0.0s
e8-20260813,E8_speculative_window,11,access,none,2.0,0.0,2.0,19.529,False,False,inf,access: structural commit lag 0.0s
e8-20260813,E8_speculative_window,12,access,none,2.0,0.0,2.0,9.2972,False,False,inf,access: structural commit lag 0.0s
e8-20260813,E8_speculative_window,13,access,none,2.0,0.0,2.0,5.9509,False,False,inf,access: structural commit lag 0.0s
e8-20260813,E8_speculative_window,14,access,none,2.0,0.0,2.0,24.0987,False,False,inf,access: structural commit lag 0.0s
e8-20260813,E8_speculative_window,15,access,none,2.0,0.0,2.0,16.7088,False,False,inf,access: structural commit lag 0.0s
e8-20260813,E8_speculative_window,16,access,none,2.0,0.0,2.0,29.8229,False,False,inf,access: structural commit lag 0.0s
e8-20260813,E8_speculative_window,17,access,none,2.0,0.0,2.0,10.3844,False,False,inf,access: structural commit lag 0.0s
e8-20260813,E8_speculative_window,18,access,none,2.0,0.0,2.0,35.5437,False,False,inf,access: structural commit lag 0.0s
e8-20260813,E8_speculative_window,19,access,none,2.0,0.0,2.0,22.2764,False,False,inf,access: structural commit lag 0.0s
e8-20260813,E8_speculative_window,0,access,none,5.0,0.0,5.0,11.7863,False,False,inf,access: structural commit lag 0.0s
e8-20260813,E8_speculative_window,1,access,none,5.0,0.0,5.0,3.7925,True,True,inf,access: structural commit lag 0.0s
e8-20260813,E8_speculative_window,2,access,none,5.0,0.0,5.0,26.2258,False,False,inf,access: structural commit lag 0.0s
e8-20260813,E8_speculative_window,3,access,none,5.0,0.0,5.0,34.0141,False,False,inf,access: structural commit lag 0.0s
e8-20260813,E8_speculative_window,4,access,none,5.0,0.0,5.0,28.8412,False,False,inf,access: structural commit lag 0.0s
e8-20260813,E8_speculative_window,5,access,none,5.0,0.0,5.0,4.5874,True,True,inf,access: structural commit lag 0.0s
e8-20260813,E8_speculative_window,6,access,none,5.0,0.0,5.0,25.4581,False,False,inf,access: structural commit lag 0.0s
e8-20260813,E8_speculative_window,7,access,none,5.0,0.0,5.0,8.3533,False,False,inf,access: structural commit lag 0.0s
e8-20260813,E8_speculative_window,8,access,none,5.0,0.0,5.0,31.5054,False,False,inf,access: structural commit lag 0.0s
e8-20260813,E8_speculative_window,9,access,none,5.0,0.0,5.0,22.8837,False,False,inf,access: structural commit lag 0.0s
e8-20260813,E8_speculative_window,10,access,none,5.0,0.0,5.0,11.1573,False,False,inf,access: structural commit lag 0.0s
e8-20260813,E8_speculative_window,11,access,none,5.0,0.0,5.0,32.4684,False,False,inf,access: structural commit lag 0.0s
e8-20260813,E8_speculative_window,12,access,none,5.0,0.0,5.0,18.0933,False,False,inf,access: structural commit lag 0.0s
e8-20260813,E8_speculative_window,13,access,none,5.0,0.0,5.0,18.8684,False,False,inf,access: structural commit lag 0.0s
e8-20260813,E8_speculative_window,14,access,none,5.0,0.0,5.0,7.0459,False,False,inf,access: structural commit lag 0.0s
e8-20260813,E8_speculative_window,15,access,none,5.0,0.0,5.0,39.2424,False,False,inf,access: structural commit lag 0.0s
e8-20260813,E8_speculative_window,16,access,none,5.0,0.0,5.0,24.3964,False,False,inf,access: structural commit lag 0.0s
e8-20260813,E8_speculative_window,17,access,none,5.0,0.0,5.0,8.8973,False,False,inf,access: structural commit lag 0.0s
e8-20260813,E8_speculative_window,18,access,none,5.0,0.0,5.0,19.9427,False,False,inf,access: structural commit lag 0.0s
e8-20260813,E8_speculative_window,19,access,none,5.0,0.0,5.0,13.0634,False,False,inf,access: structural commit lag 0.0s
e8-20260813,E8_speculative_window,0,access,none,10.0,0.0,10.0,30.2153,False,False,inf,access: structural commit lag 0.0s
e8-20260813,E8_speculative_window,1,access,none,10.0,0.0,10.0,39.3317,False,False,inf,access: structural commit lag 0.0s
e8-20260813,E8_speculative_window,2,access,none,10.0,0.0,10.0,0.9741,True,True,inf,access: structural commit lag 0.0s
e8-20260813,E8_speculative_window,3,access,none,10.0,0.0,10.0,2.557,True,True,inf,access: structural commit lag 0.0s
e8-20260813,E8_speculative_window,4,access,none,10.0,0.0,10.0,30.1506,False,False,inf,access: structural commit lag 0.0s
e8-20260813,E8_speculative_window,5,access,none,10.0,0.0,10.0,31.464,False,False,inf,access: structural commit lag 0.0s
e8-20260813,E8_speculative_window,6,access,none,10.0,0.0,10.0,34.8571,False,False,inf,access: structural commit lag 0.0s
e8-20260813,E8_speculative_window,7,access,none,10.0,0.0,10.0,30.0269,False,False,inf,access: structural commit lag 0.0s
e8-20260813,E8_speculative_window,8,access,none,10.0,0.0,10.0,25.3057,False,False,inf,access: structural commit lag 0.0s
e8-20260813,E8_speculative_window,9,access,none,10.0,0.0,10.0,18.124,False,False,inf,access: structural commit lag 0.0s
e8-20260813,E8_speculative_window,10,access,none,10.0,0.0,10.0,32.9424,False,False,inf,access: structural commit lag 0.0s
e8-20260813,E8_speculative_window,11,access,none,10.0,0.0,10.0,28.9299,False,False,inf,access: structural commit lag 0.0s
e8-20260813,E8_speculative_window,12,access,none,10.0,0.0,10.0,13.1636,False,False,inf,access: structural commit lag 0.0s
e8-20260813,E8_speculative_window,13,access,none,10.0,0.0,10.0,26.6669,False,False,inf,access: structural commit lag 0.0s
e8-20260813,E8_speculative_window,14,access,none,10.0,0.0,10.0,24.0129,False,False,inf,access: structural commit lag 0.0s
e8-20260813,E8_speculative_window,15,access,none,10.0,0.0,10.0,4.3922,True,True,inf,access: structural commit lag 0.0s
e8-20260813,E8_speculative_window,16,access,none,10.0,0.0,10.0,30.545,False,False,inf,access: structural commit lag 0.0s
e8-20260813,E8_speculative_window,17,access,none,10.0,0.0,10.0,16.2102,False,False,inf,access: structural commit lag 0.0s
e8-20260813,E8_speculative_window,18,access,none,10.0,0.0,10.0,31.1477,False,False,inf,access: structural commit lag 0.0s
e8-20260813,E8_speculative_window,19,access,none,10.0,0.0,10.0,29.4114,False,False,inf,access: structural commit lag 0.0s
e8-20260813,E8_speculative_window,0,access,none,20.0,0.0,20.0,7.5443,True,True,inf,access: structural commit lag 0.0s
e8-20260813,E8_speculative_window,1,access,none,20.0,0.0,20.0,8.632,True,True,inf,access: structural commit lag 0.0s
e8-20260813,E8_speculative_window,2,access,none,20.0,0.0,20.0,29.0878,False,False,inf,access: structural commit lag 0.0s
e8-20260813,E8_speculative_window,3,access,none,20.0,0.0,20.0,4.3433,True,True,inf,access: structural commit lag 0.0s
e8-20260813,E8_speculative_window,4,access,none,20.0,0.0,20.0,12.2966,True,True,inf,access: structural commit lag 0.0s
e8-20260813,E8_speculative_window,5,access,none,20.0,0.0,20.0,10.2228,True,True,inf,access: structural commit lag 0.0s
e8-20260813,E8_speculative_window,6,access,none,20.0,0.0,20.0,35.3745,False,False,inf,access: structural commit lag 0.0s
e8-20260813,E8_speculative_window,7,access,none,20.0,0.0,20.0,31.0823,False,False,inf,access: structural commit lag 0.0s
e8-20260813,E8_speculative_window,8,access,none,20.0,0.0,20.0,26.8612,False,False,inf,access: structural commit lag 0.0s
e8-20260813,E8_speculative_window,9,access,none,20.0,0.0,20.0,8.5772,True,True,inf,access: structural commit lag 0.0s
e8-20260813,E8_speculative_window,10,access,none,20.0,0.0,20.0,25.1478,False,False,inf,access: structural commit lag 0.0s
e8-20260813,E8_speculative_window,11,access,none,20.0,0.0,20.0,6.6538,True,True,inf,access: structural commit lag 0.0s
e8-20260813,E8_speculative_window,12,access,none,20.0,0.0,20.0,2.9433,True,True,inf,access: structural commit lag 0.0s
e8-20260813,E8_speculative_window,13,access,none,20.0,0.0,20.0,12.5363,True,True,inf,access: structural commit lag 0.0s
e8-20260813,E8_speculative_window,14,access,none,20.0,0.0,20.0,10.1822,True,True,inf,access: structural commit lag 0.0s
e8-20260813,E8_speculative_window,15,access,none,20.0,0.0,20.0,38.3861,False,False,inf,access: structural commit lag 0.0s
e8-20260813,E8_speculative_window,16,access,none,20.0,0.0,20.0,22.3753,False,False,inf,access: structural commit lag 0.0s
e8-20260813,E8_speculative_window,17,access,none,20.0,0.0,20.0,22.2957,False,False,inf,access: structural commit lag 0.0s
e8-20260813,E8_speculative_window,18,access,none,20.0,0.0,20.0,27.4238,False,False,inf,access: structural commit lag 0.0s
e8-20260813,E8_speculative_window,19,access,none,20.0,0.0,20.0,13.0006,True,True,inf,access: structural commit lag 0.0s
e8-20260813,E8_speculative_window,0,access,none,40.0,0.0,40.0,4.7062,True,True,inf,access: structural commit lag 0.0s
e8-20260813,E8_speculative_window,1,access,none,40.0,0.0,40.0,9.8608,True,True,inf,access: structural commit lag 0.0s
e8-20260813,E8_speculative_window,2,access,none,40.0,0.0,40.0,15.7203,True,True,inf,access: structural commit lag 0.0s
e8-20260813,E8_speculative_window,3,access,none,40.0,0.0,40.0,23.4773,True,True,inf,access: structural commit lag 0.0s
e8-20260813,E8_speculative_window,4,access,none,40.0,0.0,40.0,37.4581,True,True,inf,access: structural commit lag 0.0s
e8-20260813,E8_speculative_window,5,access,none,40.0,0.0,40.0,29.151,True,True,inf,access: structural commit lag 0.0s
e8-20260813,E8_speculative_window,6,access,none,40.0,0.0,40.0,12.25,True,True,inf,access: structural commit lag 0.0s
e8-20260813,E8_speculative_window,7,access,none,40.0,0.0,40.0,18.4793,True,True,inf,access: structural commit lag 0.0s
e8-20260813,E8_speculative_window,8,access,none,40.0,0.0,40.0,8.7026,True,True,inf,access: structural commit lag 0.0s
e8-20260813,E8_speculative_window,9,access,none,40.0,0.0,40.0,38.013,True,True,inf,access: structural commit lag 0.0s
e8-20260813,E8_speculative_window,10,access,none,40.0,0.0,40.0,25.6064,True,True,inf,access: structural commit lag 0.0s
e8-20260813,E8_speculative_window,11,access,none,40.0,0.0,40.0,0.4708,True,True,inf,access: structural commit lag 0.0s
e8-20260813,E8_speculative_window,12,access,none,40.0,0.0,40.0,0.9979,True,True,inf,access: structural commit lag 0.0s
e8-20260813,E8_speculative_window,13,access,none,40.0,0.0,40.0,11.3648,True,True,inf,access: structural commit lag 0.0s
e8-20260813,E8_speculative_window,14,access,none,40.0,0.0,40.0,5.92,True,True,inf,access: structural commit lag 0.0s
e8-20260813,E8_speculative_window,15,access,none,40.0,0.0,40.0,27.5987,True,True,inf,access: structural commit lag 0.0s
e8-20260813,E8_speculative_window,16,access,none,40.0,0.0,40.0,24.009,True,True,inf,access: structural commit lag 0.0s
e8-20260813,E8_speculative_window,17,access,none,40.0,0.0,40.0,7.007,True,True,inf,access: structural commit lag 0.0s
e8-20260813,E8_speculative_window,18,access,none,40.0,0.0,40.0,3.1671,True,True,inf,access: structural commit lag 0.0s
e8-20260813,E8_speculative_window,19,access,none,40.0,0.0,40.0,28.0229,True,True,inf,access: structural commit lag 0.0s
e8-20260813,E8_speculative_window,0,access,static,0.0,0.0,0.0,2.7294,False,False,2.0,access: structural commit lag 0.0s
e8-20260813,E8_speculative_window,1,access,static,0.0,0.0,0.0,38.7017,False,False,2.0,access: structural commit lag 0.0s
e8-20260813,E8_speculative_window,2,access,static,0.0,0.0,0.0,38.9402,False,False,2.0,access: structural commit lag 0.0s
e8-20260813,E8_speculative_window,3,access,static,0.0,0.0,0.0,15.1895,False,False,2.0,access: structural commit lag 0.0s
e8-20260813,E8_speculative_window,4,access,static,0.0,0.0,0.0,35.606,False,False,2.0,access: structural commit lag 0.0s
e8-20260813,E8_speculative_window,5,access,static,0.0,0.0,0.0,23.4428,False,False,2.0,access: structural commit lag 0.0s
e8-20260813,E8_speculative_window,6,access,static,0.0,0.0,0.0,33.4099,False,False,2.0,access: structural commit lag 0.0s
e8-20260813,E8_speculative_window,7,access,static,0.0,0.0,0.0,11.3212,False,False,2.0,access: structural commit lag 0.0s
e8-20260813,E8_speculative_window,8,access,static,0.0,0.0,0.0,30.9067,False,False,2.0,access: structural commit lag 0.0s
e8-20260813,E8_speculative_window,9,access,static,0.0,0.0,0.0,23.4795,False,False,2.0,access: structural commit lag 0.0s
e8-20260813,E8_speculative_window,10,access,static,0.0,0.0,0.0,15.4782,False,False,2.0,access: structural commit lag 0.0s
e8-20260813,E8_speculative_window,11,access,static,0.0,0.0,0.0,15.8441,False,False,2.0,access: structural commit lag 0.0s
e8-20260813,E8_speculative_window,12,access,static,0.0,0.0,0.0,9.7629,False,False,2.0,access: structural commit lag 0.0s
e8-20260813,E8_speculative_window,13,access,static,0.0,0.0,0.0,36.947,False,False,2.0,access: structural commit lag 0.0s
e8-20260813,E8_speculative_window,14,access,static,0.0,0.0,0.0,13.729,False,False,2.0,access: structural commit lag 0.0s
e8-20260813,E8_speculative_window,15,access,static,0.0,0.0,0.0,17.7368,False,False,2.0,access: structural commit lag 0.0s
e8-20260813,E8_speculative_window,16,access,static,0.0,0.0,0.0,32.7663,False,False,2.0,access: structural commit lag 0.0s
e8-20260813,E8_speculative_window,17,access,static,0.0,0.0,0.0,27.4012,False,False,2.0,access: structural commit lag 0.0s
e8-20260813,E8_speculative_window,18,access,static,0.0,0.0,0.0,0.2217,False,False,2.0,access: structural commit lag 0.0s
e8-20260813,E8_speculative_window,19,access,static,0.0,0.0,0.0,29.2206,False,False,2.0,access: structural commit lag 0.0s
e8-20260813,E8_speculative_window,0,access,static,0.1,0.0,0.1,0.7114,False,False,2.0,access: structural commit lag 0.0s
e8-20260813,E8_speculative_window,1,access,static,0.1,0.0,0.1,1.8435,False,False,2.0,access: structural commit lag 0.0s
e8-20260813,E8_speculative_window,2,access,static,0.1,0.0,0.1,20.0203,False,False,2.0,access: structural commit lag 0.0s
e8-20260813,E8_speculative_window,3,access,static,0.1,0.0,0.1,0.7135,False,False,2.0,access: structural commit lag 0.0s
e8-20260813,E8_speculative_window,4,access,static,0.1,0.0,0.1,11.0108,False,False,2.0,access: structural commit lag 0.0s
e8-20260813,E8_speculative_window,5,access,static,0.1,0.0,0.1,19.5405,False,False,2.0,access: structural commit lag 0.0s
e8-20260813,E8_speculative_window,6,access,static,0.1,0.0,0.1,38.4131,False,False,2.0,access: structural commit lag 0.0s
e8-20260813,E8_speculative_window,7,access,static,0.1,0.0,0.1,15.1548,False,False,2.0,access: structural commit lag 0.0s
e8-20260813,E8_speculative_window,8,access,static,0.1,0.0,0.1,9.1353,False,False,2.0,access: structural commit lag 0.0s
e8-20260813,E8_speculative_window,9,access,static,0.1,0.0,0.1,3.4515,False,False,2.0,access: structural commit lag 0.0s
e8-20260813,E8_speculative_window,10,access,static,0.1,0.0,0.1,21.5449,False,False,2.0,access: structural commit lag 0.0s
e8-20260813,E8_speculative_window,11,access,static,0.1,0.0,0.1,29.7873,False,False,2.0,access: structural commit lag 0.0s
e8-20260813,E8_speculative_window,12,access,static,0.1,0.0,0.1,27.3258,False,False,2.0,access: structural commit lag 0.0s
e8-20260813,E8_speculative_window,13,access,static,0.1,0.0,0.1,10.7829,False,False,2.0,access: structural commit lag 0.0s
e8-20260813,E8_speculative_window,14,access,static,0.1,0.0,0.1,5.1646,False,False,2.0,access: structural commit lag 0.0s
e8-20260813,E8_speculative_window,15,access,static,0.1,0.0,0.1,9.7121,False,False,2.0,access: structural commit lag 0.0s
e8-20260813,E8_speculative_window,16,access,static,0.1,0.0,0.1,2.9179,False,False,2.0,access: structural commit lag 0.0s
e8-20260813,E8_speculative_window,17,access,static,0.1,0.0,0.1,8.667,False,False,2.0,access: structural commit lag 0.0s
e8-20260813,E8_speculative_window,18,access,static,0.1,0.0,0.1,36.0552,False,False,2.0,access: structural commit lag 0.0s
e8-20260813,E8_speculative_window,19,access,static,0.1,0.0,0.1,25.6912,False,False,2.0,access: structural commit lag 0.0s
e8-20260813,E8_speculative_window,0,access,static,0.25,0.0,0.25,5.2185,False,False,2.0,access: structural commit lag 0.0s
e8-20260813,E8_speculative_window,1,access,static,0.25,0.0,0.25,22.8882,False,False,2.0,access: structural commit lag 0.0s
e8-20260813,E8_speculative_window,2,access,static,0.25,0.0,0.25,7.9111,False,False,2.0,access: structural commit lag 0.0s
e8-20260813,E8_speculative_window,3,access,static,0.25,0.0,0.25,26.8794,False,False,2.0,access: structural commit lag 0.0s
e8-20260813,E8_speculative_window,4,access,static,0.25,0.0,0.25,6.543,False,False,2.0,access: structural commit lag 0.0s
e8-20260813,E8_speculative_window,5,access,static,0.25,0.0,0.25,11.7519,False,False,2.0,access: structural commit lag 0.0s
e8-20260813,E8_speculative_window,6,access,static,0.25,0.0,0.25,29.7084,False,False,2.0,access: structural commit lag 0.0s
e8-20260813,E8_speculative_window,7,access,static,0.25,0.0,0.25,39.1174,False,False,2.0,access: structural commit lag 0.0s
e8-20260813,E8_speculative_window,8,access,static,0.25,0.0,0.25,16.6422,False,False,2.0,access: structural commit lag 0.0s
e8-20260813,E8_speculative_window,9,access,static,0.25,0.0,0.25,22.5255,False,False,2.0,access: structural commit lag 0.0s
e8-20260813,E8_speculative_window,10,access,static,0.25,0.0,0.25,17.1924,False,False,2.0,access: structural commit lag 0.0s
e8-20260813,E8_speculative_window,11,access,static,0.25,0.0,0.25,0.1034,True,True,2.0,access: structural commit lag 0.0s
e8-20260813,E8_speculative_window,12,access,static,0.25,0.0,0.25,36.3484,False,False,2.0,access: structural commit lag 0.0s
e8-20260813,E8_speculative_window,13,access,static,0.25,0.0,0.25,27.8126,False,False,2.0,access: structural commit lag 0.0s
e8-20260813,E8_speculative_window,14,access,static,0.25,0.0,0.25,8.6944,False,False,2.0,access: structural commit lag 0.0s
e8-20260813,E8_speculative_window,15,access,static,0.25,0.0,0.25,0.0797,True,True,2.0,access: structural commit lag 0.0s
e8-20260813,E8_speculative_window,16,access,static,0.25,0.0,0.25,7.0206,False,False,2.0,access: structural commit lag 0.0s
e8-20260813,E8_speculative_window,17,access,static,0.25,0.0,0.25,33.7424,False,False,2.0,access: structural commit lag 0.0s
e8-20260813,E8_speculative_window,18,access,static,0.25,0.0,0.25,35.4379,False,False,2.0,access: structural commit lag 0.0s
e8-20260813,E8_speculative_window,19,access,static,0.25,0.0,0.25,17.7887,False,False,2.0,access: structural commit lag 0.0s
e8-20260813,E8_speculative_window,0,access,static,0.5,0.0,0.5,33.572,False,False,2.0,access: structural commit lag 0.0s
e8-20260813,E8_speculative_window,1,access,static,0.5,0.0,0.5,6.5493,False,False,2.0,access: structural commit lag 0.0s
e8-20260813,E8_speculative_window,2,access,static,0.5,0.0,0.5,8.7123,False,False,2.0,access: structural commit lag 0.0s
e8-20260813,E8_speculative_window,3,access,static,0.5,0.0,0.5,28.4989,False,False,2.0,access: structural commit lag 0.0s
e8-20260813,E8_speculative_window,4,access,static,0.5,0.0,0.5,24.7016,False,False,2.0,access: structural commit lag 0.0s
e8-20260813,E8_speculative_window,5,access,static,0.5,0.0,0.5,17.9207,False,False,2.0,access: structural commit lag 0.0s
e8-20260813,E8_speculative_window,6,access,static,0.5,0.0,0.5,30.0981,False,False,2.0,access: structural commit lag 0.0s
e8-20260813,E8_speculative_window,7,access,static,0.5,0.0,0.5,36.0006,False,False,2.0,access: structural commit lag 0.0s
e8-20260813,E8_speculative_window,8,access,static,0.5,0.0,0.5,1.1912,False,False,2.0,access: structural commit lag 0.0s
e8-20260813,E8_speculative_window,9,access,static,0.5,0.0,0.5,20.1924,False,False,2.0,access: structural commit lag 0.0s
e8-20260813,E8_speculative_window,10,access,static,0.5,0.0,0.5,21.0219,False,False,2.0,access: structural commit lag 0.0s
e8-20260813,E8_speculative_window,11,access,static,0.5,0.0,0.5,31.8345,False,False,2.0,access: structural commit lag 0.0s
e8-20260813,E8_speculative_window,12,access,static,0.5,0.0,0.5,9.0437,False,False,2.0,access: structural commit lag 0.0s
e8-20260813,E8_speculative_window,13,access,static,0.5,0.0,0.5,31.5008,False,False,2.0,access: structural commit lag 0.0s
e8-20260813,E8_speculative_window,14,access,static,0.5,0.0,0.5,16.4556,False,False,2.0,access: structural commit lag 0.0s
e8-20260813,E8_speculative_window,15,access,static,0.5,0.0,0.5,12.9317,False,False,2.0,access: structural commit lag 0.0s
e8-20260813,E8_speculative_window,16,access,static,0.5,0.0,0.5,8.3176,False,False,2.0,access: structural commit lag 0.0s
e8-20260813,E8_speculative_window,17,access,static,0.5,0.0,0.5,4.1291,False,False,2.0,access: structural commit lag 0.0s
e8-20260813,E8_speculative_window,18,access,static,0.5,0.0,0.5,0.2506,True,True,2.0,access: structural commit lag 0.0s
e8-20260813,E8_speculative_window,19,access,static,0.5,0.0,0.5,23.3172,False,False,2.0,access: structural commit lag 0.0s
e8-20260813,E8_speculative_window,0,access,static,1.0,0.0,1.0,9.3349,False,False,2.0,access: structural commit lag 0.0s
e8-20260813,E8_speculative_window,1,access,static,1.0,0.0,1.0,16.3081,False,False,2.0,access: structural commit lag 0.0s
e8-20260813,E8_speculative_window,2,access,static,1.0,0.0,1.0,32.0534,False,False,2.0,access: structural commit lag 0.0s
e8-20260813,E8_speculative_window,3,access,static,1.0,0.0,1.0,23.2271,False,False,2.0,access: structural commit lag 0.0s
e8-20260813,E8_speculative_window,4,access,static,1.0,0.0,1.0,13.7363,False,False,2.0,access: structural commit lag 0.0s
e8-20260813,E8_speculative_window,5,access,static,1.0,0.0,1.0,24.083,False,False,2.0,access: structural commit lag 0.0s
e8-20260813,E8_speculative_window,6,access,static,1.0,0.0,1.0,36.6153,False,False,2.0,access: structural commit lag 0.0s
e8-20260813,E8_speculative_window,7,access,static,1.0,0.0,1.0,38.9266,False,False,2.0,access: structural commit lag 0.0s
e8-20260813,E8_speculative_window,8,access,static,1.0,0.0,1.0,39.4981,False,False,2.0,access: structural commit lag 0.0s
e8-20260813,E8_speculative_window,9,access,static,1.0,0.0,1.0,8.8225,False,False,2.0,access: structural commit lag 0.0s
e8-20260813,E8_speculative_window,10,access,static,1.0,0.0,1.0,13.4792,False,False,2.0,access: structural commit lag 0.0s
e8-20260813,E8_speculative_window,11,access,static,1.0,0.0,1.0,21.9862,False,False,2.0,access: structural commit lag 0.0s
e8-20260813,E8_speculative_window,12,access,static,1.0,0.0,1.0,19.2817,False,False,2.0,access: structural commit lag 0.0s
e8-20260813,E8_speculative_window,13,access,static,1.0,0.0,1.0,22.4775,False,False,2.0,access: structural commit lag 0.0s
e8-20260813,E8_speculative_window,14,access,static,1.0,0.0,1.0,25.7942,False,False,2.0,access: structural commit lag 0.0s
e8-20260813,E8_speculative_window,15,access,static,1.0,0.0,1.0,24.0028,False,False,2.0,access: structural commit lag 0.0s
e8-20260813,E8_speculative_window,16,access,static,1.0,0.0,1.0,26.6393,False,False,2.0,access: structural commit lag 0.0s
e8-20260813,E8_speculative_window,17,access,static,1.0,0.0,1.0,22.9553,False,False,2.0,access: structural commit lag 0.0s
e8-20260813,E8_speculative_window,18,access,static,1.0,0.0,1.0,28.3835,False,False,2.0,access: structural commit lag 0.0s
e8-20260813,E8_speculative_window,19,access,static,1.0,0.0,1.0,18.7794,False,False,2.0,access: structural commit lag 0.0s
e8-20260813,E8_speculative_window,0,access,static,2.0,0.0,2.0,1.6625,True,True,2.0,access: structural commit lag 0.0s
e8-20260813,E8_speculative_window,1,access,static,2.0,0.0,2.0,12.0776,False,False,2.0,access: structural commit lag 0.0s
e8-20260813,E8_speculative_window,2,access,static,2.0,0.0,2.0,17.6696,False,False,2.0,access: structural commit lag 0.0s
e8-20260813,E8_speculative_window,3,access,static,2.0,0.0,2.0,15.393,False,False,2.0,access: structural commit lag 0.0s
e8-20260813,E8_speculative_window,4,access,static,2.0,0.0,2.0,31.7414,False,False,2.0,access: structural commit lag 0.0s
e8-20260813,E8_speculative_window,5,access,static,2.0,0.0,2.0,29.4704,False,False,2.0,access: structural commit lag 0.0s
e8-20260813,E8_speculative_window,6,access,static,2.0,0.0,2.0,3.0804,False,False,2.0,access: structural commit lag 0.0s
e8-20260813,E8_speculative_window,7,access,static,2.0,0.0,2.0,35.2796,False,False,2.0,access: structural commit lag 0.0s
e8-20260813,E8_speculative_window,8,access,static,2.0,0.0,2.0,24.3433,False,False,2.0,access: structural commit lag 0.0s
e8-20260813,E8_speculative_window,9,access,static,2.0,0.0,2.0,22.5076,False,False,2.0,access: structural commit lag 0.0s
e8-20260813,E8_speculative_window,10,access,static,2.0,0.0,2.0,5.1863,False,False,2.0,access: structural commit lag 0.0s
e8-20260813,E8_speculative_window,11,access,static,2.0,0.0,2.0,7.1883,False,False,2.0,access: structural commit lag 0.0s
e8-20260813,E8_speculative_window,12,access,static,2.0,0.0,2.0,21.882,False,False,2.0,access: structural commit lag 0.0s
e8-20260813,E8_speculative_window,13,access,static,2.0,0.0,2.0,2.1129,False,False,2.0,access: structural commit lag 0.0s
e8-20260813,E8_speculative_window,14,access,static,2.0,0.0,2.0,25.7922,False,False,2.0,access: structural commit lag 0.0s
e8-20260813,E8_speculative_window,15,access,static,2.0,0.0,2.0,13.1176,False,False,2.0,access: structural commit lag 0.0s
e8-20260813,E8_speculative_window,16,access,static,2.0,0.0,2.0,34.2862,False,False,2.0,access: structural commit lag 0.0s
e8-20260813,E8_speculative_window,17,access,static,2.0,0.0,2.0,39.977,False,False,2.0,access: structural commit lag 0.0s
e8-20260813,E8_speculative_window,18,access,static,2.0,0.0,2.0,38.4005,False,False,2.0,access: structural commit lag 0.0s
e8-20260813,E8_speculative_window,19,access,static,2.0,0.0,2.0,4.0455,False,False,2.0,access: structural commit lag 0.0s
e8-20260813,E8_speculative_window,0,access,static,5.0,0.0,5.0,36.7411,False,False,2.0,access: structural commit lag 0.0s
e8-20260813,E8_speculative_window,1,access,static,5.0,0.0,5.0,0.6701,True,True,2.0,access: structural commit lag 0.0s
e8-20260813,E8_speculative_window,2,access,static,5.0,0.0,5.0,38.6447,False,False,2.0,access: structural commit lag 0.0s
e8-20260813,E8_speculative_window,3,access,static,5.0,0.0,5.0,27.7274,False,False,2.0,access: structural commit lag 0.0s
e8-20260813,E8_speculative_window,4,access,static,5.0,0.0,5.0,32.5945,False,False,2.0,access: structural commit lag 0.0s
e8-20260813,E8_speculative_window,5,access,static,5.0,0.0,5.0,20.9561,False,False,2.0,access: structural commit lag 0.0s
e8-20260813,E8_speculative_window,6,access,static,5.0,0.0,5.0,22.5325,False,False,2.0,access: structural commit lag 0.0s
e8-20260813,E8_speculative_window,7,access,static,5.0,0.0,5.0,36.5463,False,False,2.0,access: structural commit lag 0.0s
e8-20260813,E8_speculative_window,8,access,static,5.0,0.0,5.0,11.0731,False,False,2.0,access: structural commit lag 0.0s
e8-20260813,E8_speculative_window,9,access,static,5.0,0.0,5.0,20.1253,False,False,2.0,access: structural commit lag 0.0s
e8-20260813,E8_speculative_window,10,access,static,5.0,0.0,5.0,39.5565,False,False,2.0,access: structural commit lag 0.0s
e8-20260813,E8_speculative_window,11,access,static,5.0,0.0,5.0,3.6117,False,False,2.0,access: structural commit lag 0.0s
e8-20260813,E8_speculative_window,12,access,static,5.0,0.0,5.0,37.9081,False,False,2.0,access: structural commit lag 0.0s
e8-20260813,E8_speculative_window,13,access,static,5.0,0.0,5.0,22.1288,False,False,2.0,access: structural commit lag 0.0s
e8-20260813,E8_speculative_window,14,access,static,5.0,0.0,5.0,0.08,True,True,2.0,access: structural commit lag 0.0s
e8-20260813,E8_speculative_window,15,access,static,5.0,0.0,5.0,21.1069,False,False,2.0,access: structural commit lag 0.0s
e8-20260813,E8_speculative_window,16,access,static,5.0,0.0,5.0,38.8812,False,False,2.0,access: structural commit lag 0.0s
e8-20260813,E8_speculative_window,17,access,static,5.0,0.0,5.0,29.9129,False,False,2.0,access: structural commit lag 0.0s
e8-20260813,E8_speculative_window,18,access,static,5.0,0.0,5.0,21.1445,False,False,2.0,access: structural commit lag 0.0s
e8-20260813,E8_speculative_window,19,access,static,5.0,0.0,5.0,33.2047,False,False,2.0,access: structural commit lag 0.0s
e8-20260813,E8_speculative_window,0,access,static,10.0,0.0,10.0,15.846,False,False,2.0,access: structural commit lag 0.0s
e8-20260813,E8_speculative_window,1,access,static,10.0,0.0,10.0,24.1651,False,False,2.0,access: structural commit lag 0.0s
e8-20260813,E8_speculative_window,2,access,static,10.0,0.0,10.0,13.9148,False,False,2.0,access: structural commit lag 0.0s
e8-20260813,E8_speculative_window,3,access,static,10.0,0.0,10.0,33.6727,False,False,2.0,access: structural commit lag 0.0s
e8-20260813,E8_speculative_window,4,access,static,10.0,0.0,10.0,33.7498,False,False,2.0,access: structural commit lag 0.0s
e8-20260813,E8_speculative_window,5,access,static,10.0,0.0,10.0,3.0271,False,False,2.0,access: structural commit lag 0.0s
e8-20260813,E8_speculative_window,6,access,static,10.0,0.0,10.0,25.696,False,False,2.0,access: structural commit lag 0.0s
e8-20260813,E8_speculative_window,7,access,static,10.0,0.0,10.0,14.6206,False,False,2.0,access: structural commit lag 0.0s
e8-20260813,E8_speculative_window,8,access,static,10.0,0.0,10.0,28.9755,False,False,2.0,access: structural commit lag 0.0s
e8-20260813,E8_speculative_window,9,access,static,10.0,0.0,10.0,9.4713,False,False,2.0,access: structural commit lag 0.0s
e8-20260813,E8_speculative_window,10,access,static,10.0,0.0,10.0,6.396,False,False,2.0,access: structural commit lag 0.0s
e8-20260813,E8_speculative_window,11,access,static,10.0,0.0,10.0,10.8184,False,False,2.0,access: structural commit lag 0.0s
e8-20260813,E8_speculative_window,12,access,static,10.0,0.0,10.0,28.5141,False,False,2.0,access: structural commit lag 0.0s
e8-20260813,E8_speculative_window,13,access,static,10.0,0.0,10.0,26.0833,False,False,2.0,access: structural commit lag 0.0s
e8-20260813,E8_speculative_window,14,access,static,10.0,0.0,10.0,11.203,False,False,2.0,access: structural commit lag 0.0s
e8-20260813,E8_speculative_window,15,access,static,10.0,0.0,10.0,14.49,False,False,2.0,access: structural commit lag 0.0s
e8-20260813,E8_speculative_window,16,access,static,10.0,0.0,10.0,11.2881,False,False,2.0,access: structural commit lag 0.0s
e8-20260813,E8_speculative_window,17,access,static,10.0,0.0,10.0,25.913,False,False,2.0,access: structural commit lag 0.0s
e8-20260813,E8_speculative_window,18,access,static,10.0,0.0,10.0,11.2955,False,False,2.0,access: structural commit lag 0.0s
e8-20260813,E8_speculative_window,19,access,static,10.0,0.0,10.0,25.073,False,False,2.0,access: structural commit lag 0.0s
e8-20260813,E8_speculative_window,0,access,static,20.0,0.0,20.0,27.1311,False,False,2.0,access: structural commit lag 0.0s
e8-20260813,E8_speculative_window,1,access,static,20.0,0.0,20.0,11.8225,False,False,2.0,access: structural commit lag 0.0s
e8-20260813,E8_speculative_window,2,access,static,20.0,0.0,20.0,29.6936,False,False,2.0,access: structural commit lag 0.0s
e8-20260813,E8_speculative_window,3,access,static,20.0,0.0,20.0,4.4834,False,False,2.0,access: structural commit lag 0.0s
e8-20260813,E8_speculative_window,4,access,static,20.0,0.0,20.0,25.729,False,False,2.0,access: structural commit lag 0.0s
e8-20260813,E8_speculative_window,5,access,static,20.0,0.0,20.0,34.2222,False,False,2.0,access: structural commit lag 0.0s
e8-20260813,E8_speculative_window,6,access,static,20.0,0.0,20.0,32.5759,False,False,2.0,access: structural commit lag 0.0s
e8-20260813,E8_speculative_window,7,access,static,20.0,0.0,20.0,33.0277,False,False,2.0,access: structural commit lag 0.0s
e8-20260813,E8_speculative_window,8,access,static,20.0,0.0,20.0,27.0972,False,False,2.0,access: structural commit lag 0.0s
e8-20260813,E8_speculative_window,9,access,static,20.0,0.0,20.0,2.5362,False,False,2.0,access: structural commit lag 0.0s
e8-20260813,E8_speculative_window,10,access,static,20.0,0.0,20.0,29.4812,False,False,2.0,access: structural commit lag 0.0s
e8-20260813,E8_speculative_window,11,access,static,20.0,0.0,20.0,4.5606,False,False,2.0,access: structural commit lag 0.0s
e8-20260813,E8_speculative_window,12,access,static,20.0,0.0,20.0,11.6988,False,False,2.0,access: structural commit lag 0.0s
e8-20260813,E8_speculative_window,13,access,static,20.0,0.0,20.0,31.3191,False,False,2.0,access: structural commit lag 0.0s
e8-20260813,E8_speculative_window,14,access,static,20.0,0.0,20.0,21.6984,False,False,2.0,access: structural commit lag 0.0s
e8-20260813,E8_speculative_window,15,access,static,20.0,0.0,20.0,6.4928,False,False,2.0,access: structural commit lag 0.0s
e8-20260813,E8_speculative_window,16,access,static,20.0,0.0,20.0,37.3724,False,False,2.0,access: structural commit lag 0.0s
e8-20260813,E8_speculative_window,17,access,static,20.0,0.0,20.0,26.1375,False,False,2.0,access: structural commit lag 0.0s
e8-20260813,E8_speculative_window,18,access,static,20.0,0.0,20.0,13.4358,False,False,2.0,access: structural commit lag 0.0s
e8-20260813,E8_speculative_window,19,access,static,20.0,0.0,20.0,33.0245,False,False,2.0,access: structural commit lag 0.0s
e8-20260813,E8_speculative_window,0,access,static,40.0,0.0,40.0,26.7905,False,False,2.0,access: structural commit lag 0.0s
e8-20260813,E8_speculative_window,1,access,static,40.0,0.0,40.0,30.1334,False,False,2.0,access: structural commit lag 0.0s
e8-20260813,E8_speculative_window,2,access,static,40.0,0.0,40.0,18.7174,False,False,2.0,access: structural commit lag 0.0s
e8-20260813,E8_speculative_window,3,access,static,40.0,0.0,40.0,19.755,False,False,2.0,access: structural commit lag 0.0s
e8-20260813,E8_speculative_window,4,access,static,40.0,0.0,40.0,18.9157,False,False,2.0,access: structural commit lag 0.0s
e8-20260813,E8_speculative_window,5,access,static,40.0,0.0,40.0,30.8978,False,False,2.0,access: structural commit lag 0.0s
e8-20260813,E8_speculative_window,6,access,static,40.0,0.0,40.0,17.8418,False,False,2.0,access: structural commit lag 0.0s
e8-20260813,E8_speculative_window,7,access,static,40.0,0.0,40.0,2.9376,False,False,2.0,access: structural commit lag 0.0s
e8-20260813,E8_speculative_window,8,access,static,40.0,0.0,40.0,18.9201,False,False,2.0,access: structural commit lag 0.0s
e8-20260813,E8_speculative_window,9,access,static,40.0,0.0,40.0,0.9086,True,True,2.0,access: structural commit lag 0.0s
e8-20260813,E8_speculative_window,10,access,static,40.0,0.0,40.0,31.0762,False,False,2.0,access: structural commit lag 0.0s
e8-20260813,E8_speculative_window,11,access,static,40.0,0.0,40.0,36.7691,False,False,2.0,access: structural commit lag 0.0s
e8-20260813,E8_speculative_window,12,access,static,40.0,0.0,40.0,21.175,False,False,2.0,access: structural commit lag 0.0s
e8-20260813,E8_speculative_window,13,access,static,40.0,0.0,40.0,22.0402,False,False,2.0,access: structural commit lag 0.0s
e8-20260813,E8_speculative_window,14,access,static,40.0,0.0,40.0,19.2916,False,False,2.0,access: structural commit lag 0.0s
e8-20260813,E8_speculative_window,15,access,static,40.0,0.0,40.0,19.496,False,False,2.0,access: structural commit lag 0.0s
e8-20260813,E8_speculative_window,16,access,static,40.0,0.0,40.0,38.8459,False,False,2.0,access: structural commit lag 0.0s
e8-20260813,E8_speculative_window,17,access,static,40.0,0.0,40.0,14.795,False,False,2.0,access: structural commit lag 0.0s
e8-20260813,E8_speculative_window,18,access,static,40.0,0.0,40.0,20.8589,False,False,2.0,access: structural commit lag 0.0s
e8-20260813,E8_speculative_window,19,access,static,40.0,0.0,40.0,30.6763,False,False,2.0,access: structural commit lag 0.0s
e8-20260813,E8_speculative_window,0,access,heartbeat,0.0,0.0,0.0,12.6262,False,False,1.0,access: structural commit lag 0.0s
e8-20260813,E8_speculative_window,1,access,heartbeat,0.0,0.0,0.0,14.1169,False,False,1.0,access: structural commit lag 0.0s
e8-20260813,E8_speculative_window,2,access,heartbeat,0.0,0.0,0.0,11.4329,False,False,1.0,access: structural commit lag 0.0s
e8-20260813,E8_speculative_window,3,access,heartbeat,0.0,0.0,0.0,0.1785,False,False,1.0,access: structural commit lag 0.0s
e8-20260813,E8_speculative_window,4,access,heartbeat,0.0,0.0,0.0,7.4988,False,False,1.0,access: structural commit lag 0.0s
e8-20260813,E8_speculative_window,5,access,heartbeat,0.0,0.0,0.0,7.2553,False,False,1.0,access: structural commit lag 0.0s
e8-20260813,E8_speculative_window,6,access,heartbeat,0.0,0.0,0.0,28.0336,False,False,1.0,access: structural commit lag 0.0s
e8-20260813,E8_speculative_window,7,access,heartbeat,0.0,0.0,0.0,3.0825,False,False,1.0,access: structural commit lag 0.0s
e8-20260813,E8_speculative_window,8,access,heartbeat,0.0,0.0,0.0,38.9753,False,False,1.0,access: structural commit lag 0.0s
e8-20260813,E8_speculative_window,9,access,heartbeat,0.0,0.0,0.0,5.2003,False,False,1.0,access: structural commit lag 0.0s
e8-20260813,E8_speculative_window,10,access,heartbeat,0.0,0.0,0.0,5.0214,False,False,1.0,access: structural commit lag 0.0s
e8-20260813,E8_speculative_window,11,access,heartbeat,0.0,0.0,0.0,29.1559,False,False,1.0,access: structural commit lag 0.0s
e8-20260813,E8_speculative_window,12,access,heartbeat,0.0,0.0,0.0,11.7366,False,False,1.0,access: structural commit lag 0.0s
e8-20260813,E8_speculative_window,13,access,heartbeat,0.0,0.0,0.0,20.2707,False,False,1.0,access: structural commit lag 0.0s
e8-20260813,E8_speculative_window,14,access,heartbeat,0.0,0.0,0.0,38.3817,False,False,1.0,access: structural commit lag 0.0s
e8-20260813,E8_speculative_window,15,access,heartbeat,0.0,0.0,0.0,16.2312,False,False,1.0,access: structural commit lag 0.0s
e8-20260813,E8_speculative_window,16,access,heartbeat,0.0,0.0,0.0,6.5317,False,False,1.0,access: structural commit lag 0.0s
e8-20260813,E8_speculative_window,17,access,heartbeat,0.0,0.0,0.0,4.8278,False,False,1.0,access: structural commit lag 0.0s
e8-20260813,E8_speculative_window,18,access,heartbeat,0.0,0.0,0.0,19.0545,False,False,1.0,access: structural commit lag 0.0s
e8-20260813,E8_speculative_window,19,access,heartbeat,0.0,0.0,0.0,20.2746,False,False,1.0,access: structural commit lag 0.0s
e8-20260813,E8_speculative_window,0,access,heartbeat,0.1,0.0,0.1,22.8998,False,False,1.0,access: structural commit lag 0.0s
e8-20260813,E8_speculative_window,1,access,heartbeat,0.1,0.0,0.1,20.6995,False,False,1.0,access: structural commit lag 0.0s
e8-20260813,E8_speculative_window,2,access,heartbeat,0.1,0.0,0.1,30.1572,False,False,1.0,access: structural commit lag 0.0s
e8-20260813,E8_speculative_window,3,access,heartbeat,0.1,0.0,0.1,6.8006,False,False,1.0,access: structural commit lag 0.0s
e8-20260813,E8_speculative_window,4,access,heartbeat,0.1,0.0,0.1,27.4698,False,False,1.0,access: structural commit lag 0.0s
e8-20260813,E8_speculative_window,5,access,heartbeat,0.1,0.0,0.1,7.4058,False,False,1.0,access: structural commit lag 0.0s
e8-20260813,E8_speculative_window,6,access,heartbeat,0.1,0.0,0.1,27.2246,False,False,1.0,access: structural commit lag 0.0s
e8-20260813,E8_speculative_window,7,access,heartbeat,0.1,0.0,0.1,37.4362,False,False,1.0,access: structural commit lag 0.0s
e8-20260813,E8_speculative_window,8,access,heartbeat,0.1,0.0,0.1,4.9103,False,False,1.0,access: structural commit lag 0.0s
e8-20260813,E8_speculative_window,9,access,heartbeat,0.1,0.0,0.1,31.3893,False,False,1.0,access: structural commit lag 0.0s
e8-20260813,E8_speculative_window,10,access,heartbeat,0.1,0.0,0.1,9.7718,False,False,1.0,access: structural commit lag 0.0s
e8-20260813,E8_speculative_window,11,access,heartbeat,0.1,0.0,0.1,37.2675,False,False,1.0,access: structural commit lag 0.0s
e8-20260813,E8_speculative_window,12,access,heartbeat,0.1,0.0,0.1,33.7407,False,False,1.0,access: structural commit lag 0.0s
e8-20260813,E8_speculative_window,13,access,heartbeat,0.1,0.0,0.1,23.7991,False,False,1.0,access: structural commit lag 0.0s
e8-20260813,E8_speculative_window,14,access,heartbeat,0.1,0.0,0.1,4.1016,False,False,1.0,access: structural commit lag 0.0s
e8-20260813,E8_speculative_window,15,access,heartbeat,0.1,0.0,0.1,35.1934,False,False,1.0,access: structural commit lag 0.0s
e8-20260813,E8_speculative_window,16,access,heartbeat,0.1,0.0,0.1,38.9304,False,False,1.0,access: structural commit lag 0.0s
e8-20260813,E8_speculative_window,17,access,heartbeat,0.1,0.0,0.1,3.492,False,False,1.0,access: structural commit lag 0.0s
e8-20260813,E8_speculative_window,18,access,heartbeat,0.1,0.0,0.1,12.4405,False,False,1.0,access: structural commit lag 0.0s
e8-20260813,E8_speculative_window,19,access,heartbeat,0.1,0.0,0.1,11.6852,False,False,1.0,access: structural commit lag 0.0s
e8-20260813,E8_speculative_window,0,access,heartbeat,0.25,0.0,0.25,18.1019,False,False,1.0,access: structural commit lag 0.0s
e8-20260813,E8_speculative_window,1,access,heartbeat,0.25,0.0,0.25,39.4068,False,False,1.0,access: structural commit lag 0.0s
e8-20260813,E8_speculative_window,2,access,heartbeat,0.25,0.0,0.25,9.4992,False,False,1.0,access: structural commit lag 0.0s
e8-20260813,E8_speculative_window,3,access,heartbeat,0.25,0.0,0.25,24.5244,False,False,1.0,access: structural commit lag 0.0s
e8-20260813,E8_speculative_window,4,access,heartbeat,0.25,0.0,0.25,16.9692,False,False,1.0,access: structural commit lag 0.0s
e8-20260813,E8_speculative_window,5,access,heartbeat,0.25,0.0,0.25,7.8934,False,False,1.0,access: structural commit lag 0.0s
e8-20260813,E8_speculative_window,6,access,heartbeat,0.25,0.0,0.25,0.2074,True,True,1.0,access: structural commit lag 0.0s
e8-20260813,E8_speculative_window,7,access,heartbeat,0.25,0.0,0.25,37.112,False,False,1.0,access: structural commit lag 0.0s
e8-20260813,E8_speculative_window,8,access,heartbeat,0.25,0.0,0.25,4.0908,False,False,1.0,access: structural commit lag 0.0s
e8-20260813,E8_speculative_window,9,access,heartbeat,0.25,0.0,0.25,35.4972,False,False,1.0,access: structural commit lag 0.0s
e8-20260813,E8_speculative_window,10,access,heartbeat,0.25,0.0,0.25,23.4762,False,False,1.0,access: structural commit lag 0.0s
e8-20260813,E8_speculative_window,11,access,heartbeat,0.25,0.0,0.25,37.6942,False,False,1.0,access: structural commit lag 0.0s
e8-20260813,E8_speculative_window,12,access,heartbeat,0.25,0.0,0.25,15.7618,False,False,1.0,access: structural commit lag 0.0s
e8-20260813,E8_speculative_window,13,access,heartbeat,0.25,0.0,0.25,21.8718,False,False,1.0,access: structural commit lag 0.0s
e8-20260813,E8_speculative_window,14,access,heartbeat,0.25,0.0,0.25,6.0842,False,False,1.0,access: structural commit lag 0.0s
e8-20260813,E8_speculative_window,15,access,heartbeat,0.25,0.0,0.25,8.6903,False,False,1.0,access: structural commit lag 0.0s
e8-20260813,E8_speculative_window,16,access,heartbeat,0.25,0.0,0.25,12.5826,False,False,1.0,access: structural commit lag 0.0s
e8-20260813,E8_speculative_window,17,access,heartbeat,0.25,0.0,0.25,23.1204,False,False,1.0,access: structural commit lag 0.0s
e8-20260813,E8_speculative_window,18,access,heartbeat,0.25,0.0,0.25,12.9308,False,False,1.0,access: structural commit lag 0.0s
e8-20260813,E8_speculative_window,19,access,heartbeat,0.25,0.0,0.25,15.3113,False,False,1.0,access: structural commit lag 0.0s
e8-20260813,E8_speculative_window,0,access,heartbeat,0.5,0.0,0.5,32.907,False,False,1.0,access: structural commit lag 0.0s
e8-20260813,E8_speculative_window,1,access,heartbeat,0.5,0.0,0.5,14.0864,False,False,1.0,access: structural commit lag 0.0s
e8-20260813,E8_speculative_window,2,access,heartbeat,0.5,0.0,0.5,0.6416,False,False,1.0,access: structural commit lag 0.0s
e8-20260813,E8_speculative_window,3,access,heartbeat,0.5,0.0,0.5,35.998,False,False,1.0,access: structural commit lag 0.0s
e8-20260813,E8_speculative_window,4,access,heartbeat,0.5,0.0,0.5,4.5928,False,False,1.0,access: structural commit lag 0.0s
e8-20260813,E8_speculative_window,5,access,heartbeat,0.5,0.0,0.5,32.2063,False,False,1.0,access: structural commit lag 0.0s
e8-20260813,E8_speculative_window,6,access,heartbeat,0.5,0.0,0.5,24.385,False,False,1.0,access: structural commit lag 0.0s
e8-20260813,E8_speculative_window,7,access,heartbeat,0.5,0.0,0.5,23.7003,False,False,1.0,access: structural commit lag 0.0s
e8-20260813,E8_speculative_window,8,access,heartbeat,0.5,0.0,0.5,30.7548,False,False,1.0,access: structural commit lag 0.0s
e8-20260813,E8_speculative_window,9,access,heartbeat,0.5,0.0,0.5,26.2797,False,False,1.0,access: structural commit lag 0.0s
e8-20260813,E8_speculative_window,10,access,heartbeat,0.5,0.0,0.5,25.8998,False,False,1.0,access: structural commit lag 0.0s
e8-20260813,E8_speculative_window,11,access,heartbeat,0.5,0.0,0.5,2.7222,False,False,1.0,access: structural commit lag 0.0s
e8-20260813,E8_speculative_window,12,access,heartbeat,0.5,0.0,0.5,22.9479,False,False,1.0,access: structural commit lag 0.0s
e8-20260813,E8_speculative_window,13,access,heartbeat,0.5,0.0,0.5,34.5817,False,False,1.0,access: structural commit lag 0.0s
e8-20260813,E8_speculative_window,14,access,heartbeat,0.5,0.0,0.5,10.5184,False,False,1.0,access: structural commit lag 0.0s
e8-20260813,E8_speculative_window,15,access,heartbeat,0.5,0.0,0.5,10.4018,False,False,1.0,access: structural commit lag 0.0s
e8-20260813,E8_speculative_window,16,access,heartbeat,0.5,0.0,0.5,38.3884,False,False,1.0,access: structural commit lag 0.0s
e8-20260813,E8_speculative_window,17,access,heartbeat,0.5,0.0,0.5,21.1506,False,False,1.0,access: structural commit lag 0.0s
e8-20260813,E8_speculative_window,18,access,heartbeat,0.5,0.0,0.5,18.6329,False,False,1.0,access: structural commit lag 0.0s
e8-20260813,E8_speculative_window,19,access,heartbeat,0.5,0.0,0.5,15.7146,False,False,1.0,access: structural commit lag 0.0s
e8-20260813,E8_speculative_window,0,access,heartbeat,1.0,0.0,1.0,9.422,False,False,1.0,access: structural commit lag 0.0s
e8-20260813,E8_speculative_window,1,access,heartbeat,1.0,0.0,1.0,38.1888,False,False,1.0,access: structural commit lag 0.0s
e8-20260813,E8_speculative_window,2,access,heartbeat,1.0,0.0,1.0,25.622,False,False,1.0,access: structural commit lag 0.0s
e8-20260813,E8_speculative_window,3,access,heartbeat,1.0,0.0,1.0,36.0608,False,False,1.0,access: structural commit lag 0.0s
e8-20260813,E8_speculative_window,4,access,heartbeat,1.0,0.0,1.0,24.9883,False,False,1.0,access: structural commit lag 0.0s
e8-20260813,E8_speculative_window,5,access,heartbeat,1.0,0.0,1.0,18.6538,False,False,1.0,access: structural commit lag 0.0s
e8-20260813,E8_speculative_window,6,access,heartbeat,1.0,0.0,1.0,15.8407,False,False,1.0,access: structural commit lag 0.0s
e8-20260813,E8_speculative_window,7,access,heartbeat,1.0,0.0,1.0,33.1838,False,False,1.0,access: structural commit lag 0.0s
e8-20260813,E8_speculative_window,8,access,heartbeat,1.0,0.0,1.0,38.6174,False,False,1.0,access: structural commit lag 0.0s
e8-20260813,E8_speculative_window,9,access,heartbeat,1.0,0.0,1.0,16.2793,False,False,1.0,access: structural commit lag 0.0s
e8-20260813,E8_speculative_window,10,access,heartbeat,1.0,0.0,1.0,28.5887,False,False,1.0,access: structural commit lag 0.0s
e8-20260813,E8_speculative_window,11,access,heartbeat,1.0,0.0,1.0,26.4831,False,False,1.0,access: structural commit lag 0.0s
e8-20260813,E8_speculative_window,12,access,heartbeat,1.0,0.0,1.0,21.4562,False,False,1.0,access: structural commit lag 0.0s
e8-20260813,E8_speculative_window,13,access,heartbeat,1.0,0.0,1.0,20.1113,False,False,1.0,access: structural commit lag 0.0s
e8-20260813,E8_speculative_window,14,access,heartbeat,1.0,0.0,1.0,5.5342,False,False,1.0,access: structural commit lag 0.0s
e8-20260813,E8_speculative_window,15,access,heartbeat,1.0,0.0,1.0,37.3193,False,False,1.0,access: structural commit lag 0.0s
e8-20260813,E8_speculative_window,16,access,heartbeat,1.0,0.0,1.0,4.6475,False,False,1.0,access: structural commit lag 0.0s
e8-20260813,E8_speculative_window,17,access,heartbeat,1.0,0.0,1.0,9.6965,False,False,1.0,access: structural commit lag 0.0s
e8-20260813,E8_speculative_window,18,access,heartbeat,1.0,0.0,1.0,5.4469,False,False,1.0,access: structural commit lag 0.0s
e8-20260813,E8_speculative_window,19,access,heartbeat,1.0,0.0,1.0,0.0867,True,True,1.0,access: structural commit lag 0.0s
e8-20260813,E8_speculative_window,0,access,heartbeat,2.0,0.0,2.0,11.2084,False,False,1.0,access: structural commit lag 0.0s
e8-20260813,E8_speculative_window,1,access,heartbeat,2.0,0.0,2.0,3.7517,False,False,1.0,access: structural commit lag 0.0s
e8-20260813,E8_speculative_window,2,access,heartbeat,2.0,0.0,2.0,3.7668,False,False,1.0,access: structural commit lag 0.0s
e8-20260813,E8_speculative_window,3,access,heartbeat,2.0,0.0,2.0,16.3532,False,False,1.0,access: structural commit lag 0.0s
e8-20260813,E8_speculative_window,4,access,heartbeat,2.0,0.0,2.0,10.3635,False,False,1.0,access: structural commit lag 0.0s
e8-20260813,E8_speculative_window,5,access,heartbeat,2.0,0.0,2.0,14.1643,False,False,1.0,access: structural commit lag 0.0s
e8-20260813,E8_speculative_window,6,access,heartbeat,2.0,0.0,2.0,28.8366,False,False,1.0,access: structural commit lag 0.0s
e8-20260813,E8_speculative_window,7,access,heartbeat,2.0,0.0,2.0,2.2911,False,False,1.0,access: structural commit lag 0.0s
e8-20260813,E8_speculative_window,8,access,heartbeat,2.0,0.0,2.0,5.7834,False,False,1.0,access: structural commit lag 0.0s
e8-20260813,E8_speculative_window,9,access,heartbeat,2.0,0.0,2.0,23.0207,False,False,1.0,access: structural commit lag 0.0s
e8-20260813,E8_speculative_window,10,access,heartbeat,2.0,0.0,2.0,18.4429,False,False,1.0,access: structural commit lag 0.0s
e8-20260813,E8_speculative_window,11,access,heartbeat,2.0,0.0,2.0,5.3522,False,False,1.0,access: structural commit lag 0.0s
e8-20260813,E8_speculative_window,12,access,heartbeat,2.0,0.0,2.0,24.8325,False,False,1.0,access: structural commit lag 0.0s
e8-20260813,E8_speculative_window,13,access,heartbeat,2.0,0.0,2.0,16.1134,False,False,1.0,access: structural commit lag 0.0s
e8-20260813,E8_speculative_window,14,access,heartbeat,2.0,0.0,2.0,6.7183,False,False,1.0,access: structural commit lag 0.0s
e8-20260813,E8_speculative_window,15,access,heartbeat,2.0,0.0,2.0,36.5967,False,False,1.0,access: structural commit lag 0.0s
e8-20260813,E8_speculative_window,16,access,heartbeat,2.0,0.0,2.0,0.9991,True,True,1.0,access: structural commit lag 0.0s
e8-20260813,E8_speculative_window,17,access,heartbeat,2.0,0.0,2.0,38.7381,False,False,1.0,access: structural commit lag 0.0s
e8-20260813,E8_speculative_window,18,access,heartbeat,2.0,0.0,2.0,23.8425,False,False,1.0,access: structural commit lag 0.0s
e8-20260813,E8_speculative_window,19,access,heartbeat,2.0,0.0,2.0,20.5315,False,False,1.0,access: structural commit lag 0.0s
e8-20260813,E8_speculative_window,0,access,heartbeat,5.0,0.0,5.0,38.9066,False,False,1.0,access: structural commit lag 0.0s
e8-20260813,E8_speculative_window,1,access,heartbeat,5.0,0.0,5.0,37.6207,False,False,1.0,access: structural commit lag 0.0s
e8-20260813,E8_speculative_window,2,access,heartbeat,5.0,0.0,5.0,36.9204,False,False,1.0,access: structural commit lag 0.0s
e8-20260813,E8_speculative_window,3,access,heartbeat,5.0,0.0,5.0,38.6538,False,False,1.0,access: structural commit lag 0.0s
e8-20260813,E8_speculative_window,4,access,heartbeat,5.0,0.0,5.0,15.9523,False,False,1.0,access: structural commit lag 0.0s
e8-20260813,E8_speculative_window,5,access,heartbeat,5.0,0.0,5.0,6.6585,False,False,1.0,access: structural commit lag 0.0s
e8-20260813,E8_speculative_window,6,access,heartbeat,5.0,0.0,5.0,28.1942,False,False,1.0,access: structural commit lag 0.0s
e8-20260813,E8_speculative_window,7,access,heartbeat,5.0,0.0,5.0,8.7982,False,False,1.0,access: structural commit lag 0.0s
e8-20260813,E8_speculative_window,8,access,heartbeat,5.0,0.0,5.0,12.4423,False,False,1.0,access: structural commit lag 0.0s
e8-20260813,E8_speculative_window,9,access,heartbeat,5.0,0.0,5.0,26.0945,False,False,1.0,access: structural commit lag 0.0s
e8-20260813,E8_speculative_window,10,access,heartbeat,5.0,0.0,5.0,5.0565,False,False,1.0,access: structural commit lag 0.0s
e8-20260813,E8_speculative_window,11,access,heartbeat,5.0,0.0,5.0,20.9568,False,False,1.0,access: structural commit lag 0.0s
e8-20260813,E8_speculative_window,12,access,heartbeat,5.0,0.0,5.0,24.1614,False,False,1.0,access: structural commit lag 0.0s
e8-20260813,E8_speculative_window,13,access,heartbeat,5.0,0.0,5.0,28.4804,False,False,1.0,access: structural commit lag 0.0s
e8-20260813,E8_speculative_window,14,access,heartbeat,5.0,0.0,5.0,3.6042,False,False,1.0,access: structural commit lag 0.0s
e8-20260813,E8_speculative_window,15,access,heartbeat,5.0,0.0,5.0,12.3009,False,False,1.0,access: structural commit lag 0.0s
e8-20260813,E8_speculative_window,16,access,heartbeat,5.0,0.0,5.0,23.9006,False,False,1.0,access: structural commit lag 0.0s
e8-20260813,E8_speculative_window,17,access,heartbeat,5.0,0.0,5.0,37.5607,False,False,1.0,access: structural commit lag 0.0s
e8-20260813,E8_speculative_window,18,access,heartbeat,5.0,0.0,5.0,20.2342,False,False,1.0,access: structural commit lag 0.0s
e8-20260813,E8_speculative_window,19,access,heartbeat,5.0,0.0,5.0,31.9564,False,False,1.0,access: structural commit lag 0.0s
e8-20260813,E8_speculative_window,0,access,heartbeat,10.0,0.0,10.0,20.1731,False,False,1.0,access: structural commit lag 0.0s
e8-20260813,E8_speculative_window,1,access,heartbeat,10.0,0.0,10.0,11.2877,False,False,1.0,access: structural commit lag 0.0s
e8-20260813,E8_speculative_window,2,access,heartbeat,10.0,0.0,10.0,38.7885,False,False,1.0,access: structural commit lag 0.0s
e8-20260813,E8_speculative_window,3,access,heartbeat,10.0,0.0,10.0,34.8872,False,False,1.0,access: structural commit lag 0.0s
e8-20260813,E8_speculative_window,4,access,heartbeat,10.0,0.0,10.0,28.1677,False,False,1.0,access: structural commit lag 0.0s
e8-20260813,E8_speculative_window,5,access,heartbeat,10.0,0.0,10.0,0.4797,True,True,1.0,access: structural commit lag 0.0s
e8-20260813,E8_speculative_window,6,access,heartbeat,10.0,0.0,10.0,35.0534,False,False,1.0,access: structural commit lag 0.0s
e8-20260813,E8_speculative_window,7,access,heartbeat,10.0,0.0,10.0,29.878,False,False,1.0,access: structural commit lag 0.0s
e8-20260813,E8_speculative_window,8,access,heartbeat,10.0,0.0,10.0,16.2283,False,False,1.0,access: structural commit lag 0.0s
e8-20260813,E8_speculative_window,9,access,heartbeat,10.0,0.0,10.0,4.4119,False,False,1.0,access: structural commit lag 0.0s
e8-20260813,E8_speculative_window,10,access,heartbeat,10.0,0.0,10.0,1.6017,False,False,1.0,access: structural commit lag 0.0s
e8-20260813,E8_speculative_window,11,access,heartbeat,10.0,0.0,10.0,25.6293,False,False,1.0,access: structural commit lag 0.0s
e8-20260813,E8_speculative_window,12,access,heartbeat,10.0,0.0,10.0,22.1704,False,False,1.0,access: structural commit lag 0.0s
e8-20260813,E8_speculative_window,13,access,heartbeat,10.0,0.0,10.0,29.0149,False,False,1.0,access: structural commit lag 0.0s
e8-20260813,E8_speculative_window,14,access,heartbeat,10.0,0.0,10.0,17.9759,False,False,1.0,access: structural commit lag 0.0s
e8-20260813,E8_speculative_window,15,access,heartbeat,10.0,0.0,10.0,26.0473,False,False,1.0,access: structural commit lag 0.0s
e8-20260813,E8_speculative_window,16,access,heartbeat,10.0,0.0,10.0,5.8968,False,False,1.0,access: structural commit lag 0.0s
e8-20260813,E8_speculative_window,17,access,heartbeat,10.0,0.0,10.0,21.1852,False,False,1.0,access: structural commit lag 0.0s
e8-20260813,E8_speculative_window,18,access,heartbeat,10.0,0.0,10.0,2.1023,False,False,1.0,access: structural commit lag 0.0s
e8-20260813,E8_speculative_window,19,access,heartbeat,10.0,0.0,10.0,0.3987,True,True,1.0,access: structural commit lag 0.0s
e8-20260813,E8_speculative_window,0,access,heartbeat,20.0,0.0,20.0,11.9642,False,False,1.0,access: structural commit lag 0.0s
e8-20260813,E8_speculative_window,1,access,heartbeat,20.0,0.0,20.0,5.5024,False,False,1.0,access: structural commit lag 0.0s
e8-20260813,E8_speculative_window,2,access,heartbeat,20.0,0.0,20.0,12.5447,False,False,1.0,access: structural commit lag 0.0s
e8-20260813,E8_speculative_window,3,access,heartbeat,20.0,0.0,20.0,18.1226,False,False,1.0,access: structural commit lag 0.0s
e8-20260813,E8_speculative_window,4,access,heartbeat,20.0,0.0,20.0,12.39,False,False,1.0,access: structural commit lag 0.0s
e8-20260813,E8_speculative_window,5,access,heartbeat,20.0,0.0,20.0,27.7995,False,False,1.0,access: structural commit lag 0.0s
e8-20260813,E8_speculative_window,6,access,heartbeat,20.0,0.0,20.0,39.7208,False,False,1.0,access: structural commit lag 0.0s
e8-20260813,E8_speculative_window,7,access,heartbeat,20.0,0.0,20.0,33.8429,False,False,1.0,access: structural commit lag 0.0s
e8-20260813,E8_speculative_window,8,access,heartbeat,20.0,0.0,20.0,14.0895,False,False,1.0,access: structural commit lag 0.0s
e8-20260813,E8_speculative_window,9,access,heartbeat,20.0,0.0,20.0,28.7669,False,False,1.0,access: structural commit lag 0.0s
e8-20260813,E8_speculative_window,10,access,heartbeat,20.0,0.0,20.0,3.046,False,False,1.0,access: structural commit lag 0.0s
e8-20260813,E8_speculative_window,11,access,heartbeat,20.0,0.0,20.0,1.3999,False,False,1.0,access: structural commit lag 0.0s
e8-20260813,E8_speculative_window,12,access,heartbeat,20.0,0.0,20.0,32.5416,False,False,1.0,access: structural commit lag 0.0s
e8-20260813,E8_speculative_window,13,access,heartbeat,20.0,0.0,20.0,3.954,False,False,1.0,access: structural commit lag 0.0s
e8-20260813,E8_speculative_window,14,access,heartbeat,20.0,0.0,20.0,24.7566,False,False,1.0,access: structural commit lag 0.0s
e8-20260813,E8_speculative_window,15,access,heartbeat,20.0,0.0,20.0,33.9613,False,False,1.0,access: structural commit lag 0.0s
e8-20260813,E8_speculative_window,16,access,heartbeat,20.0,0.0,20.0,24.5263,False,False,1.0,access: structural commit lag 0.0s
e8-20260813,E8_speculative_window,17,access,heartbeat,20.0,0.0,20.0,33.7646,False,False,1.0,access: structural commit lag 0.0s
e8-20260813,E8_speculative_window,18,access,heartbeat,20.0,0.0,20.0,14.6651,False,False,1.0,access: structural commit lag 0.0s
e8-20260813,E8_speculative_window,19,access,heartbeat,20.0,0.0,20.0,29.3392,False,False,1.0,access: structural commit lag 0.0s
e8-20260813,E8_speculative_window,0,access,heartbeat,40.0,0.0,40.0,21.7475,False,False,1.0,access: structural commit lag 0.0s
e8-20260813,E8_speculative_window,1,access,heartbeat,40.0,0.0,40.0,20.5733,False,False,1.0,access: structural commit lag 0.0s
e8-20260813,E8_speculative_window,2,access,heartbeat,40.0,0.0,40.0,31.2291,False,False,1.0,access: structural commit lag 0.0s
e8-20260813,E8_speculative_window,3,access,heartbeat,40.0,0.0,40.0,21.1711,False,False,1.0,access: structural commit lag 0.0s
e8-20260813,E8_speculative_window,4,access,heartbeat,40.0,0.0,40.0,39.809,False,False,1.0,access: structural commit lag 0.0s
e8-20260813,E8_speculative_window,5,access,heartbeat,40.0,0.0,40.0,2.6368,False,False,1.0,access: structural commit lag 0.0s
e8-20260813,E8_speculative_window,6,access,heartbeat,40.0,0.0,40.0,28.7921,False,False,1.0,access: structural commit lag 0.0s
e8-20260813,E8_speculative_window,7,access,heartbeat,40.0,0.0,40.0,3.4507,False,False,1.0,access: structural commit lag 0.0s
e8-20260813,E8_speculative_window,8,access,heartbeat,40.0,0.0,40.0,24.2592,False,False,1.0,access: structural commit lag 0.0s
e8-20260813,E8_speculative_window,9,access,heartbeat,40.0,0.0,40.0,6.6962,False,False,1.0,access: structural commit lag 0.0s
e8-20260813,E8_speculative_window,10,access,heartbeat,40.0,0.0,40.0,25.5141,False,False,1.0,access: structural commit lag 0.0s
e8-20260813,E8_speculative_window,11,access,heartbeat,40.0,0.0,40.0,3.2308,False,False,1.0,access: structural commit lag 0.0s
e8-20260813,E8_speculative_window,12,access,heartbeat,40.0,0.0,40.0,37.0627,False,False,1.0,access: structural commit lag 0.0s
e8-20260813,E8_speculative_window,13,access,heartbeat,40.0,0.0,40.0,18.9791,False,False,1.0,access: structural commit lag 0.0s
e8-20260813,E8_speculative_window,14,access,heartbeat,40.0,0.0,40.0,15.7017,False,False,1.0,access: structural commit lag 0.0s
e8-20260813,E8_speculative_window,15,access,heartbeat,40.0,0.0,40.0,16.6035,False,False,1.0,access: structural commit lag 0.0s
e8-20260813,E8_speculative_window,16,access,heartbeat,40.0,0.0,40.0,29.8937,False,False,1.0,access: structural commit lag 0.0s
e8-20260813,E8_speculative_window,17,access,heartbeat,40.0,0.0,40.0,25.3498,False,False,1.0,access: structural commit lag 0.0s
e8-20260813,E8_speculative_window,18,access,heartbeat,40.0,0.0,40.0,33.0967,False,False,1.0,access: structural commit lag 0.0s
e8-20260813,E8_speculative_window,19,access,heartbeat,40.0,0.0,40.0,19.7063,False,False,1.0,access: structural commit lag 0.0s
e8-20260813,E8_speculative_window,0,access,activepoll,0.0,0.0,0.0,8.4216,False,False,0.1,access: structural commit lag 0.0s
e8-20260813,E8_speculative_window,1,access,activepoll,0.0,0.0,0.0,25.5492,False,False,0.1,access: structural commit lag 0.0s
e8-20260813,E8_speculative_window,2,access,activepoll,0.0,0.0,0.0,11.7023,False,False,0.1,access: structural commit lag 0.0s
e8-20260813,E8_speculative_window,3,access,activepoll,0.0,0.0,0.0,25.6703,False,False,0.1,access: structural commit lag 0.0s
e8-20260813,E8_speculative_window,4,access,activepoll,0.0,0.0,0.0,30.7576,False,False,0.1,access: structural commit lag 0.0s
e8-20260813,E8_speculative_window,5,access,activepoll,0.0,0.0,0.0,36.8186,False,False,0.1,access: structural commit lag 0.0s
e8-20260813,E8_speculative_window,6,access,activepoll,0.0,0.0,0.0,34.7615,False,False,0.1,access: structural commit lag 0.0s
e8-20260813,E8_speculative_window,7,access,activepoll,0.0,0.0,0.0,38.1921,False,False,0.1,access: structural commit lag 0.0s
e8-20260813,E8_speculative_window,8,access,activepoll,0.0,0.0,0.0,21.567,False,False,0.1,access: structural commit lag 0.0s
e8-20260813,E8_speculative_window,9,access,activepoll,0.0,0.0,0.0,4.6676,False,False,0.1,access: structural commit lag 0.0s
e8-20260813,E8_speculative_window,10,access,activepoll,0.0,0.0,0.0,29.5187,False,False,0.1,access: structural commit lag 0.0s
e8-20260813,E8_speculative_window,11,access,activepoll,0.0,0.0,0.0,16.4824,False,False,0.1,access: structural commit lag 0.0s
e8-20260813,E8_speculative_window,12,access,activepoll,0.0,0.0,0.0,31.9485,False,False,0.1,access: structural commit lag 0.0s
e8-20260813,E8_speculative_window,13,access,activepoll,0.0,0.0,0.0,28.3778,False,False,0.1,access: structural commit lag 0.0s
e8-20260813,E8_speculative_window,14,access,activepoll,0.0,0.0,0.0,13.1882,False,False,0.1,access: structural commit lag 0.0s
e8-20260813,E8_speculative_window,15,access,activepoll,0.0,0.0,0.0,34.8966,False,False,0.1,access: structural commit lag 0.0s
e8-20260813,E8_speculative_window,16,access,activepoll,0.0,0.0,0.0,0.3627,False,False,0.1,access: structural commit lag 0.0s
e8-20260813,E8_speculative_window,17,access,activepoll,0.0,0.0,0.0,1.6303,False,False,0.1,access: structural commit lag 0.0s
e8-20260813,E8_speculative_window,18,access,activepoll,0.0,0.0,0.0,31.6257,False,False,0.1,access: structural commit lag 0.0s
e8-20260813,E8_speculative_window,19,access,activepoll,0.0,0.0,0.0,25.5019,False,False,0.1,access: structural commit lag 0.0s
e8-20260813,E8_speculative_window,0,access,activepoll,0.1,0.0,0.1,15.1612,False,False,0.1,access: structural commit lag 0.0s
e8-20260813,E8_speculative_window,1,access,activepoll,0.1,0.0,0.1,1.2595,False,False,0.1,access: structural commit lag 0.0s
e8-20260813,E8_speculative_window,2,access,activepoll,0.1,0.0,0.1,24.1989,False,False,0.1,access: structural commit lag 0.0s
e8-20260813,E8_speculative_window,3,access,activepoll,0.1,0.0,0.1,22.5198,False,False,0.1,access: structural commit lag 0.0s
e8-20260813,E8_speculative_window,4,access,activepoll,0.1,0.0,0.1,29.5817,False,False,0.1,access: structural commit lag 0.0s
e8-20260813,E8_speculative_window,5,access,activepoll,0.1,0.0,0.1,30.3997,False,False,0.1,access: structural commit lag 0.0s
e8-20260813,E8_speculative_window,6,access,activepoll,0.1,0.0,0.1,38.4696,False,False,0.1,access: structural commit lag 0.0s
e8-20260813,E8_speculative_window,7,access,activepoll,0.1,0.0,0.1,6.2836,False,False,0.1,access: structural commit lag 0.0s
e8-20260813,E8_speculative_window,8,access,activepoll,0.1,0.0,0.1,28.6752,False,False,0.1,access: structural commit lag 0.0s
e8-20260813,E8_speculative_window,9,access,activepoll,0.1,0.0,0.1,4.4396,False,False,0.1,access: structural commit lag 0.0s
e8-20260813,E8_speculative_window,10,access,activepoll,0.1,0.0,0.1,36.2925,False,False,0.1,access: structural commit lag 0.0s
e8-20260813,E8_speculative_window,11,access,activepoll,0.1,0.0,0.1,25.6625,False,False,0.1,access: structural commit lag 0.0s
e8-20260813,E8_speculative_window,12,access,activepoll,0.1,0.0,0.1,2.9329,False,False,0.1,access: structural commit lag 0.0s
e8-20260813,E8_speculative_window,13,access,activepoll,0.1,0.0,0.1,5.5155,False,False,0.1,access: structural commit lag 0.0s
e8-20260813,E8_speculative_window,14,access,activepoll,0.1,0.0,0.1,35.0168,False,False,0.1,access: structural commit lag 0.0s
e8-20260813,E8_speculative_window,15,access,activepoll,0.1,0.0,0.1,11.0772,False,False,0.1,access: structural commit lag 0.0s
e8-20260813,E8_speculative_window,16,access,activepoll,0.1,0.0,0.1,4.3689,False,False,0.1,access: structural commit lag 0.0s
e8-20260813,E8_speculative_window,17,access,activepoll,0.1,0.0,0.1,30.7719,False,False,0.1,access: structural commit lag 0.0s
e8-20260813,E8_speculative_window,18,access,activepoll,0.1,0.0,0.1,15.5539,False,False,0.1,access: structural commit lag 0.0s
e8-20260813,E8_speculative_window,19,access,activepoll,0.1,0.0,0.1,14.7248,False,False,0.1,access: structural commit lag 0.0s
e8-20260813,E8_speculative_window,0,access,activepoll,0.25,0.0,0.25,31.1236,False,False,0.1,access: structural commit lag 0.0s
e8-20260813,E8_speculative_window,1,access,activepoll,0.25,0.0,0.25,35.6181,False,False,0.1,access: structural commit lag 0.0s
e8-20260813,E8_speculative_window,2,access,activepoll,0.25,0.0,0.25,21.5015,False,False,0.1,access: structural commit lag 0.0s
e8-20260813,E8_speculative_window,3,access,activepoll,0.25,0.0,0.25,38.6493,False,False,0.1,access: structural commit lag 0.0s
e8-20260813,E8_speculative_window,4,access,activepoll,0.25,0.0,0.25,37.9836,False,False,0.1,access: structural commit lag 0.0s
e8-20260813,E8_speculative_window,5,access,activepoll,0.25,0.0,0.25,10.1063,False,False,0.1,access: structural commit lag 0.0s
e8-20260813,E8_speculative_window,6,access,activepoll,0.25,0.0,0.25,26.9052,False,False,0.1,access: structural commit lag 0.0s
e8-20260813,E8_speculative_window,7,access,activepoll,0.25,0.0,0.25,4.609,False,False,0.1,access: structural commit lag 0.0s
e8-20260813,E8_speculative_window,8,access,activepoll,0.25,0.0,0.25,16.9608,False,False,0.1,access: structural commit lag 0.0s
e8-20260813,E8_speculative_window,9,access,activepoll,0.25,0.0,0.25,31.5496,False,False,0.1,access: structural commit lag 0.0s
e8-20260813,E8_speculative_window,10,access,activepoll,0.25,0.0,0.25,25.6684,False,False,0.1,access: structural commit lag 0.0s
e8-20260813,E8_speculative_window,11,access,activepoll,0.25,0.0,0.25,33.22,False,False,0.1,access: structural commit lag 0.0s
e8-20260813,E8_speculative_window,12,access,activepoll,0.25,0.0,0.25,28.7047,False,False,0.1,access: structural commit lag 0.0s
e8-20260813,E8_speculative_window,13,access,activepoll,0.25,0.0,0.25,0.0169,True,True,0.1,access: structural commit lag 0.0s
e8-20260813,E8_speculative_window,14,access,activepoll,0.25,0.0,0.25,20.8215,False,False,0.1,access: structural commit lag 0.0s
e8-20260813,E8_speculative_window,15,access,activepoll,0.25,0.0,0.25,34.8569,False,False,0.1,access: structural commit lag 0.0s
e8-20260813,E8_speculative_window,16,access,activepoll,0.25,0.0,0.25,0.9335,False,False,0.1,access: structural commit lag 0.0s
e8-20260813,E8_speculative_window,17,access,activepoll,0.25,0.0,0.25,4.9894,False,False,0.1,access: structural commit lag 0.0s
e8-20260813,E8_speculative_window,18,access,activepoll,0.25,0.0,0.25,4.2545,False,False,0.1,access: structural commit lag 0.0s
e8-20260813,E8_speculative_window,19,access,activepoll,0.25,0.0,0.25,38.8767,False,False,0.1,access: structural commit lag 0.0s
e8-20260813,E8_speculative_window,0,access,activepoll,0.5,0.0,0.5,38.7737,False,False,0.1,access: structural commit lag 0.0s
e8-20260813,E8_speculative_window,1,access,activepoll,0.5,0.0,0.5,8.3664,False,False,0.1,access: structural commit lag 0.0s
e8-20260813,E8_speculative_window,2,access,activepoll,0.5,0.0,0.5,30.0974,False,False,0.1,access: structural commit lag 0.0s
e8-20260813,E8_speculative_window,3,access,activepoll,0.5,0.0,0.5,38.0018,False,False,0.1,access: structural commit lag 0.0s
e8-20260813,E8_speculative_window,4,access,activepoll,0.5,0.0,0.5,28.4459,False,False,0.1,access: structural commit lag 0.0s
e8-20260813,E8_speculative_window,5,access,activepoll,0.5,0.0,0.5,35.7531,False,False,0.1,access: structural commit lag 0.0s
e8-20260813,E8_speculative_window,6,access,activepoll,0.5,0.0,0.5,32.3922,False,False,0.1,access: structural commit lag 0.0s
e8-20260813,E8_speculative_window,7,access,activepoll,0.5,0.0,0.5,27.6757,False,False,0.1,access: structural commit lag 0.0s
e8-20260813,E8_speculative_window,8,access,activepoll,0.5,0.0,0.5,24.6771,False,False,0.1,access: structural commit lag 0.0s
e8-20260813,E8_speculative_window,9,access,activepoll,0.5,0.0,0.5,31.4263,False,False,0.1,access: structural commit lag 0.0s
e8-20260813,E8_speculative_window,10,access,activepoll,0.5,0.0,0.5,11.0753,False,False,0.1,access: structural commit lag 0.0s
e8-20260813,E8_speculative_window,11,access,activepoll,0.5,0.0,0.5,10.1032,False,False,0.1,access: structural commit lag 0.0s
e8-20260813,E8_speculative_window,12,access,activepoll,0.5,0.0,0.5,19.1818,False,False,0.1,access: structural commit lag 0.0s
e8-20260813,E8_speculative_window,13,access,activepoll,0.5,0.0,0.5,6.2079,False,False,0.1,access: structural commit lag 0.0s
e8-20260813,E8_speculative_window,14,access,activepoll,0.5,0.0,0.5,33.5613,False,False,0.1,access: structural commit lag 0.0s
e8-20260813,E8_speculative_window,15,access,activepoll,0.5,0.0,0.5,9.4028,False,False,0.1,access: structural commit lag 0.0s
e8-20260813,E8_speculative_window,16,access,activepoll,0.5,0.0,0.5,24.3622,False,False,0.1,access: structural commit lag 0.0s
e8-20260813,E8_speculative_window,17,access,activepoll,0.5,0.0,0.5,19.164,False,False,0.1,access: structural commit lag 0.0s
e8-20260813,E8_speculative_window,18,access,activepoll,0.5,0.0,0.5,35.4816,False,False,0.1,access: structural commit lag 0.0s
e8-20260813,E8_speculative_window,19,access,activepoll,0.5,0.0,0.5,29.7942,False,False,0.1,access: structural commit lag 0.0s
e8-20260813,E8_speculative_window,0,access,activepoll,1.0,0.0,1.0,3.3966,False,False,0.1,access: structural commit lag 0.0s
e8-20260813,E8_speculative_window,1,access,activepoll,1.0,0.0,1.0,19.0566,False,False,0.1,access: structural commit lag 0.0s
e8-20260813,E8_speculative_window,2,access,activepoll,1.0,0.0,1.0,35.7594,False,False,0.1,access: structural commit lag 0.0s
e8-20260813,E8_speculative_window,3,access,activepoll,1.0,0.0,1.0,34.503,False,False,0.1,access: structural commit lag 0.0s
e8-20260813,E8_speculative_window,4,access,activepoll,1.0,0.0,1.0,39.3891,False,False,0.1,access: structural commit lag 0.0s
e8-20260813,E8_speculative_window,5,access,activepoll,1.0,0.0,1.0,20.8097,False,False,0.1,access: structural commit lag 0.0s
e8-20260813,E8_speculative_window,6,access,activepoll,1.0,0.0,1.0,36.032,False,False,0.1,access: structural commit lag 0.0s
e8-20260813,E8_speculative_window,7,access,activepoll,1.0,0.0,1.0,36.8989,False,False,0.1,access: structural commit lag 0.0s
e8-20260813,E8_speculative_window,8,access,activepoll,1.0,0.0,1.0,9.0293,False,False,0.1,access: structural commit lag 0.0s
e8-20260813,E8_speculative_window,9,access,activepoll,1.0,0.0,1.0,11.8872,False,False,0.1,access: structural commit lag 0.0s
e8-20260813,E8_speculative_window,10,access,activepoll,1.0,0.0,1.0,6.7278,False,False,0.1,access: structural commit lag 0.0s
e8-20260813,E8_speculative_window,11,access,activepoll,1.0,0.0,1.0,17.6353,False,False,0.1,access: structural commit lag 0.0s
e8-20260813,E8_speculative_window,12,access,activepoll,1.0,0.0,1.0,36.4613,False,False,0.1,access: structural commit lag 0.0s
e8-20260813,E8_speculative_window,13,access,activepoll,1.0,0.0,1.0,21.3249,False,False,0.1,access: structural commit lag 0.0s
e8-20260813,E8_speculative_window,14,access,activepoll,1.0,0.0,1.0,32.9112,False,False,0.1,access: structural commit lag 0.0s
e8-20260813,E8_speculative_window,15,access,activepoll,1.0,0.0,1.0,30.2153,False,False,0.1,access: structural commit lag 0.0s
e8-20260813,E8_speculative_window,16,access,activepoll,1.0,0.0,1.0,14.1217,False,False,0.1,access: structural commit lag 0.0s
e8-20260813,E8_speculative_window,17,access,activepoll,1.0,0.0,1.0,21.9364,False,False,0.1,access: structural commit lag 0.0s
e8-20260813,E8_speculative_window,18,access,activepoll,1.0,0.0,1.0,25.992,False,False,0.1,access: structural commit lag 0.0s
e8-20260813,E8_speculative_window,19,access,activepoll,1.0,0.0,1.0,20.1256,False,False,0.1,access: structural commit lag 0.0s
e8-20260813,E8_speculative_window,0,access,activepoll,2.0,0.0,2.0,24.7752,False,False,0.1,access: structural commit lag 0.0s
e8-20260813,E8_speculative_window,1,access,activepoll,2.0,0.0,2.0,8.6174,False,False,0.1,access: structural commit lag 0.0s
e8-20260813,E8_speculative_window,2,access,activepoll,2.0,0.0,2.0,11.5414,False,False,0.1,access: structural commit lag 0.0s
e8-20260813,E8_speculative_window,3,access,activepoll,2.0,0.0,2.0,23.8495,False,False,0.1,access: structural commit lag 0.0s
e8-20260813,E8_speculative_window,4,access,activepoll,2.0,0.0,2.0,30.0837,False,False,0.1,access: structural commit lag 0.0s
e8-20260813,E8_speculative_window,5,access,activepoll,2.0,0.0,2.0,38.6841,False,False,0.1,access: structural commit lag 0.0s
e8-20260813,E8_speculative_window,6,access,activepoll,2.0,0.0,2.0,3.7229,False,False,0.1,access: structural commit lag 0.0s
e8-20260813,E8_speculative_window,7,access,activepoll,2.0,0.0,2.0,5.2375,False,False,0.1,access: structural commit lag 0.0s
e8-20260813,E8_speculative_window,8,access,activepoll,2.0,0.0,2.0,14.2379,False,False,0.1,access: structural commit lag 0.0s
e8-20260813,E8_speculative_window,9,access,activepoll,2.0,0.0,2.0,39.6296,False,False,0.1,access: structural commit lag 0.0s
e8-20260813,E8_speculative_window,10,access,activepoll,2.0,0.0,2.0,1.8969,False,False,0.1,access: structural commit lag 0.0s
e8-20260813,E8_speculative_window,11,access,activepoll,2.0,0.0,2.0,13.7389,False,False,0.1,access: structural commit lag 0.0s
e8-20260813,E8_speculative_window,12,access,activepoll,2.0,0.0,2.0,22.3347,False,False,0.1,access: structural commit lag 0.0s
e8-20260813,E8_speculative_window,13,access,activepoll,2.0,0.0,2.0,18.9947,False,False,0.1,access: structural commit lag 0.0s
e8-20260813,E8_speculative_window,14,access,activepoll,2.0,0.0,2.0,34.1687,False,False,0.1,access: structural commit lag 0.0s
e8-20260813,E8_speculative_window,15,access,activepoll,2.0,0.0,2.0,20.2645,False,False,0.1,access: structural commit lag 0.0s
e8-20260813,E8_speculative_window,16,access,activepoll,2.0,0.0,2.0,8.099,False,False,0.1,access: structural commit lag 0.0s
e8-20260813,E8_speculative_window,17,access,activepoll,2.0,0.0,2.0,32.7783,False,False,0.1,access: structural commit lag 0.0s
e8-20260813,E8_speculative_window,18,access,activepoll,2.0,0.0,2.0,36.2408,False,False,0.1,access: structural commit lag 0.0s
e8-20260813,E8_speculative_window,19,access,activepoll,2.0,0.0,2.0,11.6212,False,False,0.1,access: structural commit lag 0.0s
e8-20260813,E8_speculative_window,0,access,activepoll,5.0,0.0,5.0,20.6171,False,False,0.1,access: structural commit lag 0.0s
e8-20260813,E8_speculative_window,1,access,activepoll,5.0,0.0,5.0,37.7579,False,False,0.1,access: structural commit lag 0.0s
e8-20260813,E8_speculative_window,2,access,activepoll,5.0,0.0,5.0,39.7152,False,False,0.1,access: structural commit lag 0.0s
e8-20260813,E8_speculative_window,3,access,activepoll,5.0,0.0,5.0,4.7257,False,False,0.1,access: structural commit lag 0.0s
e8-20260813,E8_speculative_window,4,access,activepoll,5.0,0.0,5.0,10.025,False,False,0.1,access: structural commit lag 0.0s
e8-20260813,E8_speculative_window,5,access,activepoll,5.0,0.0,5.0,30.7997,False,False,0.1,access: structural commit lag 0.0s
e8-20260813,E8_speculative_window,6,access,activepoll,5.0,0.0,5.0,39.9546,False,False,0.1,access: structural commit lag 0.0s
e8-20260813,E8_speculative_window,7,access,activepoll,5.0,0.0,5.0,35.7882,False,False,0.1,access: structural commit lag 0.0s
e8-20260813,E8_speculative_window,8,access,activepoll,5.0,0.0,5.0,30.6259,False,False,0.1,access: structural commit lag 0.0s
e8-20260813,E8_speculative_window,9,access,activepoll,5.0,0.0,5.0,27.1943,False,False,0.1,access: structural commit lag 0.0s
e8-20260813,E8_speculative_window,10,access,activepoll,5.0,0.0,5.0,38.781,False,False,0.1,access: structural commit lag 0.0s
e8-20260813,E8_speculative_window,11,access,activepoll,5.0,0.0,5.0,0.9896,False,False,0.1,access: structural commit lag 0.0s
e8-20260813,E8_speculative_window,12,access,activepoll,5.0,0.0,5.0,0.1549,False,False,0.1,access: structural commit lag 0.0s
e8-20260813,E8_speculative_window,13,access,activepoll,5.0,0.0,5.0,36.6014,False,False,0.1,access: structural commit lag 0.0s
e8-20260813,E8_speculative_window,14,access,activepoll,5.0,0.0,5.0,19.5614,False,False,0.1,access: structural commit lag 0.0s
e8-20260813,E8_speculative_window,15,access,activepoll,5.0,0.0,5.0,7.7139,False,False,0.1,access: structural commit lag 0.0s
e8-20260813,E8_speculative_window,16,access,activepoll,5.0,0.0,5.0,2.181,False,False,0.1,access: structural commit lag 0.0s
e8-20260813,E8_speculative_window,17,access,activepoll,5.0,0.0,5.0,21.405,False,False,0.1,access: structural commit lag 0.0s
e8-20260813,E8_speculative_window,18,access,activepoll,5.0,0.0,5.0,3.5305,False,False,0.1,access: structural commit lag 0.0s
e8-20260813,E8_speculative_window,19,access,activepoll,5.0,0.0,5.0,34.9943,False,False,0.1,access: structural commit lag 0.0s
e8-20260813,E8_speculative_window,0,access,activepoll,10.0,0.0,10.0,11.5198,False,False,0.1,access: structural commit lag 0.0s
e8-20260813,E8_speculative_window,1,access,activepoll,10.0,0.0,10.0,0.7919,False,False,0.1,access: structural commit lag 0.0s
e8-20260813,E8_speculative_window,2,access,activepoll,10.0,0.0,10.0,4.7201,False,False,0.1,access: structural commit lag 0.0s
e8-20260813,E8_speculative_window,3,access,activepoll,10.0,0.0,10.0,14.3497,False,False,0.1,access: structural commit lag 0.0s
e8-20260813,E8_speculative_window,4,access,activepoll,10.0,0.0,10.0,36.18,False,False,0.1,access: structural commit lag 0.0s
e8-20260813,E8_speculative_window,5,access,activepoll,10.0,0.0,10.0,12.7708,False,False,0.1,access: structural commit lag 0.0s
e8-20260813,E8_speculative_window,6,access,activepoll,10.0,0.0,10.0,2.735,False,False,0.1,access: structural commit lag 0.0s
e8-20260813,E8_speculative_window,7,access,activepoll,10.0,0.0,10.0,4.4684,False,False,0.1,access: structural commit lag 0.0s
e8-20260813,E8_speculative_window,8,access,activepoll,10.0,0.0,10.0,10.7036,False,False,0.1,access: structural commit lag 0.0s
e8-20260813,E8_speculative_window,9,access,activepoll,10.0,0.0,10.0,34.1525,False,False,0.1,access: structural commit lag 0.0s
e8-20260813,E8_speculative_window,10,access,activepoll,10.0,0.0,10.0,22.1952,False,False,0.1,access: structural commit lag 0.0s
e8-20260813,E8_speculative_window,11,access,activepoll,10.0,0.0,10.0,28.156,False,False,0.1,access: structural commit lag 0.0s
e8-20260813,E8_speculative_window,12,access,activepoll,10.0,0.0,10.0,1.1372,False,False,0.1,access: structural commit lag 0.0s
e8-20260813,E8_speculative_window,13,access,activepoll,10.0,0.0,10.0,3.8544,False,False,0.1,access: structural commit lag 0.0s
e8-20260813,E8_speculative_window,14,access,activepoll,10.0,0.0,10.0,1.8255,False,False,0.1,access: structural commit lag 0.0s
e8-20260813,E8_speculative_window,15,access,activepoll,10.0,0.0,10.0,29.4461,False,False,0.1,access: structural commit lag 0.0s
e8-20260813,E8_speculative_window,16,access,activepoll,10.0,0.0,10.0,21.5873,False,False,0.1,access: structural commit lag 0.0s
e8-20260813,E8_speculative_window,17,access,activepoll,10.0,0.0,10.0,35.3721,False,False,0.1,access: structural commit lag 0.0s
e8-20260813,E8_speculative_window,18,access,activepoll,10.0,0.0,10.0,29.7197,False,False,0.1,access: structural commit lag 0.0s
e8-20260813,E8_speculative_window,19,access,activepoll,10.0,0.0,10.0,20.4014,False,False,0.1,access: structural commit lag 0.0s
e8-20260813,E8_speculative_window,0,access,activepoll,20.0,0.0,20.0,9.404,False,False,0.1,access: structural commit lag 0.0s
e8-20260813,E8_speculative_window,1,access,activepoll,20.0,0.0,20.0,6.0212,False,False,0.1,access: structural commit lag 0.0s
e8-20260813,E8_speculative_window,2,access,activepoll,20.0,0.0,20.0,2.0035,False,False,0.1,access: structural commit lag 0.0s
e8-20260813,E8_speculative_window,3,access,activepoll,20.0,0.0,20.0,6.3634,False,False,0.1,access: structural commit lag 0.0s
e8-20260813,E8_speculative_window,4,access,activepoll,20.0,0.0,20.0,29.3776,False,False,0.1,access: structural commit lag 0.0s
e8-20260813,E8_speculative_window,5,access,activepoll,20.0,0.0,20.0,24.2791,False,False,0.1,access: structural commit lag 0.0s
e8-20260813,E8_speculative_window,6,access,activepoll,20.0,0.0,20.0,2.4052,False,False,0.1,access: structural commit lag 0.0s
e8-20260813,E8_speculative_window,7,access,activepoll,20.0,0.0,20.0,12.8836,False,False,0.1,access: structural commit lag 0.0s
e8-20260813,E8_speculative_window,8,access,activepoll,20.0,0.0,20.0,5.3598,False,False,0.1,access: structural commit lag 0.0s
e8-20260813,E8_speculative_window,9,access,activepoll,20.0,0.0,20.0,6.2176,False,False,0.1,access: structural commit lag 0.0s
e8-20260813,E8_speculative_window,10,access,activepoll,20.0,0.0,20.0,7.1952,False,False,0.1,access: structural commit lag 0.0s
e8-20260813,E8_speculative_window,11,access,activepoll,20.0,0.0,20.0,33.4708,False,False,0.1,access: structural commit lag 0.0s
e8-20260813,E8_speculative_window,12,access,activepoll,20.0,0.0,20.0,30.3165,False,False,0.1,access: structural commit lag 0.0s
e8-20260813,E8_speculative_window,13,access,activepoll,20.0,0.0,20.0,2.0705,False,False,0.1,access: structural commit lag 0.0s
e8-20260813,E8_speculative_window,14,access,activepoll,20.0,0.0,20.0,16.1443,False,False,0.1,access: structural commit lag 0.0s
e8-20260813,E8_speculative_window,15,access,activepoll,20.0,0.0,20.0,34.5578,False,False,0.1,access: structural commit lag 0.0s
e8-20260813,E8_speculative_window,16,access,activepoll,20.0,0.0,20.0,38.0388,False,False,0.1,access: structural commit lag 0.0s
e8-20260813,E8_speculative_window,17,access,activepoll,20.0,0.0,20.0,11.3944,False,False,0.1,access: structural commit lag 0.0s
e8-20260813,E8_speculative_window,18,access,activepoll,20.0,0.0,20.0,17.915,False,False,0.1,access: structural commit lag 0.0s
e8-20260813,E8_speculative_window,19,access,activepoll,20.0,0.0,20.0,8.6642,False,False,0.1,access: structural commit lag 0.0s
e8-20260813,E8_speculative_window,0,access,activepoll,40.0,0.0,40.0,17.9289,False,False,0.1,access: structural commit lag 0.0s
e8-20260813,E8_speculative_window,1,access,activepoll,40.0,0.0,40.0,22.9691,False,False,0.1,access: structural commit lag 0.0s
e8-20260813,E8_speculative_window,2,access,activepoll,40.0,0.0,40.0,17.5597,False,False,0.1,access: structural commit lag 0.0s
e8-20260813,E8_speculative_window,3,access,activepoll,40.0,0.0,40.0,13.5992,False,False,0.1,access: structural commit lag 0.0s
e8-20260813,E8_speculative_window,4,access,activepoll,40.0,0.0,40.0,5.159,False,False,0.1,access: structural commit lag 0.0s
e8-20260813,E8_speculative_window,5,access,activepoll,40.0,0.0,40.0,10.9533,False,False,0.1,access: structural commit lag 0.0s
e8-20260813,E8_speculative_window,6,access,activepoll,40.0,0.0,40.0,2.721,False,False,0.1,access: structural commit lag 0.0s
e8-20260813,E8_speculative_window,7,access,activepoll,40.0,0.0,40.0,31.4793,False,False,0.1,access: structural commit lag 0.0s
e8-20260813,E8_speculative_window,8,access,activepoll,40.0,0.0,40.0,36.1438,False,False,0.1,access: structural commit lag 0.0s
e8-20260813,E8_speculative_window,9,access,activepoll,40.0,0.0,40.0,25.6183,False,False,0.1,access: structural commit lag 0.0s
e8-20260813,E8_speculative_window,10,access,activepoll,40.0,0.0,40.0,15.5214,False,False,0.1,access: structural commit lag 0.0s
e8-20260813,E8_speculative_window,11,access,activepoll,40.0,0.0,40.0,35.846,False,False,0.1,access: structural commit lag 0.0s
e8-20260813,E8_speculative_window,12,access,activepoll,40.0,0.0,40.0,39.9272,False,False,0.1,access: structural commit lag 0.0s
e8-20260813,E8_speculative_window,13,access,activepoll,40.0,0.0,40.0,25.2305,False,False,0.1,access: structural commit lag 0.0s
e8-20260813,E8_speculative_window,14,access,activepoll,40.0,0.0,40.0,19.1441,False,False,0.1,access: structural commit lag 0.0s
e8-20260813,E8_speculative_window,15,access,activepoll,40.0,0.0,40.0,3.1349,False,False,0.1,access: structural commit lag 0.0s
e8-20260813,E8_speculative_window,16,access,activepoll,40.0,0.0,40.0,3.341,False,False,0.1,access: structural commit lag 0.0s
e8-20260813,E8_speculative_window,17,access,activepoll,40.0,0.0,40.0,13.2327,False,False,0.1,access: structural commit lag 0.0s
e8-20260813,E8_speculative_window,18,access,activepoll,40.0,0.0,40.0,1.7996,False,False,0.1,access: structural commit lag 0.0s
e8-20260813,E8_speculative_window,19,access,activepoll,40.0,0.0,40.0,1.4055,False,False,0.1,access: structural commit lag 0.0s
e8-20260813,E8_speculative_window,0,confirmation,none,0.0,3.0,3.0,24.4362,False,False,inf,confirmation: structural commit lag 3.0s
e8-20260813,E8_speculative_window,1,confirmation,none,0.0,3.0,3.0,17.6727,False,False,inf,confirmation: structural commit lag 3.0s
e8-20260813,E8_speculative_window,2,confirmation,none,0.0,3.0,3.0,36.5756,False,False,inf,confirmation: structural commit lag 3.0s
e8-20260813,E8_speculative_window,3,confirmation,none,0.0,3.0,3.0,15.4777,False,False,inf,confirmation: structural commit lag 3.0s
e8-20260813,E8_speculative_window,4,confirmation,none,0.0,3.0,3.0,19.6359,False,False,inf,confirmation: structural commit lag 3.0s
e8-20260813,E8_speculative_window,5,confirmation,none,0.0,3.0,3.0,21.5714,False,False,inf,confirmation: structural commit lag 3.0s
e8-20260813,E8_speculative_window,6,confirmation,none,0.0,3.0,3.0,34.7668,False,False,inf,confirmation: structural commit lag 3.0s
e8-20260813,E8_speculative_window,7,confirmation,none,0.0,3.0,3.0,19.8577,False,False,inf,confirmation: structural commit lag 3.0s
e8-20260813,E8_speculative_window,8,confirmation,none,0.0,3.0,3.0,25.2109,False,False,inf,confirmation: structural commit lag 3.0s
e8-20260813,E8_speculative_window,9,confirmation,none,0.0,3.0,3.0,14.846,False,False,inf,confirmation: structural commit lag 3.0s
e8-20260813,E8_speculative_window,10,confirmation,none,0.0,3.0,3.0,23.6177,False,False,inf,confirmation: structural commit lag 3.0s
e8-20260813,E8_speculative_window,11,confirmation,none,0.0,3.0,3.0,15.5712,False,False,inf,confirmation: structural commit lag 3.0s
e8-20260813,E8_speculative_window,12,confirmation,none,0.0,3.0,3.0,38.3336,False,False,inf,confirmation: structural commit lag 3.0s
e8-20260813,E8_speculative_window,13,confirmation,none,0.0,3.0,3.0,20.3128,False,False,inf,confirmation: structural commit lag 3.0s
e8-20260813,E8_speculative_window,14,confirmation,none,0.0,3.0,3.0,6.2224,False,False,inf,confirmation: structural commit lag 3.0s
e8-20260813,E8_speculative_window,15,confirmation,none,0.0,3.0,3.0,11.6024,False,False,inf,confirmation: structural commit lag 3.0s
e8-20260813,E8_speculative_window,16,confirmation,none,0.0,3.0,3.0,23.0099,False,False,inf,confirmation: structural commit lag 3.0s
e8-20260813,E8_speculative_window,17,confirmation,none,0.0,3.0,3.0,21.1717,False,False,inf,confirmation: structural commit lag 3.0s
e8-20260813,E8_speculative_window,18,confirmation,none,0.0,3.0,3.0,14.9418,False,False,inf,confirmation: structural commit lag 3.0s
e8-20260813,E8_speculative_window,19,confirmation,none,0.0,3.0,3.0,2.4574,True,True,inf,confirmation: structural commit lag 3.0s
e8-20260813,E8_speculative_window,0,confirmation,none,0.1,3.0,3.1,2.3271,True,True,inf,confirmation: structural commit lag 3.0s
e8-20260813,E8_speculative_window,1,confirmation,none,0.1,3.0,3.1,13.9707,False,False,inf,confirmation: structural commit lag 3.0s
e8-20260813,E8_speculative_window,2,confirmation,none,0.1,3.0,3.1,28.3207,False,False,inf,confirmation: structural commit lag 3.0s
e8-20260813,E8_speculative_window,3,confirmation,none,0.1,3.0,3.1,25.6332,False,False,inf,confirmation: structural commit lag 3.0s
e8-20260813,E8_speculative_window,4,confirmation,none,0.1,3.0,3.1,11.1805,False,False,inf,confirmation: structural commit lag 3.0s
e8-20260813,E8_speculative_window,5,confirmation,none,0.1,3.0,3.1,20.2395,False,False,inf,confirmation: structural commit lag 3.0s
e8-20260813,E8_speculative_window,6,confirmation,none,0.1,3.0,3.1,22.2293,False,False,inf,confirmation: structural commit lag 3.0s
e8-20260813,E8_speculative_window,7,confirmation,none,0.1,3.0,3.1,22.4264,False,False,inf,confirmation: structural commit lag 3.0s
e8-20260813,E8_speculative_window,8,confirmation,none,0.1,3.0,3.1,27.3212,False,False,inf,confirmation: structural commit lag 3.0s
e8-20260813,E8_speculative_window,9,confirmation,none,0.1,3.0,3.1,37.7637,False,False,inf,confirmation: structural commit lag 3.0s
e8-20260813,E8_speculative_window,10,confirmation,none,0.1,3.0,3.1,0.8862,True,True,inf,confirmation: structural commit lag 3.0s
e8-20260813,E8_speculative_window,11,confirmation,none,0.1,3.0,3.1,27.9402,False,False,inf,confirmation: structural commit lag 3.0s
e8-20260813,E8_speculative_window,12,confirmation,none,0.1,3.0,3.1,8.6634,False,False,inf,confirmation: structural commit lag 3.0s
e8-20260813,E8_speculative_window,13,confirmation,none,0.1,3.0,3.1,29.438,False,False,inf,confirmation: structural commit lag 3.0s
e8-20260813,E8_speculative_window,14,confirmation,none,0.1,3.0,3.1,3.3769,False,False,inf,confirmation: structural commit lag 3.0s
e8-20260813,E8_speculative_window,15,confirmation,none,0.1,3.0,3.1,17.004,False,False,inf,confirmation: structural commit lag 3.0s
e8-20260813,E8_speculative_window,16,confirmation,none,0.1,3.0,3.1,21.1243,False,False,inf,confirmation: structural commit lag 3.0s
e8-20260813,E8_speculative_window,17,confirmation,none,0.1,3.0,3.1,35.3887,False,False,inf,confirmation: structural commit lag 3.0s
e8-20260813,E8_speculative_window,18,confirmation,none,0.1,3.0,3.1,20.0309,False,False,inf,confirmation: structural commit lag 3.0s
e8-20260813,E8_speculative_window,19,confirmation,none,0.1,3.0,3.1,27.045,False,False,inf,confirmation: structural commit lag 3.0s
e8-20260813,E8_speculative_window,0,confirmation,none,0.25,3.0,3.25,9.2361,False,False,inf,confirmation: structural commit lag 3.0s
e8-20260813,E8_speculative_window,1,confirmation,none,0.25,3.0,3.25,15.315,False,False,inf,confirmation: structural commit lag 3.0s
e8-20260813,E8_speculative_window,2,confirmation,none,0.25,3.0,3.25,25.3223,False,False,inf,confirmation: structural commit lag 3.0s
e8-20260813,E8_speculative_window,3,confirmation,none,0.25,3.0,3.25,31.5649,False,False,inf,confirmation: structural commit lag 3.0s
e8-20260813,E8_speculative_window,4,confirmation,none,0.25,3.0,3.25,28.9697,False,False,inf,confirmation: structural commit lag 3.0s
e8-20260813,E8_speculative_window,5,confirmation,none,0.25,3.0,3.25,38.061,False,False,inf,confirmation: structural commit lag 3.0s
e8-20260813,E8_speculative_window,6,confirmation,none,0.25,3.0,3.25,19.9684,False,False,inf,confirmation: structural commit lag 3.0s
e8-20260813,E8_speculative_window,7,confirmation,none,0.25,3.0,3.25,12.7755,False,False,inf,confirmation: structural commit lag 3.0s
e8-20260813,E8_speculative_window,8,confirmation,none,0.25,3.0,3.25,22.9103,False,False,inf,confirmation: structural commit lag 3.0s
e8-20260813,E8_speculative_window,9,confirmation,none,0.25,3.0,3.25,3.7596,False,False,inf,confirmation: structural commit lag 3.0s
e8-20260813,E8_speculative_window,10,confirmation,none,0.25,3.0,3.25,22.4632,False,False,inf,confirmation: structural commit lag 3.0s
e8-20260813,E8_speculative_window,11,confirmation,none,0.25,3.0,3.25,38.2418,False,False,inf,confirmation: structural commit lag 3.0s
e8-20260813,E8_speculative_window,12,confirmation,none,0.25,3.0,3.25,8.8083,False,False,inf,confirmation: structural commit lag 3.0s
e8-20260813,E8_speculative_window,13,confirmation,none,0.25,3.0,3.25,2.3459,True,True,inf,confirmation: structural commit lag 3.0s
e8-20260813,E8_speculative_window,14,confirmation,none,0.25,3.0,3.25,26.6057,False,False,inf,confirmation: structural commit lag 3.0s
e8-20260813,E8_speculative_window,15,confirmation,none,0.25,3.0,3.25,23.9137,False,False,inf,confirmation: structural commit lag 3.0s
e8-20260813,E8_speculative_window,16,confirmation,none,0.25,3.0,3.25,35.0556,False,False,inf,confirmation: structural commit lag 3.0s
e8-20260813,E8_speculative_window,17,confirmation,none,0.25,3.0,3.25,28.3999,False,False,inf,confirmation: structural commit lag 3.0s
e8-20260813,E8_speculative_window,18,confirmation,none,0.25,3.0,3.25,24.5481,False,False,inf,confirmation: structural commit lag 3.0s
e8-20260813,E8_speculative_window,19,confirmation,none,0.25,3.0,3.25,8.9447,False,False,inf,confirmation: structural commit lag 3.0s
e8-20260813,E8_speculative_window,0,confirmation,none,0.5,3.0,3.5,29.0883,False,False,inf,confirmation: structural commit lag 3.0s
e8-20260813,E8_speculative_window,1,confirmation,none,0.5,3.0,3.5,25.4742,False,False,inf,confirmation: structural commit lag 3.0s
e8-20260813,E8_speculative_window,2,confirmation,none,0.5,3.0,3.5,13.5137,False,False,inf,confirmation: structural commit lag 3.0s
e8-20260813,E8_speculative_window,3,confirmation,none,0.5,3.0,3.5,0.4637,True,True,inf,confirmation: structural commit lag 3.0s
e8-20260813,E8_speculative_window,4,confirmation,none,0.5,3.0,3.5,35.097,False,False,inf,confirmation: structural commit lag 3.0s
e8-20260813,E8_speculative_window,5,confirmation,none,0.5,3.0,3.5,23.6454,False,False,inf,confirmation: structural commit lag 3.0s
e8-20260813,E8_speculative_window,6,confirmation,none,0.5,3.0,3.5,5.9348,False,False,inf,confirmation: structural commit lag 3.0s
e8-20260813,E8_speculative_window,7,confirmation,none,0.5,3.0,3.5,23.1129,False,False,inf,confirmation: structural commit lag 3.0s
e8-20260813,E8_speculative_window,8,confirmation,none,0.5,3.0,3.5,30.539,False,False,inf,confirmation: structural commit lag 3.0s
e8-20260813,E8_speculative_window,9,confirmation,none,0.5,3.0,3.5,6.7393,False,False,inf,confirmation: structural commit lag 3.0s
e8-20260813,E8_speculative_window,10,confirmation,none,0.5,3.0,3.5,2.2048,True,True,inf,confirmation: structural commit lag 3.0s
e8-20260813,E8_speculative_window,11,confirmation,none,0.5,3.0,3.5,7.2221,False,False,inf,confirmation: structural commit lag 3.0s
e8-20260813,E8_speculative_window,12,confirmation,none,0.5,3.0,3.5,38.0718,False,False,inf,confirmation: structural commit lag 3.0s
e8-20260813,E8_speculative_window,13,confirmation,none,0.5,3.0,3.5,14.829,False,False,inf,confirmation: structural commit lag 3.0s
e8-20260813,E8_speculative_window,14,confirmation,none,0.5,3.0,3.5,17.8734,False,False,inf,confirmation: structural commit lag 3.0s
e8-20260813,E8_speculative_window,15,confirmation,none,0.5,3.0,3.5,39.174,False,False,inf,confirmation: structural commit lag 3.0s
e8-20260813,E8_speculative_window,16,confirmation,none,0.5,3.0,3.5,2.0686,True,True,inf,confirmation: structural commit lag 3.0s
e8-20260813,E8_speculative_window,17,confirmation,none,0.5,3.0,3.5,10.1089,False,False,inf,confirmation: structural commit lag 3.0s
e8-20260813,E8_speculative_window,18,confirmation,none,0.5,3.0,3.5,11.1687,False,False,inf,confirmation: structural commit lag 3.0s
e8-20260813,E8_speculative_window,19,confirmation,none,0.5,3.0,3.5,36.6787,False,False,inf,confirmation: structural commit lag 3.0s
e8-20260813,E8_speculative_window,0,confirmation,none,1.0,3.0,4.0,14.4923,False,False,inf,confirmation: structural commit lag 3.0s
e8-20260813,E8_speculative_window,1,confirmation,none,1.0,3.0,4.0,27.7529,False,False,inf,confirmation: structural commit lag 3.0s
e8-20260813,E8_speculative_window,2,confirmation,none,1.0,3.0,4.0,20.5844,False,False,inf,confirmation: structural commit lag 3.0s
e8-20260813,E8_speculative_window,3,confirmation,none,1.0,3.0,4.0,15.2922,False,False,inf,confirmation: structural commit lag 3.0s
e8-20260813,E8_speculative_window,4,confirmation,none,1.0,3.0,4.0,28.1697,False,False,inf,confirmation: structural commit lag 3.0s
e8-20260813,E8_speculative_window,5,confirmation,none,1.0,3.0,4.0,5.6028,False,False,inf,confirmation: structural commit lag 3.0s
e8-20260813,E8_speculative_window,6,confirmation,none,1.0,3.0,4.0,38.9228,False,False,inf,confirmation: structural commit lag 3.0s
e8-20260813,E8_speculative_window,7,confirmation,none,1.0,3.0,4.0,10.8588,False,False,inf,confirmation: structural commit lag 3.0s
e8-20260813,E8_speculative_window,8,confirmation,none,1.0,3.0,4.0,39.694,False,False,inf,confirmation: structural commit lag 3.0s
e8-20260813,E8_speculative_window,9,confirmation,none,1.0,3.0,4.0,3.9941,True,True,inf,confirmation: structural commit lag 3.0s
e8-20260813,E8_speculative_window,10,confirmation,none,1.0,3.0,4.0,39.0176,False,False,inf,confirmation: structural commit lag 3.0s
e8-20260813,E8_speculative_window,11,confirmation,none,1.0,3.0,4.0,37.8362,False,False,inf,confirmation: structural commit lag 3.0s
e8-20260813,E8_speculative_window,12,confirmation,none,1.0,3.0,4.0,28.7275,False,False,inf,confirmation: structural commit lag 3.0s
e8-20260813,E8_speculative_window,13,confirmation,none,1.0,3.0,4.0,38.1027,False,False,inf,confirmation: structural commit lag 3.0s
e8-20260813,E8_speculative_window,14,confirmation,none,1.0,3.0,4.0,36.942,False,False,inf,confirmation: structural commit lag 3.0s
e8-20260813,E8_speculative_window,15,confirmation,none,1.0,3.0,4.0,14.078,False,False,inf,confirmation: structural commit lag 3.0s
e8-20260813,E8_speculative_window,16,confirmation,none,1.0,3.0,4.0,23.6302,False,False,inf,confirmation: structural commit lag 3.0s
e8-20260813,E8_speculative_window,17,confirmation,none,1.0,3.0,4.0,0.4591,True,True,inf,confirmation: structural commit lag 3.0s
e8-20260813,E8_speculative_window,18,confirmation,none,1.0,3.0,4.0,23.4051,False,False,inf,confirmation: structural commit lag 3.0s
e8-20260813,E8_speculative_window,19,confirmation,none,1.0,3.0,4.0,30.316,False,False,inf,confirmation: structural commit lag 3.0s
e8-20260813,E8_speculative_window,0,confirmation,none,2.0,3.0,5.0,36.9149,False,False,inf,confirmation: structural commit lag 3.0s
e8-20260813,E8_speculative_window,1,confirmation,none,2.0,3.0,5.0,4.9138,True,True,inf,confirmation: structural commit lag 3.0s
e8-20260813,E8_speculative_window,2,confirmation,none,2.0,3.0,5.0,29.1258,False,False,inf,confirmation: structural commit lag 3.0s
e8-20260813,E8_speculative_window,3,confirmation,none,2.0,3.0,5.0,5.9197,False,False,inf,confirmation: structural commit lag 3.0s
e8-20260813,E8_speculative_window,4,confirmation,none,2.0,3.0,5.0,11.8719,False,False,inf,confirmation: structural commit lag 3.0s
e8-20260813,E8_speculative_window,5,confirmation,none,2.0,3.0,5.0,31.8601,False,False,inf,confirmation: structural commit lag 3.0s
e8-20260813,E8_speculative_window,6,confirmation,none,2.0,3.0,5.0,29.8449,False,False,inf,confirmation: structural commit lag 3.0s
e8-20260813,E8_speculative_window,7,confirmation,none,2.0,3.0,5.0,7.6304,False,False,inf,confirmation: structural commit lag 3.0s
e8-20260813,E8_speculative_window,8,confirmation,none,2.0,3.0,5.0,16.2385,False,False,inf,confirmation: structural commit lag 3.0s
e8-20260813,E8_speculative_window,9,confirmation,none,2.0,3.0,5.0,13.2048,False,False,inf,confirmation: structural commit lag 3.0s
e8-20260813,E8_speculative_window,10,confirmation,none,2.0,3.0,5.0,34.1999,False,False,inf,confirmation: structural commit lag 3.0s
e8-20260813,E8_speculative_window,11,confirmation,none,2.0,3.0,5.0,39.987,False,False,inf,confirmation: structural commit lag 3.0s
e8-20260813,E8_speculative_window,12,confirmation,none,2.0,3.0,5.0,7.1761,False,False,inf,confirmation: structural commit lag 3.0s
e8-20260813,E8_speculative_window,13,confirmation,none,2.0,3.0,5.0,1.4501,True,True,inf,confirmation: structural commit lag 3.0s
e8-20260813,E8_speculative_window,14,confirmation,none,2.0,3.0,5.0,6.9564,False,False,inf,confirmation: structural commit lag 3.0s
e8-20260813,E8_speculative_window,15,confirmation,none,2.0,3.0,5.0,11.7356,False,False,inf,confirmation: structural commit lag 3.0s
e8-20260813,E8_speculative_window,16,confirmation,none,2.0,3.0,5.0,10.0845,False,False,inf,confirmation: structural commit lag 3.0s
e8-20260813,E8_speculative_window,17,confirmation,none,2.0,3.0,5.0,15.1032,False,False,inf,confirmation: structural commit lag 3.0s
e8-20260813,E8_speculative_window,18,confirmation,none,2.0,3.0,5.0,23.6441,False,False,inf,confirmation: structural commit lag 3.0s
e8-20260813,E8_speculative_window,19,confirmation,none,2.0,3.0,5.0,15.8302,False,False,inf,confirmation: structural commit lag 3.0s
e8-20260813,E8_speculative_window,0,confirmation,none,5.0,3.0,8.0,31.5611,False,False,inf,confirmation: structural commit lag 3.0s
e8-20260813,E8_speculative_window,1,confirmation,none,5.0,3.0,8.0,24.8264,False,False,inf,confirmation: structural commit lag 3.0s
e8-20260813,E8_speculative_window,2,confirmation,none,5.0,3.0,8.0,31.3282,False,False,inf,confirmation: structural commit lag 3.0s
e8-20260813,E8_speculative_window,3,confirmation,none,5.0,3.0,8.0,15.461,False,False,inf,confirmation: structural commit lag 3.0s
e8-20260813,E8_speculative_window,4,confirmation,none,5.0,3.0,8.0,10.3307,False,False,inf,confirmation: structural commit lag 3.0s
e8-20260813,E8_speculative_window,5,confirmation,none,5.0,3.0,8.0,33.7806,False,False,inf,confirmation: structural commit lag 3.0s
e8-20260813,E8_speculative_window,6,confirmation,none,5.0,3.0,8.0,30.0342,False,False,inf,confirmation: structural commit lag 3.0s
e8-20260813,E8_speculative_window,7,confirmation,none,5.0,3.0,8.0,20.7386,False,False,inf,confirmation: structural commit lag 3.0s
e8-20260813,E8_speculative_window,8,confirmation,none,5.0,3.0,8.0,11.5046,False,False,inf,confirmation: structural commit lag 3.0s
e8-20260813,E8_speculative_window,9,confirmation,none,5.0,3.0,8.0,21.5382,False,False,inf,confirmation: structural commit lag 3.0s
e8-20260813,E8_speculative_window,10,confirmation,none,5.0,3.0,8.0,14.7024,False,False,inf,confirmation: structural commit lag 3.0s
e8-20260813,E8_speculative_window,11,confirmation,none,5.0,3.0,8.0,7.2396,True,True,inf,confirmation: structural commit lag 3.0s
e8-20260813,E8_speculative_window,12,confirmation,none,5.0,3.0,8.0,20.7785,False,False,inf,confirmation: structural commit lag 3.0s
e8-20260813,E8_speculative_window,13,confirmation,none,5.0,3.0,8.0,26.6955,False,False,inf,confirmation: structural commit lag 3.0s
e8-20260813,E8_speculative_window,14,confirmation,none,5.0,3.0,8.0,21.884,False,False,inf,confirmation: structural commit lag 3.0s
e8-20260813,E8_speculative_window,15,confirmation,none,5.0,3.0,8.0,12.9137,False,False,inf,confirmation: structural commit lag 3.0s
e8-20260813,E8_speculative_window,16,confirmation,none,5.0,3.0,8.0,36.4876,False,False,inf,confirmation: structural commit lag 3.0s
e8-20260813,E8_speculative_window,17,confirmation,none,5.0,3.0,8.0,1.2328,True,True,inf,confirmation: structural commit lag 3.0s
e8-20260813,E8_speculative_window,18,confirmation,none,5.0,3.0,8.0,38.2272,False,False,inf,confirmation: structural commit lag 3.0s
e8-20260813,E8_speculative_window,19,confirmation,none,5.0,3.0,8.0,36.58,False,False,inf,confirmation: structural commit lag 3.0s
e8-20260813,E8_speculative_window,0,confirmation,none,10.0,3.0,13.0,31.126,False,False,inf,confirmation: structural commit lag 3.0s
e8-20260813,E8_speculative_window,1,confirmation,none,10.0,3.0,13.0,4.5305,True,True,inf,confirmation: structural commit lag 3.0s
e8-20260813,E8_speculative_window,2,confirmation,none,10.0,3.0,13.0,25.0717,False,False,inf,confirmation: structural commit lag 3.0s
e8-20260813,E8_speculative_window,3,confirmation,none,10.0,3.0,13.0,27.9898,False,False,inf,confirmation: structural commit lag 3.0s
e8-20260813,E8_speculative_window,4,confirmation,none,10.0,3.0,13.0,4.5644,True,True,inf,confirmation: structural commit lag 3.0s
e8-20260813,E8_speculative_window,5,confirmation,none,10.0,3.0,13.0,4.8393,True,True,inf,confirmation: structural commit lag 3.0s
e8-20260813,E8_speculative_window,6,confirmation,none,10.0,3.0,13.0,33.8196,False,False,inf,confirmation: structural commit lag 3.0s
e8-20260813,E8_speculative_window,7,confirmation,none,10.0,3.0,13.0,33.2789,False,False,inf,confirmation: structural commit lag 3.0s
e8-20260813,E8_speculative_window,8,confirmation,none,10.0,3.0,13.0,4.7845,True,True,inf,confirmation: structural commit lag 3.0s
e8-20260813,E8_speculative_window,9,confirmation,none,10.0,3.0,13.0,34.4734,False,False,inf,confirmation: structural commit lag 3.0s
e8-20260813,E8_speculative_window,10,confirmation,none,10.0,3.0,13.0,18.3918,False,False,inf,confirmation: structural commit lag 3.0s
e8-20260813,E8_speculative_window,11,confirmation,none,10.0,3.0,13.0,9.1541,True,True,inf,confirmation: structural commit lag 3.0s
e8-20260813,E8_speculative_window,12,confirmation,none,10.0,3.0,13.0,11.3545,True,True,inf,confirmation: structural commit lag 3.0s
e8-20260813,E8_speculative_window,13,confirmation,none,10.0,3.0,13.0,1.3873,True,True,inf,confirmation: structural commit lag 3.0s
e8-20260813,E8_speculative_window,14,confirmation,none,10.0,3.0,13.0,15.1632,False,False,inf,confirmation: structural commit lag 3.0s
e8-20260813,E8_speculative_window,15,confirmation,none,10.0,3.0,13.0,15.272,False,False,inf,confirmation: structural commit lag 3.0s
e8-20260813,E8_speculative_window,16,confirmation,none,10.0,3.0,13.0,34.9807,False,False,inf,confirmation: structural commit lag 3.0s
e8-20260813,E8_speculative_window,17,confirmation,none,10.0,3.0,13.0,9.9796,True,True,inf,confirmation: structural commit lag 3.0s
e8-20260813,E8_speculative_window,18,confirmation,none,10.0,3.0,13.0,31.8441,False,False,inf,confirmation: structural commit lag 3.0s
e8-20260813,E8_speculative_window,19,confirmation,none,10.0,3.0,13.0,35.8655,False,False,inf,confirmation: structural commit lag 3.0s
e8-20260813,E8_speculative_window,0,confirmation,none,20.0,3.0,23.0,1.5117,True,True,inf,confirmation: structural commit lag 3.0s
e8-20260813,E8_speculative_window,1,confirmation,none,20.0,3.0,23.0,36.26,False,False,inf,confirmation: structural commit lag 3.0s
e8-20260813,E8_speculative_window,2,confirmation,none,20.0,3.0,23.0,29.2041,False,False,inf,confirmation: structural commit lag 3.0s
e8-20260813,E8_speculative_window,3,confirmation,none,20.0,3.0,23.0,7.7092,True,True,inf,confirmation: structural commit lag 3.0s
e8-20260813,E8_speculative_window,4,confirmation,none,20.0,3.0,23.0,11.6179,True,True,inf,confirmation: structural commit lag 3.0s
e8-20260813,E8_speculative_window,5,confirmation,none,20.0,3.0,23.0,11.9793,True,True,inf,confirmation: structural commit lag 3.0s
e8-20260813,E8_speculative_window,6,confirmation,none,20.0,3.0,23.0,19.0186,True,True,inf,confirmation: structural commit lag 3.0s
e8-20260813,E8_speculative_window,7,confirmation,none,20.0,3.0,23.0,36.211,False,False,inf,confirmation: structural commit lag 3.0s
e8-20260813,E8_speculative_window,8,confirmation,none,20.0,3.0,23.0,3.3692,True,True,inf,confirmation: structural commit lag 3.0s
e8-20260813,E8_speculative_window,9,confirmation,none,20.0,3.0,23.0,38.0398,False,False,inf,confirmation: structural commit lag 3.0s
e8-20260813,E8_speculative_window,10,confirmation,none,20.0,3.0,23.0,20.0682,True,True,inf,confirmation: structural commit lag 3.0s
e8-20260813,E8_speculative_window,11,confirmation,none,20.0,3.0,23.0,33.7071,False,False,inf,confirmation: structural commit lag 3.0s
e8-20260813,E8_speculative_window,12,confirmation,none,20.0,3.0,23.0,39.6791,False,False,inf,confirmation: structural commit lag 3.0s
e8-20260813,E8_speculative_window,13,confirmation,none,20.0,3.0,23.0,26.5493,False,False,inf,confirmation: structural commit lag 3.0s
e8-20260813,E8_speculative_window,14,confirmation,none,20.0,3.0,23.0,29.8788,False,False,inf,confirmation: structural commit lag 3.0s
e8-20260813,E8_speculative_window,15,confirmation,none,20.0,3.0,23.0,0.0172,True,True,inf,confirmation: structural commit lag 3.0s
e8-20260813,E8_speculative_window,16,confirmation,none,20.0,3.0,23.0,37.0197,False,False,inf,confirmation: structural commit lag 3.0s
e8-20260813,E8_speculative_window,17,confirmation,none,20.0,3.0,23.0,23.178,False,False,inf,confirmation: structural commit lag 3.0s
e8-20260813,E8_speculative_window,18,confirmation,none,20.0,3.0,23.0,25.5456,False,False,inf,confirmation: structural commit lag 3.0s
e8-20260813,E8_speculative_window,19,confirmation,none,20.0,3.0,23.0,15.0227,True,True,inf,confirmation: structural commit lag 3.0s
e8-20260813,E8_speculative_window,0,confirmation,none,40.0,3.0,43.0,28.803,True,True,inf,confirmation: structural commit lag 3.0s
e8-20260813,E8_speculative_window,1,confirmation,none,40.0,3.0,43.0,26.3566,True,True,inf,confirmation: structural commit lag 3.0s
e8-20260813,E8_speculative_window,2,confirmation,none,40.0,3.0,43.0,6.2762,True,True,inf,confirmation: structural commit lag 3.0s
e8-20260813,E8_speculative_window,3,confirmation,none,40.0,3.0,43.0,36.8848,True,True,inf,confirmation: structural commit lag 3.0s
e8-20260813,E8_speculative_window,4,confirmation,none,40.0,3.0,43.0,33.2303,True,True,inf,confirmation: structural commit lag 3.0s
e8-20260813,E8_speculative_window,5,confirmation,none,40.0,3.0,43.0,36.491,True,True,inf,confirmation: structural commit lag 3.0s
e8-20260813,E8_speculative_window,6,confirmation,none,40.0,3.0,43.0,39.634,True,True,inf,confirmation: structural commit lag 3.0s
e8-20260813,E8_speculative_window,7,confirmation,none,40.0,3.0,43.0,1.461,True,True,inf,confirmation: structural commit lag 3.0s
e8-20260813,E8_speculative_window,8,confirmation,none,40.0,3.0,43.0,19.979,True,True,inf,confirmation: structural commit lag 3.0s
e8-20260813,E8_speculative_window,9,confirmation,none,40.0,3.0,43.0,31.7106,True,True,inf,confirmation: structural commit lag 3.0s
e8-20260813,E8_speculative_window,10,confirmation,none,40.0,3.0,43.0,31.7356,True,True,inf,confirmation: structural commit lag 3.0s
e8-20260813,E8_speculative_window,11,confirmation,none,40.0,3.0,43.0,7.3778,True,True,inf,confirmation: structural commit lag 3.0s
e8-20260813,E8_speculative_window,12,confirmation,none,40.0,3.0,43.0,29.9055,True,True,inf,confirmation: structural commit lag 3.0s
e8-20260813,E8_speculative_window,13,confirmation,none,40.0,3.0,43.0,18.9764,True,True,inf,confirmation: structural commit lag 3.0s
e8-20260813,E8_speculative_window,14,confirmation,none,40.0,3.0,43.0,1.9161,True,True,inf,confirmation: structural commit lag 3.0s
e8-20260813,E8_speculative_window,15,confirmation,none,40.0,3.0,43.0,29.1945,True,True,inf,confirmation: structural commit lag 3.0s
e8-20260813,E8_speculative_window,16,confirmation,none,40.0,3.0,43.0,23.4047,True,True,inf,confirmation: structural commit lag 3.0s
e8-20260813,E8_speculative_window,17,confirmation,none,40.0,3.0,43.0,33.1944,True,True,inf,confirmation: structural commit lag 3.0s
e8-20260813,E8_speculative_window,18,confirmation,none,40.0,3.0,43.0,23.0085,True,True,inf,confirmation: structural commit lag 3.0s
e8-20260813,E8_speculative_window,19,confirmation,none,40.0,3.0,43.0,35.0561,True,True,inf,confirmation: structural commit lag 3.0s
e8-20260813,E8_speculative_window,0,confirmation,static,0.0,3.0,3.0,28.5235,False,False,2.0,confirmation: structural commit lag 3.0s
e8-20260813,E8_speculative_window,1,confirmation,static,0.0,3.0,3.0,11.8839,False,False,2.0,confirmation: structural commit lag 3.0s
e8-20260813,E8_speculative_window,2,confirmation,static,0.0,3.0,3.0,11.3105,False,False,2.0,confirmation: structural commit lag 3.0s
e8-20260813,E8_speculative_window,3,confirmation,static,0.0,3.0,3.0,29.3266,False,False,2.0,confirmation: structural commit lag 3.0s
e8-20260813,E8_speculative_window,4,confirmation,static,0.0,3.0,3.0,26.622,False,False,2.0,confirmation: structural commit lag 3.0s
e8-20260813,E8_speculative_window,5,confirmation,static,0.0,3.0,3.0,4.6342,False,False,2.0,confirmation: structural commit lag 3.0s
e8-20260813,E8_speculative_window,6,confirmation,static,0.0,3.0,3.0,34.9766,False,False,2.0,confirmation: structural commit lag 3.0s
e8-20260813,E8_speculative_window,7,confirmation,static,0.0,3.0,3.0,38.7004,False,False,2.0,confirmation: structural commit lag 3.0s
e8-20260813,E8_speculative_window,8,confirmation,static,0.0,3.0,3.0,5.8608,False,False,2.0,confirmation: structural commit lag 3.0s
e8-20260813,E8_speculative_window,9,confirmation,static,0.0,3.0,3.0,6.0309,False,False,2.0,confirmation: structural commit lag 3.0s
e8-20260813,E8_speculative_window,10,confirmation,static,0.0,3.0,3.0,34.9589,False,False,2.0,confirmation: structural commit lag 3.0s
e8-20260813,E8_speculative_window,11,confirmation,static,0.0,3.0,3.0,24.8475,False,False,2.0,confirmation: structural commit lag 3.0s
e8-20260813,E8_speculative_window,12,confirmation,static,0.0,3.0,3.0,34.6954,False,False,2.0,confirmation: structural commit lag 3.0s
e8-20260813,E8_speculative_window,13,confirmation,static,0.0,3.0,3.0,17.2841,False,False,2.0,confirmation: structural commit lag 3.0s
e8-20260813,E8_speculative_window,14,confirmation,static,0.0,3.0,3.0,33.63,False,False,2.0,confirmation: structural commit lag 3.0s
e8-20260813,E8_speculative_window,15,confirmation,static,0.0,3.0,3.0,13.0604,False,False,2.0,confirmation: structural commit lag 3.0s
e8-20260813,E8_speculative_window,16,confirmation,static,0.0,3.0,3.0,7.0791,False,False,2.0,confirmation: structural commit lag 3.0s
e8-20260813,E8_speculative_window,17,confirmation,static,0.0,3.0,3.0,7.6053,False,False,2.0,confirmation: structural commit lag 3.0s
e8-20260813,E8_speculative_window,18,confirmation,static,0.0,3.0,3.0,13.3163,False,False,2.0,confirmation: structural commit lag 3.0s
e8-20260813,E8_speculative_window,19,confirmation,static,0.0,3.0,3.0,12.8002,False,False,2.0,confirmation: structural commit lag 3.0s
e8-20260813,E8_speculative_window,0,confirmation,static,0.1,3.0,3.1,12.6518,False,False,2.0,confirmation: structural commit lag 3.0s
e8-20260813,E8_speculative_window,1,confirmation,static,0.1,3.0,3.1,18.4733,False,False,2.0,confirmation: structural commit lag 3.0s
e8-20260813,E8_speculative_window,2,confirmation,static,0.1,3.0,3.1,31.4533,False,False,2.0,confirmation: structural commit lag 3.0s
e8-20260813,E8_speculative_window,3,confirmation,static,0.1,3.0,3.1,24.307,False,False,2.0,confirmation: structural commit lag 3.0s
e8-20260813,E8_speculative_window,4,confirmation,static,0.1,3.0,3.1,17.3049,False,False,2.0,confirmation: structural commit lag 3.0s
e8-20260813,E8_speculative_window,5,confirmation,static,0.1,3.0,3.1,35.9693,False,False,2.0,confirmation: structural commit lag 3.0s
e8-20260813,E8_speculative_window,6,confirmation,static,0.1,3.0,3.1,32.6991,False,False,2.0,confirmation: structural commit lag 3.0s
e8-20260813,E8_speculative_window,7,confirmation,static,0.1,3.0,3.1,3.017,False,False,2.0,confirmation: structural commit lag 3.0s
e8-20260813,E8_speculative_window,8,confirmation,static,0.1,3.0,3.1,39.5234,False,False,2.0,confirmation: structural commit lag 3.0s
e8-20260813,E8_speculative_window,9,confirmation,static,0.1,3.0,3.1,27.2912,False,False,2.0,confirmation: structural commit lag 3.0s
e8-20260813,E8_speculative_window,10,confirmation,static,0.1,3.0,3.1,4.6426,False,False,2.0,confirmation: structural commit lag 3.0s
e8-20260813,E8_speculative_window,11,confirmation,static,0.1,3.0,3.1,22.7985,False,False,2.0,confirmation: structural commit lag 3.0s
e8-20260813,E8_speculative_window,12,confirmation,static,0.1,3.0,3.1,34.1325,False,False,2.0,confirmation: structural commit lag 3.0s
e8-20260813,E8_speculative_window,13,confirmation,static,0.1,3.0,3.1,27.6045,False,False,2.0,confirmation: structural commit lag 3.0s
e8-20260813,E8_speculative_window,14,confirmation,static,0.1,3.0,3.1,4.3782,False,False,2.0,confirmation: structural commit lag 3.0s
e8-20260813,E8_speculative_window,15,confirmation,static,0.1,3.0,3.1,35.1083,False,False,2.0,confirmation: structural commit lag 3.0s
e8-20260813,E8_speculative_window,16,confirmation,static,0.1,3.0,3.1,38.5514,False,False,2.0,confirmation: structural commit lag 3.0s
e8-20260813,E8_speculative_window,17,confirmation,static,0.1,3.0,3.1,34.8691,False,False,2.0,confirmation: structural commit lag 3.0s
e8-20260813,E8_speculative_window,18,confirmation,static,0.1,3.0,3.1,16.1523,False,False,2.0,confirmation: structural commit lag 3.0s
e8-20260813,E8_speculative_window,19,confirmation,static,0.1,3.0,3.1,26.078,False,False,2.0,confirmation: structural commit lag 3.0s
e8-20260813,E8_speculative_window,0,confirmation,static,0.25,3.0,3.25,24.1537,False,False,2.0,confirmation: structural commit lag 3.0s
e8-20260813,E8_speculative_window,1,confirmation,static,0.25,3.0,3.25,19.0934,False,False,2.0,confirmation: structural commit lag 3.0s
e8-20260813,E8_speculative_window,2,confirmation,static,0.25,3.0,3.25,28.1579,False,False,2.0,confirmation: structural commit lag 3.0s
e8-20260813,E8_speculative_window,3,confirmation,static,0.25,3.0,3.25,9.8595,False,False,2.0,confirmation: structural commit lag 3.0s
e8-20260813,E8_speculative_window,4,confirmation,static,0.25,3.0,3.25,31.7579,False,False,2.0,confirmation: structural commit lag 3.0s
e8-20260813,E8_speculative_window,5,confirmation,static,0.25,3.0,3.25,19.73,False,False,2.0,confirmation: structural commit lag 3.0s
e8-20260813,E8_speculative_window,6,confirmation,static,0.25,3.0,3.25,23.6459,False,False,2.0,confirmation: structural commit lag 3.0s
e8-20260813,E8_speculative_window,7,confirmation,static,0.25,3.0,3.25,32.2951,False,False,2.0,confirmation: structural commit lag 3.0s
e8-20260813,E8_speculative_window,8,confirmation,static,0.25,3.0,3.25,13.8193,False,False,2.0,confirmation: structural commit lag 3.0s
e8-20260813,E8_speculative_window,9,confirmation,static,0.25,3.0,3.25,4.0917,False,False,2.0,confirmation: structural commit lag 3.0s
e8-20260813,E8_speculative_window,10,confirmation,static,0.25,3.0,3.25,13.1228,False,False,2.0,confirmation: structural commit lag 3.0s
e8-20260813,E8_speculative_window,11,confirmation,static,0.25,3.0,3.25,23.4806,False,False,2.0,confirmation: structural commit lag 3.0s
e8-20260813,E8_speculative_window,12,confirmation,static,0.25,3.0,3.25,27.1274,False,False,2.0,confirmation: structural commit lag 3.0s
e8-20260813,E8_speculative_window,13,confirmation,static,0.25,3.0,3.25,33.1266,False,False,2.0,confirmation: structural commit lag 3.0s
e8-20260813,E8_speculative_window,14,confirmation,static,0.25,3.0,3.25,20.1771,False,False,2.0,confirmation: structural commit lag 3.0s
e8-20260813,E8_speculative_window,15,confirmation,static,0.25,3.0,3.25,24.3892,False,False,2.0,confirmation: structural commit lag 3.0s
e8-20260813,E8_speculative_window,16,confirmation,static,0.25,3.0,3.25,39.2805,False,False,2.0,confirmation: structural commit lag 3.0s
e8-20260813,E8_speculative_window,17,confirmation,static,0.25,3.0,3.25,6.2831,False,False,2.0,confirmation: structural commit lag 3.0s
e8-20260813,E8_speculative_window,18,confirmation,static,0.25,3.0,3.25,6.238,False,False,2.0,confirmation: structural commit lag 3.0s
e8-20260813,E8_speculative_window,19,confirmation,static,0.25,3.0,3.25,14.9929,False,False,2.0,confirmation: structural commit lag 3.0s
e8-20260813,E8_speculative_window,0,confirmation,static,0.5,3.0,3.5,37.8694,False,False,2.0,confirmation: structural commit lag 3.0s
e8-20260813,E8_speculative_window,1,confirmation,static,0.5,3.0,3.5,3.3365,False,False,2.0,confirmation: structural commit lag 3.0s
e8-20260813,E8_speculative_window,2,confirmation,static,0.5,3.0,3.5,1.7515,True,True,2.0,confirmation: structural commit lag 3.0s
e8-20260813,E8_speculative_window,3,confirmation,static,0.5,3.0,3.5,18.3291,False,False,2.0,confirmation: structural commit lag 3.0s
e8-20260813,E8_speculative_window,4,confirmation,static,0.5,3.0,3.5,4.6476,False,False,2.0,confirmation: structural commit lag 3.0s
e8-20260813,E8_speculative_window,5,confirmation,static,0.5,3.0,3.5,38.9037,False,False,2.0,confirmation: structural commit lag 3.0s
e8-20260813,E8_speculative_window,6,confirmation,static,0.5,3.0,3.5,34.8628,False,False,2.0,confirmation: structural commit lag 3.0s
e8-20260813,E8_speculative_window,7,confirmation,static,0.5,3.0,3.5,34.459,False,False,2.0,confirmation: structural commit lag 3.0s
e8-20260813,E8_speculative_window,8,confirmation,static,0.5,3.0,3.5,9.3246,False,False,2.0,confirmation: structural commit lag 3.0s
e8-20260813,E8_speculative_window,9,confirmation,static,0.5,3.0,3.5,3.3182,False,False,2.0,confirmation: structural commit lag 3.0s
e8-20260813,E8_speculative_window,10,confirmation,static,0.5,3.0,3.5,34.7645,False,False,2.0,confirmation: structural commit lag 3.0s
e8-20260813,E8_speculative_window,11,confirmation,static,0.5,3.0,3.5,0.2715,True,True,2.0,confirmation: structural commit lag 3.0s
e8-20260813,E8_speculative_window,12,confirmation,static,0.5,3.0,3.5,27.0897,False,False,2.0,confirmation: structural commit lag 3.0s
e8-20260813,E8_speculative_window,13,confirmation,static,0.5,3.0,3.5,7.4059,False,False,2.0,confirmation: structural commit lag 3.0s
e8-20260813,E8_speculative_window,14,confirmation,static,0.5,3.0,3.5,21.2474,False,False,2.0,confirmation: structural commit lag 3.0s
e8-20260813,E8_speculative_window,15,confirmation,static,0.5,3.0,3.5,21.7245,False,False,2.0,confirmation: structural commit lag 3.0s
e8-20260813,E8_speculative_window,16,confirmation,static,0.5,3.0,3.5,19.3379,False,False,2.0,confirmation: structural commit lag 3.0s
e8-20260813,E8_speculative_window,17,confirmation,static,0.5,3.0,3.5,9.4638,False,False,2.0,confirmation: structural commit lag 3.0s
e8-20260813,E8_speculative_window,18,confirmation,static,0.5,3.0,3.5,35.6858,False,False,2.0,confirmation: structural commit lag 3.0s
e8-20260813,E8_speculative_window,19,confirmation,static,0.5,3.0,3.5,16.6707,False,False,2.0,confirmation: structural commit lag 3.0s
e8-20260813,E8_speculative_window,0,confirmation,static,1.0,3.0,4.0,25.9538,False,False,2.0,confirmation: structural commit lag 3.0s
e8-20260813,E8_speculative_window,1,confirmation,static,1.0,3.0,4.0,0.8583,True,True,2.0,confirmation: structural commit lag 3.0s
e8-20260813,E8_speculative_window,2,confirmation,static,1.0,3.0,4.0,30.49,False,False,2.0,confirmation: structural commit lag 3.0s
e8-20260813,E8_speculative_window,3,confirmation,static,1.0,3.0,4.0,6.4868,False,False,2.0,confirmation: structural commit lag 3.0s
e8-20260813,E8_speculative_window,4,confirmation,static,1.0,3.0,4.0,37.6015,False,False,2.0,confirmation: structural commit lag 3.0s
e8-20260813,E8_speculative_window,5,confirmation,static,1.0,3.0,4.0,5.3958,False,False,2.0,confirmation: structural commit lag 3.0s
e8-20260813,E8_speculative_window,6,confirmation,static,1.0,3.0,4.0,28.6882,False,False,2.0,confirmation: structural commit lag 3.0s
e8-20260813,E8_speculative_window,7,confirmation,static,1.0,3.0,4.0,27.2877,False,False,2.0,confirmation: structural commit lag 3.0s
e8-20260813,E8_speculative_window,8,confirmation,static,1.0,3.0,4.0,34.0959,False,False,2.0,confirmation: structural commit lag 3.0s
e8-20260813,E8_speculative_window,9,confirmation,static,1.0,3.0,4.0,26.9768,False,False,2.0,confirmation: structural commit lag 3.0s
e8-20260813,E8_speculative_window,10,confirmation,static,1.0,3.0,4.0,25.1704,False,False,2.0,confirmation: structural commit lag 3.0s
e8-20260813,E8_speculative_window,11,confirmation,static,1.0,3.0,4.0,7.4255,False,False,2.0,confirmation: structural commit lag 3.0s
e8-20260813,E8_speculative_window,12,confirmation,static,1.0,3.0,4.0,26.7513,False,False,2.0,confirmation: structural commit lag 3.0s
e8-20260813,E8_speculative_window,13,confirmation,static,1.0,3.0,4.0,39.0388,False,False,2.0,confirmation: structural commit lag 3.0s
e8-20260813,E8_speculative_window,14,confirmation,static,1.0,3.0,4.0,24.743,False,False,2.0,confirmation: structural commit lag 3.0s
e8-20260813,E8_speculative_window,15,confirmation,static,1.0,3.0,4.0,15.8978,False,False,2.0,confirmation: structural commit lag 3.0s
e8-20260813,E8_speculative_window,16,confirmation,static,1.0,3.0,4.0,32.8223,False,False,2.0,confirmation: structural commit lag 3.0s
e8-20260813,E8_speculative_window,17,confirmation,static,1.0,3.0,4.0,15.1369,False,False,2.0,confirmation: structural commit lag 3.0s
e8-20260813,E8_speculative_window,18,confirmation,static,1.0,3.0,4.0,5.8068,False,False,2.0,confirmation: structural commit lag 3.0s
e8-20260813,E8_speculative_window,19,confirmation,static,1.0,3.0,4.0,2.8046,False,False,2.0,confirmation: structural commit lag 3.0s
e8-20260813,E8_speculative_window,0,confirmation,static,2.0,3.0,5.0,25.8185,False,False,2.0,confirmation: structural commit lag 3.0s
e8-20260813,E8_speculative_window,1,confirmation,static,2.0,3.0,5.0,20.076,False,False,2.0,confirmation: structural commit lag 3.0s
e8-20260813,E8_speculative_window,2,confirmation,static,2.0,3.0,5.0,27.9668,False,False,2.0,confirmation: structural commit lag 3.0s
e8-20260813,E8_speculative_window,3,confirmation,static,2.0,3.0,5.0,7.0174,False,False,2.0,confirmation: structural commit lag 3.0s
e8-20260813,E8_speculative_window,4,confirmation,static,2.0,3.0,5.0,0.5305,True,True,2.0,confirmation: structural commit lag 3.0s
e8-20260813,E8_speculative_window,5,confirmation,static,2.0,3.0,5.0,33.9972,False,False,2.0,confirmation: structural commit lag 3.0s
e8-20260813,E8_speculative_window,6,confirmation,static,2.0,3.0,5.0,31.4102,False,False,2.0,confirmation: structural commit lag 3.0s
e8-20260813,E8_speculative_window,7,confirmation,static,2.0,3.0,5.0,20.4236,False,False,2.0,confirmation: structural commit lag 3.0s
e8-20260813,E8_speculative_window,8,confirmation,static,2.0,3.0,5.0,21.808,False,False,2.0,confirmation: structural commit lag 3.0s
e8-20260813,E8_speculative_window,9,confirmation,static,2.0,3.0,5.0,6.2609,False,False,2.0,confirmation: structural commit lag 3.0s
e8-20260813,E8_speculative_window,10,confirmation,static,2.0,3.0,5.0,33.3938,False,False,2.0,confirmation: structural commit lag 3.0s
e8-20260813,E8_speculative_window,11,confirmation,static,2.0,3.0,5.0,22.6112,False,False,2.0,confirmation: structural commit lag 3.0s
e8-20260813,E8_speculative_window,12,confirmation,static,2.0,3.0,5.0,29.4456,False,False,2.0,confirmation: structural commit lag 3.0s
e8-20260813,E8_speculative_window,13,confirmation,static,2.0,3.0,5.0,34.0633,False,False,2.0,confirmation: structural commit lag 3.0s
e8-20260813,E8_speculative_window,14,confirmation,static,2.0,3.0,5.0,17.5789,False,False,2.0,confirmation: structural commit lag 3.0s
e8-20260813,E8_speculative_window,15,confirmation,static,2.0,3.0,5.0,20.4424,False,False,2.0,confirmation: structural commit lag 3.0s
e8-20260813,E8_speculative_window,16,confirmation,static,2.0,3.0,5.0,19.454,False,False,2.0,confirmation: structural commit lag 3.0s
e8-20260813,E8_speculative_window,17,confirmation,static,2.0,3.0,5.0,22.3908,False,False,2.0,confirmation: structural commit lag 3.0s
e8-20260813,E8_speculative_window,18,confirmation,static,2.0,3.0,5.0,27.0326,False,False,2.0,confirmation: structural commit lag 3.0s
e8-20260813,E8_speculative_window,19,confirmation,static,2.0,3.0,5.0,35.5842,False,False,2.0,confirmation: structural commit lag 3.0s
e8-20260813,E8_speculative_window,0,confirmation,static,5.0,3.0,8.0,2.2182,False,False,2.0,confirmation: structural commit lag 3.0s
e8-20260813,E8_speculative_window,1,confirmation,static,5.0,3.0,8.0,34.6257,False,False,2.0,confirmation: structural commit lag 3.0s
e8-20260813,E8_speculative_window,2,confirmation,static,5.0,3.0,8.0,3.1842,False,False,2.0,confirmation: structural commit lag 3.0s
e8-20260813,E8_speculative_window,3,confirmation,static,5.0,3.0,8.0,24.1422,False,False,2.0,confirmation: structural commit lag 3.0s
e8-20260813,E8_speculative_window,4,confirmation,static,5.0,3.0,8.0,10.4442,False,False,2.0,confirmation: structural commit lag 3.0s
e8-20260813,E8_speculative_window,5,confirmation,static,5.0,3.0,8.0,12.7189,False,False,2.0,confirmation: structural commit lag 3.0s
e8-20260813,E8_speculative_window,6,confirmation,static,5.0,3.0,8.0,15.3072,False,False,2.0,confirmation: structural commit lag 3.0s
e8-20260813,E8_speculative_window,7,confirmation,static,5.0,3.0,8.0,25.3677,False,False,2.0,confirmation: structural commit lag 3.0s
e8-20260813,E8_speculative_window,8,confirmation,static,5.0,3.0,8.0,26.0442,False,False,2.0,confirmation: structural commit lag 3.0s
e8-20260813,E8_speculative_window,9,confirmation,static,5.0,3.0,8.0,18.5561,False,False,2.0,confirmation: structural commit lag 3.0s
e8-20260813,E8_speculative_window,10,confirmation,static,5.0,3.0,8.0,13.4971,False,False,2.0,confirmation: structural commit lag 3.0s
e8-20260813,E8_speculative_window,11,confirmation,static,5.0,3.0,8.0,0.9497,True,True,2.0,confirmation: structural commit lag 3.0s
e8-20260813,E8_speculative_window,12,confirmation,static,5.0,3.0,8.0,1.0477,True,True,2.0,confirmation: structural commit lag 3.0s
e8-20260813,E8_speculative_window,13,confirmation,static,5.0,3.0,8.0,30.5886,False,False,2.0,confirmation: structural commit lag 3.0s
e8-20260813,E8_speculative_window,14,confirmation,static,5.0,3.0,8.0,16.2319,False,False,2.0,confirmation: structural commit lag 3.0s
e8-20260813,E8_speculative_window,15,confirmation,static,5.0,3.0,8.0,20.2027,False,False,2.0,confirmation: structural commit lag 3.0s
e8-20260813,E8_speculative_window,16,confirmation,static,5.0,3.0,8.0,19.7918,False,False,2.0,confirmation: structural commit lag 3.0s
e8-20260813,E8_speculative_window,17,confirmation,static,5.0,3.0,8.0,11.0172,False,False,2.0,confirmation: structural commit lag 3.0s
e8-20260813,E8_speculative_window,18,confirmation,static,5.0,3.0,8.0,16.71,False,False,2.0,confirmation: structural commit lag 3.0s
e8-20260813,E8_speculative_window,19,confirmation,static,5.0,3.0,8.0,36.2516,False,False,2.0,confirmation: structural commit lag 3.0s
e8-20260813,E8_speculative_window,0,confirmation,static,10.0,3.0,13.0,30.0244,False,False,2.0,confirmation: structural commit lag 3.0s
e8-20260813,E8_speculative_window,1,confirmation,static,10.0,3.0,13.0,9.2775,False,False,2.0,confirmation: structural commit lag 3.0s
e8-20260813,E8_speculative_window,2,confirmation,static,10.0,3.0,13.0,3.1323,False,False,2.0,confirmation: structural commit lag 3.0s
e8-20260813,E8_speculative_window,3,confirmation,static,10.0,3.0,13.0,1.571,True,True,2.0,confirmation: structural commit lag 3.0s
e8-20260813,E8_speculative_window,4,confirmation,static,10.0,3.0,13.0,19.3447,False,False,2.0,confirmation: structural commit lag 3.0s
e8-20260813,E8_speculative_window,5,confirmation,static,10.0,3.0,13.0,17.7012,False,False,2.0,confirmation: structural commit lag 3.0s
e8-20260813,E8_speculative_window,6,confirmation,static,10.0,3.0,13.0,28.3263,False,False,2.0,confirmation: structural commit lag 3.0s
e8-20260813,E8_speculative_window,7,confirmation,static,10.0,3.0,13.0,22.0181,False,False,2.0,confirmation: structural commit lag 3.0s
e8-20260813,E8_speculative_window,8,confirmation,static,10.0,3.0,13.0,9.2536,False,False,2.0,confirmation: structural commit lag 3.0s
e8-20260813,E8_speculative_window,9,confirmation,static,10.0,3.0,13.0,28.3441,False,False,2.0,confirmation: structural commit lag 3.0s
e8-20260813,E8_speculative_window,10,confirmation,static,10.0,3.0,13.0,3.7121,False,False,2.0,confirmation: structural commit lag 3.0s
e8-20260813,E8_speculative_window,11,confirmation,static,10.0,3.0,13.0,28.457,False,False,2.0,confirmation: structural commit lag 3.0s
e8-20260813,E8_speculative_window,12,confirmation,static,10.0,3.0,13.0,29.9029,False,False,2.0,confirmation: structural commit lag 3.0s
e8-20260813,E8_speculative_window,13,confirmation,static,10.0,3.0,13.0,13.9194,False,False,2.0,confirmation: structural commit lag 3.0s
e8-20260813,E8_speculative_window,14,confirmation,static,10.0,3.0,13.0,20.031,False,False,2.0,confirmation: structural commit lag 3.0s
e8-20260813,E8_speculative_window,15,confirmation,static,10.0,3.0,13.0,11.6651,False,False,2.0,confirmation: structural commit lag 3.0s
e8-20260813,E8_speculative_window,16,confirmation,static,10.0,3.0,13.0,13.4119,False,False,2.0,confirmation: structural commit lag 3.0s
e8-20260813,E8_speculative_window,17,confirmation,static,10.0,3.0,13.0,13.1297,False,False,2.0,confirmation: structural commit lag 3.0s
e8-20260813,E8_speculative_window,18,confirmation,static,10.0,3.0,13.0,24.6624,False,False,2.0,confirmation: structural commit lag 3.0s
e8-20260813,E8_speculative_window,19,confirmation,static,10.0,3.0,13.0,2.595,False,False,2.0,confirmation: structural commit lag 3.0s
e8-20260813,E8_speculative_window,0,confirmation,static,20.0,3.0,23.0,12.8692,False,False,2.0,confirmation: structural commit lag 3.0s
e8-20260813,E8_speculative_window,1,confirmation,static,20.0,3.0,23.0,0.0894,True,True,2.0,confirmation: structural commit lag 3.0s
e8-20260813,E8_speculative_window,2,confirmation,static,20.0,3.0,23.0,21.3634,False,False,2.0,confirmation: structural commit lag 3.0s
e8-20260813,E8_speculative_window,3,confirmation,static,20.0,3.0,23.0,32.8119,False,False,2.0,confirmation: structural commit lag 3.0s
e8-20260813,E8_speculative_window,4,confirmation,static,20.0,3.0,23.0,39.4054,False,False,2.0,confirmation: structural commit lag 3.0s
e8-20260813,E8_speculative_window,5,confirmation,static,20.0,3.0,23.0,10.6432,False,False,2.0,confirmation: structural commit lag 3.0s
e8-20260813,E8_speculative_window,6,confirmation,static,20.0,3.0,23.0,27.8603,False,False,2.0,confirmation: structural commit lag 3.0s
e8-20260813,E8_speculative_window,7,confirmation,static,20.0,3.0,23.0,21.4634,False,False,2.0,confirmation: structural commit lag 3.0s
e8-20260813,E8_speculative_window,8,confirmation,static,20.0,3.0,23.0,22.676,False,False,2.0,confirmation: structural commit lag 3.0s
e8-20260813,E8_speculative_window,9,confirmation,static,20.0,3.0,23.0,15.4583,False,False,2.0,confirmation: structural commit lag 3.0s
e8-20260813,E8_speculative_window,10,confirmation,static,20.0,3.0,23.0,8.9917,False,False,2.0,confirmation: structural commit lag 3.0s
e8-20260813,E8_speculative_window,11,confirmation,static,20.0,3.0,23.0,17.8258,False,False,2.0,confirmation: structural commit lag 3.0s
e8-20260813,E8_speculative_window,12,confirmation,static,20.0,3.0,23.0,35.1387,False,False,2.0,confirmation: structural commit lag 3.0s
e8-20260813,E8_speculative_window,13,confirmation,static,20.0,3.0,23.0,25.7127,False,False,2.0,confirmation: structural commit lag 3.0s
e8-20260813,E8_speculative_window,14,confirmation,static,20.0,3.0,23.0,20.1629,False,False,2.0,confirmation: structural commit lag 3.0s
e8-20260813,E8_speculative_window,15,confirmation,static,20.0,3.0,23.0,39.2715,False,False,2.0,confirmation: structural commit lag 3.0s
e8-20260813,E8_speculative_window,16,confirmation,static,20.0,3.0,23.0,35.4165,False,False,2.0,confirmation: structural commit lag 3.0s
e8-20260813,E8_speculative_window,17,confirmation,static,20.0,3.0,23.0,25.0641,False,False,2.0,confirmation: structural commit lag 3.0s
e8-20260813,E8_speculative_window,18,confirmation,static,20.0,3.0,23.0,17.2293,False,False,2.0,confirmation: structural commit lag 3.0s
e8-20260813,E8_speculative_window,19,confirmation,static,20.0,3.0,23.0,15.7246,False,False,2.0,confirmation: structural commit lag 3.0s
e8-20260813,E8_speculative_window,0,confirmation,static,40.0,3.0,43.0,20.0361,False,False,2.0,confirmation: structural commit lag 3.0s
e8-20260813,E8_speculative_window,1,confirmation,static,40.0,3.0,43.0,25.8025,False,False,2.0,confirmation: structural commit lag 3.0s
e8-20260813,E8_speculative_window,2,confirmation,static,40.0,3.0,43.0,19.0438,False,False,2.0,confirmation: structural commit lag 3.0s
e8-20260813,E8_speculative_window,3,confirmation,static,40.0,3.0,43.0,23.5108,False,False,2.0,confirmation: structural commit lag 3.0s
e8-20260813,E8_speculative_window,4,confirmation,static,40.0,3.0,43.0,10.8758,False,False,2.0,confirmation: structural commit lag 3.0s
e8-20260813,E8_speculative_window,5,confirmation,static,40.0,3.0,43.0,4.1662,False,False,2.0,confirmation: structural commit lag 3.0s
e8-20260813,E8_speculative_window,6,confirmation,static,40.0,3.0,43.0,35.1334,False,False,2.0,confirmation: structural commit lag 3.0s
e8-20260813,E8_speculative_window,7,confirmation,static,40.0,3.0,43.0,30.9546,False,False,2.0,confirmation: structural commit lag 3.0s
e8-20260813,E8_speculative_window,8,confirmation,static,40.0,3.0,43.0,3.3527,False,False,2.0,confirmation: structural commit lag 3.0s
e8-20260813,E8_speculative_window,9,confirmation,static,40.0,3.0,43.0,0.5708,True,True,2.0,confirmation: structural commit lag 3.0s
e8-20260813,E8_speculative_window,10,confirmation,static,40.0,3.0,43.0,21.3552,False,False,2.0,confirmation: structural commit lag 3.0s
e8-20260813,E8_speculative_window,11,confirmation,static,40.0,3.0,43.0,13.823,False,False,2.0,confirmation: structural commit lag 3.0s
e8-20260813,E8_speculative_window,12,confirmation,static,40.0,3.0,43.0,23.1065,False,False,2.0,confirmation: structural commit lag 3.0s
e8-20260813,E8_speculative_window,13,confirmation,static,40.0,3.0,43.0,21.9912,False,False,2.0,confirmation: structural commit lag 3.0s
e8-20260813,E8_speculative_window,14,confirmation,static,40.0,3.0,43.0,15.0855,False,False,2.0,confirmation: structural commit lag 3.0s
e8-20260813,E8_speculative_window,15,confirmation,static,40.0,3.0,43.0,37.2882,False,False,2.0,confirmation: structural commit lag 3.0s
e8-20260813,E8_speculative_window,16,confirmation,static,40.0,3.0,43.0,2.5185,False,False,2.0,confirmation: structural commit lag 3.0s
e8-20260813,E8_speculative_window,17,confirmation,static,40.0,3.0,43.0,32.6458,False,False,2.0,confirmation: structural commit lag 3.0s
e8-20260813,E8_speculative_window,18,confirmation,static,40.0,3.0,43.0,27.909,False,False,2.0,confirmation: structural commit lag 3.0s
e8-20260813,E8_speculative_window,19,confirmation,static,40.0,3.0,43.0,14.7822,False,False,2.0,confirmation: structural commit lag 3.0s
e8-20260813,E8_speculative_window,0,confirmation,heartbeat,0.0,3.0,3.0,15.5467,False,False,1.0,confirmation: structural commit lag 3.0s
e8-20260813,E8_speculative_window,1,confirmation,heartbeat,0.0,3.0,3.0,10.586,False,False,1.0,confirmation: structural commit lag 3.0s
e8-20260813,E8_speculative_window,2,confirmation,heartbeat,0.0,3.0,3.0,24.6988,False,False,1.0,confirmation: structural commit lag 3.0s
e8-20260813,E8_speculative_window,3,confirmation,heartbeat,0.0,3.0,3.0,13.3783,False,False,1.0,confirmation: structural commit lag 3.0s
e8-20260813,E8_speculative_window,4,confirmation,heartbeat,0.0,3.0,3.0,39.4772,False,False,1.0,confirmation: structural commit lag 3.0s
e8-20260813,E8_speculative_window,5,confirmation,heartbeat,0.0,3.0,3.0,21.276,False,False,1.0,confirmation: structural commit lag 3.0s
e8-20260813,E8_speculative_window,6,confirmation,heartbeat,0.0,3.0,3.0,27.0449,False,False,1.0,confirmation: structural commit lag 3.0s
e8-20260813,E8_speculative_window,7,confirmation,heartbeat,0.0,3.0,3.0,38.3533,False,False,1.0,confirmation: structural commit lag 3.0s
e8-20260813,E8_speculative_window,8,confirmation,heartbeat,0.0,3.0,3.0,20.3631,False,False,1.0,confirmation: structural commit lag 3.0s
e8-20260813,E8_speculative_window,9,confirmation,heartbeat,0.0,3.0,3.0,24.6641,False,False,1.0,confirmation: structural commit lag 3.0s
e8-20260813,E8_speculative_window,10,confirmation,heartbeat,0.0,3.0,3.0,36.5548,False,False,1.0,confirmation: structural commit lag 3.0s
e8-20260813,E8_speculative_window,11,confirmation,heartbeat,0.0,3.0,3.0,33.3855,False,False,1.0,confirmation: structural commit lag 3.0s
e8-20260813,E8_speculative_window,12,confirmation,heartbeat,0.0,3.0,3.0,0.3525,True,True,1.0,confirmation: structural commit lag 3.0s
e8-20260813,E8_speculative_window,13,confirmation,heartbeat,0.0,3.0,3.0,32.2047,False,False,1.0,confirmation: structural commit lag 3.0s
e8-20260813,E8_speculative_window,14,confirmation,heartbeat,0.0,3.0,3.0,29.8551,False,False,1.0,confirmation: structural commit lag 3.0s
e8-20260813,E8_speculative_window,15,confirmation,heartbeat,0.0,3.0,3.0,8.371,False,False,1.0,confirmation: structural commit lag 3.0s
e8-20260813,E8_speculative_window,16,confirmation,heartbeat,0.0,3.0,3.0,11.759,False,False,1.0,confirmation: structural commit lag 3.0s
e8-20260813,E8_speculative_window,17,confirmation,heartbeat,0.0,3.0,3.0,28.9337,False,False,1.0,confirmation: structural commit lag 3.0s
e8-20260813,E8_speculative_window,18,confirmation,heartbeat,0.0,3.0,3.0,28.4333,False,False,1.0,confirmation: structural commit lag 3.0s
e8-20260813,E8_speculative_window,19,confirmation,heartbeat,0.0,3.0,3.0,38.8845,False,False,1.0,confirmation: structural commit lag 3.0s
e8-20260813,E8_speculative_window,0,confirmation,heartbeat,0.1,3.0,3.1,6.6216,False,False,1.0,confirmation: structural commit lag 3.0s
e8-20260813,E8_speculative_window,1,confirmation,heartbeat,0.1,3.0,3.1,24.813,False,False,1.0,confirmation: structural commit lag 3.0s
e8-20260813,E8_speculative_window,2,confirmation,heartbeat,0.1,3.0,3.1,34.1061,False,False,1.0,confirmation: structural commit lag 3.0s
e8-20260813,E8_speculative_window,3,confirmation,heartbeat,0.1,3.0,3.1,15.6779,False,False,1.0,confirmation: structural commit lag 3.0s
e8-20260813,E8_speculative_window,4,confirmation,heartbeat,0.1,3.0,3.1,2.3392,False,False,1.0,confirmation: structural commit lag 3.0s
e8-20260813,E8_speculative_window,5,confirmation,heartbeat,0.1,3.0,3.1,34.976,False,False,1.0,confirmation: structural commit lag 3.0s
e8-20260813,E8_speculative_window,6,confirmation,heartbeat,0.1,3.0,3.1,1.9437,False,False,1.0,confirmation: structural commit lag 3.0s
e8-20260813,E8_speculative_window,7,confirmation,heartbeat,0.1,3.0,3.1,20.5918,False,False,1.0,confirmation: structural commit lag 3.0s
e8-20260813,E8_speculative_window,8,confirmation,heartbeat,0.1,3.0,3.1,7.2964,False,False,1.0,confirmation: structural commit lag 3.0s
e8-20260813,E8_speculative_window,9,confirmation,heartbeat,0.1,3.0,3.1,14.613,False,False,1.0,confirmation: structural commit lag 3.0s
e8-20260813,E8_speculative_window,10,confirmation,heartbeat,0.1,3.0,3.1,9.7947,False,False,1.0,confirmation: structural commit lag 3.0s
e8-20260813,E8_speculative_window,11,confirmation,heartbeat,0.1,3.0,3.1,15.4415,False,False,1.0,confirmation: structural commit lag 3.0s
e8-20260813,E8_speculative_window,12,confirmation,heartbeat,0.1,3.0,3.1,33.0226,False,False,1.0,confirmation: structural commit lag 3.0s
e8-20260813,E8_speculative_window,13,confirmation,heartbeat,0.1,3.0,3.1,12.9996,False,False,1.0,confirmation: structural commit lag 3.0s
e8-20260813,E8_speculative_window,14,confirmation,heartbeat,0.1,3.0,3.1,31.2711,False,False,1.0,confirmation: structural commit lag 3.0s
e8-20260813,E8_speculative_window,15,confirmation,heartbeat,0.1,3.0,3.1,25.0849,False,False,1.0,confirmation: structural commit lag 3.0s
e8-20260813,E8_speculative_window,16,confirmation,heartbeat,0.1,3.0,3.1,35.1811,False,False,1.0,confirmation: structural commit lag 3.0s
e8-20260813,E8_speculative_window,17,confirmation,heartbeat,0.1,3.0,3.1,3.6771,False,False,1.0,confirmation: structural commit lag 3.0s
e8-20260813,E8_speculative_window,18,confirmation,heartbeat,0.1,3.0,3.1,21.7473,False,False,1.0,confirmation: structural commit lag 3.0s
e8-20260813,E8_speculative_window,19,confirmation,heartbeat,0.1,3.0,3.1,11.0698,False,False,1.0,confirmation: structural commit lag 3.0s
e8-20260813,E8_speculative_window,0,confirmation,heartbeat,0.25,3.0,3.25,8.071,False,False,1.0,confirmation: structural commit lag 3.0s
e8-20260813,E8_speculative_window,1,confirmation,heartbeat,0.25,3.0,3.25,22.443,False,False,1.0,confirmation: structural commit lag 3.0s
e8-20260813,E8_speculative_window,2,confirmation,heartbeat,0.25,3.0,3.25,7.5434,False,False,1.0,confirmation: structural commit lag 3.0s
e8-20260813,E8_speculative_window,3,confirmation,heartbeat,0.25,3.0,3.25,22.9358,False,False,1.0,confirmation: structural commit lag 3.0s
e8-20260813,E8_speculative_window,4,confirmation,heartbeat,0.25,3.0,3.25,27.8197,False,False,1.0,confirmation: structural commit lag 3.0s
e8-20260813,E8_speculative_window,5,confirmation,heartbeat,0.25,3.0,3.25,10.6201,False,False,1.0,confirmation: structural commit lag 3.0s
e8-20260813,E8_speculative_window,6,confirmation,heartbeat,0.25,3.0,3.25,35.2394,False,False,1.0,confirmation: structural commit lag 3.0s
e8-20260813,E8_speculative_window,7,confirmation,heartbeat,0.25,3.0,3.25,17.6037,False,False,1.0,confirmation: structural commit lag 3.0s
e8-20260813,E8_speculative_window,8,confirmation,heartbeat,0.25,3.0,3.25,4.6518,False,False,1.0,confirmation: structural commit lag 3.0s
e8-20260813,E8_speculative_window,9,confirmation,heartbeat,0.25,3.0,3.25,11.7351,False,False,1.0,confirmation: structural commit lag 3.0s
e8-20260813,E8_speculative_window,10,confirmation,heartbeat,0.25,3.0,3.25,37.2112,False,False,1.0,confirmation: structural commit lag 3.0s
e8-20260813,E8_speculative_window,11,confirmation,heartbeat,0.25,3.0,3.25,33.0666,False,False,1.0,confirmation: structural commit lag 3.0s
e8-20260813,E8_speculative_window,12,confirmation,heartbeat,0.25,3.0,3.25,34.2417,False,False,1.0,confirmation: structural commit lag 3.0s
e8-20260813,E8_speculative_window,13,confirmation,heartbeat,0.25,3.0,3.25,19.5203,False,False,1.0,confirmation: structural commit lag 3.0s
e8-20260813,E8_speculative_window,14,confirmation,heartbeat,0.25,3.0,3.25,24.2834,False,False,1.0,confirmation: structural commit lag 3.0s
e8-20260813,E8_speculative_window,15,confirmation,heartbeat,0.25,3.0,3.25,36.946,False,False,1.0,confirmation: structural commit lag 3.0s
e8-20260813,E8_speculative_window,16,confirmation,heartbeat,0.25,3.0,3.25,34.5652,False,False,1.0,confirmation: structural commit lag 3.0s
e8-20260813,E8_speculative_window,17,confirmation,heartbeat,0.25,3.0,3.25,22.0395,False,False,1.0,confirmation: structural commit lag 3.0s
e8-20260813,E8_speculative_window,18,confirmation,heartbeat,0.25,3.0,3.25,0.6684,True,True,1.0,confirmation: structural commit lag 3.0s
e8-20260813,E8_speculative_window,19,confirmation,heartbeat,0.25,3.0,3.25,25.4131,False,False,1.0,confirmation: structural commit lag 3.0s
e8-20260813,E8_speculative_window,0,confirmation,heartbeat,0.5,3.0,3.5,8.263,False,False,1.0,confirmation: structural commit lag 3.0s
e8-20260813,E8_speculative_window,1,confirmation,heartbeat,0.5,3.0,3.5,22.7767,False,False,1.0,confirmation: structural commit lag 3.0s
e8-20260813,E8_speculative_window,2,confirmation,heartbeat,0.5,3.0,3.5,28.9261,False,False,1.0,confirmation: structural commit lag 3.0s
e8-20260813,E8_speculative_window,3,confirmation,heartbeat,0.5,3.0,3.5,10.4813,False,False,1.0,confirmation: structural commit lag 3.0s
e8-20260813,E8_speculative_window,4,confirmation,heartbeat,0.5,3.0,3.5,2.1198,False,False,1.0,confirmation: structural commit lag 3.0s
e8-20260813,E8_speculative_window,5,confirmation,heartbeat,0.5,3.0,3.5,16.1875,False,False,1.0,confirmation: structural commit lag 3.0s
e8-20260813,E8_speculative_window,6,confirmation,heartbeat,0.5,3.0,3.5,35.8181,False,False,1.0,confirmation: structural commit lag 3.0s
e8-20260813,E8_speculative_window,7,confirmation,heartbeat,0.5,3.0,3.5,20.6028,False,False,1.0,confirmation: structural commit lag 3.0s
e8-20260813,E8_speculative_window,8,confirmation,heartbeat,0.5,3.0,3.5,28.0711,False,False,1.0,confirmation: structural commit lag 3.0s
e8-20260813,E8_speculative_window,9,confirmation,heartbeat,0.5,3.0,3.5,16.0789,False,False,1.0,confirmation: structural commit lag 3.0s
e8-20260813,E8_speculative_window,10,confirmation,heartbeat,0.5,3.0,3.5,17.4512,False,False,1.0,confirmation: structural commit lag 3.0s
e8-20260813,E8_speculative_window,11,confirmation,heartbeat,0.5,3.0,3.5,0.5722,True,True,1.0,confirmation: structural commit lag 3.0s
e8-20260813,E8_speculative_window,12,confirmation,heartbeat,0.5,3.0,3.5,21.3154,False,False,1.0,confirmation: structural commit lag 3.0s
e8-20260813,E8_speculative_window,13,confirmation,heartbeat,0.5,3.0,3.5,31.3778,False,False,1.0,confirmation: structural commit lag 3.0s
e8-20260813,E8_speculative_window,14,confirmation,heartbeat,0.5,3.0,3.5,39.3483,False,False,1.0,confirmation: structural commit lag 3.0s
e8-20260813,E8_speculative_window,15,confirmation,heartbeat,0.5,3.0,3.5,3.6277,False,False,1.0,confirmation: structural commit lag 3.0s
e8-20260813,E8_speculative_window,16,confirmation,heartbeat,0.5,3.0,3.5,25.2841,False,False,1.0,confirmation: structural commit lag 3.0s
e8-20260813,E8_speculative_window,17,confirmation,heartbeat,0.5,3.0,3.5,13.7736,False,False,1.0,confirmation: structural commit lag 3.0s
e8-20260813,E8_speculative_window,18,confirmation,heartbeat,0.5,3.0,3.5,3.6179,False,False,1.0,confirmation: structural commit lag 3.0s
e8-20260813,E8_speculative_window,19,confirmation,heartbeat,0.5,3.0,3.5,14.0736,False,False,1.0,confirmation: structural commit lag 3.0s
e8-20260813,E8_speculative_window,0,confirmation,heartbeat,1.0,3.0,4.0,21.2633,False,False,1.0,confirmation: structural commit lag 3.0s
e8-20260813,E8_speculative_window,1,confirmation,heartbeat,1.0,3.0,4.0,13.2631,False,False,1.0,confirmation: structural commit lag 3.0s
e8-20260813,E8_speculative_window,2,confirmation,heartbeat,1.0,3.0,4.0,23.4127,False,False,1.0,confirmation: structural commit lag 3.0s
e8-20260813,E8_speculative_window,3,confirmation,heartbeat,1.0,3.0,4.0,15.723,False,False,1.0,confirmation: structural commit lag 3.0s
e8-20260813,E8_speculative_window,4,confirmation,heartbeat,1.0,3.0,4.0,35.3636,False,False,1.0,confirmation: structural commit lag 3.0s
e8-20260813,E8_speculative_window,5,confirmation,heartbeat,1.0,3.0,4.0,36.3788,False,False,1.0,confirmation: structural commit lag 3.0s
e8-20260813,E8_speculative_window,6,confirmation,heartbeat,1.0,3.0,4.0,32.0564,False,False,1.0,confirmation: structural commit lag 3.0s
e8-20260813,E8_speculative_window,7,confirmation,heartbeat,1.0,3.0,4.0,34.7614,False,False,1.0,confirmation: structural commit lag 3.0s
e8-20260813,E8_speculative_window,8,confirmation,heartbeat,1.0,3.0,4.0,8.5808,False,False,1.0,confirmation: structural commit lag 3.0s
e8-20260813,E8_speculative_window,9,confirmation,heartbeat,1.0,3.0,4.0,39.451,False,False,1.0,confirmation: structural commit lag 3.0s
e8-20260813,E8_speculative_window,10,confirmation,heartbeat,1.0,3.0,4.0,15.8695,False,False,1.0,confirmation: structural commit lag 3.0s
e8-20260813,E8_speculative_window,11,confirmation,heartbeat,1.0,3.0,4.0,16.9907,False,False,1.0,confirmation: structural commit lag 3.0s
e8-20260813,E8_speculative_window,12,confirmation,heartbeat,1.0,3.0,4.0,22.8202,False,False,1.0,confirmation: structural commit lag 3.0s
e8-20260813,E8_speculative_window,13,confirmation,heartbeat,1.0,3.0,4.0,6.0595,False,False,1.0,confirmation: structural commit lag 3.0s
e8-20260813,E8_speculative_window,14,confirmation,heartbeat,1.0,3.0,4.0,36.6046,False,False,1.0,confirmation: structural commit lag 3.0s
e8-20260813,E8_speculative_window,15,confirmation,heartbeat,1.0,3.0,4.0,19.4656,False,False,1.0,confirmation: structural commit lag 3.0s
e8-20260813,E8_speculative_window,16,confirmation,heartbeat,1.0,3.0,4.0,0.6487,True,True,1.0,confirmation: structural commit lag 3.0s
e8-20260813,E8_speculative_window,17,confirmation,heartbeat,1.0,3.0,4.0,14.1533,False,False,1.0,confirmation: structural commit lag 3.0s
e8-20260813,E8_speculative_window,18,confirmation,heartbeat,1.0,3.0,4.0,39.1574,False,False,1.0,confirmation: structural commit lag 3.0s
e8-20260813,E8_speculative_window,19,confirmation,heartbeat,1.0,3.0,4.0,18.1263,False,False,1.0,confirmation: structural commit lag 3.0s
e8-20260813,E8_speculative_window,0,confirmation,heartbeat,2.0,3.0,5.0,4.1115,False,False,1.0,confirmation: structural commit lag 3.0s
e8-20260813,E8_speculative_window,1,confirmation,heartbeat,2.0,3.0,5.0,7.4771,False,False,1.0,confirmation: structural commit lag 3.0s
e8-20260813,E8_speculative_window,2,confirmation,heartbeat,2.0,3.0,5.0,21.4388,False,False,1.0,confirmation: structural commit lag 3.0s
e8-20260813,E8_speculative_window,3,confirmation,heartbeat,2.0,3.0,5.0,32.7723,False,False,1.0,confirmation: structural commit lag 3.0s
e8-20260813,E8_speculative_window,4,confirmation,heartbeat,2.0,3.0,5.0,38.024,False,False,1.0,confirmation: structural commit lag 3.0s
e8-20260813,E8_speculative_window,5,confirmation,heartbeat,2.0,3.0,5.0,26.9803,False,False,1.0,confirmation: structural commit lag 3.0s
e8-20260813,E8_speculative_window,6,confirmation,heartbeat,2.0,3.0,5.0,13.2297,False,False,1.0,confirmation: structural commit lag 3.0s
e8-20260813,E8_speculative_window,7,confirmation,heartbeat,2.0,3.0,5.0,8.0873,False,False,1.0,confirmation: structural commit lag 3.0s
e8-20260813,E8_speculative_window,8,confirmation,heartbeat,2.0,3.0,5.0,5.0116,False,False,1.0,confirmation: structural commit lag 3.0s
e8-20260813,E8_speculative_window,9,confirmation,heartbeat,2.0,3.0,5.0,38.0044,False,False,1.0,confirmation: structural commit lag 3.0s
e8-20260813,E8_speculative_window,10,confirmation,heartbeat,2.0,3.0,5.0,8.9637,False,False,1.0,confirmation: structural commit lag 3.0s
e8-20260813,E8_speculative_window,11,confirmation,heartbeat,2.0,3.0,5.0,22.8075,False,False,1.0,confirmation: structural commit lag 3.0s
e8-20260813,E8_speculative_window,12,confirmation,heartbeat,2.0,3.0,5.0,23.1484,False,False,1.0,confirmation: structural commit lag 3.0s
e8-20260813,E8_speculative_window,13,confirmation,heartbeat,2.0,3.0,5.0,16.8527,False,False,1.0,confirmation: structural commit lag 3.0s
e8-20260813,E8_speculative_window,14,confirmation,heartbeat,2.0,3.0,5.0,30.104,False,False,1.0,confirmation: structural commit lag 3.0s
e8-20260813,E8_speculative_window,15,confirmation,heartbeat,2.0,3.0,5.0,34.3951,False,False,1.0,confirmation: structural commit lag 3.0s
e8-20260813,E8_speculative_window,16,confirmation,heartbeat,2.0,3.0,5.0,20.0968,False,False,1.0,confirmation: structural commit lag 3.0s
e8-20260813,E8_speculative_window,17,confirmation,heartbeat,2.0,3.0,5.0,28.4696,False,False,1.0,confirmation: structural commit lag 3.0s
e8-20260813,E8_speculative_window,18,confirmation,heartbeat,2.0,3.0,5.0,21.4491,False,False,1.0,confirmation: structural commit lag 3.0s
e8-20260813,E8_speculative_window,19,confirmation,heartbeat,2.0,3.0,5.0,16.3256,False,False,1.0,confirmation: structural commit lag 3.0s
e8-20260813,E8_speculative_window,0,confirmation,heartbeat,5.0,3.0,8.0,18.6967,False,False,1.0,confirmation: structural commit lag 3.0s
e8-20260813,E8_speculative_window,1,confirmation,heartbeat,5.0,3.0,8.0,1.5519,False,False,1.0,confirmation: structural commit lag 3.0s
e8-20260813,E8_speculative_window,2,confirmation,heartbeat,5.0,3.0,8.0,18.0431,False,False,1.0,confirmation: structural commit lag 3.0s
e8-20260813,E8_speculative_window,3,confirmation,heartbeat,5.0,3.0,8.0,12.6329,False,False,1.0,confirmation: structural commit lag 3.0s
e8-20260813,E8_speculative_window,4,confirmation,heartbeat,5.0,3.0,8.0,29.2603,False,False,1.0,confirmation: structural commit lag 3.0s
e8-20260813,E8_speculative_window,5,confirmation,heartbeat,5.0,3.0,8.0,36.3626,False,False,1.0,confirmation: structural commit lag 3.0s
e8-20260813,E8_speculative_window,6,confirmation,heartbeat,5.0,3.0,8.0,29.9449,False,False,1.0,confirmation: structural commit lag 3.0s
e8-20260813,E8_speculative_window,7,confirmation,heartbeat,5.0,3.0,8.0,5.2832,False,False,1.0,confirmation: structural commit lag 3.0s
e8-20260813,E8_speculative_window,8,confirmation,heartbeat,5.0,3.0,8.0,26.1536,False,False,1.0,confirmation: structural commit lag 3.0s
e8-20260813,E8_speculative_window,9,confirmation,heartbeat,5.0,3.0,8.0,32.6898,False,False,1.0,confirmation: structural commit lag 3.0s
e8-20260813,E8_speculative_window,10,confirmation,heartbeat,5.0,3.0,8.0,26.5206,False,False,1.0,confirmation: structural commit lag 3.0s
e8-20260813,E8_speculative_window,11,confirmation,heartbeat,5.0,3.0,8.0,25.4731,False,False,1.0,confirmation: structural commit lag 3.0s
e8-20260813,E8_speculative_window,12,confirmation,heartbeat,5.0,3.0,8.0,26.7008,False,False,1.0,confirmation: structural commit lag 3.0s
e8-20260813,E8_speculative_window,13,confirmation,heartbeat,5.0,3.0,8.0,9.2197,False,False,1.0,confirmation: structural commit lag 3.0s
e8-20260813,E8_speculative_window,14,confirmation,heartbeat,5.0,3.0,8.0,10.4401,False,False,1.0,confirmation: structural commit lag 3.0s
e8-20260813,E8_speculative_window,15,confirmation,heartbeat,5.0,3.0,8.0,19.798,False,False,1.0,confirmation: structural commit lag 3.0s
e8-20260813,E8_speculative_window,16,confirmation,heartbeat,5.0,3.0,8.0,6.6848,False,False,1.0,confirmation: structural commit lag 3.0s
e8-20260813,E8_speculative_window,17,confirmation,heartbeat,5.0,3.0,8.0,1.3324,False,False,1.0,confirmation: structural commit lag 3.0s
e8-20260813,E8_speculative_window,18,confirmation,heartbeat,5.0,3.0,8.0,6.4326,False,False,1.0,confirmation: structural commit lag 3.0s
e8-20260813,E8_speculative_window,19,confirmation,heartbeat,5.0,3.0,8.0,7.9241,False,False,1.0,confirmation: structural commit lag 3.0s
e8-20260813,E8_speculative_window,0,confirmation,heartbeat,10.0,3.0,13.0,30.19,False,False,1.0,confirmation: structural commit lag 3.0s
e8-20260813,E8_speculative_window,1,confirmation,heartbeat,10.0,3.0,13.0,13.2209,False,False,1.0,confirmation: structural commit lag 3.0s
e8-20260813,E8_speculative_window,2,confirmation,heartbeat,10.0,3.0,13.0,21.3738,False,False,1.0,confirmation: structural commit lag 3.0s
e8-20260813,E8_speculative_window,3,confirmation,heartbeat,10.0,3.0,13.0,27.3717,False,False,1.0,confirmation: structural commit lag 3.0s
e8-20260813,E8_speculative_window,4,confirmation,heartbeat,10.0,3.0,13.0,0.6529,True,True,1.0,confirmation: structural commit lag 3.0s
e8-20260813,E8_speculative_window,5,confirmation,heartbeat,10.0,3.0,13.0,17.4175,False,False,1.0,confirmation: structural commit lag 3.0s
e8-20260813,E8_speculative_window,6,confirmation,heartbeat,10.0,3.0,13.0,17.7859,False,False,1.0,confirmation: structural commit lag 3.0s
e8-20260813,E8_speculative_window,7,confirmation,heartbeat,10.0,3.0,13.0,3.3024,False,False,1.0,confirmation: structural commit lag 3.0s
e8-20260813,E8_speculative_window,8,confirmation,heartbeat,10.0,3.0,13.0,4.9918,False,False,1.0,confirmation: structural commit lag 3.0s
e8-20260813,E8_speculative_window,9,confirmation,heartbeat,10.0,3.0,13.0,1.2919,False,False,1.0,confirmation: structural commit lag 3.0s
e8-20260813,E8_speculative_window,10,confirmation,heartbeat,10.0,3.0,13.0,15.5926,False,False,1.0,confirmation: structural commit lag 3.0s
e8-20260813,E8_speculative_window,11,confirmation,heartbeat,10.0,3.0,13.0,6.9375,False,False,1.0,confirmation: structural commit lag 3.0s
e8-20260813,E8_speculative_window,12,confirmation,heartbeat,10.0,3.0,13.0,38.6123,False,False,1.0,confirmation: structural commit lag 3.0s
e8-20260813,E8_speculative_window,13,confirmation,heartbeat,10.0,3.0,13.0,25.9832,False,False,1.0,confirmation: structural commit lag 3.0s
e8-20260813,E8_speculative_window,14,confirmation,heartbeat,10.0,3.0,13.0,24.1221,False,False,1.0,confirmation: structural commit lag 3.0s
e8-20260813,E8_speculative_window,15,confirmation,heartbeat,10.0,3.0,13.0,11.1407,False,False,1.0,confirmation: structural commit lag 3.0s
e8-20260813,E8_speculative_window,16,confirmation,heartbeat,10.0,3.0,13.0,31.5868,False,False,1.0,confirmation: structural commit lag 3.0s
e8-20260813,E8_speculative_window,17,confirmation,heartbeat,10.0,3.0,13.0,31.7586,False,False,1.0,confirmation: structural commit lag 3.0s
e8-20260813,E8_speculative_window,18,confirmation,heartbeat,10.0,3.0,13.0,0.8421,True,True,1.0,confirmation: structural commit lag 3.0s
e8-20260813,E8_speculative_window,19,confirmation,heartbeat,10.0,3.0,13.0,17.8639,False,False,1.0,confirmation: structural commit lag 3.0s
e8-20260813,E8_speculative_window,0,confirmation,heartbeat,20.0,3.0,23.0,39.7783,False,False,1.0,confirmation: structural commit lag 3.0s
e8-20260813,E8_speculative_window,1,confirmation,heartbeat,20.0,3.0,23.0,3.3054,False,False,1.0,confirmation: structural commit lag 3.0s
e8-20260813,E8_speculative_window,2,confirmation,heartbeat,20.0,3.0,23.0,6.2011,False,False,1.0,confirmation: structural commit lag 3.0s
e8-20260813,E8_speculative_window,3,confirmation,heartbeat,20.0,3.0,23.0,29.1276,False,False,1.0,confirmation: structural commit lag 3.0s
e8-20260813,E8_speculative_window,4,confirmation,heartbeat,20.0,3.0,23.0,39.8577,False,False,1.0,confirmation: structural commit lag 3.0s
e8-20260813,E8_speculative_window,5,confirmation,heartbeat,20.0,3.0,23.0,38.0667,False,False,1.0,confirmation: structural commit lag 3.0s
e8-20260813,E8_speculative_window,6,confirmation,heartbeat,20.0,3.0,23.0,29.6333,False,False,1.0,confirmation: structural commit lag 3.0s
e8-20260813,E8_speculative_window,7,confirmation,heartbeat,20.0,3.0,23.0,33.5135,False,False,1.0,confirmation: structural commit lag 3.0s
e8-20260813,E8_speculative_window,8,confirmation,heartbeat,20.0,3.0,23.0,17.8118,False,False,1.0,confirmation: structural commit lag 3.0s
e8-20260813,E8_speculative_window,9,confirmation,heartbeat,20.0,3.0,23.0,7.1205,False,False,1.0,confirmation: structural commit lag 3.0s
e8-20260813,E8_speculative_window,10,confirmation,heartbeat,20.0,3.0,23.0,31.6109,False,False,1.0,confirmation: structural commit lag 3.0s
e8-20260813,E8_speculative_window,11,confirmation,heartbeat,20.0,3.0,23.0,32.8688,False,False,1.0,confirmation: structural commit lag 3.0s
e8-20260813,E8_speculative_window,12,confirmation,heartbeat,20.0,3.0,23.0,15.3984,False,False,1.0,confirmation: structural commit lag 3.0s
e8-20260813,E8_speculative_window,13,confirmation,heartbeat,20.0,3.0,23.0,20.1411,False,False,1.0,confirmation: structural commit lag 3.0s
e8-20260813,E8_speculative_window,14,confirmation,heartbeat,20.0,3.0,23.0,5.0444,False,False,1.0,confirmation: structural commit lag 3.0s
e8-20260813,E8_speculative_window,15,confirmation,heartbeat,20.0,3.0,23.0,36.3083,False,False,1.0,confirmation: structural commit lag 3.0s
e8-20260813,E8_speculative_window,16,confirmation,heartbeat,20.0,3.0,23.0,30.767,False,False,1.0,confirmation: structural commit lag 3.0s
e8-20260813,E8_speculative_window,17,confirmation,heartbeat,20.0,3.0,23.0,14.0389,False,False,1.0,confirmation: structural commit lag 3.0s
e8-20260813,E8_speculative_window,18,confirmation,heartbeat,20.0,3.0,23.0,34.0996,False,False,1.0,confirmation: structural commit lag 3.0s
e8-20260813,E8_speculative_window,19,confirmation,heartbeat,20.0,3.0,23.0,11.0295,False,False,1.0,confirmation: structural commit lag 3.0s
e8-20260813,E8_speculative_window,0,confirmation,heartbeat,40.0,3.0,43.0,31.0935,False,False,1.0,confirmation: structural commit lag 3.0s
e8-20260813,E8_speculative_window,1,confirmation,heartbeat,40.0,3.0,43.0,15.9781,False,False,1.0,confirmation: structural commit lag 3.0s
e8-20260813,E8_speculative_window,2,confirmation,heartbeat,40.0,3.0,43.0,21.7284,False,False,1.0,confirmation: structural commit lag 3.0s
e8-20260813,E8_speculative_window,3,confirmation,heartbeat,40.0,3.0,43.0,39.8982,False,False,1.0,confirmation: structural commit lag 3.0s
e8-20260813,E8_speculative_window,4,confirmation,heartbeat,40.0,3.0,43.0,17.9618,False,False,1.0,confirmation: structural commit lag 3.0s
e8-20260813,E8_speculative_window,5,confirmation,heartbeat,40.0,3.0,43.0,32.7234,False,False,1.0,confirmation: structural commit lag 3.0s
e8-20260813,E8_speculative_window,6,confirmation,heartbeat,40.0,3.0,43.0,37.5405,False,False,1.0,confirmation: structural commit lag 3.0s
e8-20260813,E8_speculative_window,7,confirmation,heartbeat,40.0,3.0,43.0,30.0007,False,False,1.0,confirmation: structural commit lag 3.0s
e8-20260813,E8_speculative_window,8,confirmation,heartbeat,40.0,3.0,43.0,24.1443,False,False,1.0,confirmation: structural commit lag 3.0s
e8-20260813,E8_speculative_window,9,confirmation,heartbeat,40.0,3.0,43.0,8.8585,False,False,1.0,confirmation: structural commit lag 3.0s
e8-20260813,E8_speculative_window,10,confirmation,heartbeat,40.0,3.0,43.0,13.7976,False,False,1.0,confirmation: structural commit lag 3.0s
e8-20260813,E8_speculative_window,11,confirmation,heartbeat,40.0,3.0,43.0,16.2437,False,False,1.0,confirmation: structural commit lag 3.0s
e8-20260813,E8_speculative_window,12,confirmation,heartbeat,40.0,3.0,43.0,12.3157,False,False,1.0,confirmation: structural commit lag 3.0s
e8-20260813,E8_speculative_window,13,confirmation,heartbeat,40.0,3.0,43.0,37.922,False,False,1.0,confirmation: structural commit lag 3.0s
e8-20260813,E8_speculative_window,14,confirmation,heartbeat,40.0,3.0,43.0,1.1221,False,False,1.0,confirmation: structural commit lag 3.0s
e8-20260813,E8_speculative_window,15,confirmation,heartbeat,40.0,3.0,43.0,22.4393,False,False,1.0,confirmation: structural commit lag 3.0s
e8-20260813,E8_speculative_window,16,confirmation,heartbeat,40.0,3.0,43.0,1.8876,False,False,1.0,confirmation: structural commit lag 3.0s
e8-20260813,E8_speculative_window,17,confirmation,heartbeat,40.0,3.0,43.0,5.8205,False,False,1.0,confirmation: structural commit lag 3.0s
e8-20260813,E8_speculative_window,18,confirmation,heartbeat,40.0,3.0,43.0,35.5966,False,False,1.0,confirmation: structural commit lag 3.0s
e8-20260813,E8_speculative_window,19,confirmation,heartbeat,40.0,3.0,43.0,12.4612,False,False,1.0,confirmation: structural commit lag 3.0s
e8-20260813,E8_speculative_window,0,confirmation,activepoll,0.0,3.0,3.0,11.5182,False,False,0.1,confirmation: structural commit lag 3.0s
e8-20260813,E8_speculative_window,1,confirmation,activepoll,0.0,3.0,3.0,17.2097,False,False,0.1,confirmation: structural commit lag 3.0s
e8-20260813,E8_speculative_window,2,confirmation,activepoll,0.0,3.0,3.0,35.9131,False,False,0.1,confirmation: structural commit lag 3.0s
e8-20260813,E8_speculative_window,3,confirmation,activepoll,0.0,3.0,3.0,31.0534,False,False,0.1,confirmation: structural commit lag 3.0s
e8-20260813,E8_speculative_window,4,confirmation,activepoll,0.0,3.0,3.0,23.9431,False,False,0.1,confirmation: structural commit lag 3.0s
e8-20260813,E8_speculative_window,5,confirmation,activepoll,0.0,3.0,3.0,12.4546,False,False,0.1,confirmation: structural commit lag 3.0s
e8-20260813,E8_speculative_window,6,confirmation,activepoll,0.0,3.0,3.0,35.1823,False,False,0.1,confirmation: structural commit lag 3.0s
e8-20260813,E8_speculative_window,7,confirmation,activepoll,0.0,3.0,3.0,15.5142,False,False,0.1,confirmation: structural commit lag 3.0s
e8-20260813,E8_speculative_window,8,confirmation,activepoll,0.0,3.0,3.0,34.3672,False,False,0.1,confirmation: structural commit lag 3.0s
e8-20260813,E8_speculative_window,9,confirmation,activepoll,0.0,3.0,3.0,21.3501,False,False,0.1,confirmation: structural commit lag 3.0s
e8-20260813,E8_speculative_window,10,confirmation,activepoll,0.0,3.0,3.0,39.4417,False,False,0.1,confirmation: structural commit lag 3.0s
e8-20260813,E8_speculative_window,11,confirmation,activepoll,0.0,3.0,3.0,19.1985,False,False,0.1,confirmation: structural commit lag 3.0s
e8-20260813,E8_speculative_window,12,confirmation,activepoll,0.0,3.0,3.0,6.1943,False,False,0.1,confirmation: structural commit lag 3.0s
e8-20260813,E8_speculative_window,13,confirmation,activepoll,0.0,3.0,3.0,25.7894,False,False,0.1,confirmation: structural commit lag 3.0s
e8-20260813,E8_speculative_window,14,confirmation,activepoll,0.0,3.0,3.0,16.1192,False,False,0.1,confirmation: structural commit lag 3.0s
e8-20260813,E8_speculative_window,15,confirmation,activepoll,0.0,3.0,3.0,5.2439,False,False,0.1,confirmation: structural commit lag 3.0s
e8-20260813,E8_speculative_window,16,confirmation,activepoll,0.0,3.0,3.0,0.4612,False,False,0.1,confirmation: structural commit lag 3.0s
e8-20260813,E8_speculative_window,17,confirmation,activepoll,0.0,3.0,3.0,9.1,False,False,0.1,confirmation: structural commit lag 3.0s
e8-20260813,E8_speculative_window,18,confirmation,activepoll,0.0,3.0,3.0,9.0024,False,False,0.1,confirmation: structural commit lag 3.0s
e8-20260813,E8_speculative_window,19,confirmation,activepoll,0.0,3.0,3.0,22.7008,False,False,0.1,confirmation: structural commit lag 3.0s
e8-20260813,E8_speculative_window,0,confirmation,activepoll,0.1,3.0,3.1,33.7143,False,False,0.1,confirmation: structural commit lag 3.0s
e8-20260813,E8_speculative_window,1,confirmation,activepoll,0.1,3.0,3.1,14.0216,False,False,0.1,confirmation: structural commit lag 3.0s
e8-20260813,E8_speculative_window,2,confirmation,activepoll,0.1,3.0,3.1,25.4677,False,False,0.1,confirmation: structural commit lag 3.0s
e8-20260813,E8_speculative_window,3,confirmation,activepoll,0.1,3.0,3.1,28.6067,False,False,0.1,confirmation: structural commit lag 3.0s
e8-20260813,E8_speculative_window,4,confirmation,activepoll,0.1,3.0,3.1,3.5921,False,False,0.1,confirmation: structural commit lag 3.0s
e8-20260813,E8_speculative_window,5,confirmation,activepoll,0.1,3.0,3.1,20.1004,False,False,0.1,confirmation: structural commit lag 3.0s
e8-20260813,E8_speculative_window,6,confirmation,activepoll,0.1,3.0,3.1,25.4259,False,False,0.1,confirmation: structural commit lag 3.0s
e8-20260813,E8_speculative_window,7,confirmation,activepoll,0.1,3.0,3.1,16.6562,False,False,0.1,confirmation: structural commit lag 3.0s
e8-20260813,E8_speculative_window,8,confirmation,activepoll,0.1,3.0,3.1,31.5943,False,False,0.1,confirmation: structural commit lag 3.0s
e8-20260813,E8_speculative_window,9,confirmation,activepoll,0.1,3.0,3.1,2.6424,False,False,0.1,confirmation: structural commit lag 3.0s
e8-20260813,E8_speculative_window,10,confirmation,activepoll,0.1,3.0,3.1,38.0112,False,False,0.1,confirmation: structural commit lag 3.0s
e8-20260813,E8_speculative_window,11,confirmation,activepoll,0.1,3.0,3.1,33.4966,False,False,0.1,confirmation: structural commit lag 3.0s
e8-20260813,E8_speculative_window,12,confirmation,activepoll,0.1,3.0,3.1,39.0499,False,False,0.1,confirmation: structural commit lag 3.0s
e8-20260813,E8_speculative_window,13,confirmation,activepoll,0.1,3.0,3.1,30.8993,False,False,0.1,confirmation: structural commit lag 3.0s
e8-20260813,E8_speculative_window,14,confirmation,activepoll,0.1,3.0,3.1,28.2046,False,False,0.1,confirmation: structural commit lag 3.0s
e8-20260813,E8_speculative_window,15,confirmation,activepoll,0.1,3.0,3.1,14.3294,False,False,0.1,confirmation: structural commit lag 3.0s
e8-20260813,E8_speculative_window,16,confirmation,activepoll,0.1,3.0,3.1,16.5965,False,False,0.1,confirmation: structural commit lag 3.0s
e8-20260813,E8_speculative_window,17,confirmation,activepoll,0.1,3.0,3.1,16.4693,False,False,0.1,confirmation: structural commit lag 3.0s
e8-20260813,E8_speculative_window,18,confirmation,activepoll,0.1,3.0,3.1,28.2308,False,False,0.1,confirmation: structural commit lag 3.0s
e8-20260813,E8_speculative_window,19,confirmation,activepoll,0.1,3.0,3.1,11.2122,False,False,0.1,confirmation: structural commit lag 3.0s
e8-20260813,E8_speculative_window,0,confirmation,activepoll,0.25,3.0,3.25,37.3757,False,False,0.1,confirmation: structural commit lag 3.0s
e8-20260813,E8_speculative_window,1,confirmation,activepoll,0.25,3.0,3.25,24.0624,False,False,0.1,confirmation: structural commit lag 3.0s
e8-20260813,E8_speculative_window,2,confirmation,activepoll,0.25,3.0,3.25,0.6376,False,False,0.1,confirmation: structural commit lag 3.0s
e8-20260813,E8_speculative_window,3,confirmation,activepoll,0.25,3.0,3.25,28.494,False,False,0.1,confirmation: structural commit lag 3.0s
e8-20260813,E8_speculative_window,4,confirmation,activepoll,0.25,3.0,3.25,23.1546,False,False,0.1,confirmation: structural commit lag 3.0s
e8-20260813,E8_speculative_window,5,confirmation,activepoll,0.25,3.0,3.25,20.6669,False,False,0.1,confirmation: structural commit lag 3.0s
e8-20260813,E8_speculative_window,6,confirmation,activepoll,0.25,3.0,3.25,12.3876,False,False,0.1,confirmation: structural commit lag 3.0s
e8-20260813,E8_speculative_window,7,confirmation,activepoll,0.25,3.0,3.25,26.0701,False,False,0.1,confirmation: structural commit lag 3.0s
e8-20260813,E8_speculative_window,8,confirmation,activepoll,0.25,3.0,3.25,33.5453,False,False,0.1,confirmation: structural commit lag 3.0s
e8-20260813,E8_speculative_window,9,confirmation,activepoll,0.25,3.0,3.25,19.4596,False,False,0.1,confirmation: structural commit lag 3.0s
e8-20260813,E8_speculative_window,10,confirmation,activepoll,0.25,3.0,3.25,8.1993,False,False,0.1,confirmation: structural commit lag 3.0s
e8-20260813,E8_speculative_window,11,confirmation,activepoll,0.25,3.0,3.25,22.8686,False,False,0.1,confirmation: structural commit lag 3.0s
e8-20260813,E8_speculative_window,12,confirmation,activepoll,0.25,3.0,3.25,5.1153,False,False,0.1,confirmation: structural commit lag 3.0s
e8-20260813,E8_speculative_window,13,confirmation,activepoll,0.25,3.0,3.25,39.9585,False,False,0.1,confirmation: structural commit lag 3.0s
e8-20260813,E8_speculative_window,14,confirmation,activepoll,0.25,3.0,3.25,39.0628,False,False,0.1,confirmation: structural commit lag 3.0s
e8-20260813,E8_speculative_window,15,confirmation,activepoll,0.25,3.0,3.25,13.6847,False,False,0.1,confirmation: structural commit lag 3.0s
e8-20260813,E8_speculative_window,16,confirmation,activepoll,0.25,3.0,3.25,20.7302,False,False,0.1,confirmation: structural commit lag 3.0s
e8-20260813,E8_speculative_window,17,confirmation,activepoll,0.25,3.0,3.25,8.9069,False,False,0.1,confirmation: structural commit lag 3.0s
e8-20260813,E8_speculative_window,18,confirmation,activepoll,0.25,3.0,3.25,37.0423,False,False,0.1,confirmation: structural commit lag 3.0s
e8-20260813,E8_speculative_window,19,confirmation,activepoll,0.25,3.0,3.25,39.5328,False,False,0.1,confirmation: structural commit lag 3.0s
e8-20260813,E8_speculative_window,0,confirmation,activepoll,0.5,3.0,3.5,32.6035,False,False,0.1,confirmation: structural commit lag 3.0s
e8-20260813,E8_speculative_window,1,confirmation,activepoll,0.5,3.0,3.5,38.744,False,False,0.1,confirmation: structural commit lag 3.0s
e8-20260813,E8_speculative_window,2,confirmation,activepoll,0.5,3.0,3.5,32.6465,False,False,0.1,confirmation: structural commit lag 3.0s
e8-20260813,E8_speculative_window,3,confirmation,activepoll,0.5,3.0,3.5,33.3379,False,False,0.1,confirmation: structural commit lag 3.0s
e8-20260813,E8_speculative_window,4,confirmation,activepoll,0.5,3.0,3.5,19.0127,False,False,0.1,confirmation: structural commit lag 3.0s
e8-20260813,E8_speculative_window,5,confirmation,activepoll,0.5,3.0,3.5,27.4536,False,False,0.1,confirmation: structural commit lag 3.0s
e8-20260813,E8_speculative_window,6,confirmation,activepoll,0.5,3.0,3.5,7.4461,False,False,0.1,confirmation: structural commit lag 3.0s
e8-20260813,E8_speculative_window,7,confirmation,activepoll,0.5,3.0,3.5,25.4271,False,False,0.1,confirmation: structural commit lag 3.0s
e8-20260813,E8_speculative_window,8,confirmation,activepoll,0.5,3.0,3.5,22.0245,False,False,0.1,confirmation: structural commit lag 3.0s
e8-20260813,E8_speculative_window,9,confirmation,activepoll,0.5,3.0,3.5,37.5913,False,False,0.1,confirmation: structural commit lag 3.0s
e8-20260813,E8_speculative_window,10,confirmation,activepoll,0.5,3.0,3.5,29.8597,False,False,0.1,confirmation: structural commit lag 3.0s
e8-20260813,E8_speculative_window,11,confirmation,activepoll,0.5,3.0,3.5,2.796,False,False,0.1,confirmation: structural commit lag 3.0s
e8-20260813,E8_speculative_window,12,confirmation,activepoll,0.5,3.0,3.5,5.8524,False,False,0.1,confirmation: structural commit lag 3.0s
e8-20260813,E8_speculative_window,13,confirmation,activepoll,0.5,3.0,3.5,29.8009,False,False,0.1,confirmation: structural commit lag 3.0s
e8-20260813,E8_speculative_window,14,confirmation,activepoll,0.5,3.0,3.5,5.0586,False,False,0.1,confirmation: structural commit lag 3.0s
e8-20260813,E8_speculative_window,15,confirmation,activepoll,0.5,3.0,3.5,1.9254,False,False,0.1,confirmation: structural commit lag 3.0s
e8-20260813,E8_speculative_window,16,confirmation,activepoll,0.5,3.0,3.5,5.9202,False,False,0.1,confirmation: structural commit lag 3.0s
e8-20260813,E8_speculative_window,17,confirmation,activepoll,0.5,3.0,3.5,11.3235,False,False,0.1,confirmation: structural commit lag 3.0s
e8-20260813,E8_speculative_window,18,confirmation,activepoll,0.5,3.0,3.5,23.4769,False,False,0.1,confirmation: structural commit lag 3.0s
e8-20260813,E8_speculative_window,19,confirmation,activepoll,0.5,3.0,3.5,16.1214,False,False,0.1,confirmation: structural commit lag 3.0s
e8-20260813,E8_speculative_window,0,confirmation,activepoll,1.0,3.0,4.0,10.9023,False,False,0.1,confirmation: structural commit lag 3.0s
e8-20260813,E8_speculative_window,1,confirmation,activepoll,1.0,3.0,4.0,23.9715,False,False,0.1,confirmation: structural commit lag 3.0s
e8-20260813,E8_speculative_window,2,confirmation,activepoll,1.0,3.0,4.0,33.5108,False,False,0.1,confirmation: structural commit lag 3.0s
e8-20260813,E8_speculative_window,3,confirmation,activepoll,1.0,3.0,4.0,5.253,False,False,0.1,confirmation: structural commit lag 3.0s
e8-20260813,E8_speculative_window,4,confirmation,activepoll,1.0,3.0,4.0,28.8867,False,False,0.1,confirmation: structural commit lag 3.0s
e8-20260813,E8_speculative_window,5,confirmation,activepoll,1.0,3.0,4.0,37.1425,False,False,0.1,confirmation: structural commit lag 3.0s
e8-20260813,E8_speculative_window,6,confirmation,activepoll,1.0,3.0,4.0,25.6115,False,False,0.1,confirmation: structural commit lag 3.0s
e8-20260813,E8_speculative_window,7,confirmation,activepoll,1.0,3.0,4.0,5.4063,False,False,0.1,confirmation: structural commit lag 3.0s
e8-20260813,E8_speculative_window,8,confirmation,activepoll,1.0,3.0,4.0,8.5181,False,False,0.1,confirmation: structural commit lag 3.0s
e8-20260813,E8_speculative_window,9,confirmation,activepoll,1.0,3.0,4.0,28.2294,False,False,0.1,confirmation: structural commit lag 3.0s
e8-20260813,E8_speculative_window,10,confirmation,activepoll,1.0,3.0,4.0,21.2068,False,False,0.1,confirmation: structural commit lag 3.0s
e8-20260813,E8_speculative_window,11,confirmation,activepoll,1.0,3.0,4.0,36.1975,False,False,0.1,confirmation: structural commit lag 3.0s
e8-20260813,E8_speculative_window,12,confirmation,activepoll,1.0,3.0,4.0,23.9062,False,False,0.1,confirmation: structural commit lag 3.0s
e8-20260813,E8_speculative_window,13,confirmation,activepoll,1.0,3.0,4.0,13.2215,False,False,0.1,confirmation: structural commit lag 3.0s
e8-20260813,E8_speculative_window,14,confirmation,activepoll,1.0,3.0,4.0,26.7107,False,False,0.1,confirmation: structural commit lag 3.0s
e8-20260813,E8_speculative_window,15,confirmation,activepoll,1.0,3.0,4.0,26.7969,False,False,0.1,confirmation: structural commit lag 3.0s
e8-20260813,E8_speculative_window,16,confirmation,activepoll,1.0,3.0,4.0,10.2812,False,False,0.1,confirmation: structural commit lag 3.0s
e8-20260813,E8_speculative_window,17,confirmation,activepoll,1.0,3.0,4.0,6.5841,False,False,0.1,confirmation: structural commit lag 3.0s
e8-20260813,E8_speculative_window,18,confirmation,activepoll,1.0,3.0,4.0,29.689,False,False,0.1,confirmation: structural commit lag 3.0s
e8-20260813,E8_speculative_window,19,confirmation,activepoll,1.0,3.0,4.0,25.6373,False,False,0.1,confirmation: structural commit lag 3.0s
e8-20260813,E8_speculative_window,0,confirmation,activepoll,2.0,3.0,5.0,21.5385,False,False,0.1,confirmation: structural commit lag 3.0s
e8-20260813,E8_speculative_window,1,confirmation,activepoll,2.0,3.0,5.0,32.0049,False,False,0.1,confirmation: structural commit lag 3.0s
e8-20260813,E8_speculative_window,2,confirmation,activepoll,2.0,3.0,5.0,37.4196,False,False,0.1,confirmation: structural commit lag 3.0s
e8-20260813,E8_speculative_window,3,confirmation,activepoll,2.0,3.0,5.0,5.8591,False,False,0.1,confirmation: structural commit lag 3.0s
e8-20260813,E8_speculative_window,4,confirmation,activepoll,2.0,3.0,5.0,7.2988,False,False,0.1,confirmation: structural commit lag 3.0s
e8-20260813,E8_speculative_window,5,confirmation,activepoll,2.0,3.0,5.0,6.0208,False,False,0.1,confirmation: structural commit lag 3.0s
e8-20260813,E8_speculative_window,6,confirmation,activepoll,2.0,3.0,5.0,15.1139,False,False,0.1,confirmation: structural commit lag 3.0s
e8-20260813,E8_speculative_window,7,confirmation,activepoll,2.0,3.0,5.0,0.656,False,False,0.1,confirmation: structural commit lag 3.0s
e8-20260813,E8_speculative_window,8,confirmation,activepoll,2.0,3.0,5.0,5.3103,False,False,0.1,confirmation: structural commit lag 3.0s
e8-20260813,E8_speculative_window,9,confirmation,activepoll,2.0,3.0,5.0,4.9383,False,False,0.1,confirmation: structural commit lag 3.0s
e8-20260813,E8_speculative_window,10,confirmation,activepoll,2.0,3.0,5.0,0.0212,True,True,0.1,confirmation: structural commit lag 3.0s
e8-20260813,E8_speculative_window,11,confirmation,activepoll,2.0,3.0,5.0,11.2184,False,False,0.1,confirmation: structural commit lag 3.0s
e8-20260813,E8_speculative_window,12,confirmation,activepoll,2.0,3.0,5.0,6.6936,False,False,0.1,confirmation: structural commit lag 3.0s
e8-20260813,E8_speculative_window,13,confirmation,activepoll,2.0,3.0,5.0,20.047,False,False,0.1,confirmation: structural commit lag 3.0s
e8-20260813,E8_speculative_window,14,confirmation,activepoll,2.0,3.0,5.0,24.8674,False,False,0.1,confirmation: structural commit lag 3.0s
e8-20260813,E8_speculative_window,15,confirmation,activepoll,2.0,3.0,5.0,14.8703,False,False,0.1,confirmation: structural commit lag 3.0s
e8-20260813,E8_speculative_window,16,confirmation,activepoll,2.0,3.0,5.0,20.7394,False,False,0.1,confirmation: structural commit lag 3.0s
e8-20260813,E8_speculative_window,17,confirmation,activepoll,2.0,3.0,5.0,30.4309,False,False,0.1,confirmation: structural commit lag 3.0s
e8-20260813,E8_speculative_window,18,confirmation,activepoll,2.0,3.0,5.0,18.8184,False,False,0.1,confirmation: structural commit lag 3.0s
e8-20260813,E8_speculative_window,19,confirmation,activepoll,2.0,3.0,5.0,1.2672,False,False,0.1,confirmation: structural commit lag 3.0s
e8-20260813,E8_speculative_window,0,confirmation,activepoll,5.0,3.0,8.0,6.9636,False,False,0.1,confirmation: structural commit lag 3.0s
e8-20260813,E8_speculative_window,1,confirmation,activepoll,5.0,3.0,8.0,24.0872,False,False,0.1,confirmation: structural commit lag 3.0s
e8-20260813,E8_speculative_window,2,confirmation,activepoll,5.0,3.0,8.0,31.1791,False,False,0.1,confirmation: structural commit lag 3.0s
e8-20260813,E8_speculative_window,3,confirmation,activepoll,5.0,3.0,8.0,14.6298,False,False,0.1,confirmation: structural commit lag 3.0s
e8-20260813,E8_speculative_window,4,confirmation,activepoll,5.0,3.0,8.0,12.002,False,False,0.1,confirmation: structural commit lag 3.0s
e8-20260813,E8_speculative_window,5,confirmation,activepoll,5.0,3.0,8.0,4.5372,False,False,0.1,confirmation: structural commit lag 3.0s
e8-20260813,E8_speculative_window,6,confirmation,activepoll,5.0,3.0,8.0,36.7439,False,False,0.1,confirmation: structural commit lag 3.0s
e8-20260813,E8_speculative_window,7,confirmation,activepoll,5.0,3.0,8.0,12.2762,False,False,0.1,confirmation: structural commit lag 3.0s
e8-20260813,E8_speculative_window,8,confirmation,activepoll,5.0,3.0,8.0,19.7004,False,False,0.1,confirmation: structural commit lag 3.0s
e8-20260813,E8_speculative_window,9,confirmation,activepoll,5.0,3.0,8.0,17.7686,False,False,0.1,confirmation: structural commit lag 3.0s
e8-20260813,E8_speculative_window,10,confirmation,activepoll,5.0,3.0,8.0,20.9005,False,False,0.1,confirmation: structural commit lag 3.0s
e8-20260813,E8_speculative_window,11,confirmation,activepoll,5.0,3.0,8.0,31.1587,False,False,0.1,confirmation: structural commit lag 3.0s
e8-20260813,E8_speculative_window,12,confirmation,activepoll,5.0,3.0,8.0,32.8468,False,False,0.1,confirmation: structural commit lag 3.0s
e8-20260813,E8_speculative_window,13,confirmation,activepoll,5.0,3.0,8.0,30.3332,False,False,0.1,confirmation: structural commit lag 3.0s
e8-20260813,E8_speculative_window,14,confirmation,activepoll,5.0,3.0,8.0,38.6438,False,False,0.1,confirmation: structural commit lag 3.0s
e8-20260813,E8_speculative_window,15,confirmation,activepoll,5.0,3.0,8.0,17.524,False,False,0.1,confirmation: structural commit lag 3.0s
e8-20260813,E8_speculative_window,16,confirmation,activepoll,5.0,3.0,8.0,1.275,False,False,0.1,confirmation: structural commit lag 3.0s
e8-20260813,E8_speculative_window,17,confirmation,activepoll,5.0,3.0,8.0,28.0029,False,False,0.1,confirmation: structural commit lag 3.0s
e8-20260813,E8_speculative_window,18,confirmation,activepoll,5.0,3.0,8.0,11.2909,False,False,0.1,confirmation: structural commit lag 3.0s
e8-20260813,E8_speculative_window,19,confirmation,activepoll,5.0,3.0,8.0,17.3759,False,False,0.1,confirmation: structural commit lag 3.0s
e8-20260813,E8_speculative_window,0,confirmation,activepoll,10.0,3.0,13.0,34.5514,False,False,0.1,confirmation: structural commit lag 3.0s
e8-20260813,E8_speculative_window,1,confirmation,activepoll,10.0,3.0,13.0,19.3536,False,False,0.1,confirmation: structural commit lag 3.0s
e8-20260813,E8_speculative_window,2,confirmation,activepoll,10.0,3.0,13.0,15.1234,False,False,0.1,confirmation: structural commit lag 3.0s
e8-20260813,E8_speculative_window,3,confirmation,activepoll,10.0,3.0,13.0,5.3676,False,False,0.1,confirmation: structural commit lag 3.0s
e8-20260813,E8_speculative_window,4,confirmation,activepoll,10.0,3.0,13.0,4.3651,False,False,0.1,confirmation: structural commit lag 3.0s
e8-20260813,E8_speculative_window,5,confirmation,activepoll,10.0,3.0,13.0,2.5098,False,False,0.1,confirmation: structural commit lag 3.0s
e8-20260813,E8_speculative_window,6,confirmation,activepoll,10.0,3.0,13.0,6.5657,False,False,0.1,confirmation: structural commit lag 3.0s
e8-20260813,E8_speculative_window,7,confirmation,activepoll,10.0,3.0,13.0,23.8385,False,False,0.1,confirmation: structural commit lag 3.0s
e8-20260813,E8_speculative_window,8,confirmation,activepoll,10.0,3.0,13.0,34.6095,False,False,0.1,confirmation: structural commit lag 3.0s
e8-20260813,E8_speculative_window,9,confirmation,activepoll,10.0,3.0,13.0,35.5591,False,False,0.1,confirmation: structural commit lag 3.0s
e8-20260813,E8_speculative_window,10,confirmation,activepoll,10.0,3.0,13.0,12.0336,False,False,0.1,confirmation: structural commit lag 3.0s
e8-20260813,E8_speculative_window,11,confirmation,activepoll,10.0,3.0,13.0,36.4063,False,False,0.1,confirmation: structural commit lag 3.0s
e8-20260813,E8_speculative_window,12,confirmation,activepoll,10.0,3.0,13.0,37.4391,False,False,0.1,confirmation: structural commit lag 3.0s
e8-20260813,E8_speculative_window,13,confirmation,activepoll,10.0,3.0,13.0,36.4302,False,False,0.1,confirmation: structural commit lag 3.0s
e8-20260813,E8_speculative_window,14,confirmation,activepoll,10.0,3.0,13.0,1.3978,False,False,0.1,confirmation: structural commit lag 3.0s
e8-20260813,E8_speculative_window,15,confirmation,activepoll,10.0,3.0,13.0,7.167,False,False,0.1,confirmation: structural commit lag 3.0s
e8-20260813,E8_speculative_window,16,confirmation,activepoll,10.0,3.0,13.0,7.1252,False,False,0.1,confirmation: structural commit lag 3.0s
e8-20260813,E8_speculative_window,17,confirmation,activepoll,10.0,3.0,13.0,10.028,False,False,0.1,confirmation: structural commit lag 3.0s
e8-20260813,E8_speculative_window,18,confirmation,activepoll,10.0,3.0,13.0,15.5932,False,False,0.1,confirmation: structural commit lag 3.0s
e8-20260813,E8_speculative_window,19,confirmation,activepoll,10.0,3.0,13.0,3.9643,False,False,0.1,confirmation: structural commit lag 3.0s
e8-20260813,E8_speculative_window,0,confirmation,activepoll,20.0,3.0,23.0,27.6306,False,False,0.1,confirmation: structural commit lag 3.0s
e8-20260813,E8_speculative_window,1,confirmation,activepoll,20.0,3.0,23.0,0.828,False,False,0.1,confirmation: structural commit lag 3.0s
e8-20260813,E8_speculative_window,2,confirmation,activepoll,20.0,3.0,23.0,12.769,False,False,0.1,confirmation: structural commit lag 3.0s
e8-20260813,E8_speculative_window,3,confirmation,activepoll,20.0,3.0,23.0,28.2343,False,False,0.1,confirmation: structural commit lag 3.0s
e8-20260813,E8_speculative_window,4,confirmation,activepoll,20.0,3.0,23.0,0.5019,False,False,0.1,confirmation: structural commit lag 3.0s
e8-20260813,E8_speculative_window,5,confirmation,activepoll,20.0,3.0,23.0,22.64,False,False,0.1,confirmation: structural commit lag 3.0s
e8-20260813,E8_speculative_window,6,confirmation,activepoll,20.0,3.0,23.0,1.992,False,False,0.1,confirmation: structural commit lag 3.0s
e8-20260813,E8_speculative_window,7,confirmation,activepoll,20.0,3.0,23.0,35.0777,False,False,0.1,confirmation: structural commit lag 3.0s
e8-20260813,E8_speculative_window,8,confirmation,activepoll,20.0,3.0,23.0,12.0326,False,False,0.1,confirmation: structural commit lag 3.0s
e8-20260813,E8_speculative_window,9,confirmation,activepoll,20.0,3.0,23.0,10.8112,False,False,0.1,confirmation: structural commit lag 3.0s
e8-20260813,E8_speculative_window,10,confirmation,activepoll,20.0,3.0,23.0,3.3136,False,False,0.1,confirmation: structural commit lag 3.0s
e8-20260813,E8_speculative_window,11,confirmation,activepoll,20.0,3.0,23.0,5.5162,False,False,0.1,confirmation: structural commit lag 3.0s
e8-20260813,E8_speculative_window,12,confirmation,activepoll,20.0,3.0,23.0,35.5688,False,False,0.1,confirmation: structural commit lag 3.0s
e8-20260813,E8_speculative_window,13,confirmation,activepoll,20.0,3.0,23.0,18.5428,False,False,0.1,confirmation: structural commit lag 3.0s
e8-20260813,E8_speculative_window,14,confirmation,activepoll,20.0,3.0,23.0,32.7075,False,False,0.1,confirmation: structural commit lag 3.0s
e8-20260813,E8_speculative_window,15,confirmation,activepoll,20.0,3.0,23.0,17.1793,False,False,0.1,confirmation: structural commit lag 3.0s
e8-20260813,E8_speculative_window,16,confirmation,activepoll,20.0,3.0,23.0,31.9745,False,False,0.1,confirmation: structural commit lag 3.0s
e8-20260813,E8_speculative_window,17,confirmation,activepoll,20.0,3.0,23.0,38.8152,False,False,0.1,confirmation: structural commit lag 3.0s
e8-20260813,E8_speculative_window,18,confirmation,activepoll,20.0,3.0,23.0,23.859,False,False,0.1,confirmation: structural commit lag 3.0s
e8-20260813,E8_speculative_window,19,confirmation,activepoll,20.0,3.0,23.0,34.593,False,False,0.1,confirmation: structural commit lag 3.0s
e8-20260813,E8_speculative_window,0,confirmation,activepoll,40.0,3.0,43.0,8.9887,False,False,0.1,confirmation: structural commit lag 3.0s
e8-20260813,E8_speculative_window,1,confirmation,activepoll,40.0,3.0,43.0,22.4482,False,False,0.1,confirmation: structural commit lag 3.0s
e8-20260813,E8_speculative_window,2,confirmation,activepoll,40.0,3.0,43.0,5.624,False,False,0.1,confirmation: structural commit lag 3.0s
e8-20260813,E8_speculative_window,3,confirmation,activepoll,40.0,3.0,43.0,31.9571,False,False,0.1,confirmation: structural commit lag 3.0s
e8-20260813,E8_speculative_window,4,confirmation,activepoll,40.0,3.0,43.0,6.5544,False,False,0.1,confirmation: structural commit lag 3.0s
e8-20260813,E8_speculative_window,5,confirmation,activepoll,40.0,3.0,43.0,14.0056,False,False,0.1,confirmation: structural commit lag 3.0s
e8-20260813,E8_speculative_window,6,confirmation,activepoll,40.0,3.0,43.0,8.9209,False,False,0.1,confirmation: structural commit lag 3.0s
e8-20260813,E8_speculative_window,7,confirmation,activepoll,40.0,3.0,43.0,15.9416,False,False,0.1,confirmation: structural commit lag 3.0s
e8-20260813,E8_speculative_window,8,confirmation,activepoll,40.0,3.0,43.0,35.3336,False,False,0.1,confirmation: structural commit lag 3.0s
e8-20260813,E8_speculative_window,9,confirmation,activepoll,40.0,3.0,43.0,12.3099,False,False,0.1,confirmation: structural commit lag 3.0s
e8-20260813,E8_speculative_window,10,confirmation,activepoll,40.0,3.0,43.0,19.1736,False,False,0.1,confirmation: structural commit lag 3.0s
e8-20260813,E8_speculative_window,11,confirmation,activepoll,40.0,3.0,43.0,33.1501,False,False,0.1,confirmation: structural commit lag 3.0s
e8-20260813,E8_speculative_window,12,confirmation,activepoll,40.0,3.0,43.0,28.7056,False,False,0.1,confirmation: structural commit lag 3.0s
e8-20260813,E8_speculative_window,13,confirmation,activepoll,40.0,3.0,43.0,5.7406,False,False,0.1,confirmation: structural commit lag 3.0s
e8-20260813,E8_speculative_window,14,confirmation,activepoll,40.0,3.0,43.0,10.1359,False,False,0.1,confirmation: structural commit lag 3.0s
e8-20260813,E8_speculative_window,15,confirmation,activepoll,40.0,3.0,43.0,23.7395,False,False,0.1,confirmation: structural commit lag 3.0s
e8-20260813,E8_speculative_window,16,confirmation,activepoll,40.0,3.0,43.0,10.1562,False,False,0.1,confirmation: structural commit lag 3.0s
e8-20260813,E8_speculative_window,17,confirmation,activepoll,40.0,3.0,43.0,38.2285,False,False,0.1,confirmation: structural commit lag 3.0s
e8-20260813,E8_speculative_window,18,confirmation,activepoll,40.0,3.0,43.0,35.76,False,False,0.1,confirmation: structural commit lag 3.0s
e8-20260813,E8_speculative_window,19,confirmation,activepoll,40.0,3.0,43.0,30.3842,False,False,0.1,confirmation: structural commit lag 3.0s
e8-20260813,E8_speculative_window,0,automation,none,0.0,8.0,8.0,10.0831,False,False,inf,automation: structural commit lag 8.0s
e8-20260813,E8_speculative_window,1,automation,none,0.0,8.0,8.0,25.3271,False,False,inf,automation: structural commit lag 8.0s
e8-20260813,E8_speculative_window,2,automation,none,0.0,8.0,8.0,32.1494,False,False,inf,automation: structural commit lag 8.0s
e8-20260813,E8_speculative_window,3,automation,none,0.0,8.0,8.0,14.6776,False,False,inf,automation: structural commit lag 8.0s
e8-20260813,E8_speculative_window,4,automation,none,0.0,8.0,8.0,22.5165,False,False,inf,automation: structural commit lag 8.0s
e8-20260813,E8_speculative_window,5,automation,none,0.0,8.0,8.0,11.6671,False,False,inf,automation: structural commit lag 8.0s
e8-20260813,E8_speculative_window,6,automation,none,0.0,8.0,8.0,38.785,False,False,inf,automation: structural commit lag 8.0s
e8-20260813,E8_speculative_window,7,automation,none,0.0,8.0,8.0,37.4633,False,False,inf,automation: structural commit lag 8.0s
e8-20260813,E8_speculative_window,8,automation,none,0.0,8.0,8.0,28.7558,False,False,inf,automation: structural commit lag 8.0s
e8-20260813,E8_speculative_window,9,automation,none,0.0,8.0,8.0,1.8271,True,True,inf,automation: structural commit lag 8.0s
e8-20260813,E8_speculative_window,10,automation,none,0.0,8.0,8.0,24.3723,False,False,inf,automation: structural commit lag 8.0s
e8-20260813,E8_speculative_window,11,automation,none,0.0,8.0,8.0,21.9062,False,False,inf,automation: structural commit lag 8.0s
e8-20260813,E8_speculative_window,12,automation,none,0.0,8.0,8.0,37.0697,False,False,inf,automation: structural commit lag 8.0s
e8-20260813,E8_speculative_window,13,automation,none,0.0,8.0,8.0,37.6438,False,False,inf,automation: structural commit lag 8.0s
e8-20260813,E8_speculative_window,14,automation,none,0.0,8.0,8.0,29.8326,False,False,inf,automation: structural commit lag 8.0s
e8-20260813,E8_speculative_window,15,automation,none,0.0,8.0,8.0,23.5558,False,False,inf,automation: structural commit lag 8.0s
e8-20260813,E8_speculative_window,16,automation,none,0.0,8.0,8.0,21.8971,False,False,inf,automation: structural commit lag 8.0s
e8-20260813,E8_speculative_window,17,automation,none,0.0,8.0,8.0,7.7336,True,True,inf,automation: structural commit lag 8.0s
e8-20260813,E8_speculative_window,18,automation,none,0.0,8.0,8.0,21.4558,False,False,inf,automation: structural commit lag 8.0s
e8-20260813,E8_speculative_window,19,automation,none,0.0,8.0,8.0,22.2059,False,False,inf,automation: structural commit lag 8.0s
e8-20260813,E8_speculative_window,0,automation,none,0.1,8.0,8.1,18.5715,False,False,inf,automation: structural commit lag 8.0s
e8-20260813,E8_speculative_window,1,automation,none,0.1,8.0,8.1,38.7805,False,False,inf,automation: structural commit lag 8.0s
e8-20260813,E8_speculative_window,2,automation,none,0.1,8.0,8.1,16.1638,False,False,inf,automation: structural commit lag 8.0s
e8-20260813,E8_speculative_window,3,automation,none,0.1,8.0,8.1,13.0606,False,False,inf,automation: structural commit lag 8.0s
e8-20260813,E8_speculative_window,4,automation,none,0.1,8.0,8.1,34.506,False,False,inf,automation: structural commit lag 8.0s
e8-20260813,E8_speculative_window,5,automation,none,0.1,8.0,8.1,35.5655,False,False,inf,automation: structural commit lag 8.0s
e8-20260813,E8_speculative_window,6,automation,none,0.1,8.0,8.1,8.1308,False,False,inf,automation: structural commit lag 8.0s
e8-20260813,E8_speculative_window,7,automation,none,0.1,8.0,8.1,35.1528,False,False,inf,automation: structural commit lag 8.0s
e8-20260813,E8_speculative_window,8,automation,none,0.1,8.0,8.1,15.0571,False,False,inf,automation: structural commit lag 8.0s
e8-20260813,E8_speculative_window,9,automation,none,0.1,8.0,8.1,27.0377,False,False,inf,automation: structural commit lag 8.0s
e8-20260813,E8_speculative_window,10,automation,none,0.1,8.0,8.1,3.5638,True,True,inf,automation: structural commit lag 8.0s
e8-20260813,E8_speculative_window,11,automation,none,0.1,8.0,8.1,36.7233,False,False,inf,automation: structural commit lag 8.0s
e8-20260813,E8_speculative_window,12,automation,none,0.1,8.0,8.1,15.0551,False,False,inf,automation: structural commit lag 8.0s
e8-20260813,E8_speculative_window,13,automation,none,0.1,8.0,8.1,23.6185,False,False,inf,automation: structural commit lag 8.0s
e8-20260813,E8_speculative_window,14,automation,none,0.1,8.0,8.1,32.7156,False,False,inf,automation: structural commit lag 8.0s
e8-20260813,E8_speculative_window,15,automation,none,0.1,8.0,8.1,17.5085,False,False,inf,automation: structural commit lag 8.0s
e8-20260813,E8_speculative_window,16,automation,none,0.1,8.0,8.1,5.1797,True,True,inf,automation: structural commit lag 8.0s
e8-20260813,E8_speculative_window,17,automation,none,0.1,8.0,8.1,20.0921,False,False,inf,automation: structural commit lag 8.0s
e8-20260813,E8_speculative_window,18,automation,none,0.1,8.0,8.1,21.9829,False,False,inf,automation: structural commit lag 8.0s
e8-20260813,E8_speculative_window,19,automation,none,0.1,8.0,8.1,29.7687,False,False,inf,automation: structural commit lag 8.0s
e8-20260813,E8_speculative_window,0,automation,none,0.25,8.0,8.25,30.2073,False,False,inf,automation: structural commit lag 8.0s
e8-20260813,E8_speculative_window,1,automation,none,0.25,8.0,8.25,27.3593,False,False,inf,automation: structural commit lag 8.0s
e8-20260813,E8_speculative_window,2,automation,none,0.25,8.0,8.25,38.4448,False,False,inf,automation: structural commit lag 8.0s
e8-20260813,E8_speculative_window,3,automation,none,0.25,8.0,8.25,3.0034,True,True,inf,automation: structural commit lag 8.0s
e8-20260813,E8_speculative_window,4,automation,none,0.25,8.0,8.25,27.0971,False,False,inf,automation: structural commit lag 8.0s
e8-20260813,E8_speculative_window,5,automation,none,0.25,8.0,8.25,27.6038,False,False,inf,automation: structural commit lag 8.0s
e8-20260813,E8_speculative_window,6,automation,none,0.25,8.0,8.25,2.7441,True,True,inf,automation: structural commit lag 8.0s
e8-20260813,E8_speculative_window,7,automation,none,0.25,8.0,8.25,18.2215,False,False,inf,automation: structural commit lag 8.0s
e8-20260813,E8_speculative_window,8,automation,none,0.25,8.0,8.25,15.9096,False,False,inf,automation: structural commit lag 8.0s
e8-20260813,E8_speculative_window,9,automation,none,0.25,8.0,8.25,29.6323,False,False,inf,automation: structural commit lag 8.0s
e8-20260813,E8_speculative_window,10,automation,none,0.25,8.0,8.25,0.8112,True,True,inf,automation: structural commit lag 8.0s
e8-20260813,E8_speculative_window,11,automation,none,0.25,8.0,8.25,3.2851,True,True,inf,automation: structural commit lag 8.0s
e8-20260813,E8_speculative_window,12,automation,none,0.25,8.0,8.25,15.896,False,False,inf,automation: structural commit lag 8.0s
e8-20260813,E8_speculative_window,13,automation,none,0.25,8.0,8.25,9.1996,False,False,inf,automation: structural commit lag 8.0s
e8-20260813,E8_speculative_window,14,automation,none,0.25,8.0,8.25,25.0837,False,False,inf,automation: structural commit lag 8.0s
e8-20260813,E8_speculative_window,15,automation,none,0.25,8.0,8.25,37.7568,False,False,inf,automation: structural commit lag 8.0s
e8-20260813,E8_speculative_window,16,automation,none,0.25,8.0,8.25,22.1177,False,False,inf,automation: structural commit lag 8.0s
e8-20260813,E8_speculative_window,17,automation,none,0.25,8.0,8.25,32.2981,False,False,inf,automation: structural commit lag 8.0s
e8-20260813,E8_speculative_window,18,automation,none,0.25,8.0,8.25,25.3895,False,False,inf,automation: structural commit lag 8.0s
e8-20260813,E8_speculative_window,19,automation,none,0.25,8.0,8.25,24.2307,False,False,inf,automation: structural commit lag 8.0s
e8-20260813,E8_speculative_window,0,automation,none,0.5,8.0,8.5,7.0803,True,True,inf,automation: structural commit lag 8.0s
e8-20260813,E8_speculative_window,1,automation,none,0.5,8.0,8.5,39.5928,False,False,inf,automation: structural commit lag 8.0s
e8-20260813,E8_speculative_window,2,automation,none,0.5,8.0,8.5,27.9224,False,False,inf,automation: structural commit lag 8.0s
e8-20260813,E8_speculative_window,3,automation,none,0.5,8.0,8.5,23.4276,False,False,inf,automation: structural commit lag 8.0s
e8-20260813,E8_speculative_window,4,automation,none,0.5,8.0,8.5,18.171,False,False,inf,automation: structural commit lag 8.0s
e8-20260813,E8_speculative_window,5,automation,none,0.5,8.0,8.5,13.3898,False,False,inf,automation: structural commit lag 8.0s
e8-20260813,E8_speculative_window,6,automation,none,0.5,8.0,8.5,27.712,False,False,inf,automation: structural commit lag 8.0s
e8-20260813,E8_speculative_window,7,automation,none,0.5,8.0,8.5,24.6391,False,False,inf,automation: structural commit lag 8.0s
e8-20260813,E8_speculative_window,8,automation,none,0.5,8.0,8.5,22.1366,False,False,inf,automation: structural commit lag 8.0s
e8-20260813,E8_speculative_window,9,automation,none,0.5,8.0,8.5,7.5889,True,True,inf,automation: structural commit lag 8.0s
e8-20260813,E8_speculative_window,10,automation,none,0.5,8.0,8.5,25.6376,False,False,inf,automation: structural commit lag 8.0s
e8-20260813,E8_speculative_window,11,automation,none,0.5,8.0,8.5,8.7487,False,False,inf,automation: structural commit lag 8.0s
e8-20260813,E8_speculative_window,12,automation,none,0.5,8.0,8.5,28.3431,False,False,inf,automation: structural commit lag 8.0s
e8-20260813,E8_speculative_window,13,automation,none,0.5,8.0,8.5,14.1874,False,False,inf,automation: structural commit lag 8.0s
e8-20260813,E8_speculative_window,14,automation,none,0.5,8.0,8.5,35.3489,False,False,inf,automation: structural commit lag 8.0s
e8-20260813,E8_speculative_window,15,automation,none,0.5,8.0,8.5,35.529,False,False,inf,automation: structural commit lag 8.0s
e8-20260813,E8_speculative_window,16,automation,none,0.5,8.0,8.5,11.4921,False,False,inf,automation: structural commit lag 8.0s
e8-20260813,E8_speculative_window,17,automation,none,0.5,8.0,8.5,21.6043,False,False,inf,automation: structural commit lag 8.0s
e8-20260813,E8_speculative_window,18,automation,none,0.5,8.0,8.5,10.8697,False,False,inf,automation: structural commit lag 8.0s
e8-20260813,E8_speculative_window,19,automation,none,0.5,8.0,8.5,18.787,False,False,inf,automation: structural commit lag 8.0s
e8-20260813,E8_speculative_window,0,automation,none,1.0,8.0,9.0,35.1749,False,False,inf,automation: structural commit lag 8.0s
e8-20260813,E8_speculative_window,1,automation,none,1.0,8.0,9.0,3.1692,True,True,inf,automation: structural commit lag 8.0s
e8-20260813,E8_speculative_window,2,automation,none,1.0,8.0,9.0,23.0064,False,False,inf,automation: structural commit lag 8.0s
e8-20260813,E8_speculative_window,3,automation,none,1.0,8.0,9.0,24.1488,False,False,inf,automation: structural commit lag 8.0s
e8-20260813,E8_speculative_window,4,automation,none,1.0,8.0,9.0,3.2804,True,True,inf,automation: structural commit lag 8.0s
e8-20260813,E8_speculative_window,5,automation,none,1.0,8.0,9.0,28.6383,False,False,inf,automation: structural commit lag 8.0s
e8-20260813,E8_speculative_window,6,automation,none,1.0,8.0,9.0,9.3497,False,False,inf,automation: structural commit lag 8.0s
e8-20260813,E8_speculative_window,7,automation,none,1.0,8.0,9.0,29.4648,False,False,inf,automation: structural commit lag 8.0s
e8-20260813,E8_speculative_window,8,automation,none,1.0,8.0,9.0,27.164,False,False,inf,automation: structural commit lag 8.0s
e8-20260813,E8_speculative_window,9,automation,none,1.0,8.0,9.0,4.8323,True,True,inf,automation: structural commit lag 8.0s
e8-20260813,E8_speculative_window,10,automation,none,1.0,8.0,9.0,33.6837,False,False,inf,automation: structural commit lag 8.0s
e8-20260813,E8_speculative_window,11,automation,none,1.0,8.0,9.0,24.4451,False,False,inf,automation: structural commit lag 8.0s
e8-20260813,E8_speculative_window,12,automation,none,1.0,8.0,9.0,20.2027,False,False,inf,automation: structural commit lag 8.0s
e8-20260813,E8_speculative_window,13,automation,none,1.0,8.0,9.0,3.5104,True,True,inf,automation: structural commit lag 8.0s
e8-20260813,E8_speculative_window,14,automation,none,1.0,8.0,9.0,29.7876,False,False,inf,automation: structural commit lag 8.0s
e8-20260813,E8_speculative_window,15,automation,none,1.0,8.0,9.0,10.9103,False,False,inf,automation: structural commit lag 8.0s
e8-20260813,E8_speculative_window,16,automation,none,1.0,8.0,9.0,13.8771,False,False,inf,automation: structural commit lag 8.0s
e8-20260813,E8_speculative_window,17,automation,none,1.0,8.0,9.0,19.4841,False,False,inf,automation: structural commit lag 8.0s
e8-20260813,E8_speculative_window,18,automation,none,1.0,8.0,9.0,21.5229,False,False,inf,automation: structural commit lag 8.0s
e8-20260813,E8_speculative_window,19,automation,none,1.0,8.0,9.0,33.2854,False,False,inf,automation: structural commit lag 8.0s
e8-20260813,E8_speculative_window,0,automation,none,2.0,8.0,10.0,23.3142,False,False,inf,automation: structural commit lag 8.0s
e8-20260813,E8_speculative_window,1,automation,none,2.0,8.0,10.0,16.9832,False,False,inf,automation: structural commit lag 8.0s
e8-20260813,E8_speculative_window,2,automation,none,2.0,8.0,10.0,31.2562,False,False,inf,automation: structural commit lag 8.0s
e8-20260813,E8_speculative_window,3,automation,none,2.0,8.0,10.0,2.9066,True,True,inf,automation: structural commit lag 8.0s
e8-20260813,E8_speculative_window,4,automation,none,2.0,8.0,10.0,16.5364,False,False,inf,automation: structural commit lag 8.0s
e8-20260813,E8_speculative_window,5,automation,none,2.0,8.0,10.0,34.1977,False,False,inf,automation: structural commit lag 8.0s
e8-20260813,E8_speculative_window,6,automation,none,2.0,8.0,10.0,15.9335,False,False,inf,automation: structural commit lag 8.0s
e8-20260813,E8_speculative_window,7,automation,none,2.0,8.0,10.0,15.9736,False,False,inf,automation: structural commit lag 8.0s
e8-20260813,E8_speculative_window,8,automation,none,2.0,8.0,10.0,5.4517,True,True,inf,automation: structural commit lag 8.0s
e8-20260813,E8_speculative_window,9,automation,none,2.0,8.0,10.0,4.6412,True,True,inf,automation: structural commit lag 8.0s
e8-20260813,E8_speculative_window,10,automation,none,2.0,8.0,10.0,37.3043,False,False,inf,automation: structural commit lag 8.0s
e8-20260813,E8_speculative_window,11,automation,none,2.0,8.0,10.0,24.1728,False,False,inf,automation: structural commit lag 8.0s
e8-20260813,E8_speculative_window,12,automation,none,2.0,8.0,10.0,1.8449,True,True,inf,automation: structural commit lag 8.0s
e8-20260813,E8_speculative_window,13,automation,none,2.0,8.0,10.0,15.3654,False,False,inf,automation: structural commit lag 8.0s
e8-20260813,E8_speculative_window,14,automation,none,2.0,8.0,10.0,37.7167,False,False,inf,automation: structural commit lag 8.0s
e8-20260813,E8_speculative_window,15,automation,none,2.0,8.0,10.0,8.8883,True,True,inf,automation: structural commit lag 8.0s
e8-20260813,E8_speculative_window,16,automation,none,2.0,8.0,10.0,32.3296,False,False,inf,automation: structural commit lag 8.0s
e8-20260813,E8_speculative_window,17,automation,none,2.0,8.0,10.0,38.1021,False,False,inf,automation: structural commit lag 8.0s
e8-20260813,E8_speculative_window,18,automation,none,2.0,8.0,10.0,34.6909,False,False,inf,automation: structural commit lag 8.0s
e8-20260813,E8_speculative_window,19,automation,none,2.0,8.0,10.0,39.0986,False,False,inf,automation: structural commit lag 8.0s
e8-20260813,E8_speculative_window,0,automation,none,5.0,8.0,13.0,34.4827,False,False,inf,automation: structural commit lag 8.0s
e8-20260813,E8_speculative_window,1,automation,none,5.0,8.0,13.0,13.7035,False,False,inf,automation: structural commit lag 8.0s
e8-20260813,E8_speculative_window,2,automation,none,5.0,8.0,13.0,28.1985,False,False,inf,automation: structural commit lag 8.0s
e8-20260813,E8_speculative_window,3,automation,none,5.0,8.0,13.0,32.596,False,False,inf,automation: structural commit lag 8.0s
e8-20260813,E8_speculative_window,4,automation,none,5.0,8.0,13.0,1.864,True,True,inf,automation: structural commit lag 8.0s
e8-20260813,E8_speculative_window,5,automation,none,5.0,8.0,13.0,10.5729,True,True,inf,automation: structural commit lag 8.0s
e8-20260813,E8_speculative_window,6,automation,none,5.0,8.0,13.0,31.0395,False,False,inf,automation: structural commit lag 8.0s
e8-20260813,E8_speculative_window,7,automation,none,5.0,8.0,13.0,35.6304,False,False,inf,automation: structural commit lag 8.0s
e8-20260813,E8_speculative_window,8,automation,none,5.0,8.0,13.0,19.8949,False,False,inf,automation: structural commit lag 8.0s
e8-20260813,E8_speculative_window,9,automation,none,5.0,8.0,13.0,0.0681,True,True,inf,automation: structural commit lag 8.0s
e8-20260813,E8_speculative_window,10,automation,none,5.0,8.0,13.0,11.935,True,True,inf,automation: structural commit lag 8.0s
e8-20260813,E8_speculative_window,11,automation,none,5.0,8.0,13.0,31.1944,False,False,inf,automation: structural commit lag 8.0s
e8-20260813,E8_speculative_window,12,automation,none,5.0,8.0,13.0,17.1347,False,False,inf,automation: structural commit lag 8.0s
e8-20260813,E8_speculative_window,13,automation,none,5.0,8.0,13.0,32.5765,False,False,inf,automation: structural commit lag 8.0s
e8-20260813,E8_speculative_window,14,automation,none,5.0,8.0,13.0,20.7931,False,False,inf,automation: structural commit lag 8.0s
e8-20260813,E8_speculative_window,15,automation,none,5.0,8.0,13.0,3.6601,True,True,inf,automation: structural commit lag 8.0s
e8-20260813,E8_speculative_window,16,automation,none,5.0,8.0,13.0,2.9885,True,True,inf,automation: structural commit lag 8.0s
e8-20260813,E8_speculative_window,17,automation,none,5.0,8.0,13.0,14.4356,False,False,inf,automation: structural commit lag 8.0s
e8-20260813,E8_speculative_window,18,automation,none,5.0,8.0,13.0,0.9837,True,True,inf,automation: structural commit lag 8.0s
e8-20260813,E8_speculative_window,19,automation,none,5.0,8.0,13.0,22.2074,False,False,inf,automation: structural commit lag 8.0s
e8-20260813,E8_speculative_window,0,automation,none,10.0,8.0,18.0,3.9614,True,True,inf,automation: structural commit lag 8.0s
e8-20260813,E8_speculative_window,1,automation,none,10.0,8.0,18.0,21.4253,False,False,inf,automation: structural commit lag 8.0s
e8-20260813,E8_speculative_window,2,automation,none,10.0,8.0,18.0,6.3832,True,True,inf,automation: structural commit lag 8.0s
e8-20260813,E8_speculative_window,3,automation,none,10.0,8.0,18.0,4.1686,True,True,inf,automation: structural commit lag 8.0s
e8-20260813,E8_speculative_window,4,automation,none,10.0,8.0,18.0,4.6857,True,True,inf,automation: structural commit lag 8.0s
e8-20260813,E8_speculative_window,5,automation,none,10.0,8.0,18.0,9.9335,True,True,inf,automation: structural commit lag 8.0s
e8-20260813,E8_speculative_window,6,automation,none,10.0,8.0,18.0,36.8919,False,False,inf,automation: structural commit lag 8.0s
e8-20260813,E8_speculative_window,7,automation,none,10.0,8.0,18.0,13.3289,True,True,inf,automation: structural commit lag 8.0s
e8-20260813,E8_speculative_window,8,automation,none,10.0,8.0,18.0,14.5366,True,True,inf,automation: structural commit lag 8.0s
e8-20260813,E8_speculative_window,9,automation,none,10.0,8.0,18.0,32.0166,False,False,inf,automation: structural commit lag 8.0s
e8-20260813,E8_speculative_window,10,automation,none,10.0,8.0,18.0,17.4533,True,True,inf,automation: structural commit lag 8.0s
e8-20260813,E8_speculative_window,11,automation,none,10.0,8.0,18.0,15.3643,True,True,inf,automation: structural commit lag 8.0s
e8-20260813,E8_speculative_window,12,automation,none,10.0,8.0,18.0,36.1221,False,False,inf,automation: structural commit lag 8.0s
e8-20260813,E8_speculative_window,13,automation,none,10.0,8.0,18.0,11.2493,True,True,inf,automation: structural commit lag 8.0s
e8-20260813,E8_speculative_window,14,automation,none,10.0,8.0,18.0,14.1753,True,True,inf,automation: structural commit lag 8.0s
e8-20260813,E8_speculative_window,15,automation,none,10.0,8.0,18.0,34.075,False,False,inf,automation: structural commit lag 8.0s
e8-20260813,E8_speculative_window,16,automation,none,10.0,8.0,18.0,33.5342,False,False,inf,automation: structural commit lag 8.0s
e8-20260813,E8_speculative_window,17,automation,none,10.0,8.0,18.0,29.1086,False,False,inf,automation: structural commit lag 8.0s
e8-20260813,E8_speculative_window,18,automation,none,10.0,8.0,18.0,4.4877,True,True,inf,automation: structural commit lag 8.0s
e8-20260813,E8_speculative_window,19,automation,none,10.0,8.0,18.0,0.2769,True,True,inf,automation: structural commit lag 8.0s
e8-20260813,E8_speculative_window,0,automation,none,20.0,8.0,28.0,6.3281,True,True,inf,automation: structural commit lag 8.0s
e8-20260813,E8_speculative_window,1,automation,none,20.0,8.0,28.0,24.1348,True,True,inf,automation: structural commit lag 8.0s
e8-20260813,E8_speculative_window,2,automation,none,20.0,8.0,28.0,37.8696,False,False,inf,automation: structural commit lag 8.0s
e8-20260813,E8_speculative_window,3,automation,none,20.0,8.0,28.0,25.3505,True,True,inf,automation: structural commit lag 8.0s
e8-20260813,E8_speculative_window,4,automation,none,20.0,8.0,28.0,26.6577,True,True,inf,automation: structural commit lag 8.0s
e8-20260813,E8_speculative_window,5,automation,none,20.0,8.0,28.0,23.2607,True,True,inf,automation: structural commit lag 8.0s
e8-20260813,E8_speculative_window,6,automation,none,20.0,8.0,28.0,24.0962,True,True,inf,automation: structural commit lag 8.0s
e8-20260813,E8_speculative_window,7,automation,none,20.0,8.0,28.0,25.1969,True,True,inf,automation: structural commit lag 8.0s
e8-20260813,E8_speculative_window,8,automation,none,20.0,8.0,28.0,1.0488,True,True,inf,automation: structural commit lag 8.0s
e8-20260813,E8_speculative_window,9,automation,none,20.0,8.0,28.0,11.1702,True,True,inf,automation: structural commit lag 8.0s
e8-20260813,E8_speculative_window,10,automation,none,20.0,8.0,28.0,33.7426,False,False,inf,automation: structural commit lag 8.0s
e8-20260813,E8_speculative_window,11,automation,none,20.0,8.0,28.0,0.8434,True,True,inf,automation: structural commit lag 8.0s
e8-20260813,E8_speculative_window,12,automation,none,20.0,8.0,28.0,6.4826,True,True,inf,automation: structural commit lag 8.0s
e8-20260813,E8_speculative_window,13,automation,none,20.0,8.0,28.0,21.3176,True,True,inf,automation: structural commit lag 8.0s
e8-20260813,E8_speculative_window,14,automation,none,20.0,8.0,28.0,38.9295,False,False,inf,automation: structural commit lag 8.0s
e8-20260813,E8_speculative_window,15,automation,none,20.0,8.0,28.0,13.54,True,True,inf,automation: structural commit lag 8.0s
e8-20260813,E8_speculative_window,16,automation,none,20.0,8.0,28.0,39.6747,False,False,inf,automation: structural commit lag 8.0s
e8-20260813,E8_speculative_window,17,automation,none,20.0,8.0,28.0,35.936,False,False,inf,automation: structural commit lag 8.0s
e8-20260813,E8_speculative_window,18,automation,none,20.0,8.0,28.0,34.3985,False,False,inf,automation: structural commit lag 8.0s
e8-20260813,E8_speculative_window,19,automation,none,20.0,8.0,28.0,3.6382,True,True,inf,automation: structural commit lag 8.0s
e8-20260813,E8_speculative_window,0,automation,none,40.0,8.0,48.0,13.7507,True,True,inf,automation: structural commit lag 8.0s
e8-20260813,E8_speculative_window,1,automation,none,40.0,8.0,48.0,11.9111,True,True,inf,automation: structural commit lag 8.0s
e8-20260813,E8_speculative_window,2,automation,none,40.0,8.0,48.0,27.893,True,True,inf,automation: structural commit lag 8.0s
e8-20260813,E8_speculative_window,3,automation,none,40.0,8.0,48.0,30.042,True,True,inf,automation: structural commit lag 8.0s
e8-20260813,E8_speculative_window,4,automation,none,40.0,8.0,48.0,30.2571,True,True,inf,automation: structural commit lag 8.0s
e8-20260813,E8_speculative_window,5,automation,none,40.0,8.0,48.0,6.0159,True,True,inf,automation: structural commit lag 8.0s
e8-20260813,E8_speculative_window,6,automation,none,40.0,8.0,48.0,21.0394,True,True,inf,automation: structural commit lag 8.0s
e8-20260813,E8_speculative_window,7,automation,none,40.0,8.0,48.0,37.1805,True,True,inf,automation: structural commit lag 8.0s
e8-20260813,E8_speculative_window,8,automation,none,40.0,8.0,48.0,30.9254,True,True,inf,automation: structural commit lag 8.0s
e8-20260813,E8_speculative_window,9,automation,none,40.0,8.0,48.0,20.3739,True,True,inf,automation: structural commit lag 8.0s
e8-20260813,E8_speculative_window,10,automation,none,40.0,8.0,48.0,31.7621,True,True,inf,automation: structural commit lag 8.0s
e8-20260813,E8_speculative_window,11,automation,none,40.0,8.0,48.0,6.0737,True,True,inf,automation: structural commit lag 8.0s
e8-20260813,E8_speculative_window,12,automation,none,40.0,8.0,48.0,9.4555,True,True,inf,automation: structural commit lag 8.0s
e8-20260813,E8_speculative_window,13,automation,none,40.0,8.0,48.0,27.826,True,True,inf,automation: structural commit lag 8.0s
e8-20260813,E8_speculative_window,14,automation,none,40.0,8.0,48.0,29.528,True,True,inf,automation: structural commit lag 8.0s
e8-20260813,E8_speculative_window,15,automation,none,40.0,8.0,48.0,11.2649,True,True,inf,automation: structural commit lag 8.0s
e8-20260813,E8_speculative_window,16,automation,none,40.0,8.0,48.0,39.1913,True,True,inf,automation: structural commit lag 8.0s
e8-20260813,E8_speculative_window,17,automation,none,40.0,8.0,48.0,34.326,True,True,inf,automation: structural commit lag 8.0s
e8-20260813,E8_speculative_window,18,automation,none,40.0,8.0,48.0,30.9914,True,True,inf,automation: structural commit lag 8.0s
e8-20260813,E8_speculative_window,19,automation,none,40.0,8.0,48.0,25.9913,True,True,inf,automation: structural commit lag 8.0s
e8-20260813,E8_speculative_window,0,automation,static,0.0,8.0,8.0,14.2196,False,False,2.0,automation: structural commit lag 8.0s
e8-20260813,E8_speculative_window,1,automation,static,0.0,8.0,8.0,17.8971,False,False,2.0,automation: structural commit lag 8.0s
e8-20260813,E8_speculative_window,2,automation,static,0.0,8.0,8.0,26.2269,False,False,2.0,automation: structural commit lag 8.0s
e8-20260813,E8_speculative_window,3,automation,static,0.0,8.0,8.0,39.6109,False,False,2.0,automation: structural commit lag 8.0s
e8-20260813,E8_speculative_window,4,automation,static,0.0,8.0,8.0,12.7046,False,False,2.0,automation: structural commit lag 8.0s
e8-20260813,E8_speculative_window,5,automation,static,0.0,8.0,8.0,17.0767,False,False,2.0,automation: structural commit lag 8.0s
e8-20260813,E8_speculative_window,6,automation,static,0.0,8.0,8.0,36.2263,False,False,2.0,automation: structural commit lag 8.0s
e8-20260813,E8_speculative_window,7,automation,static,0.0,8.0,8.0,17.1686,False,False,2.0,automation: structural commit lag 8.0s
e8-20260813,E8_speculative_window,8,automation,static,0.0,8.0,8.0,3.5344,False,False,2.0,automation: structural commit lag 8.0s
e8-20260813,E8_speculative_window,9,automation,static,0.0,8.0,8.0,25.003,False,False,2.0,automation: structural commit lag 8.0s
e8-20260813,E8_speculative_window,10,automation,static,0.0,8.0,8.0,10.0352,False,False,2.0,automation: structural commit lag 8.0s
e8-20260813,E8_speculative_window,11,automation,static,0.0,8.0,8.0,37.9886,False,False,2.0,automation: structural commit lag 8.0s
e8-20260813,E8_speculative_window,12,automation,static,0.0,8.0,8.0,31.2951,False,False,2.0,automation: structural commit lag 8.0s
e8-20260813,E8_speculative_window,13,automation,static,0.0,8.0,8.0,17.6416,False,False,2.0,automation: structural commit lag 8.0s
e8-20260813,E8_speculative_window,14,automation,static,0.0,8.0,8.0,37.8393,False,False,2.0,automation: structural commit lag 8.0s
e8-20260813,E8_speculative_window,15,automation,static,0.0,8.0,8.0,30.9572,False,False,2.0,automation: structural commit lag 8.0s
e8-20260813,E8_speculative_window,16,automation,static,0.0,8.0,8.0,1.7421,True,True,2.0,automation: structural commit lag 8.0s
e8-20260813,E8_speculative_window,17,automation,static,0.0,8.0,8.0,18.4123,False,False,2.0,automation: structural commit lag 8.0s
e8-20260813,E8_speculative_window,18,automation,static,0.0,8.0,8.0,5.988,False,False,2.0,automation: structural commit lag 8.0s
e8-20260813,E8_speculative_window,19,automation,static,0.0,8.0,8.0,17.1909,False,False,2.0,automation: structural commit lag 8.0s
e8-20260813,E8_speculative_window,0,automation,static,0.1,8.0,8.1,15.3896,False,False,2.0,automation: structural commit lag 8.0s
e8-20260813,E8_speculative_window,1,automation,static,0.1,8.0,8.1,27.1064,False,False,2.0,automation: structural commit lag 8.0s
e8-20260813,E8_speculative_window,2,automation,static,0.1,8.0,8.1,22.7415,False,False,2.0,automation: structural commit lag 8.0s
e8-20260813,E8_speculative_window,3,automation,static,0.1,8.0,8.1,13.618,False,False,2.0,automation: structural commit lag 8.0s
e8-20260813,E8_speculative_window,4,automation,static,0.1,8.0,8.1,1.1729,True,True,2.0,automation: structural commit lag 8.0s
e8-20260813,E8_speculative_window,5,automation,static,0.1,8.0,8.1,34.0694,False,False,2.0,automation: structural commit lag 8.0s
e8-20260813,E8_speculative_window,6,automation,static,0.1,8.0,8.1,31.4098,False,False,2.0,automation: structural commit lag 8.0s
e8-20260813,E8_speculative_window,7,automation,static,0.1,8.0,8.1,19.4159,False,False,2.0,automation: structural commit lag 8.0s
e8-20260813,E8_speculative_window,8,automation,static,0.1,8.0,8.1,27.2078,False,False,2.0,automation: structural commit lag 8.0s
e8-20260813,E8_speculative_window,9,automation,static,0.1,8.0,8.1,8.5602,False,False,2.0,automation: structural commit lag 8.0s
e8-20260813,E8_speculative_window,10,automation,static,0.1,8.0,8.1,23.6524,False,False,2.0,automation: structural commit lag 8.0s
e8-20260813,E8_speculative_window,11,automation,static,0.1,8.0,8.1,15.3034,False,False,2.0,automation: structural commit lag 8.0s
e8-20260813,E8_speculative_window,12,automation,static,0.1,8.0,8.1,5.4408,False,False,2.0,automation: structural commit lag 8.0s
e8-20260813,E8_speculative_window,13,automation,static,0.1,8.0,8.1,21.7433,False,False,2.0,automation: structural commit lag 8.0s
e8-20260813,E8_speculative_window,14,automation,static,0.1,8.0,8.1,21.9364,False,False,2.0,automation: structural commit lag 8.0s
e8-20260813,E8_speculative_window,15,automation,static,0.1,8.0,8.1,6.0723,False,False,2.0,automation: structural commit lag 8.0s
e8-20260813,E8_speculative_window,16,automation,static,0.1,8.0,8.1,35.7858,False,False,2.0,automation: structural commit lag 8.0s
e8-20260813,E8_speculative_window,17,automation,static,0.1,8.0,8.1,13.6864,False,False,2.0,automation: structural commit lag 8.0s
e8-20260813,E8_speculative_window,18,automation,static,0.1,8.0,8.1,2.2728,False,False,2.0,automation: structural commit lag 8.0s
e8-20260813,E8_speculative_window,19,automation,static,0.1,8.0,8.1,2.3627,False,False,2.0,automation: structural commit lag 8.0s
e8-20260813,E8_speculative_window,0,automation,static,0.25,8.0,8.25,21.7265,False,False,2.0,automation: structural commit lag 8.0s
e8-20260813,E8_speculative_window,1,automation,static,0.25,8.0,8.25,7.2581,False,False,2.0,automation: structural commit lag 8.0s
e8-20260813,E8_speculative_window,2,automation,static,0.25,8.0,8.25,29.5777,False,False,2.0,automation: structural commit lag 8.0s
e8-20260813,E8_speculative_window,3,automation,static,0.25,8.0,8.25,9.452,False,False,2.0,automation: structural commit lag 8.0s
e8-20260813,E8_speculative_window,4,automation,static,0.25,8.0,8.25,19.8501,False,False,2.0,automation: structural commit lag 8.0s
e8-20260813,E8_speculative_window,5,automation,static,0.25,8.0,8.25,2.397,False,False,2.0,automation: structural commit lag 8.0s
e8-20260813,E8_speculative_window,6,automation,static,0.25,8.0,8.25,38.3893,False,False,2.0,automation: structural commit lag 8.0s
e8-20260813,E8_speculative_window,7,automation,static,0.25,8.0,8.25,1.2028,True,True,2.0,automation: structural commit lag 8.0s
e8-20260813,E8_speculative_window,8,automation,static,0.25,8.0,8.25,20.3758,False,False,2.0,automation: structural commit lag 8.0s
e8-20260813,E8_speculative_window,9,automation,static,0.25,8.0,8.25,0.1545,True,True,2.0,automation: structural commit lag 8.0s
e8-20260813,E8_speculative_window,10,automation,static,0.25,8.0,8.25,33.7702,False,False,2.0,automation: structural commit lag 8.0s
e8-20260813,E8_speculative_window,11,automation,static,0.25,8.0,8.25,15.9336,False,False,2.0,automation: structural commit lag 8.0s
e8-20260813,E8_speculative_window,12,automation,static,0.25,8.0,8.25,38.1005,False,False,2.0,automation: structural commit lag 8.0s
e8-20260813,E8_speculative_window,13,automation,static,0.25,8.0,8.25,9.9244,False,False,2.0,automation: structural commit lag 8.0s
e8-20260813,E8_speculative_window,14,automation,static,0.25,8.0,8.25,8.6778,False,False,2.0,automation: structural commit lag 8.0s
e8-20260813,E8_speculative_window,15,automation,static,0.25,8.0,8.25,15.6553,False,False,2.0,automation: structural commit lag 8.0s
e8-20260813,E8_speculative_window,16,automation,static,0.25,8.0,8.25,30.1172,False,False,2.0,automation: structural commit lag 8.0s
e8-20260813,E8_speculative_window,17,automation,static,0.25,8.0,8.25,32.8374,False,False,2.0,automation: structural commit lag 8.0s
e8-20260813,E8_speculative_window,18,automation,static,0.25,8.0,8.25,0.3011,True,True,2.0,automation: structural commit lag 8.0s
e8-20260813,E8_speculative_window,19,automation,static,0.25,8.0,8.25,37.0865,False,False,2.0,automation: structural commit lag 8.0s
e8-20260813,E8_speculative_window,0,automation,static,0.5,8.0,8.5,25.263,False,False,2.0,automation: structural commit lag 8.0s
e8-20260813,E8_speculative_window,1,automation,static,0.5,8.0,8.5,27.683,False,False,2.0,automation: structural commit lag 8.0s
e8-20260813,E8_speculative_window,2,automation,static,0.5,8.0,8.5,5.139,False,False,2.0,automation: structural commit lag 8.0s
e8-20260813,E8_speculative_window,3,automation,static,0.5,8.0,8.5,9.0043,False,False,2.0,automation: structural commit lag 8.0s
e8-20260813,E8_speculative_window,4,automation,static,0.5,8.0,8.5,37.984,False,False,2.0,automation: structural commit lag 8.0s
e8-20260813,E8_speculative_window,5,automation,static,0.5,8.0,8.5,27.5569,False,False,2.0,automation: structural commit lag 8.0s
e8-20260813,E8_speculative_window,6,automation,static,0.5,8.0,8.5,2.8061,False,False,2.0,automation: structural commit lag 8.0s
e8-20260813,E8_speculative_window,7,automation,static,0.5,8.0,8.5,2.1838,False,False,2.0,automation: structural commit lag 8.0s
e8-20260813,E8_speculative_window,8,automation,static,0.5,8.0,8.5,13.623,False,False,2.0,automation: structural commit lag 8.0s
e8-20260813,E8_speculative_window,9,automation,static,0.5,8.0,8.5,7.652,False,False,2.0,automation: structural commit lag 8.0s
e8-20260813,E8_speculative_window,10,automation,static,0.5,8.0,8.5,15.9661,False,False,2.0,automation: structural commit lag 8.0s
e8-20260813,E8_speculative_window,11,automation,static,0.5,8.0,8.5,21.4083,False,False,2.0,automation: structural commit lag 8.0s
e8-20260813,E8_speculative_window,12,automation,static,0.5,8.0,8.5,35.5686,False,False,2.0,automation: structural commit lag 8.0s
e8-20260813,E8_speculative_window,13,automation,static,0.5,8.0,8.5,24.4612,False,False,2.0,automation: structural commit lag 8.0s
e8-20260813,E8_speculative_window,14,automation,static,0.5,8.0,8.5,24.5359,False,False,2.0,automation: structural commit lag 8.0s
e8-20260813,E8_speculative_window,15,automation,static,0.5,8.0,8.5,5.037,False,False,2.0,automation: structural commit lag 8.0s
e8-20260813,E8_speculative_window,16,automation,static,0.5,8.0,8.5,2.7209,False,False,2.0,automation: structural commit lag 8.0s
e8-20260813,E8_speculative_window,17,automation,static,0.5,8.0,8.5,21.2051,False,False,2.0,automation: structural commit lag 8.0s
e8-20260813,E8_speculative_window,18,automation,static,0.5,8.0,8.5,23.0446,False,False,2.0,automation: structural commit lag 8.0s
e8-20260813,E8_speculative_window,19,automation,static,0.5,8.0,8.5,36.2552,False,False,2.0,automation: structural commit lag 8.0s
e8-20260813,E8_speculative_window,0,automation,static,1.0,8.0,9.0,4.1234,False,False,2.0,automation: structural commit lag 8.0s
e8-20260813,E8_speculative_window,1,automation,static,1.0,8.0,9.0,22.2645,False,False,2.0,automation: structural commit lag 8.0s
e8-20260813,E8_speculative_window,2,automation,static,1.0,8.0,9.0,6.3291,False,False,2.0,automation: structural commit lag 8.0s
e8-20260813,E8_speculative_window,3,automation,static,1.0,8.0,9.0,38.1335,False,False,2.0,automation: structural commit lag 8.0s
e8-20260813,E8_speculative_window,4,automation,static,1.0,8.0,9.0,37.3964,False,False,2.0,automation: structural commit lag 8.0s
e8-20260813,E8_speculative_window,5,automation,static,1.0,8.0,9.0,14.7432,False,False,2.0,automation: structural commit lag 8.0s
e8-20260813,E8_speculative_window,6,automation,static,1.0,8.0,9.0,35.9045,False,False,2.0,automation: structural commit lag 8.0s
e8-20260813,E8_speculative_window,7,automation,static,1.0,8.0,9.0,26.6895,False,False,2.0,automation: structural commit lag 8.0s
e8-20260813,E8_speculative_window,8,automation,static,1.0,8.0,9.0,24.0777,False,False,2.0,automation: structural commit lag 8.0s
e8-20260813,E8_speculative_window,9,automation,static,1.0,8.0,9.0,22.8539,False,False,2.0,automation: structural commit lag 8.0s
e8-20260813,E8_speculative_window,10,automation,static,1.0,8.0,9.0,19.2484,False,False,2.0,automation: structural commit lag 8.0s
e8-20260813,E8_speculative_window,11,automation,static,1.0,8.0,9.0,20.7972,False,False,2.0,automation: structural commit lag 8.0s
e8-20260813,E8_speculative_window,12,automation,static,1.0,8.0,9.0,27.2391,False,False,2.0,automation: structural commit lag 8.0s
e8-20260813,E8_speculative_window,13,automation,static,1.0,8.0,9.0,3.6531,False,False,2.0,automation: structural commit lag 8.0s
e8-20260813,E8_speculative_window,14,automation,static,1.0,8.0,9.0,39.6605,False,False,2.0,automation: structural commit lag 8.0s
e8-20260813,E8_speculative_window,15,automation,static,1.0,8.0,9.0,30.9367,False,False,2.0,automation: structural commit lag 8.0s
e8-20260813,E8_speculative_window,16,automation,static,1.0,8.0,9.0,12.0931,False,False,2.0,automation: structural commit lag 8.0s
e8-20260813,E8_speculative_window,17,automation,static,1.0,8.0,9.0,24.9338,False,False,2.0,automation: structural commit lag 8.0s
e8-20260813,E8_speculative_window,18,automation,static,1.0,8.0,9.0,34.5736,False,False,2.0,automation: structural commit lag 8.0s
e8-20260813,E8_speculative_window,19,automation,static,1.0,8.0,9.0,6.5248,False,False,2.0,automation: structural commit lag 8.0s
e8-20260813,E8_speculative_window,0,automation,static,2.0,8.0,10.0,11.6435,False,False,2.0,automation: structural commit lag 8.0s
e8-20260813,E8_speculative_window,1,automation,static,2.0,8.0,10.0,23.5155,False,False,2.0,automation: structural commit lag 8.0s
e8-20260813,E8_speculative_window,2,automation,static,2.0,8.0,10.0,37.3031,False,False,2.0,automation: structural commit lag 8.0s
e8-20260813,E8_speculative_window,3,automation,static,2.0,8.0,10.0,21.9197,False,False,2.0,automation: structural commit lag 8.0s
e8-20260813,E8_speculative_window,4,automation,static,2.0,8.0,10.0,30.8545,False,False,2.0,automation: structural commit lag 8.0s
e8-20260813,E8_speculative_window,5,automation,static,2.0,8.0,10.0,20.7995,False,False,2.0,automation: structural commit lag 8.0s
e8-20260813,E8_speculative_window,6,automation,static,2.0,8.0,10.0,5.8769,False,False,2.0,automation: structural commit lag 8.0s
e8-20260813,E8_speculative_window,7,automation,static,2.0,8.0,10.0,31.2149,False,False,2.0,automation: structural commit lag 8.0s
e8-20260813,E8_speculative_window,8,automation,static,2.0,8.0,10.0,11.0901,False,False,2.0,automation: structural commit lag 8.0s
e8-20260813,E8_speculative_window,9,automation,static,2.0,8.0,10.0,37.0171,False,False,2.0,automation: structural commit lag 8.0s
e8-20260813,E8_speculative_window,10,automation,static,2.0,8.0,10.0,11.188,False,False,2.0,automation: structural commit lag 8.0s
e8-20260813,E8_speculative_window,11,automation,static,2.0,8.0,10.0,32.2815,False,False,2.0,automation: structural commit lag 8.0s
e8-20260813,E8_speculative_window,12,automation,static,2.0,8.0,10.0,3.6456,False,False,2.0,automation: structural commit lag 8.0s
e8-20260813,E8_speculative_window,13,automation,static,2.0,8.0,10.0,6.2243,False,False,2.0,automation: structural commit lag 8.0s
e8-20260813,E8_speculative_window,14,automation,static,2.0,8.0,10.0,9.4796,False,False,2.0,automation: structural commit lag 8.0s
e8-20260813,E8_speculative_window,15,automation,static,2.0,8.0,10.0,37.7934,False,False,2.0,automation: structural commit lag 8.0s
e8-20260813,E8_speculative_window,16,automation,static,2.0,8.0,10.0,36.1349,False,False,2.0,automation: structural commit lag 8.0s
e8-20260813,E8_speculative_window,17,automation,static,2.0,8.0,10.0,14.7259,False,False,2.0,automation: structural commit lag 8.0s
e8-20260813,E8_speculative_window,18,automation,static,2.0,8.0,10.0,7.7511,False,False,2.0,automation: structural commit lag 8.0s
e8-20260813,E8_speculative_window,19,automation,static,2.0,8.0,10.0,28.9232,False,False,2.0,automation: structural commit lag 8.0s
e8-20260813,E8_speculative_window,0,automation,static,5.0,8.0,13.0,18.4708,False,False,2.0,automation: structural commit lag 8.0s
e8-20260813,E8_speculative_window,1,automation,static,5.0,8.0,13.0,18.9161,False,False,2.0,automation: structural commit lag 8.0s
e8-20260813,E8_speculative_window,2,automation,static,5.0,8.0,13.0,35.1065,False,False,2.0,automation: structural commit lag 8.0s
e8-20260813,E8_speculative_window,3,automation,static,5.0,8.0,13.0,14.1529,False,False,2.0,automation: structural commit lag 8.0s
e8-20260813,E8_speculative_window,4,automation,static,5.0,8.0,13.0,8.5321,False,False,2.0,automation: structural commit lag 8.0s
e8-20260813,E8_speculative_window,5,automation,static,5.0,8.0,13.0,25.6641,False,False,2.0,automation: structural commit lag 8.0s
e8-20260813,E8_speculative_window,6,automation,static,5.0,8.0,13.0,21.5601,False,False,2.0,automation: structural commit lag 8.0s
e8-20260813,E8_speculative_window,7,automation,static,5.0,8.0,13.0,36.8924,False,False,2.0,automation: structural commit lag 8.0s
e8-20260813,E8_speculative_window,8,automation,static,5.0,8.0,13.0,9.7677,False,False,2.0,automation: structural commit lag 8.0s
e8-20260813,E8_speculative_window,9,automation,static,5.0,8.0,13.0,34.9278,False,False,2.0,automation: structural commit lag 8.0s
e8-20260813,E8_speculative_window,10,automation,static,5.0,8.0,13.0,37.44,False,False,2.0,automation: structural commit lag 8.0s
e8-20260813,E8_speculative_window,11,automation,static,5.0,8.0,13.0,20.1722,False,False,2.0,automation: structural commit lag 8.0s
e8-20260813,E8_speculative_window,12,automation,static,5.0,8.0,13.0,38.6088,False,False,2.0,automation: structural commit lag 8.0s
e8-20260813,E8_speculative_window,13,automation,static,5.0,8.0,13.0,26.5415,False,False,2.0,automation: structural commit lag 8.0s
e8-20260813,E8_speculative_window,14,automation,static,5.0,8.0,13.0,14.3184,False,False,2.0,automation: structural commit lag 8.0s
e8-20260813,E8_speculative_window,15,automation,static,5.0,8.0,13.0,15.0043,False,False,2.0,automation: structural commit lag 8.0s
e8-20260813,E8_speculative_window,16,automation,static,5.0,8.0,13.0,35.7776,False,False,2.0,automation: structural commit lag 8.0s
e8-20260813,E8_speculative_window,17,automation,static,5.0,8.0,13.0,27.439,False,False,2.0,automation: structural commit lag 8.0s
e8-20260813,E8_speculative_window,18,automation,static,5.0,8.0,13.0,22.5428,False,False,2.0,automation: structural commit lag 8.0s
e8-20260813,E8_speculative_window,19,automation,static,5.0,8.0,13.0,10.0369,False,False,2.0,automation: structural commit lag 8.0s
e8-20260813,E8_speculative_window,0,automation,static,10.0,8.0,18.0,29.4274,False,False,2.0,automation: structural commit lag 8.0s
e8-20260813,E8_speculative_window,1,automation,static,10.0,8.0,18.0,13.8648,False,False,2.0,automation: structural commit lag 8.0s
e8-20260813,E8_speculative_window,2,automation,static,10.0,8.0,18.0,28.0117,False,False,2.0,automation: structural commit lag 8.0s
e8-20260813,E8_speculative_window,3,automation,static,10.0,8.0,18.0,6.6556,False,False,2.0,automation: structural commit lag 8.0s
e8-20260813,E8_speculative_window,4,automation,static,10.0,8.0,18.0,14.2251,False,False,2.0,automation: structural commit lag 8.0s
e8-20260813,E8_speculative_window,5,automation,static,10.0,8.0,18.0,9.4242,False,False,2.0,automation: structural commit lag 8.0s
e8-20260813,E8_speculative_window,6,automation,static,10.0,8.0,18.0,32.62,False,False,2.0,automation: structural commit lag 8.0s
e8-20260813,E8_speculative_window,7,automation,static,10.0,8.0,18.0,18.741,False,False,2.0,automation: structural commit lag 8.0s
e8-20260813,E8_speculative_window,8,automation,static,10.0,8.0,18.0,35.3025,False,False,2.0,automation: structural commit lag 8.0s
e8-20260813,E8_speculative_window,9,automation,static,10.0,8.0,18.0,21.5203,False,False,2.0,automation: structural commit lag 8.0s
e8-20260813,E8_speculative_window,10,automation,static,10.0,8.0,18.0,32.2978,False,False,2.0,automation: structural commit lag 8.0s
e8-20260813,E8_speculative_window,11,automation,static,10.0,8.0,18.0,34.4296,False,False,2.0,automation: structural commit lag 8.0s
e8-20260813,E8_speculative_window,12,automation,static,10.0,8.0,18.0,3.1281,False,False,2.0,automation: structural commit lag 8.0s
e8-20260813,E8_speculative_window,13,automation,static,10.0,8.0,18.0,4.7499,False,False,2.0,automation: structural commit lag 8.0s
e8-20260813,E8_speculative_window,14,automation,static,10.0,8.0,18.0,8.0463,False,False,2.0,automation: structural commit lag 8.0s
e8-20260813,E8_speculative_window,15,automation,static,10.0,8.0,18.0,0.8162,True,True,2.0,automation: structural commit lag 8.0s
e8-20260813,E8_speculative_window,16,automation,static,10.0,8.0,18.0,38.5726,False,False,2.0,automation: structural commit lag 8.0s
e8-20260813,E8_speculative_window,17,automation,static,10.0,8.0,18.0,34.8275,False,False,2.0,automation: structural commit lag 8.0s
e8-20260813,E8_speculative_window,18,automation,static,10.0,8.0,18.0,0.1482,True,True,2.0,automation: structural commit lag 8.0s
e8-20260813,E8_speculative_window,19,automation,static,10.0,8.0,18.0,2.6849,False,False,2.0,automation: structural commit lag 8.0s
e8-20260813,E8_speculative_window,0,automation,static,20.0,8.0,28.0,0.7155,True,True,2.0,automation: structural commit lag 8.0s
e8-20260813,E8_speculative_window,1,automation,static,20.0,8.0,28.0,8.1117,False,False,2.0,automation: structural commit lag 8.0s
e8-20260813,E8_speculative_window,2,automation,static,20.0,8.0,28.0,39.2265,False,False,2.0,automation: structural commit lag 8.0s
e8-20260813,E8_speculative_window,3,automation,static,20.0,8.0,28.0,2.7349,False,False,2.0,automation: structural commit lag 8.0s
e8-20260813,E8_speculative_window,4,automation,static,20.0,8.0,28.0,9.3837,False,False,2.0,automation: structural commit lag 8.0s
e8-20260813,E8_speculative_window,5,automation,static,20.0,8.0,28.0,3.6999,False,False,2.0,automation: structural commit lag 8.0s
e8-20260813,E8_speculative_window,6,automation,static,20.0,8.0,28.0,5.9625,False,False,2.0,automation: structural commit lag 8.0s
e8-20260813,E8_speculative_window,7,automation,static,20.0,8.0,28.0,33.0752,False,False,2.0,automation: structural commit lag 8.0s
e8-20260813,E8_speculative_window,8,automation,static,20.0,8.0,28.0,13.8493,False,False,2.0,automation: structural commit lag 8.0s
e8-20260813,E8_speculative_window,9,automation,static,20.0,8.0,28.0,12.8704,False,False,2.0,automation: structural commit lag 8.0s
e8-20260813,E8_speculative_window,10,automation,static,20.0,8.0,28.0,37.4687,False,False,2.0,automation: structural commit lag 8.0s
e8-20260813,E8_speculative_window,11,automation,static,20.0,8.0,28.0,33.5161,False,False,2.0,automation: structural commit lag 8.0s
e8-20260813,E8_speculative_window,12,automation,static,20.0,8.0,28.0,32.2794,False,False,2.0,automation: structural commit lag 8.0s
e8-20260813,E8_speculative_window,13,automation,static,20.0,8.0,28.0,15.461,False,False,2.0,automation: structural commit lag 8.0s
e8-20260813,E8_speculative_window,14,automation,static,20.0,8.0,28.0,19.3057,False,False,2.0,automation: structural commit lag 8.0s
e8-20260813,E8_speculative_window,15,automation,static,20.0,8.0,28.0,38.5957,False,False,2.0,automation: structural commit lag 8.0s
e8-20260813,E8_speculative_window,16,automation,static,20.0,8.0,28.0,23.4244,False,False,2.0,automation: structural commit lag 8.0s
e8-20260813,E8_speculative_window,17,automation,static,20.0,8.0,28.0,21.1973,False,False,2.0,automation: structural commit lag 8.0s
e8-20260813,E8_speculative_window,18,automation,static,20.0,8.0,28.0,27.2711,False,False,2.0,automation: structural commit lag 8.0s
e8-20260813,E8_speculative_window,19,automation,static,20.0,8.0,28.0,21.8904,False,False,2.0,automation: structural commit lag 8.0s
e8-20260813,E8_speculative_window,0,automation,static,40.0,8.0,48.0,23.2938,False,False,2.0,automation: structural commit lag 8.0s
e8-20260813,E8_speculative_window,1,automation,static,40.0,8.0,48.0,20.1368,False,False,2.0,automation: structural commit lag 8.0s
e8-20260813,E8_speculative_window,2,automation,static,40.0,8.0,48.0,11.5895,False,False,2.0,automation: structural commit lag 8.0s
e8-20260813,E8_speculative_window,3,automation,static,40.0,8.0,48.0,39.8041,False,False,2.0,automation: structural commit lag 8.0s
e8-20260813,E8_speculative_window,4,automation,static,40.0,8.0,48.0,29.2643,False,False,2.0,automation: structural commit lag 8.0s
e8-20260813,E8_speculative_window,5,automation,static,40.0,8.0,48.0,7.3328,False,False,2.0,automation: structural commit lag 8.0s
e8-20260813,E8_speculative_window,6,automation,static,40.0,8.0,48.0,36.824,False,False,2.0,automation: structural commit lag 8.0s
e8-20260813,E8_speculative_window,7,automation,static,40.0,8.0,48.0,27.4263,False,False,2.0,automation: structural commit lag 8.0s
e8-20260813,E8_speculative_window,8,automation,static,40.0,8.0,48.0,20.5216,False,False,2.0,automation: structural commit lag 8.0s
e8-20260813,E8_speculative_window,9,automation,static,40.0,8.0,48.0,6.8087,False,False,2.0,automation: structural commit lag 8.0s
e8-20260813,E8_speculative_window,10,automation,static,40.0,8.0,48.0,24.033,False,False,2.0,automation: structural commit lag 8.0s
e8-20260813,E8_speculative_window,11,automation,static,40.0,8.0,48.0,38.4172,False,False,2.0,automation: structural commit lag 8.0s
e8-20260813,E8_speculative_window,12,automation,static,40.0,8.0,48.0,31.4623,False,False,2.0,automation: structural commit lag 8.0s
e8-20260813,E8_speculative_window,13,automation,static,40.0,8.0,48.0,37.6034,False,False,2.0,automation: structural commit lag 8.0s
e8-20260813,E8_speculative_window,14,automation,static,40.0,8.0,48.0,29.5882,False,False,2.0,automation: structural commit lag 8.0s
e8-20260813,E8_speculative_window,15,automation,static,40.0,8.0,48.0,13.8052,False,False,2.0,automation: structural commit lag 8.0s
e8-20260813,E8_speculative_window,16,automation,static,40.0,8.0,48.0,6.311,False,False,2.0,automation: structural commit lag 8.0s
e8-20260813,E8_speculative_window,17,automation,static,40.0,8.0,48.0,10.7848,False,False,2.0,automation: structural commit lag 8.0s
e8-20260813,E8_speculative_window,18,automation,static,40.0,8.0,48.0,31.7479,False,False,2.0,automation: structural commit lag 8.0s
e8-20260813,E8_speculative_window,19,automation,static,40.0,8.0,48.0,14.7218,False,False,2.0,automation: structural commit lag 8.0s
e8-20260813,E8_speculative_window,0,automation,heartbeat,0.0,8.0,8.0,4.1858,False,False,1.0,automation: structural commit lag 8.0s
e8-20260813,E8_speculative_window,1,automation,heartbeat,0.0,8.0,8.0,5.5188,False,False,1.0,automation: structural commit lag 8.0s
e8-20260813,E8_speculative_window,2,automation,heartbeat,0.0,8.0,8.0,25.2754,False,False,1.0,automation: structural commit lag 8.0s
e8-20260813,E8_speculative_window,3,automation,heartbeat,0.0,8.0,8.0,23.1945,False,False,1.0,automation: structural commit lag 8.0s
e8-20260813,E8_speculative_window,4,automation,heartbeat,0.0,8.0,8.0,20.6131,False,False,1.0,automation: structural commit lag 8.0s
e8-20260813,E8_speculative_window,5,automation,heartbeat,0.0,8.0,8.0,0.7962,True,True,1.0,automation: structural commit lag 8.0s
e8-20260813,E8_speculative_window,6,automation,heartbeat,0.0,8.0,8.0,34.7882,False,False,1.0,automation: structural commit lag 8.0s
e8-20260813,E8_speculative_window,7,automation,heartbeat,0.0,8.0,8.0,23.6952,False,False,1.0,automation: structural commit lag 8.0s
e8-20260813,E8_speculative_window,8,automation,heartbeat,0.0,8.0,8.0,28.2498,False,False,1.0,automation: structural commit lag 8.0s
e8-20260813,E8_speculative_window,9,automation,heartbeat,0.0,8.0,8.0,13.987,False,False,1.0,automation: structural commit lag 8.0s
e8-20260813,E8_speculative_window,10,automation,heartbeat,0.0,8.0,8.0,32.8804,False,False,1.0,automation: structural commit lag 8.0s
e8-20260813,E8_speculative_window,11,automation,heartbeat,0.0,8.0,8.0,8.3818,False,False,1.0,automation: structural commit lag 8.0s
e8-20260813,E8_speculative_window,12,automation,heartbeat,0.0,8.0,8.0,3.2783,False,False,1.0,automation: structural commit lag 8.0s
e8-20260813,E8_speculative_window,13,automation,heartbeat,0.0,8.0,8.0,28.6372,False,False,1.0,automation: structural commit lag 8.0s
e8-20260813,E8_speculative_window,14,automation,heartbeat,0.0,8.0,8.0,6.7071,False,False,1.0,automation: structural commit lag 8.0s
e8-20260813,E8_speculative_window,15,automation,heartbeat,0.0,8.0,8.0,26.3198,False,False,1.0,automation: structural commit lag 8.0s
e8-20260813,E8_speculative_window,16,automation,heartbeat,0.0,8.0,8.0,24.226,False,False,1.0,automation: structural commit lag 8.0s
e8-20260813,E8_speculative_window,17,automation,heartbeat,0.0,8.0,8.0,9.9105,False,False,1.0,automation: structural commit lag 8.0s
e8-20260813,E8_speculative_window,18,automation,heartbeat,0.0,8.0,8.0,0.2661,True,True,1.0,automation: structural commit lag 8.0s
e8-20260813,E8_speculative_window,19,automation,heartbeat,0.0,8.0,8.0,26.4711,False,False,1.0,automation: structural commit lag 8.0s
e8-20260813,E8_speculative_window,0,automation,heartbeat,0.1,8.0,8.1,20.9666,False,False,1.0,automation: structural commit lag 8.0s
e8-20260813,E8_speculative_window,1,automation,heartbeat,0.1,8.0,8.1,13.0577,False,False,1.0,automation: structural commit lag 8.0s
e8-20260813,E8_speculative_window,2,automation,heartbeat,0.1,8.0,8.1,7.472,False,False,1.0,automation: structural commit lag 8.0s
e8-20260813,E8_speculative_window,3,automation,heartbeat,0.1,8.0,8.1,19.0615,False,False,1.0,automation: structural commit lag 8.0s
e8-20260813,E8_speculative_window,4,automation,heartbeat,0.1,8.0,8.1,19.6638,False,False,1.0,automation: structural commit lag 8.0s
e8-20260813,E8_speculative_window,5,automation,heartbeat,0.1,8.0,8.1,6.4966,False,False,1.0,automation: structural commit lag 8.0s
e8-20260813,E8_speculative_window,6,automation,heartbeat,0.1,8.0,8.1,30.4429,False,False,1.0,automation: structural commit lag 8.0s
e8-20260813,E8_speculative_window,7,automation,heartbeat,0.1,8.0,8.1,29.1992,False,False,1.0,automation: structural commit lag 8.0s
e8-20260813,E8_speculative_window,8,automation,heartbeat,0.1,8.0,8.1,37.2036,False,False,1.0,automation: structural commit lag 8.0s
e8-20260813,E8_speculative_window,9,automation,heartbeat,0.1,8.0,8.1,1.8737,False,False,1.0,automation: structural commit lag 8.0s
e8-20260813,E8_speculative_window,10,automation,heartbeat,0.1,8.0,8.1,28.4638,False,False,1.0,automation: structural commit lag 8.0s
e8-20260813,E8_speculative_window,11,automation,heartbeat,0.1,8.0,8.1,4.3271,False,False,1.0,automation: structural commit lag 8.0s
e8-20260813,E8_speculative_window,12,automation,heartbeat,0.1,8.0,8.1,31.9532,False,False,1.0,automation: structural commit lag 8.0s
e8-20260813,E8_speculative_window,13,automation,heartbeat,0.1,8.0,8.1,5.1018,False,False,1.0,automation: structural commit lag 8.0s
e8-20260813,E8_speculative_window,14,automation,heartbeat,0.1,8.0,8.1,11.4597,False,False,1.0,automation: structural commit lag 8.0s
e8-20260813,E8_speculative_window,15,automation,heartbeat,0.1,8.0,8.1,12.217,False,False,1.0,automation: structural commit lag 8.0s
e8-20260813,E8_speculative_window,16,automation,heartbeat,0.1,8.0,8.1,37.2948,False,False,1.0,automation: structural commit lag 8.0s
e8-20260813,E8_speculative_window,17,automation,heartbeat,0.1,8.0,8.1,35.3368,False,False,1.0,automation: structural commit lag 8.0s
e8-20260813,E8_speculative_window,18,automation,heartbeat,0.1,8.0,8.1,6.9628,False,False,1.0,automation: structural commit lag 8.0s
e8-20260813,E8_speculative_window,19,automation,heartbeat,0.1,8.0,8.1,20.2264,False,False,1.0,automation: structural commit lag 8.0s
e8-20260813,E8_speculative_window,0,automation,heartbeat,0.25,8.0,8.25,33.2975,False,False,1.0,automation: structural commit lag 8.0s
e8-20260813,E8_speculative_window,1,automation,heartbeat,0.25,8.0,8.25,37.823,False,False,1.0,automation: structural commit lag 8.0s
e8-20260813,E8_speculative_window,2,automation,heartbeat,0.25,8.0,8.25,37.9506,False,False,1.0,automation: structural commit lag 8.0s
e8-20260813,E8_speculative_window,3,automation,heartbeat,0.25,8.0,8.25,18.7588,False,False,1.0,automation: structural commit lag 8.0s
e8-20260813,E8_speculative_window,4,automation,heartbeat,0.25,8.0,8.25,9.029,False,False,1.0,automation: structural commit lag 8.0s
e8-20260813,E8_speculative_window,5,automation,heartbeat,0.25,8.0,8.25,34.6807,False,False,1.0,automation: structural commit lag 8.0s
e8-20260813,E8_speculative_window,6,automation,heartbeat,0.25,8.0,8.25,4.4296,False,False,1.0,automation: structural commit lag 8.0s
e8-20260813,E8_speculative_window,7,automation,heartbeat,0.25,8.0,8.25,25.717,False,False,1.0,automation: structural commit lag 8.0s
e8-20260813,E8_speculative_window,8,automation,heartbeat,0.25,8.0,8.25,21.6984,False,False,1.0,automation: structural commit lag 8.0s
e8-20260813,E8_speculative_window,9,automation,heartbeat,0.25,8.0,8.25,13.1171,False,False,1.0,automation: structural commit lag 8.0s
e8-20260813,E8_speculative_window,10,automation,heartbeat,0.25,8.0,8.25,26.6041,False,False,1.0,automation: structural commit lag 8.0s
e8-20260813,E8_speculative_window,11,automation,heartbeat,0.25,8.0,8.25,0.1571,True,True,1.0,automation: structural commit lag 8.0s
e8-20260813,E8_speculative_window,12,automation,heartbeat,0.25,8.0,8.25,9.9622,False,False,1.0,automation: structural commit lag 8.0s
e8-20260813,E8_speculative_window,13,automation,heartbeat,0.25,8.0,8.25,34.2332,False,False,1.0,automation: structural commit lag 8.0s
e8-20260813,E8_speculative_window,14,automation,heartbeat,0.25,8.0,8.25,10.3286,False,False,1.0,automation: structural commit lag 8.0s
e8-20260813,E8_speculative_window,15,automation,heartbeat,0.25,8.0,8.25,21.1812,False,False,1.0,automation: structural commit lag 8.0s
e8-20260813,E8_speculative_window,16,automation,heartbeat,0.25,8.0,8.25,8.8263,False,False,1.0,automation: structural commit lag 8.0s
e8-20260813,E8_speculative_window,17,automation,heartbeat,0.25,8.0,8.25,26.8574,False,False,1.0,automation: structural commit lag 8.0s
e8-20260813,E8_speculative_window,18,automation,heartbeat,0.25,8.0,8.25,14.514,False,False,1.0,automation: structural commit lag 8.0s
e8-20260813,E8_speculative_window,19,automation,heartbeat,0.25,8.0,8.25,17.7036,False,False,1.0,automation: structural commit lag 8.0s
e8-20260813,E8_speculative_window,0,automation,heartbeat,0.5,8.0,8.5,35.2979,False,False,1.0,automation: structural commit lag 8.0s
e8-20260813,E8_speculative_window,1,automation,heartbeat,0.5,8.0,8.5,34.4112,False,False,1.0,automation: structural commit lag 8.0s
e8-20260813,E8_speculative_window,2,automation,heartbeat,0.5,8.0,8.5,39.1614,False,False,1.0,automation: structural commit lag 8.0s
e8-20260813,E8_speculative_window,3,automation,heartbeat,0.5,8.0,8.5,6.7969,False,False,1.0,automation: structural commit lag 8.0s
e8-20260813,E8_speculative_window,4,automation,heartbeat,0.5,8.0,8.5,6.4098,False,False,1.0,automation: structural commit lag 8.0s
e8-20260813,E8_speculative_window,5,automation,heartbeat,0.5,8.0,8.5,14.887,False,False,1.0,automation: structural commit lag 8.0s
e8-20260813,E8_speculative_window,6,automation,heartbeat,0.5,8.0,8.5,38.9884,False,False,1.0,automation: structural commit lag 8.0s
e8-20260813,E8_speculative_window,7,automation,heartbeat,0.5,8.0,8.5,23.0068,False,False,1.0,automation: structural commit lag 8.0s
e8-20260813,E8_speculative_window,8,automation,heartbeat,0.5,8.0,8.5,36.3475,False,False,1.0,automation: structural commit lag 8.0s
e8-20260813,E8_speculative_window,9,automation,heartbeat,0.5,8.0,8.5,21.3137,False,False,1.0,automation: structural commit lag 8.0s
e8-20260813,E8_speculative_window,10,automation,heartbeat,0.5,8.0,8.5,13.5884,False,False,1.0,automation: structural commit lag 8.0s
e8-20260813,E8_speculative_window,11,automation,heartbeat,0.5,8.0,8.5,36.9226,False,False,1.0,automation: structural commit lag 8.0s
e8-20260813,E8_speculative_window,12,automation,heartbeat,0.5,8.0,8.5,38.9294,False,False,1.0,automation: structural commit lag 8.0s
e8-20260813,E8_speculative_window,13,automation,heartbeat,0.5,8.0,8.5,37.7993,False,False,1.0,automation: structural commit lag 8.0s
e8-20260813,E8_speculative_window,14,automation,heartbeat,0.5,8.0,8.5,26.4262,False,False,1.0,automation: structural commit lag 8.0s
e8-20260813,E8_speculative_window,15,automation,heartbeat,0.5,8.0,8.5,3.8757,False,False,1.0,automation: structural commit lag 8.0s
e8-20260813,E8_speculative_window,16,automation,heartbeat,0.5,8.0,8.5,7.237,False,False,1.0,automation: structural commit lag 8.0s
e8-20260813,E8_speculative_window,17,automation,heartbeat,0.5,8.0,8.5,31.1582,False,False,1.0,automation: structural commit lag 8.0s
e8-20260813,E8_speculative_window,18,automation,heartbeat,0.5,8.0,8.5,16.0086,False,False,1.0,automation: structural commit lag 8.0s
e8-20260813,E8_speculative_window,19,automation,heartbeat,0.5,8.0,8.5,30.5025,False,False,1.0,automation: structural commit lag 8.0s
e8-20260813,E8_speculative_window,0,automation,heartbeat,1.0,8.0,9.0,20.5919,False,False,1.0,automation: structural commit lag 8.0s
e8-20260813,E8_speculative_window,1,automation,heartbeat,1.0,8.0,9.0,21.5237,False,False,1.0,automation: structural commit lag 8.0s
e8-20260813,E8_speculative_window,2,automation,heartbeat,1.0,8.0,9.0,7.5071,False,False,1.0,automation: structural commit lag 8.0s
e8-20260813,E8_speculative_window,3,automation,heartbeat,1.0,8.0,9.0,30.6818,False,False,1.0,automation: structural commit lag 8.0s
e8-20260813,E8_speculative_window,4,automation,heartbeat,1.0,8.0,9.0,23.4568,False,False,1.0,automation: structural commit lag 8.0s
e8-20260813,E8_speculative_window,5,automation,heartbeat,1.0,8.0,9.0,28.3027,False,False,1.0,automation: structural commit lag 8.0s
e8-20260813,E8_speculative_window,6,automation,heartbeat,1.0,8.0,9.0,10.9244,False,False,1.0,automation: structural commit lag 8.0s
e8-20260813,E8_speculative_window,7,automation,heartbeat,1.0,8.0,9.0,13.0013,False,False,1.0,automation: structural commit lag 8.0s
e8-20260813,E8_speculative_window,8,automation,heartbeat,1.0,8.0,9.0,17.4492,False,False,1.0,automation: structural commit lag 8.0s
e8-20260813,E8_speculative_window,9,automation,heartbeat,1.0,8.0,9.0,38.7775,False,False,1.0,automation: structural commit lag 8.0s
e8-20260813,E8_speculative_window,10,automation,heartbeat,1.0,8.0,9.0,34.1519,False,False,1.0,automation: structural commit lag 8.0s
e8-20260813,E8_speculative_window,11,automation,heartbeat,1.0,8.0,9.0,39.4953,False,False,1.0,automation: structural commit lag 8.0s
e8-20260813,E8_speculative_window,12,automation,heartbeat,1.0,8.0,9.0,35.7681,False,False,1.0,automation: structural commit lag 8.0s
e8-20260813,E8_speculative_window,13,automation,heartbeat,1.0,8.0,9.0,19.7003,False,False,1.0,automation: structural commit lag 8.0s
e8-20260813,E8_speculative_window,14,automation,heartbeat,1.0,8.0,9.0,15.6683,False,False,1.0,automation: structural commit lag 8.0s
e8-20260813,E8_speculative_window,15,automation,heartbeat,1.0,8.0,9.0,34.2823,False,False,1.0,automation: structural commit lag 8.0s
e8-20260813,E8_speculative_window,16,automation,heartbeat,1.0,8.0,9.0,9.4891,False,False,1.0,automation: structural commit lag 8.0s
e8-20260813,E8_speculative_window,17,automation,heartbeat,1.0,8.0,9.0,2.8635,False,False,1.0,automation: structural commit lag 8.0s
e8-20260813,E8_speculative_window,18,automation,heartbeat,1.0,8.0,9.0,0.2649,True,True,1.0,automation: structural commit lag 8.0s
e8-20260813,E8_speculative_window,19,automation,heartbeat,1.0,8.0,9.0,31.275,False,False,1.0,automation: structural commit lag 8.0s
e8-20260813,E8_speculative_window,0,automation,heartbeat,2.0,8.0,10.0,33.7764,False,False,1.0,automation: structural commit lag 8.0s
e8-20260813,E8_speculative_window,1,automation,heartbeat,2.0,8.0,10.0,6.294,False,False,1.0,automation: structural commit lag 8.0s
e8-20260813,E8_speculative_window,2,automation,heartbeat,2.0,8.0,10.0,26.9254,False,False,1.0,automation: structural commit lag 8.0s
e8-20260813,E8_speculative_window,3,automation,heartbeat,2.0,8.0,10.0,28.6946,False,False,1.0,automation: structural commit lag 8.0s
e8-20260813,E8_speculative_window,4,automation,heartbeat,2.0,8.0,10.0,30.1494,False,False,1.0,automation: structural commit lag 8.0s
e8-20260813,E8_speculative_window,5,automation,heartbeat,2.0,8.0,10.0,6.2596,False,False,1.0,automation: structural commit lag 8.0s
e8-20260813,E8_speculative_window,6,automation,heartbeat,2.0,8.0,10.0,20.9442,False,False,1.0,automation: structural commit lag 8.0s
e8-20260813,E8_speculative_window,7,automation,heartbeat,2.0,8.0,10.0,37.5391,False,False,1.0,automation: structural commit lag 8.0s
e8-20260813,E8_speculative_window,8,automation,heartbeat,2.0,8.0,10.0,37.0543,False,False,1.0,automation: structural commit lag 8.0s
e8-20260813,E8_speculative_window,9,automation,heartbeat,2.0,8.0,10.0,18.4853,False,False,1.0,automation: structural commit lag 8.0s
e8-20260813,E8_speculative_window,10,automation,heartbeat,2.0,8.0,10.0,12.8283,False,False,1.0,automation: structural commit lag 8.0s
e8-20260813,E8_speculative_window,11,automation,heartbeat,2.0,8.0,10.0,9.497,False,False,1.0,automation: structural commit lag 8.0s
e8-20260813,E8_speculative_window,12,automation,heartbeat,2.0,8.0,10.0,36.2427,False,False,1.0,automation: structural commit lag 8.0s
e8-20260813,E8_speculative_window,13,automation,heartbeat,2.0,8.0,10.0,31.1737,False,False,1.0,automation: structural commit lag 8.0s
e8-20260813,E8_speculative_window,14,automation,heartbeat,2.0,8.0,10.0,14.1881,False,False,1.0,automation: structural commit lag 8.0s
e8-20260813,E8_speculative_window,15,automation,heartbeat,2.0,8.0,10.0,23.3245,False,False,1.0,automation: structural commit lag 8.0s
e8-20260813,E8_speculative_window,16,automation,heartbeat,2.0,8.0,10.0,10.5294,False,False,1.0,automation: structural commit lag 8.0s
e8-20260813,E8_speculative_window,17,automation,heartbeat,2.0,8.0,10.0,33.0396,False,False,1.0,automation: structural commit lag 8.0s
e8-20260813,E8_speculative_window,18,automation,heartbeat,2.0,8.0,10.0,27.4533,False,False,1.0,automation: structural commit lag 8.0s
e8-20260813,E8_speculative_window,19,automation,heartbeat,2.0,8.0,10.0,7.0024,False,False,1.0,automation: structural commit lag 8.0s
e8-20260813,E8_speculative_window,0,automation,heartbeat,5.0,8.0,13.0,27.7106,False,False,1.0,automation: structural commit lag 8.0s
e8-20260813,E8_speculative_window,1,automation,heartbeat,5.0,8.0,13.0,29.9686,False,False,1.0,automation: structural commit lag 8.0s
e8-20260813,E8_speculative_window,2,automation,heartbeat,5.0,8.0,13.0,39.9192,False,False,1.0,automation: structural commit lag 8.0s
e8-20260813,E8_speculative_window,3,automation,heartbeat,5.0,8.0,13.0,20.2293,False,False,1.0,automation: structural commit lag 8.0s
e8-20260813,E8_speculative_window,4,automation,heartbeat,5.0,8.0,13.0,25.1639,False,False,1.0,automation: structural commit lag 8.0s
e8-20260813,E8_speculative_window,5,automation,heartbeat,5.0,8.0,13.0,21.9856,False,False,1.0,automation: structural commit lag 8.0s
e8-20260813,E8_speculative_window,6,automation,heartbeat,5.0,8.0,13.0,12.2177,False,False,1.0,automation: structural commit lag 8.0s
e8-20260813,E8_speculative_window,7,automation,heartbeat,5.0,8.0,13.0,15.418,False,False,1.0,automation: structural commit lag 8.0s
e8-20260813,E8_speculative_window,8,automation,heartbeat,5.0,8.0,13.0,27.1022,False,False,1.0,automation: structural commit lag 8.0s
e8-20260813,E8_speculative_window,9,automation,heartbeat,5.0,8.0,13.0,31.976,False,False,1.0,automation: structural commit lag 8.0s
e8-20260813,E8_speculative_window,10,automation,heartbeat,5.0,8.0,13.0,2.2935,False,False,1.0,automation: structural commit lag 8.0s
e8-20260813,E8_speculative_window,11,automation,heartbeat,5.0,8.0,13.0,17.9356,False,False,1.0,automation: structural commit lag 8.0s
e8-20260813,E8_speculative_window,12,automation,heartbeat,5.0,8.0,13.0,37.8707,False,False,1.0,automation: structural commit lag 8.0s
e8-20260813,E8_speculative_window,13,automation,heartbeat,5.0,8.0,13.0,34.6699,False,False,1.0,automation: structural commit lag 8.0s
e8-20260813,E8_speculative_window,14,automation,heartbeat,5.0,8.0,13.0,35.0274,False,False,1.0,automation: structural commit lag 8.0s
e8-20260813,E8_speculative_window,15,automation,heartbeat,5.0,8.0,13.0,19.33,False,False,1.0,automation: structural commit lag 8.0s
e8-20260813,E8_speculative_window,16,automation,heartbeat,5.0,8.0,13.0,4.1624,False,False,1.0,automation: structural commit lag 8.0s
e8-20260813,E8_speculative_window,17,automation,heartbeat,5.0,8.0,13.0,11.7838,False,False,1.0,automation: structural commit lag 8.0s
e8-20260813,E8_speculative_window,18,automation,heartbeat,5.0,8.0,13.0,0.3522,True,True,1.0,automation: structural commit lag 8.0s
e8-20260813,E8_speculative_window,19,automation,heartbeat,5.0,8.0,13.0,34.8292,False,False,1.0,automation: structural commit lag 8.0s
e8-20260813,E8_speculative_window,0,automation,heartbeat,10.0,8.0,18.0,36.2455,False,False,1.0,automation: structural commit lag 8.0s
e8-20260813,E8_speculative_window,1,automation,heartbeat,10.0,8.0,18.0,37.797,False,False,1.0,automation: structural commit lag 8.0s
e8-20260813,E8_speculative_window,2,automation,heartbeat,10.0,8.0,18.0,28.7613,False,False,1.0,automation: structural commit lag 8.0s
e8-20260813,E8_speculative_window,3,automation,heartbeat,10.0,8.0,18.0,2.1707,False,False,1.0,automation: structural commit lag 8.0s
e8-20260813,E8_speculative_window,4,automation,heartbeat,10.0,8.0,18.0,2.1784,False,False,1.0,automation: structural commit lag 8.0s
e8-20260813,E8_speculative_window,5,automation,heartbeat,10.0,8.0,18.0,33.1759,False,False,1.0,automation: structural commit lag 8.0s
e8-20260813,E8_speculative_window,6,automation,heartbeat,10.0,8.0,18.0,23.0095,False,False,1.0,automation: structural commit lag 8.0s
e8-20260813,E8_speculative_window,7,automation,heartbeat,10.0,8.0,18.0,29.9836,False,False,1.0,automation: structural commit lag 8.0s
e8-20260813,E8_speculative_window,8,automation,heartbeat,10.0,8.0,18.0,11.4948,False,False,1.0,automation: structural commit lag 8.0s
e8-20260813,E8_speculative_window,9,automation,heartbeat,10.0,8.0,18.0,17.7327,False,False,1.0,automation: structural commit lag 8.0s
e8-20260813,E8_speculative_window,10,automation,heartbeat,10.0,8.0,18.0,5.337,False,False,1.0,automation: structural commit lag 8.0s
e8-20260813,E8_speculative_window,11,automation,heartbeat,10.0,8.0,18.0,23.5241,False,False,1.0,automation: structural commit lag 8.0s
e8-20260813,E8_speculative_window,12,automation,heartbeat,10.0,8.0,18.0,31.1048,False,False,1.0,automation: structural commit lag 8.0s
e8-20260813,E8_speculative_window,13,automation,heartbeat,10.0,8.0,18.0,31.7677,False,False,1.0,automation: structural commit lag 8.0s
e8-20260813,E8_speculative_window,14,automation,heartbeat,10.0,8.0,18.0,30.5363,False,False,1.0,automation: structural commit lag 8.0s
e8-20260813,E8_speculative_window,15,automation,heartbeat,10.0,8.0,18.0,7.6936,False,False,1.0,automation: structural commit lag 8.0s
e8-20260813,E8_speculative_window,16,automation,heartbeat,10.0,8.0,18.0,18.8102,False,False,1.0,automation: structural commit lag 8.0s
e8-20260813,E8_speculative_window,17,automation,heartbeat,10.0,8.0,18.0,16.6491,False,False,1.0,automation: structural commit lag 8.0s
e8-20260813,E8_speculative_window,18,automation,heartbeat,10.0,8.0,18.0,20.8633,False,False,1.0,automation: structural commit lag 8.0s
e8-20260813,E8_speculative_window,19,automation,heartbeat,10.0,8.0,18.0,39.9063,False,False,1.0,automation: structural commit lag 8.0s
e8-20260813,E8_speculative_window,0,automation,heartbeat,20.0,8.0,28.0,1.8801,False,False,1.0,automation: structural commit lag 8.0s
e8-20260813,E8_speculative_window,1,automation,heartbeat,20.0,8.0,28.0,10.3501,False,False,1.0,automation: structural commit lag 8.0s
e8-20260813,E8_speculative_window,2,automation,heartbeat,20.0,8.0,28.0,37.9859,False,False,1.0,automation: structural commit lag 8.0s
e8-20260813,E8_speculative_window,3,automation,heartbeat,20.0,8.0,28.0,6.6653,False,False,1.0,automation: structural commit lag 8.0s
e8-20260813,E8_speculative_window,4,automation,heartbeat,20.0,8.0,28.0,19.8854,False,False,1.0,automation: structural commit lag 8.0s
e8-20260813,E8_speculative_window,5,automation,heartbeat,20.0,8.0,28.0,6.5241,False,False,1.0,automation: structural commit lag 8.0s
e8-20260813,E8_speculative_window,6,automation,heartbeat,20.0,8.0,28.0,3.4182,False,False,1.0,automation: structural commit lag 8.0s
e8-20260813,E8_speculative_window,7,automation,heartbeat,20.0,8.0,28.0,27.3359,False,False,1.0,automation: structural commit lag 8.0s
e8-20260813,E8_speculative_window,8,automation,heartbeat,20.0,8.0,28.0,27.892,False,False,1.0,automation: structural commit lag 8.0s
e8-20260813,E8_speculative_window,9,automation,heartbeat,20.0,8.0,28.0,39.1659,False,False,1.0,automation: structural commit lag 8.0s
e8-20260813,E8_speculative_window,10,automation,heartbeat,20.0,8.0,28.0,39.5053,False,False,1.0,automation: structural commit lag 8.0s
e8-20260813,E8_speculative_window,11,automation,heartbeat,20.0,8.0,28.0,20.3067,False,False,1.0,automation: structural commit lag 8.0s
e8-20260813,E8_speculative_window,12,automation,heartbeat,20.0,8.0,28.0,18.6453,False,False,1.0,automation: structural commit lag 8.0s
e8-20260813,E8_speculative_window,13,automation,heartbeat,20.0,8.0,28.0,30.8249,False,False,1.0,automation: structural commit lag 8.0s
e8-20260813,E8_speculative_window,14,automation,heartbeat,20.0,8.0,28.0,39.4531,False,False,1.0,automation: structural commit lag 8.0s
e8-20260813,E8_speculative_window,15,automation,heartbeat,20.0,8.0,28.0,19.8906,False,False,1.0,automation: structural commit lag 8.0s
e8-20260813,E8_speculative_window,16,automation,heartbeat,20.0,8.0,28.0,8.631,False,False,1.0,automation: structural commit lag 8.0s
e8-20260813,E8_speculative_window,17,automation,heartbeat,20.0,8.0,28.0,8.661,False,False,1.0,automation: structural commit lag 8.0s
e8-20260813,E8_speculative_window,18,automation,heartbeat,20.0,8.0,28.0,7.1094,False,False,1.0,automation: structural commit lag 8.0s
e8-20260813,E8_speculative_window,19,automation,heartbeat,20.0,8.0,28.0,19.3038,False,False,1.0,automation: structural commit lag 8.0s
e8-20260813,E8_speculative_window,0,automation,heartbeat,40.0,8.0,48.0,39.1248,False,False,1.0,automation: structural commit lag 8.0s
e8-20260813,E8_speculative_window,1,automation,heartbeat,40.0,8.0,48.0,14.1505,False,False,1.0,automation: structural commit lag 8.0s
e8-20260813,E8_speculative_window,2,automation,heartbeat,40.0,8.0,48.0,38.3303,False,False,1.0,automation: structural commit lag 8.0s
e8-20260813,E8_speculative_window,3,automation,heartbeat,40.0,8.0,48.0,37.2405,False,False,1.0,automation: structural commit lag 8.0s
e8-20260813,E8_speculative_window,4,automation,heartbeat,40.0,8.0,48.0,26.9755,False,False,1.0,automation: structural commit lag 8.0s
e8-20260813,E8_speculative_window,5,automation,heartbeat,40.0,8.0,48.0,0.9149,True,True,1.0,automation: structural commit lag 8.0s
e8-20260813,E8_speculative_window,6,automation,heartbeat,40.0,8.0,48.0,10.5189,False,False,1.0,automation: structural commit lag 8.0s
e8-20260813,E8_speculative_window,7,automation,heartbeat,40.0,8.0,48.0,32.5774,False,False,1.0,automation: structural commit lag 8.0s
e8-20260813,E8_speculative_window,8,automation,heartbeat,40.0,8.0,48.0,35.5135,False,False,1.0,automation: structural commit lag 8.0s
e8-20260813,E8_speculative_window,9,automation,heartbeat,40.0,8.0,48.0,7.0209,False,False,1.0,automation: structural commit lag 8.0s
e8-20260813,E8_speculative_window,10,automation,heartbeat,40.0,8.0,48.0,0.0744,True,True,1.0,automation: structural commit lag 8.0s
e8-20260813,E8_speculative_window,11,automation,heartbeat,40.0,8.0,48.0,19.1254,False,False,1.0,automation: structural commit lag 8.0s
e8-20260813,E8_speculative_window,12,automation,heartbeat,40.0,8.0,48.0,21.0608,False,False,1.0,automation: structural commit lag 8.0s
e8-20260813,E8_speculative_window,13,automation,heartbeat,40.0,8.0,48.0,16.1198,False,False,1.0,automation: structural commit lag 8.0s
e8-20260813,E8_speculative_window,14,automation,heartbeat,40.0,8.0,48.0,16.9952,False,False,1.0,automation: structural commit lag 8.0s
e8-20260813,E8_speculative_window,15,automation,heartbeat,40.0,8.0,48.0,38.0897,False,False,1.0,automation: structural commit lag 8.0s
e8-20260813,E8_speculative_window,16,automation,heartbeat,40.0,8.0,48.0,4.0939,False,False,1.0,automation: structural commit lag 8.0s
e8-20260813,E8_speculative_window,17,automation,heartbeat,40.0,8.0,48.0,27.5915,False,False,1.0,automation: structural commit lag 8.0s
e8-20260813,E8_speculative_window,18,automation,heartbeat,40.0,8.0,48.0,10.774,False,False,1.0,automation: structural commit lag 8.0s
e8-20260813,E8_speculative_window,19,automation,heartbeat,40.0,8.0,48.0,24.313,False,False,1.0,automation: structural commit lag 8.0s
e8-20260813,E8_speculative_window,0,automation,activepoll,0.0,8.0,8.0,2.5055,False,False,0.1,automation: structural commit lag 8.0s
e8-20260813,E8_speculative_window,1,automation,activepoll,0.0,8.0,8.0,14.7529,False,False,0.1,automation: structural commit lag 8.0s
e8-20260813,E8_speculative_window,2,automation,activepoll,0.0,8.0,8.0,17.544,False,False,0.1,automation: structural commit lag 8.0s
e8-20260813,E8_speculative_window,3,automation,activepoll,0.0,8.0,8.0,6.6655,False,False,0.1,automation: structural commit lag 8.0s
e8-20260813,E8_speculative_window,4,automation,activepoll,0.0,8.0,8.0,19.6389,False,False,0.1,automation: structural commit lag 8.0s
e8-20260813,E8_speculative_window,5,automation,activepoll,0.0,8.0,8.0,8.7653,False,False,0.1,automation: structural commit lag 8.0s
e8-20260813,E8_speculative_window,6,automation,activepoll,0.0,8.0,8.0,22.2237,False,False,0.1,automation: structural commit lag 8.0s
e8-20260813,E8_speculative_window,7,automation,activepoll,0.0,8.0,8.0,35.335,False,False,0.1,automation: structural commit lag 8.0s
e8-20260813,E8_speculative_window,8,automation,activepoll,0.0,8.0,8.0,3.8818,False,False,0.1,automation: structural commit lag 8.0s
e8-20260813,E8_speculative_window,9,automation,activepoll,0.0,8.0,8.0,6.3256,False,False,0.1,automation: structural commit lag 8.0s
e8-20260813,E8_speculative_window,10,automation,activepoll,0.0,8.0,8.0,32.5746,False,False,0.1,automation: structural commit lag 8.0s
e8-20260813,E8_speculative_window,11,automation,activepoll,0.0,8.0,8.0,0.0815,True,True,0.1,automation: structural commit lag 8.0s
e8-20260813,E8_speculative_window,12,automation,activepoll,0.0,8.0,8.0,33.9491,False,False,0.1,automation: structural commit lag 8.0s
e8-20260813,E8_speculative_window,13,automation,activepoll,0.0,8.0,8.0,6.1214,False,False,0.1,automation: structural commit lag 8.0s
e8-20260813,E8_speculative_window,14,automation,activepoll,0.0,8.0,8.0,38.3196,False,False,0.1,automation: structural commit lag 8.0s
e8-20260813,E8_speculative_window,15,automation,activepoll,0.0,8.0,8.0,9.2155,False,False,0.1,automation: structural commit lag 8.0s
e8-20260813,E8_speculative_window,16,automation,activepoll,0.0,8.0,8.0,39.2254,False,False,0.1,automation: structural commit lag 8.0s
e8-20260813,E8_speculative_window,17,automation,activepoll,0.0,8.0,8.0,8.428,False,False,0.1,automation: structural commit lag 8.0s
e8-20260813,E8_speculative_window,18,automation,activepoll,0.0,8.0,8.0,11.4717,False,False,0.1,automation: structural commit lag 8.0s
e8-20260813,E8_speculative_window,19,automation,activepoll,0.0,8.0,8.0,30.6886,False,False,0.1,automation: structural commit lag 8.0s
e8-20260813,E8_speculative_window,0,automation,activepoll,0.1,8.0,8.1,21.7055,False,False,0.1,automation: structural commit lag 8.0s
e8-20260813,E8_speculative_window,1,automation,activepoll,0.1,8.0,8.1,3.8538,False,False,0.1,automation: structural commit lag 8.0s
e8-20260813,E8_speculative_window,2,automation,activepoll,0.1,8.0,8.1,6.1741,False,False,0.1,automation: structural commit lag 8.0s
e8-20260813,E8_speculative_window,3,automation,activepoll,0.1,8.0,8.1,8.4915,False,False,0.1,automation: structural commit lag 8.0s
e8-20260813,E8_speculative_window,4,automation,activepoll,0.1,8.0,8.1,6.1647,False,False,0.1,automation: structural commit lag 8.0s
e8-20260813,E8_speculative_window,5,automation,activepoll,0.1,8.0,8.1,3.6822,False,False,0.1,automation: structural commit lag 8.0s
e8-20260813,E8_speculative_window,6,automation,activepoll,0.1,8.0,8.1,30.6529,False,False,0.1,automation: structural commit lag 8.0s
e8-20260813,E8_speculative_window,7,automation,activepoll,0.1,8.0,8.1,35.4015,False,False,0.1,automation: structural commit lag 8.0s
e8-20260813,E8_speculative_window,8,automation,activepoll,0.1,8.0,8.1,17.3144,False,False,0.1,automation: structural commit lag 8.0s
e8-20260813,E8_speculative_window,9,automation,activepoll,0.1,8.0,8.1,13.7778,False,False,0.1,automation: structural commit lag 8.0s
e8-20260813,E8_speculative_window,10,automation,activepoll,0.1,8.0,8.1,6.1156,False,False,0.1,automation: structural commit lag 8.0s
e8-20260813,E8_speculative_window,11,automation,activepoll,0.1,8.0,8.1,32.1687,False,False,0.1,automation: structural commit lag 8.0s
e8-20260813,E8_speculative_window,12,automation,activepoll,0.1,8.0,8.1,33.8175,False,False,0.1,automation: structural commit lag 8.0s
e8-20260813,E8_speculative_window,13,automation,activepoll,0.1,8.0,8.1,30.2514,False,False,0.1,automation: structural commit lag 8.0s
e8-20260813,E8_speculative_window,14,automation,activepoll,0.1,8.0,8.1,27.8004,False,False,0.1,automation: structural commit lag 8.0s
e8-20260813,E8_speculative_window,15,automation,activepoll,0.1,8.0,8.1,31.8647,False,False,0.1,automation: structural commit lag 8.0s
e8-20260813,E8_speculative_window,16,automation,activepoll,0.1,8.0,8.1,1.3267,False,False,0.1,automation: structural commit lag 8.0s
e8-20260813,E8_speculative_window,17,automation,activepoll,0.1,8.0,8.1,4.5205,False,False,0.1,automation: structural commit lag 8.0s
e8-20260813,E8_speculative_window,18,automation,activepoll,0.1,8.0,8.1,38.5058,False,False,0.1,automation: structural commit lag 8.0s
e8-20260813,E8_speculative_window,19,automation,activepoll,0.1,8.0,8.1,23.1185,False,False,0.1,automation: structural commit lag 8.0s
e8-20260813,E8_speculative_window,0,automation,activepoll,0.25,8.0,8.25,38.3737,False,False,0.1,automation: structural commit lag 8.0s
e8-20260813,E8_speculative_window,1,automation,activepoll,0.25,8.0,8.25,17.6747,False,False,0.1,automation: structural commit lag 8.0s
e8-20260813,E8_speculative_window,2,automation,activepoll,0.25,8.0,8.25,13.3266,False,False,0.1,automation: structural commit lag 8.0s
e8-20260813,E8_speculative_window,3,automation,activepoll,0.25,8.0,8.25,29.4277,False,False,0.1,automation: structural commit lag 8.0s
e8-20260813,E8_speculative_window,4,automation,activepoll,0.25,8.0,8.25,35.5366,False,False,0.1,automation: structural commit lag 8.0s
e8-20260813,E8_speculative_window,5,automation,activepoll,0.25,8.0,8.25,25.4551,False,False,0.1,automation: structural commit lag 8.0s
e8-20260813,E8_speculative_window,6,automation,activepoll,0.25,8.0,8.25,4.3055,False,False,0.1,automation: structural commit lag 8.0s
e8-20260813,E8_speculative_window,7,automation,activepoll,0.25,8.0,8.25,31.4235,False,False,0.1,automation: structural commit lag 8.0s
e8-20260813,E8_speculative_window,8,automation,activepoll,0.25,8.0,8.25,0.6693,False,False,0.1,automation: structural commit lag 8.0s
e8-20260813,E8_speculative_window,9,automation,activepoll,0.25,8.0,8.25,2.6118,False,False,0.1,automation: structural commit lag 8.0s
e8-20260813,E8_speculative_window,10,automation,activepoll,0.25,8.0,8.25,32.1957,False,False,0.1,automation: structural commit lag 8.0s
e8-20260813,E8_speculative_window,11,automation,activepoll,0.25,8.0,8.25,28.8309,False,False,0.1,automation: structural commit lag 8.0s
e8-20260813,E8_speculative_window,12,automation,activepoll,0.25,8.0,8.25,31.7049,False,False,0.1,automation: structural commit lag 8.0s
e8-20260813,E8_speculative_window,13,automation,activepoll,0.25,8.0,8.25,21.7989,False,False,0.1,automation: structural commit lag 8.0s
e8-20260813,E8_speculative_window,14,automation,activepoll,0.25,8.0,8.25,32.1474,False,False,0.1,automation: structural commit lag 8.0s
e8-20260813,E8_speculative_window,15,automation,activepoll,0.25,8.0,8.25,11.4475,False,False,0.1,automation: structural commit lag 8.0s
e8-20260813,E8_speculative_window,16,automation,activepoll,0.25,8.0,8.25,11.712,False,False,0.1,automation: structural commit lag 8.0s
e8-20260813,E8_speculative_window,17,automation,activepoll,0.25,8.0,8.25,35.027,False,False,0.1,automation: structural commit lag 8.0s
e8-20260813,E8_speculative_window,18,automation,activepoll,0.25,8.0,8.25,36.8563,False,False,0.1,automation: structural commit lag 8.0s
e8-20260813,E8_speculative_window,19,automation,activepoll,0.25,8.0,8.25,14.4854,False,False,0.1,automation: structural commit lag 8.0s
e8-20260813,E8_speculative_window,0,automation,activepoll,0.5,8.0,8.5,1.1573,False,False,0.1,automation: structural commit lag 8.0s
e8-20260813,E8_speculative_window,1,automation,activepoll,0.5,8.0,8.5,3.5054,False,False,0.1,automation: structural commit lag 8.0s
e8-20260813,E8_speculative_window,2,automation,activepoll,0.5,8.0,8.5,13.7729,False,False,0.1,automation: structural commit lag 8.0s
e8-20260813,E8_speculative_window,3,automation,activepoll,0.5,8.0,8.5,28.872,False,False,0.1,automation: structural commit lag 8.0s
e8-20260813,E8_speculative_window,4,automation,activepoll,0.5,8.0,8.5,1.4466,False,False,0.1,automation: structural commit lag 8.0s
e8-20260813,E8_speculative_window,5,automation,activepoll,0.5,8.0,8.5,20.1633,False,False,0.1,automation: structural commit lag 8.0s
e8-20260813,E8_speculative_window,6,automation,activepoll,0.5,8.0,8.5,3.5512,False,False,0.1,automation: structural commit lag 8.0s
e8-20260813,E8_speculative_window,7,automation,activepoll,0.5,8.0,8.5,1.6406,False,False,0.1,automation: structural commit lag 8.0s
e8-20260813,E8_speculative_window,8,automation,activepoll,0.5,8.0,8.5,7.0059,False,False,0.1,automation: structural commit lag 8.0s
e8-20260813,E8_speculative_window,9,automation,activepoll,0.5,8.0,8.5,13.3211,False,False,0.1,automation: structural commit lag 8.0s
e8-20260813,E8_speculative_window,10,automation,activepoll,0.5,8.0,8.5,36.7366,False,False,0.1,automation: structural commit lag 8.0s
e8-20260813,E8_speculative_window,11,automation,activepoll,0.5,8.0,8.5,4.9138,False,False,0.1,automation: structural commit lag 8.0s
e8-20260813,E8_speculative_window,12,automation,activepoll,0.5,8.0,8.5,16.8958,False,False,0.1,automation: structural commit lag 8.0s
e8-20260813,E8_speculative_window,13,automation,activepoll,0.5,8.0,8.5,23.0922,False,False,0.1,automation: structural commit lag 8.0s
e8-20260813,E8_speculative_window,14,automation,activepoll,0.5,8.0,8.5,11.1629,False,False,0.1,automation: structural commit lag 8.0s
e8-20260813,E8_speculative_window,15,automation,activepoll,0.5,8.0,8.5,26.1468,False,False,0.1,automation: structural commit lag 8.0s
e8-20260813,E8_speculative_window,16,automation,activepoll,0.5,8.0,8.5,32.4137,False,False,0.1,automation: structural commit lag 8.0s
e8-20260813,E8_speculative_window,17,automation,activepoll,0.5,8.0,8.5,2.1829,False,False,0.1,automation: structural commit lag 8.0s
e8-20260813,E8_speculative_window,18,automation,activepoll,0.5,8.0,8.5,20.6997,False,False,0.1,automation: structural commit lag 8.0s
e8-20260813,E8_speculative_window,19,automation,activepoll,0.5,8.0,8.5,9.7748,False,False,0.1,automation: structural commit lag 8.0s
e8-20260813,E8_speculative_window,0,automation,activepoll,1.0,8.0,9.0,19.6837,False,False,0.1,automation: structural commit lag 8.0s
e8-20260813,E8_speculative_window,1,automation,activepoll,1.0,8.0,9.0,35.6252,False,False,0.1,automation: structural commit lag 8.0s
e8-20260813,E8_speculative_window,2,automation,activepoll,1.0,8.0,9.0,4.2313,False,False,0.1,automation: structural commit lag 8.0s
e8-20260813,E8_speculative_window,3,automation,activepoll,1.0,8.0,9.0,37.8273,False,False,0.1,automation: structural commit lag 8.0s
e8-20260813,E8_speculative_window,4,automation,activepoll,1.0,8.0,9.0,7.7408,False,False,0.1,automation: structural commit lag 8.0s
e8-20260813,E8_speculative_window,5,automation,activepoll,1.0,8.0,9.0,21.4053,False,False,0.1,automation: structural commit lag 8.0s
e8-20260813,E8_speculative_window,6,automation,activepoll,1.0,8.0,9.0,30.5544,False,False,0.1,automation: structural commit lag 8.0s
e8-20260813,E8_speculative_window,7,automation,activepoll,1.0,8.0,9.0,28.8092,False,False,0.1,automation: structural commit lag 8.0s
e8-20260813,E8_speculative_window,8,automation,activepoll,1.0,8.0,9.0,23.5024,False,False,0.1,automation: structural commit lag 8.0s
e8-20260813,E8_speculative_window,9,automation,activepoll,1.0,8.0,9.0,34.5657,False,False,0.1,automation: structural commit lag 8.0s
e8-20260813,E8_speculative_window,10,automation,activepoll,1.0,8.0,9.0,9.846,False,False,0.1,automation: structural commit lag 8.0s
e8-20260813,E8_speculative_window,11,automation,activepoll,1.0,8.0,9.0,32.1105,False,False,0.1,automation: structural commit lag 8.0s
e8-20260813,E8_speculative_window,12,automation,activepoll,1.0,8.0,9.0,7.6463,False,False,0.1,automation: structural commit lag 8.0s
e8-20260813,E8_speculative_window,13,automation,activepoll,1.0,8.0,9.0,18.8025,False,False,0.1,automation: structural commit lag 8.0s
e8-20260813,E8_speculative_window,14,automation,activepoll,1.0,8.0,9.0,19.2888,False,False,0.1,automation: structural commit lag 8.0s
e8-20260813,E8_speculative_window,15,automation,activepoll,1.0,8.0,9.0,4.5333,False,False,0.1,automation: structural commit lag 8.0s
e8-20260813,E8_speculative_window,16,automation,activepoll,1.0,8.0,9.0,4.3015,False,False,0.1,automation: structural commit lag 8.0s
e8-20260813,E8_speculative_window,17,automation,activepoll,1.0,8.0,9.0,13.5569,False,False,0.1,automation: structural commit lag 8.0s
e8-20260813,E8_speculative_window,18,automation,activepoll,1.0,8.0,9.0,15.4737,False,False,0.1,automation: structural commit lag 8.0s
e8-20260813,E8_speculative_window,19,automation,activepoll,1.0,8.0,9.0,21.6074,False,False,0.1,automation: structural commit lag 8.0s
e8-20260813,E8_speculative_window,0,automation,activepoll,2.0,8.0,10.0,16.8097,False,False,0.1,automation: structural commit lag 8.0s
e8-20260813,E8_speculative_window,1,automation,activepoll,2.0,8.0,10.0,3.2329,False,False,0.1,automation: structural commit lag 8.0s
e8-20260813,E8_speculative_window,2,automation,activepoll,2.0,8.0,10.0,25.1034,False,False,0.1,automation: structural commit lag 8.0s
e8-20260813,E8_speculative_window,3,automation,activepoll,2.0,8.0,10.0,18.103,False,False,0.1,automation: structural commit lag 8.0s
e8-20260813,E8_speculative_window,4,automation,activepoll,2.0,8.0,10.0,1.6123,False,False,0.1,automation: structural commit lag 8.0s
e8-20260813,E8_speculative_window,5,automation,activepoll,2.0,8.0,10.0,8.4757,False,False,0.1,automation: structural commit lag 8.0s
e8-20260813,E8_speculative_window,6,automation,activepoll,2.0,8.0,10.0,8.4703,False,False,0.1,automation: structural commit lag 8.0s
e8-20260813,E8_speculative_window,7,automation,activepoll,2.0,8.0,10.0,24.2964,False,False,0.1,automation: structural commit lag 8.0s
e8-20260813,E8_speculative_window,8,automation,activepoll,2.0,8.0,10.0,0.3726,False,False,0.1,automation: structural commit lag 8.0s
e8-20260813,E8_speculative_window,9,automation,activepoll,2.0,8.0,10.0,25.4087,False,False,0.1,automation: structural commit lag 8.0s
e8-20260813,E8_speculative_window,10,automation,activepoll,2.0,8.0,10.0,27.9885,False,False,0.1,automation: structural commit lag 8.0s
e8-20260813,E8_speculative_window,11,automation,activepoll,2.0,8.0,10.0,38.862,False,False,0.1,automation: structural commit lag 8.0s
e8-20260813,E8_speculative_window,12,automation,activepoll,2.0,8.0,10.0,25.2822,False,False,0.1,automation: structural commit lag 8.0s
e8-20260813,E8_speculative_window,13,automation,activepoll,2.0,8.0,10.0,36.7879,False,False,0.1,automation: structural commit lag 8.0s
e8-20260813,E8_speculative_window,14,automation,activepoll,2.0,8.0,10.0,28.1229,False,False,0.1,automation: structural commit lag 8.0s
e8-20260813,E8_speculative_window,15,automation,activepoll,2.0,8.0,10.0,23.2164,False,False,0.1,automation: structural commit lag 8.0s
e8-20260813,E8_speculative_window,16,automation,activepoll,2.0,8.0,10.0,28.4523,False,False,0.1,automation: structural commit lag 8.0s
e8-20260813,E8_speculative_window,17,automation,activepoll,2.0,8.0,10.0,23.7713,False,False,0.1,automation: structural commit lag 8.0s
e8-20260813,E8_speculative_window,18,automation,activepoll,2.0,8.0,10.0,19.5736,False,False,0.1,automation: structural commit lag 8.0s
e8-20260813,E8_speculative_window,19,automation,activepoll,2.0,8.0,10.0,19.3678,False,False,0.1,automation: structural commit lag 8.0s
e8-20260813,E8_speculative_window,0,automation,activepoll,5.0,8.0,13.0,20.7999,False,False,0.1,automation: structural commit lag 8.0s
e8-20260813,E8_speculative_window,1,automation,activepoll,5.0,8.0,13.0,17.0035,False,False,0.1,automation: structural commit lag 8.0s
e8-20260813,E8_speculative_window,2,automation,activepoll,5.0,8.0,13.0,8.1053,False,False,0.1,automation: structural commit lag 8.0s
e8-20260813,E8_speculative_window,3,automation,activepoll,5.0,8.0,13.0,28.8578,False,False,0.1,automation: structural commit lag 8.0s
e8-20260813,E8_speculative_window,4,automation,activepoll,5.0,8.0,13.0,15.7514,False,False,0.1,automation: structural commit lag 8.0s
e8-20260813,E8_speculative_window,5,automation,activepoll,5.0,8.0,13.0,13.9736,False,False,0.1,automation: structural commit lag 8.0s
e8-20260813,E8_speculative_window,6,automation,activepoll,5.0,8.0,13.0,22.7694,False,False,0.1,automation: structural commit lag 8.0s
e8-20260813,E8_speculative_window,7,automation,activepoll,5.0,8.0,13.0,14.4638,False,False,0.1,automation: structural commit lag 8.0s
e8-20260813,E8_speculative_window,8,automation,activepoll,5.0,8.0,13.0,38.2402,False,False,0.1,automation: structural commit lag 8.0s
e8-20260813,E8_speculative_window,9,automation,activepoll,5.0,8.0,13.0,14.4033,False,False,0.1,automation: structural commit lag 8.0s
e8-20260813,E8_speculative_window,10,automation,activepoll,5.0,8.0,13.0,38.8926,False,False,0.1,automation: structural commit lag 8.0s
e8-20260813,E8_speculative_window,11,automation,activepoll,5.0,8.0,13.0,21.4429,False,False,0.1,automation: structural commit lag 8.0s
e8-20260813,E8_speculative_window,12,automation,activepoll,5.0,8.0,13.0,24.1073,False,False,0.1,automation: structural commit lag 8.0s
e8-20260813,E8_speculative_window,13,automation,activepoll,5.0,8.0,13.0,17.6352,False,False,0.1,automation: structural commit lag 8.0s
e8-20260813,E8_speculative_window,14,automation,activepoll,5.0,8.0,13.0,1.9473,False,False,0.1,automation: structural commit lag 8.0s
e8-20260813,E8_speculative_window,15,automation,activepoll,5.0,8.0,13.0,29.3431,False,False,0.1,automation: structural commit lag 8.0s
e8-20260813,E8_speculative_window,16,automation,activepoll,5.0,8.0,13.0,23.1223,False,False,0.1,automation: structural commit lag 8.0s
e8-20260813,E8_speculative_window,17,automation,activepoll,5.0,8.0,13.0,12.5243,False,False,0.1,automation: structural commit lag 8.0s
e8-20260813,E8_speculative_window,18,automation,activepoll,5.0,8.0,13.0,35.8264,False,False,0.1,automation: structural commit lag 8.0s
e8-20260813,E8_speculative_window,19,automation,activepoll,5.0,8.0,13.0,2.3906,False,False,0.1,automation: structural commit lag 8.0s
e8-20260813,E8_speculative_window,0,automation,activepoll,10.0,8.0,18.0,31.8181,False,False,0.1,automation: structural commit lag 8.0s
e8-20260813,E8_speculative_window,1,automation,activepoll,10.0,8.0,18.0,1.8201,False,False,0.1,automation: structural commit lag 8.0s
e8-20260813,E8_speculative_window,2,automation,activepoll,10.0,8.0,18.0,36.689,False,False,0.1,automation: structural commit lag 8.0s
e8-20260813,E8_speculative_window,3,automation,activepoll,10.0,8.0,18.0,0.6087,False,False,0.1,automation: structural commit lag 8.0s
e8-20260813,E8_speculative_window,4,automation,activepoll,10.0,8.0,18.0,22.3269,False,False,0.1,automation: structural commit lag 8.0s
e8-20260813,E8_speculative_window,5,automation,activepoll,10.0,8.0,18.0,26.7667,False,False,0.1,automation: structural commit lag 8.0s
e8-20260813,E8_speculative_window,6,automation,activepoll,10.0,8.0,18.0,39.6609,False,False,0.1,automation: structural commit lag 8.0s
e8-20260813,E8_speculative_window,7,automation,activepoll,10.0,8.0,18.0,14.9464,False,False,0.1,automation: structural commit lag 8.0s
e8-20260813,E8_speculative_window,8,automation,activepoll,10.0,8.0,18.0,31.5289,False,False,0.1,automation: structural commit lag 8.0s
e8-20260813,E8_speculative_window,9,automation,activepoll,10.0,8.0,18.0,29.0566,False,False,0.1,automation: structural commit lag 8.0s
e8-20260813,E8_speculative_window,10,automation,activepoll,10.0,8.0,18.0,3.3427,False,False,0.1,automation: structural commit lag 8.0s
e8-20260813,E8_speculative_window,11,automation,activepoll,10.0,8.0,18.0,21.1454,False,False,0.1,automation: structural commit lag 8.0s
e8-20260813,E8_speculative_window,12,automation,activepoll,10.0,8.0,18.0,8.6748,False,False,0.1,automation: structural commit lag 8.0s
e8-20260813,E8_speculative_window,13,automation,activepoll,10.0,8.0,18.0,30.4364,False,False,0.1,automation: structural commit lag 8.0s
e8-20260813,E8_speculative_window,14,automation,activepoll,10.0,8.0,18.0,36.5614,False,False,0.1,automation: structural commit lag 8.0s
e8-20260813,E8_speculative_window,15,automation,activepoll,10.0,8.0,18.0,1.4861,False,False,0.1,automation: structural commit lag 8.0s
e8-20260813,E8_speculative_window,16,automation,activepoll,10.0,8.0,18.0,10.699,False,False,0.1,automation: structural commit lag 8.0s
e8-20260813,E8_speculative_window,17,automation,activepoll,10.0,8.0,18.0,0.2905,False,False,0.1,automation: structural commit lag 8.0s
e8-20260813,E8_speculative_window,18,automation,activepoll,10.0,8.0,18.0,20.7228,False,False,0.1,automation: structural commit lag 8.0s
e8-20260813,E8_speculative_window,19,automation,activepoll,10.0,8.0,18.0,3.3917,False,False,0.1,automation: structural commit lag 8.0s
e8-20260813,E8_speculative_window,0,automation,activepoll,20.0,8.0,28.0,6.8222,False,False,0.1,automation: structural commit lag 8.0s
e8-20260813,E8_speculative_window,1,automation,activepoll,20.0,8.0,28.0,31.3457,False,False,0.1,automation: structural commit lag 8.0s
e8-20260813,E8_speculative_window,2,automation,activepoll,20.0,8.0,28.0,19.9197,False,False,0.1,automation: structural commit lag 8.0s
e8-20260813,E8_speculative_window,3,automation,activepoll,20.0,8.0,28.0,11.3561,False,False,0.1,automation: structural commit lag 8.0s
e8-20260813,E8_speculative_window,4,automation,activepoll,20.0,8.0,28.0,5.2867,False,False,0.1,automation: structural commit lag 8.0s
e8-20260813,E8_speculative_window,5,automation,activepoll,20.0,8.0,28.0,31.5434,False,False,0.1,automation: structural commit lag 8.0s
e8-20260813,E8_speculative_window,6,automation,activepoll,20.0,8.0,28.0,38.9318,False,False,0.1,automation: structural commit lag 8.0s
e8-20260813,E8_speculative_window,7,automation,activepoll,20.0,8.0,28.0,35.7755,False,False,0.1,automation: structural commit lag 8.0s
e8-20260813,E8_speculative_window,8,automation,activepoll,20.0,8.0,28.0,36.9577,False,False,0.1,automation: structural commit lag 8.0s
e8-20260813,E8_speculative_window,9,automation,activepoll,20.0,8.0,28.0,18.5719,False,False,0.1,automation: structural commit lag 8.0s
e8-20260813,E8_speculative_window,10,automation,activepoll,20.0,8.0,28.0,39.541,False,False,0.1,automation: structural commit lag 8.0s
e8-20260813,E8_speculative_window,11,automation,activepoll,20.0,8.0,28.0,9.8428,False,False,0.1,automation: structural commit lag 8.0s
e8-20260813,E8_speculative_window,12,automation,activepoll,20.0,8.0,28.0,2.3692,False,False,0.1,automation: structural commit lag 8.0s
e8-20260813,E8_speculative_window,13,automation,activepoll,20.0,8.0,28.0,34.812,False,False,0.1,automation: structural commit lag 8.0s
e8-20260813,E8_speculative_window,14,automation,activepoll,20.0,8.0,28.0,30.768,False,False,0.1,automation: structural commit lag 8.0s
e8-20260813,E8_speculative_window,15,automation,activepoll,20.0,8.0,28.0,31.8962,False,False,0.1,automation: structural commit lag 8.0s
e8-20260813,E8_speculative_window,16,automation,activepoll,20.0,8.0,28.0,34.3816,False,False,0.1,automation: structural commit lag 8.0s
e8-20260813,E8_speculative_window,17,automation,activepoll,20.0,8.0,28.0,6.4595,False,False,0.1,automation: structural commit lag 8.0s
e8-20260813,E8_speculative_window,18,automation,activepoll,20.0,8.0,28.0,36.5186,False,False,0.1,automation: structural commit lag 8.0s
e8-20260813,E8_speculative_window,19,automation,activepoll,20.0,8.0,28.0,25.3031,False,False,0.1,automation: structural commit lag 8.0s
e8-20260813,E8_speculative_window,0,automation,activepoll,40.0,8.0,48.0,27.3689,False,False,0.1,automation: structural commit lag 8.0s
e8-20260813,E8_speculative_window,1,automation,activepoll,40.0,8.0,48.0,34.9591,False,False,0.1,automation: structural commit lag 8.0s
e8-20260813,E8_speculative_window,2,automation,activepoll,40.0,8.0,48.0,23.4341,False,False,0.1,automation: structural commit lag 8.0s
e8-20260813,E8_speculative_window,3,automation,activepoll,40.0,8.0,48.0,27.9358,False,False,0.1,automation: structural commit lag 8.0s
e8-20260813,E8_speculative_window,4,automation,activepoll,40.0,8.0,48.0,37.2697,False,False,0.1,automation: structural commit lag 8.0s
e8-20260813,E8_speculative_window,5,automation,activepoll,40.0,8.0,48.0,7.0593,False,False,0.1,automation: structural commit lag 8.0s
e8-20260813,E8_speculative_window,6,automation,activepoll,40.0,8.0,48.0,1.774,False,False,0.1,automation: structural commit lag 8.0s
e8-20260813,E8_speculative_window,7,automation,activepoll,40.0,8.0,48.0,17.2389,False,False,0.1,automation: structural commit lag 8.0s
e8-20260813,E8_speculative_window,8,automation,activepoll,40.0,8.0,48.0,4.3993,False,False,0.1,automation: structural commit lag 8.0s
e8-20260813,E8_speculative_window,9,automation,activepoll,40.0,8.0,48.0,26.4847,False,False,0.1,automation: structural commit lag 8.0s
e8-20260813,E8_speculative_window,10,automation,activepoll,40.0,8.0,48.0,11.9844,False,False,0.1,automation: structural commit lag 8.0s
e8-20260813,E8_speculative_window,11,automation,activepoll,40.0,8.0,48.0,29.4342,False,False,0.1,automation: structural commit lag 8.0s
e8-20260813,E8_speculative_window,12,automation,activepoll,40.0,8.0,48.0,16.0735,False,False,0.1,automation: structural commit lag 8.0s
e8-20260813,E8_speculative_window,13,automation,activepoll,40.0,8.0,48.0,30.2604,False,False,0.1,automation: structural commit lag 8.0s
e8-20260813,E8_speculative_window,14,automation,activepoll,40.0,8.0,48.0,4.4084,False,False,0.1,automation: structural commit lag 8.0s
e8-20260813,E8_speculative_window,15,automation,activepoll,40.0,8.0,48.0,34.2462,False,False,0.1,automation: structural commit lag 8.0s
e8-20260813,E8_speculative_window,16,automation,activepoll,40.0,8.0,48.0,31.9747,False,False,0.1,automation: structural commit lag 8.0s
e8-20260813,E8_speculative_window,17,automation,activepoll,40.0,8.0,48.0,15.7174,False,False,0.1,automation: structural commit lag 8.0s
e8-20260813,E8_speculative_window,18,automation,activepoll,40.0,8.0,48.0,31.9953,False,False,0.1,automation: structural commit lag 8.0s
e8-20260813,E8_speculative_window,19,automation,activepoll,40.0,8.0,48.0,17.1475,False,False,0.1,automation: structural commit lag 8.0s
