run_id,trial_id,scenario,seed,backbone,decider,guard_tier,hold_mode,delayed_source,delay_level,delay_target_frac,injected_delay_s,is_control,coherence_window_s,coherence_window_policy,world_event,world_event_s,n_sources,t0,t_model,t_commit,delivery_delta_s,deliberation_s,max_source_skew_s,skew_exceeds_window,max_use_age_model_s,max_use_age_commit_s,expired_result_use_model,expired_result_use_commit,expired_sources_commit,coherence_violation_model,coherence_violation_commit,guard_admits_model,guard_admits_commit,guard_problems_commit,guard_revalidations,control_guard_admits_commit,guard_effect,joint_invariant_holds_model,joint_invariant_holds_commit,refresh_burden_model,refresh_burden_commit,refresh_burden_frac_commit,decision_action,control_action,plan_divergence,chose_action_unavailable_to_rule,world_truth_at_commit,invariant_violated,payload_sha256,payload_match_control,zero_effect,notes
20260812T225016,none:in_transit:door:D0_none:s0,S6_snapshot_coherence,0,det_ref,rule,none,in_transit,,D0_none,,0.0,True,2.0,min_budget,door,1.0,4,0.0,0.25,0.75,0.0,0.5,0.0,False,0.25,0.75,0,0,,False,False,True,True,no guard,0,,control,True,True,0,0,0.0,arm_away,,False,False,door=off;lock=locked;occupancy=off;schedule=away,False,6fce9b9cbaebe4dc,True,False,
20260812T225016,none:in_transit:door:D0_none:s0,S6_snapshot_coherence,0,det_ref,agent_r,none,in_transit,,D0_none,,0.0,True,2.0,min_budget,door,1.0,4,0.0,0.25,0.75,0.0,0.5,0.0,False,0.25,0.75,0,0,,False,False,True,True,no guard,0,,control,True,True,0,0,0.0,arm_away,,False,False,door=off;lock=locked;occupancy=off;schedule=away,False,6fce9b9cbaebe4dc,True,False,
20260812T225016,none:in_transit:door:D1_jitter:s0,S6_snapshot_coherence,0,det_ref,rule,none,in_transit,door,D1_jitter,,0.0018,False,2.0,min_budget,door,1.0,4,0.0,0.25,0.75,0.0,0.5,0.0,False,0.25,0.75,0,0,,False,False,True,True,no guard,0,True,missed_delay,True,True,0,0,0.0,arm_away,arm_away,False,False,door=off;lock=locked;occupancy=off;schedule=away,False,6fce9b9cbaebe4dc,True,True,
20260812T225016,none:in_transit:door:D1_jitter:s0,S6_snapshot_coherence,0,det_ref,agent_r,none,in_transit,door,D1_jitter,,0.0018,False,2.0,min_budget,door,1.0,4,0.0,0.25,0.75,0.0,0.5,0.0,False,0.25,0.75,0,0,,False,False,True,True,no guard,0,True,missed_delay,True,True,0,0,0.0,arm_away,arm_away,False,False,door=off;lock=locked;occupancy=off;schedule=away,False,6fce9b9cbaebe4dc,True,True,
20260812T225016,none:in_transit:door:D2_25:s0,S6_snapshot_coherence,0,det_ref,rule,none,in_transit,door,D2_25,0.25,0.5,False,2.0,min_budget,door,1.0,4,0.0,0.6,1.1,0.35,0.5,0.0,False,0.6,1.1,0,0,,False,False,True,True,no guard,0,True,missed_delay,True,True,0,0,0.0,arm_away,arm_away,False,False,door=on;lock=locked;occupancy=off;schedule=away,True,6fce9b9cbaebe4dc,True,False,
20260812T225016,none:in_transit:door:D2_25:s0,S6_snapshot_coherence,0,det_ref,agent_r,none,in_transit,door,D2_25,0.25,0.5,False,2.0,min_budget,door,1.0,4,0.0,0.6,1.1,0.35,0.5,0.0,False,0.6,1.1,0,0,,False,False,True,True,no guard,0,True,missed_delay,True,True,0,0,0.0,arm_away,arm_away,False,False,door=on;lock=locked;occupancy=off;schedule=away,True,6fce9b9cbaebe4dc,True,False,
20260812T225016,none:in_transit:door:D2_50:s0,S6_snapshot_coherence,0,det_ref,rule,none,in_transit,door,D2_50,0.5,1.0,False,2.0,min_budget,door,1.0,4,0.0,1.1,1.6,0.85,0.5,0.0,False,1.1,1.6,0,0,,False,False,True,True,no guard,0,True,missed_delay,True,True,0,0,0.0,arm_away,arm_away,False,False,door=on;lock=locked;occupancy=off;schedule=away,True,6fce9b9cbaebe4dc,True,False,
20260812T225016,none:in_transit:door:D2_50:s0,S6_snapshot_coherence,0,det_ref,agent_r,none,in_transit,door,D2_50,0.5,1.0,False,2.0,min_budget,door,1.0,4,0.0,1.1,1.6,0.85,0.5,0.0,False,1.1,1.6,0,0,,False,False,True,True,no guard,0,True,missed_delay,True,True,0,0,0.0,arm_away,arm_away,False,False,door=on;lock=locked;occupancy=off;schedule=away,True,6fce9b9cbaebe4dc,True,False,
20260812T225016,none:in_transit:door:D2_90:s0,S6_snapshot_coherence,0,det_ref,rule,none,in_transit,door,D2_90,0.9,1.8,False,2.0,min_budget,door,1.0,4,0.0,1.9,2.4,1.65,0.5,0.0,False,1.9,2.4,0,2,door|lock,False,False,True,True,no guard,0,True,missed_delay,True,False,0,2,0.5,arm_away,arm_away,False,False,door=on;lock=locked;occupancy=off;schedule=away,True,6fce9b9cbaebe4dc,True,False,
20260812T225016,none:in_transit:door:D2_90:s0,S6_snapshot_coherence,0,det_ref,agent_r,none,in_transit,door,D2_90,0.9,1.8,False,2.0,min_budget,door,1.0,4,0.0,1.9,2.4,1.65,0.5,0.0,False,1.9,2.4,0,2,door|lock,False,False,True,True,no guard,0,True,missed_delay,True,False,0,2,0.5,arm_away,arm_away,False,False,door=on;lock=locked;occupancy=off;schedule=away,True,6fce9b9cbaebe4dc,True,False,
20260812T225016,none:in_transit:door:D3_pre:s0,S6_snapshot_coherence,0,det_ref,rule,none,in_transit,door,D3_pre,1.0,1.95,False,2.0,min_budget,door,1.0,4,0.0,2.05,2.55,1.8,0.5,0.0,False,2.05,2.55,2,2,door|lock,False,False,True,True,no guard,0,True,missed_delay,False,False,2,2,0.5,arm_away,arm_away,False,False,door=on;lock=locked;occupancy=off;schedule=away,True,6fce9b9cbaebe4dc,True,False,
20260812T225016,none:in_transit:door:D3_pre:s0,S6_snapshot_coherence,0,det_ref,agent_r,none,in_transit,door,D3_pre,1.0,1.95,False,2.0,min_budget,door,1.0,4,0.0,2.05,2.55,1.8,0.5,0.0,False,2.05,2.55,2,2,door|lock,False,False,True,True,no guard,0,True,missed_delay,False,False,2,2,0.5,arm_away,arm_away,False,False,door=on;lock=locked;occupancy=off;schedule=away,True,6fce9b9cbaebe4dc,True,False,
20260812T225016,none:in_transit:door:D3_post:s0,S6_snapshot_coherence,0,det_ref,rule,none,in_transit,door,D3_post,1.0,2.05,False,2.0,min_budget,door,1.0,4,0.0,2.15,2.65,1.9,0.5,0.0,False,2.15,2.65,2,2,door|lock,False,False,True,True,no guard,0,True,missed_delay,False,False,2,2,0.5,arm_away,arm_away,False,False,door=on;lock=locked;occupancy=off;schedule=away,True,6fce9b9cbaebe4dc,True,False,
20260812T225016,none:in_transit:door:D3_post:s0,S6_snapshot_coherence,0,det_ref,agent_r,none,in_transit,door,D3_post,1.0,2.05,False,2.0,min_budget,door,1.0,4,0.0,2.15,2.65,1.9,0.5,0.0,False,2.15,2.65,2,2,door|lock,False,False,True,True,no guard,0,True,missed_delay,False,False,2,2,0.5,arm_away,arm_away,False,False,door=on;lock=locked;occupancy=off;schedule=away,True,6fce9b9cbaebe4dc,True,False,
20260812T225016,none:in_transit:door:D4_late:s0,S6_snapshot_coherence,0,det_ref,rule,none,in_transit,door,D4_late,,7.0,False,2.0,min_budget,door,1.0,4,0.0,7.1,7.6,6.85,0.5,0.0,False,7.1,7.6,3,3,door|lock|occupancy,False,False,True,True,no guard,0,True,missed_delay,False,False,3,3,0.75,arm_away,arm_away,False,False,door=on;lock=locked;occupancy=off;schedule=away,True,6fce9b9cbaebe4dc,True,False,
20260812T225016,none:in_transit:door:D4_late:s0,S6_snapshot_coherence,0,det_ref,agent_r,none,in_transit,door,D4_late,,7.0,False,2.0,min_budget,door,1.0,4,0.0,7.1,7.6,6.85,0.5,0.0,False,7.1,7.6,3,3,door|lock|occupancy,False,False,True,True,no guard,0,True,missed_delay,False,False,3,3,0.75,arm_away,arm_away,False,False,door=on;lock=locked;occupancy=off;schedule=away,True,6fce9b9cbaebe4dc,True,False,
20260812T225016,none:at_source:door:D0_none:s0,S6_snapshot_coherence,0,det_ref,rule,none,at_source,,D0_none,,0.0,True,2.0,min_budget,door,1.0,4,0.0,0.25,0.75,0.0,0.5,0.0,False,0.25,0.75,0,0,,False,False,True,True,no guard,0,,control,True,True,0,0,0.0,arm_away,,False,False,door=off;lock=locked;occupancy=off;schedule=away,False,6fce9b9cbaebe4dc,True,False,
20260812T225016,none:at_source:door:D0_none:s0,S6_snapshot_coherence,0,det_ref,agent_r,none,at_source,,D0_none,,0.0,True,2.0,min_budget,door,1.0,4,0.0,0.25,0.75,0.0,0.5,0.0,False,0.25,0.75,0,0,,False,False,True,True,no guard,0,,control,True,True,0,0,0.0,arm_away,,False,False,door=off;lock=locked;occupancy=off;schedule=away,False,6fce9b9cbaebe4dc,True,False,
20260812T225016,none:at_source:door:D1_jitter:s0,S6_snapshot_coherence,0,det_ref,rule,none,at_source,door,D1_jitter,,0.0018,False,2.0,min_budget,door,1.0,4,0.0,0.25,0.75,0.0,0.5,0.0018,False,0.25,0.75,0,0,,False,False,True,True,no guard,0,True,missed_delay,True,True,0,0,0.0,arm_away,arm_away,False,False,door=off;lock=locked;occupancy=off;schedule=away,False,6fce9b9cbaebe4dc,True,True,
20260812T225016,none:at_source:door:D1_jitter:s0,S6_snapshot_coherence,0,det_ref,agent_r,none,at_source,door,D1_jitter,,0.0018,False,2.0,min_budget,door,1.0,4,0.0,0.25,0.75,0.0,0.5,0.0018,False,0.25,0.75,0,0,,False,False,True,True,no guard,0,True,missed_delay,True,True,0,0,0.0,arm_away,arm_away,False,False,door=off;lock=locked;occupancy=off;schedule=away,False,6fce9b9cbaebe4dc,True,True,
20260812T225016,none:at_source:door:D2_25:s0,S6_snapshot_coherence,0,det_ref,rule,none,at_source,door,D2_25,0.25,0.5,False,2.0,min_budget,door,1.0,4,0.0,0.6,1.1,0.35,0.5,0.5,False,0.6,1.1,0,0,,False,False,True,True,no guard,0,True,missed_delay,True,True,0,0,0.0,arm_away,arm_away,False,False,door=on;lock=locked;occupancy=off;schedule=away,True,6fce9b9cbaebe4dc,True,False,
20260812T225016,none:at_source:door:D2_25:s0,S6_snapshot_coherence,0,det_ref,agent_r,none,at_source,door,D2_25,0.25,0.5,False,2.0,min_budget,door,1.0,4,0.0,0.6,1.1,0.35,0.5,0.5,False,0.6,1.1,0,0,,False,False,True,True,no guard,0,True,missed_delay,True,True,0,0,0.0,arm_away,arm_away,False,False,door=on;lock=locked;occupancy=off;schedule=away,True,6fce9b9cbaebe4dc,True,False,
20260812T225016,none:at_source:door:D2_50:s0,S6_snapshot_coherence,0,det_ref,rule,none,at_source,door,D2_50,0.5,1.0,False,2.0,min_budget,door,1.0,4,0.0,1.1,1.6,0.85,0.5,1.0,False,1.1,1.6,0,0,,False,False,True,True,no guard,0,True,missed_delay,True,True,0,0,0.0,report_not_set,arm_away,True,False,door=on;lock=locked;occupancy=off;schedule=away,False,fa781db2bec6eaec,False,False,payload differs from control: delayed source re-affirmed a changed fact
20260812T225016,none:at_source:door:D2_50:s0,S6_snapshot_coherence,0,det_ref,agent_r,none,at_source,door,D2_50,0.5,1.0,False,2.0,min_budget,door,1.0,4,0.0,1.1,1.6,0.85,0.5,1.0,False,1.1,1.6,0,0,,False,False,True,True,no guard,0,True,missed_delay,True,True,0,0,0.0,defer_report_set,arm_away,True,True,door=on;lock=locked;occupancy=off;schedule=away,True,fa781db2bec6eaec,False,False,payload differs from control: delayed source re-affirmed a changed fact
20260812T225016,none:at_source:door:D2_90:s0,S6_snapshot_coherence,0,det_ref,rule,none,at_source,door,D2_90,0.9,1.8,False,2.0,min_budget,door,1.0,4,0.0,1.9,2.4,1.65,0.5,1.8,False,1.9,2.4,0,1,lock,False,False,True,True,no guard,0,True,missed_delay,True,False,0,1,0.25,report_not_set,arm_away,True,False,door=on;lock=locked;occupancy=off;schedule=away,False,fa781db2bec6eaec,False,False,payload differs from control: delayed source re-affirmed a changed fact
20260812T225016,none:at_source:door:D2_90:s0,S6_snapshot_coherence,0,det_ref,agent_r,none,at_source,door,D2_90,0.9,1.8,False,2.0,min_budget,door,1.0,4,0.0,1.9,2.4,1.65,0.5,1.8,False,1.9,2.4,0,1,lock,False,False,True,True,no guard,0,True,missed_delay,True,False,0,1,0.25,defer_report_set,arm_away,True,True,door=on;lock=locked;occupancy=off;schedule=away,True,fa781db2bec6eaec,False,False,payload differs from control: delayed source re-affirmed a changed fact
20260812T225016,none:at_source:door:D3_pre:s0,S6_snapshot_coherence,0,det_ref,rule,none,at_source,door,D3_pre,1.0,1.95,False,2.0,min_budget,door,1.0,4,0.0,2.05,2.55,1.8,0.5,1.95,False,2.05,2.55,1,1,lock,False,False,True,True,no guard,0,True,missed_delay,False,False,1,1,0.25,report_not_set,arm_away,True,False,door=on;lock=locked;occupancy=off;schedule=away,False,fa781db2bec6eaec,False,False,payload differs from control: delayed source re-affirmed a changed fact
20260812T225016,none:at_source:door:D3_pre:s0,S6_snapshot_coherence,0,det_ref,agent_r,none,at_source,door,D3_pre,1.0,1.95,False,2.0,min_budget,door,1.0,4,0.0,2.05,2.55,1.8,0.5,1.95,False,2.05,2.55,1,1,lock,False,False,True,True,no guard,0,True,missed_delay,False,False,1,1,0.25,defer_report_set,arm_away,True,True,door=on;lock=locked;occupancy=off;schedule=away,True,fa781db2bec6eaec,False,False,payload differs from control: delayed source re-affirmed a changed fact
20260812T225016,none:at_source:door:D3_post:s0,S6_snapshot_coherence,0,det_ref,rule,none,at_source,door,D3_post,1.0,2.05,False,2.0,min_budget,door,1.0,4,0.0,2.15,2.65,1.9,0.5,2.05,True,2.15,2.65,1,1,lock,True,True,True,True,no guard,0,True,missed_delay,False,False,3,3,0.75,report_not_set,arm_away,True,False,door=on;lock=locked;occupancy=off;schedule=away,False,fa781db2bec6eaec,False,False,payload differs from control: delayed source re-affirmed a changed fact
20260812T225016,none:at_source:door:D3_post:s0,S6_snapshot_coherence,0,det_ref,agent_r,none,at_source,door,D3_post,1.0,2.05,False,2.0,min_budget,door,1.0,4,0.0,2.15,2.65,1.9,0.5,2.05,True,2.15,2.65,1,1,lock,True,True,True,True,no guard,0,True,missed_delay,False,False,3,3,0.75,defer_report_set,arm_away,True,True,door=on;lock=locked;occupancy=off;schedule=away,True,fa781db2bec6eaec,False,False,payload differs from control: delayed source re-affirmed a changed fact
20260812T225016,none:at_source:door:D4_late:s0,S6_snapshot_coherence,0,det_ref,rule,none,at_source,door,D4_late,,7.0,False,2.0,min_budget,door,1.0,4,0.0,7.1,7.6,6.85,0.5,7.0,True,7.1,7.6,2,2,lock|occupancy,True,True,True,True,no guard,0,True,missed_delay,False,False,3,3,0.75,report_not_set,arm_away,True,False,door=on;lock=locked;occupancy=off;schedule=away,False,fa781db2bec6eaec,False,False,payload differs from control: delayed source re-affirmed a changed fact
20260812T225016,none:at_source:door:D4_late:s0,S6_snapshot_coherence,0,det_ref,agent_r,none,at_source,door,D4_late,,7.0,False,2.0,min_budget,door,1.0,4,0.0,7.1,7.6,6.85,0.5,7.0,True,7.1,7.6,2,2,lock|occupancy,True,True,True,True,no guard,0,True,missed_delay,False,False,3,3,0.75,defer_report_set,arm_away,True,True,door=on;lock=locked;occupancy=off;schedule=away,True,fa781db2bec6eaec,False,False,payload differs from control: delayed source re-affirmed a changed fact
20260812T225016,static:in_transit:door:D0_none:s0,S6_snapshot_coherence,0,det_ref,rule,static,in_transit,,D0_none,,0.0,True,2.0,min_budget,door,1.0,4,0.0,0.25,0.75,0.0,0.5,0.0,False,0.25,0.75,0,0,,False,False,True,True,admitted,8,,control,True,True,0,0,0.0,arm_away,,False,False,door=off;lock=locked;occupancy=off;schedule=away,False,6fce9b9cbaebe4dc,True,False,
20260812T225016,static:in_transit:door:D0_none:s0,S6_snapshot_coherence,0,det_ref,agent_r,static,in_transit,,D0_none,,0.0,True,2.0,min_budget,door,1.0,4,0.0,0.25,0.75,0.0,0.5,0.0,False,0.25,0.75,0,0,,False,False,True,True,admitted,8,,control,True,True,0,0,0.0,arm_away,,False,False,door=off;lock=locked;occupancy=off;schedule=away,False,6fce9b9cbaebe4dc,True,False,
20260812T225016,static:in_transit:door:D1_jitter:s0,S6_snapshot_coherence,0,det_ref,rule,static,in_transit,door,D1_jitter,,0.0018,False,2.0,min_budget,door,1.0,4,0.0,0.25,0.75,0.0,0.5,0.0,False,0.25,0.75,0,0,,False,False,True,True,admitted,8,True,missed_delay,True,True,0,0,0.0,arm_away,arm_away,False,False,door=off;lock=locked;occupancy=off;schedule=away,False,6fce9b9cbaebe4dc,True,True,
20260812T225016,static:in_transit:door:D1_jitter:s0,S6_snapshot_coherence,0,det_ref,agent_r,static,in_transit,door,D1_jitter,,0.0018,False,2.0,min_budget,door,1.0,4,0.0,0.25,0.75,0.0,0.5,0.0,False,0.25,0.75,0,0,,False,False,True,True,admitted,8,True,missed_delay,True,True,0,0,0.0,arm_away,arm_away,False,False,door=off;lock=locked;occupancy=off;schedule=away,False,6fce9b9cbaebe4dc,True,True,
20260812T225016,static:in_transit:door:D2_25:s0,S6_snapshot_coherence,0,det_ref,rule,static,in_transit,door,D2_25,0.25,0.5,False,2.0,min_budget,door,1.0,4,0.0,0.6,1.1,0.35,0.5,0.0,False,0.6,1.1,0,0,,False,False,True,True,admitted,8,True,missed_delay,True,True,0,0,0.0,arm_away,arm_away,False,False,door=on;lock=locked;occupancy=off;schedule=away,True,6fce9b9cbaebe4dc,True,False,
20260812T225016,static:in_transit:door:D2_25:s0,S6_snapshot_coherence,0,det_ref,agent_r,static,in_transit,door,D2_25,0.25,0.5,False,2.0,min_budget,door,1.0,4,0.0,0.6,1.1,0.35,0.5,0.0,False,0.6,1.1,0,0,,False,False,True,True,admitted,8,True,missed_delay,True,True,0,0,0.0,arm_away,arm_away,False,False,door=on;lock=locked;occupancy=off;schedule=away,True,6fce9b9cbaebe4dc,True,False,
20260812T225016,static:in_transit:door:D2_50:s0,S6_snapshot_coherence,0,det_ref,rule,static,in_transit,door,D2_50,0.5,1.0,False,2.0,min_budget,door,1.0,4,0.0,1.1,1.6,0.85,0.5,0.0,False,1.1,1.6,0,0,,False,False,True,True,admitted,8,True,missed_delay,True,True,0,0,0.0,arm_away,arm_away,False,False,door=on;lock=locked;occupancy=off;schedule=away,True,6fce9b9cbaebe4dc,True,False,
20260812T225016,static:in_transit:door:D2_50:s0,S6_snapshot_coherence,0,det_ref,agent_r,static,in_transit,door,D2_50,0.5,1.0,False,2.0,min_budget,door,1.0,4,0.0,1.1,1.6,0.85,0.5,0.0,False,1.1,1.6,0,0,,False,False,True,True,admitted,8,True,missed_delay,True,True,0,0,0.0,arm_away,arm_away,False,False,door=on;lock=locked;occupancy=off;schedule=away,True,6fce9b9cbaebe4dc,True,False,
20260812T225016,static:in_transit:door:D2_90:s0,S6_snapshot_coherence,0,det_ref,rule,static,in_transit,door,D2_90,0.9,1.8,False,2.0,min_budget,door,1.0,4,0.0,1.9,2.4,1.65,0.5,0.0,False,1.9,2.4,0,2,door|lock,False,False,True,True,admitted,8,True,missed_delay,True,False,0,2,0.5,arm_away,arm_away,False,False,door=on;lock=locked;occupancy=off;schedule=away,True,6fce9b9cbaebe4dc,True,False,
20260812T225016,static:in_transit:door:D2_90:s0,S6_snapshot_coherence,0,det_ref,agent_r,static,in_transit,door,D2_90,0.9,1.8,False,2.0,min_budget,door,1.0,4,0.0,1.9,2.4,1.65,0.5,0.0,False,1.9,2.4,0,2,door|lock,False,False,True,True,admitted,8,True,missed_delay,True,False,0,2,0.5,arm_away,arm_away,False,False,door=on;lock=locked;occupancy=off;schedule=away,True,6fce9b9cbaebe4dc,True,False,
20260812T225016,static:in_transit:door:D3_pre:s0,S6_snapshot_coherence,0,det_ref,rule,static,in_transit,door,D3_pre,1.0,1.95,False,2.0,min_budget,door,1.0,4,0.0,2.05,2.55,1.8,0.5,0.0,False,2.05,2.55,2,2,door|lock,False,False,True,True,admitted,8,True,missed_delay,False,False,2,2,0.5,arm_away,arm_away,False,False,door=on;lock=locked;occupancy=off;schedule=away,True,6fce9b9cbaebe4dc,True,False,
20260812T225016,static:in_transit:door:D3_pre:s0,S6_snapshot_coherence,0,det_ref,agent_r,static,in_transit,door,D3_pre,1.0,1.95,False,2.0,min_budget,door,1.0,4,0.0,2.05,2.55,1.8,0.5,0.0,False,2.05,2.55,2,2,door|lock,False,False,True,True,admitted,8,True,missed_delay,False,False,2,2,0.5,arm_away,arm_away,False,False,door=on;lock=locked;occupancy=off;schedule=away,True,6fce9b9cbaebe4dc,True,False,
20260812T225016,static:in_transit:door:D3_post:s0,S6_snapshot_coherence,0,det_ref,rule,static,in_transit,door,D3_post,1.0,2.05,False,2.0,min_budget,door,1.0,4,0.0,2.15,2.65,1.9,0.5,0.0,False,2.15,2.65,2,2,door|lock,False,False,False,False,contact STALE (age 2.1s > 2.0s),8,True,caught_delay,False,False,2,2,0.5,report_not_set,arm_away,True,False,door=on;lock=locked;occupancy=off;schedule=away,False,6fce9b9cbaebe4dc,True,False,
20260812T225016,static:in_transit:door:D3_post:s0,S6_snapshot_coherence,0,det_ref,agent_r,static,in_transit,door,D3_post,1.0,2.05,False,2.0,min_budget,door,1.0,4,0.0,2.15,2.65,1.9,0.5,0.0,False,2.15,2.65,2,2,door|lock,False,False,False,False,contact STALE (age 2.1s > 2.0s),8,True,caught_delay,False,False,2,2,0.5,defer_report_set,arm_away,True,True,door=on;lock=locked;occupancy=off;schedule=away,True,6fce9b9cbaebe4dc,True,False,
20260812T225016,static:in_transit:door:D4_late:s0,S6_snapshot_coherence,0,det_ref,rule,static,in_transit,door,D4_late,,7.0,False,2.0,min_budget,door,1.0,4,0.0,7.1,7.6,6.85,0.5,0.0,False,7.1,7.6,3,3,door|lock|occupancy,False,False,False,False,contact STALE (age 7.0s > 2.0s),8,True,caught_delay,False,False,3,3,0.75,report_not_set,arm_away,True,False,door=on;lock=locked;occupancy=off;schedule=away,False,6fce9b9cbaebe4dc,True,False,
20260812T225016,static:in_transit:door:D4_late:s0,S6_snapshot_coherence,0,det_ref,agent_r,static,in_transit,door,D4_late,,7.0,False,2.0,min_budget,door,1.0,4,0.0,7.1,7.6,6.85,0.5,0.0,False,7.1,7.6,3,3,door|lock|occupancy,False,False,False,False,contact STALE (age 7.0s > 2.0s),8,True,caught_delay,False,False,3,3,0.75,defer_report_set,arm_away,True,True,door=on;lock=locked;occupancy=off;schedule=away,True,6fce9b9cbaebe4dc,True,False,
20260812T225016,static:at_source:door:D0_none:s0,S6_snapshot_coherence,0,det_ref,rule,static,at_source,,D0_none,,0.0,True,2.0,min_budget,door,1.0,4,0.0,0.25,0.75,0.0,0.5,0.0,False,0.25,0.75,0,0,,False,False,True,True,admitted,8,,control,True,True,0,0,0.0,arm_away,,False,False,door=off;lock=locked;occupancy=off;schedule=away,False,6fce9b9cbaebe4dc,True,False,
20260812T225016,static:at_source:door:D0_none:s0,S6_snapshot_coherence,0,det_ref,agent_r,static,at_source,,D0_none,,0.0,True,2.0,min_budget,door,1.0,4,0.0,0.25,0.75,0.0,0.5,0.0,False,0.25,0.75,0,0,,False,False,True,True,admitted,8,,control,True,True,0,0,0.0,arm_away,,False,False,door=off;lock=locked;occupancy=off;schedule=away,False,6fce9b9cbaebe4dc,True,False,
20260812T225016,static:at_source:door:D1_jitter:s0,S6_snapshot_coherence,0,det_ref,rule,static,at_source,door,D1_jitter,,0.0018,False,2.0,min_budget,door,1.0,4,0.0,0.25,0.75,0.0,0.5,0.0018,False,0.25,0.75,0,0,,False,False,True,True,admitted,8,True,missed_delay,True,True,0,0,0.0,arm_away,arm_away,False,False,door=off;lock=locked;occupancy=off;schedule=away,False,6fce9b9cbaebe4dc,True,True,
20260812T225016,static:at_source:door:D1_jitter:s0,S6_snapshot_coherence,0,det_ref,agent_r,static,at_source,door,D1_jitter,,0.0018,False,2.0,min_budget,door,1.0,4,0.0,0.25,0.75,0.0,0.5,0.0018,False,0.25,0.75,0,0,,False,False,True,True,admitted,8,True,missed_delay,True,True,0,0,0.0,arm_away,arm_away,False,False,door=off;lock=locked;occupancy=off;schedule=away,False,6fce9b9cbaebe4dc,True,True,
20260812T225016,static:at_source:door:D2_25:s0,S6_snapshot_coherence,0,det_ref,rule,static,at_source,door,D2_25,0.25,0.5,False,2.0,min_budget,door,1.0,4,0.0,0.6,1.1,0.35,0.5,0.5,False,0.6,1.1,0,0,,False,False,True,True,admitted,8,True,missed_delay,True,True,0,0,0.0,arm_away,arm_away,False,False,door=on;lock=locked;occupancy=off;schedule=away,True,6fce9b9cbaebe4dc,True,False,
20260812T225016,static:at_source:door:D2_25:s0,S6_snapshot_coherence,0,det_ref,agent_r,static,at_source,door,D2_25,0.25,0.5,False,2.0,min_budget,door,1.0,4,0.0,0.6,1.1,0.35,0.5,0.5,False,0.6,1.1,0,0,,False,False,True,True,admitted,8,True,missed_delay,True,True,0,0,0.0,arm_away,arm_away,False,False,door=on;lock=locked;occupancy=off;schedule=away,True,6fce9b9cbaebe4dc,True,False,
20260812T225016,static:at_source:door:D2_50:s0,S6_snapshot_coherence,0,det_ref,rule,static,at_source,door,D2_50,0.5,1.0,False,2.0,min_budget,door,1.0,4,0.0,1.1,1.6,0.85,0.5,1.0,False,1.1,1.6,0,0,,False,False,True,True,admitted,8,True,missed_delay,True,True,0,0,0.0,report_not_set,arm_away,True,False,door=on;lock=locked;occupancy=off;schedule=away,False,fa781db2bec6eaec,False,False,payload differs from control: delayed source re-affirmed a changed fact
20260812T225016,static:at_source:door:D2_50:s0,S6_snapshot_coherence,0,det_ref,agent_r,static,at_source,door,D2_50,0.5,1.0,False,2.0,min_budget,door,1.0,4,0.0,1.1,1.6,0.85,0.5,1.0,False,1.1,1.6,0,0,,False,False,True,True,admitted,8,True,missed_delay,True,True,0,0,0.0,defer_report_set,arm_away,True,True,door=on;lock=locked;occupancy=off;schedule=away,True,fa781db2bec6eaec,False,False,payload differs from control: delayed source re-affirmed a changed fact
20260812T225016,static:at_source:door:D2_90:s0,S6_snapshot_coherence,0,det_ref,rule,static,at_source,door,D2_90,0.9,1.8,False,2.0,min_budget,door,1.0,4,0.0,1.9,2.4,1.65,0.5,1.8,False,1.9,2.4,0,1,lock,False,False,True,True,admitted,8,True,missed_delay,True,False,0,1,0.25,report_not_set,arm_away,True,False,door=on;lock=locked;occupancy=off;schedule=away,False,fa781db2bec6eaec,False,False,payload differs from control: delayed source re-affirmed a changed fact
20260812T225016,static:at_source:door:D2_90:s0,S6_snapshot_coherence,0,det_ref,agent_r,static,at_source,door,D2_90,0.9,1.8,False,2.0,min_budget,door,1.0,4,0.0,1.9,2.4,1.65,0.5,1.8,False,1.9,2.4,0,1,lock,False,False,True,True,admitted,8,True,missed_delay,True,False,0,1,0.25,defer_report_set,arm_away,True,True,door=on;lock=locked;occupancy=off;schedule=away,True,fa781db2bec6eaec,False,False,payload differs from control: delayed source re-affirmed a changed fact
20260812T225016,static:at_source:door:D3_pre:s0,S6_snapshot_coherence,0,det_ref,rule,static,at_source,door,D3_pre,1.0,1.95,False,2.0,min_budget,door,1.0,4,0.0,2.05,2.55,1.8,0.5,1.95,False,2.05,2.55,1,1,lock,False,False,True,True,admitted,8,True,missed_delay,False,False,1,1,0.25,report_not_set,arm_away,True,False,door=on;lock=locked;occupancy=off;schedule=away,False,fa781db2bec6eaec,False,False,payload differs from control: delayed source re-affirmed a changed fact
20260812T225016,static:at_source:door:D3_pre:s0,S6_snapshot_coherence,0,det_ref,agent_r,static,at_source,door,D3_pre,1.0,1.95,False,2.0,min_budget,door,1.0,4,0.0,2.05,2.55,1.8,0.5,1.95,False,2.05,2.55,1,1,lock,False,False,True,True,admitted,8,True,missed_delay,False,False,1,1,0.25,defer_report_set,arm_away,True,True,door=on;lock=locked;occupancy=off;schedule=away,True,fa781db2bec6eaec,False,False,payload differs from control: delayed source re-affirmed a changed fact
20260812T225016,static:at_source:door:D3_post:s0,S6_snapshot_coherence,0,det_ref,rule,static,at_source,door,D3_post,1.0,2.05,False,2.0,min_budget,door,1.0,4,0.0,2.15,2.65,1.9,0.5,2.05,True,2.15,2.65,1,1,lock,True,True,True,True,admitted,8,True,missed_delay,False,False,3,3,0.75,report_not_set,arm_away,True,False,door=on;lock=locked;occupancy=off;schedule=away,False,fa781db2bec6eaec,False,False,payload differs from control: delayed source re-affirmed a changed fact
20260812T225016,static:at_source:door:D3_post:s0,S6_snapshot_coherence,0,det_ref,agent_r,static,at_source,door,D3_post,1.0,2.05,False,2.0,min_budget,door,1.0,4,0.0,2.15,2.65,1.9,0.5,2.05,True,2.15,2.65,1,1,lock,True,True,True,True,admitted,8,True,missed_delay,False,False,3,3,0.75,defer_report_set,arm_away,True,True,door=on;lock=locked;occupancy=off;schedule=away,True,fa781db2bec6eaec,False,False,payload differs from control: delayed source re-affirmed a changed fact
20260812T225016,static:at_source:door:D4_late:s0,S6_snapshot_coherence,0,det_ref,rule,static,at_source,door,D4_late,,7.0,False,2.0,min_budget,door,1.0,4,0.0,7.1,7.6,6.85,0.5,7.0,True,7.1,7.6,2,2,lock|occupancy,True,True,True,True,admitted,8,True,missed_delay,False,False,3,3,0.75,report_not_set,arm_away,True,False,door=on;lock=locked;occupancy=off;schedule=away,False,fa781db2bec6eaec,False,False,payload differs from control: delayed source re-affirmed a changed fact
20260812T225016,static:at_source:door:D4_late:s0,S6_snapshot_coherence,0,det_ref,agent_r,static,at_source,door,D4_late,,7.0,False,2.0,min_budget,door,1.0,4,0.0,7.1,7.6,6.85,0.5,7.0,True,7.1,7.6,2,2,lock|occupancy,True,True,True,True,admitted,8,True,missed_delay,False,False,3,3,0.75,defer_report_set,arm_away,True,True,door=on;lock=locked;occupancy=off;schedule=away,True,fa781db2bec6eaec,False,False,payload differs from control: delayed source re-affirmed a changed fact
20260812T225016,heartbeat:in_transit:door:D0_none:s0,S6_snapshot_coherence,0,det_ref,rule,heartbeat,in_transit,,D0_none,,0.0,True,2.0,min_budget,door,1.0,4,0.0,0.25,0.75,0.0,0.5,0.0,False,0.25,0.75,0,0,,False,False,True,False,contact REPLAYED (value-age 0.75s > heartbeat tolerance 0.25s); lock REPLAYED (value-age 0.75s > heartbeat tolerance 0.25s); motion REPLAYED (value-age 0.75s > heartbeat tolerance ,8,,control,True,True,0,0,0.0,report_not_set,,False,False,door=off;lock=locked;occupancy=off;schedule=away,False,6fce9b9cbaebe4dc,True,False,
20260812T225016,heartbeat:in_transit:door:D0_none:s0,S6_snapshot_coherence,0,det_ref,agent_r,heartbeat,in_transit,,D0_none,,0.0,True,2.0,min_budget,door,1.0,4,0.0,0.25,0.75,0.0,0.5,0.0,False,0.25,0.75,0,0,,False,False,True,False,contact REPLAYED (value-age 0.75s > heartbeat tolerance 0.25s); lock REPLAYED (value-age 0.75s > heartbeat tolerance 0.25s); motion REPLAYED (value-age 0.75s > heartbeat tolerance ,8,,control,True,True,0,0,0.0,defer_report_set,,False,True,door=off;lock=locked;occupancy=off;schedule=away,False,6fce9b9cbaebe4dc,True,False,
20260812T225016,heartbeat:in_transit:door:D1_jitter:s0,S6_snapshot_coherence,0,det_ref,rule,heartbeat,in_transit,door,D1_jitter,,0.0018,False,2.0,min_budget,door,1.0,4,0.0,0.25,0.75,0.0,0.5,0.0,False,0.25,0.75,0,0,,False,False,True,False,contact REPLAYED (value-age 0.75s > heartbeat tolerance 0.25s); lock REPLAYED (value-age 0.75s > heartbeat tolerance 0.25s); motion REPLAYED (value-age 0.75s > heartbeat tolerance ,8,False,blocks_both,True,True,0,0,0.0,report_not_set,report_not_set,False,False,door=off;lock=locked;occupancy=off;schedule=away,False,6fce9b9cbaebe4dc,True,True,
20260812T225016,heartbeat:in_transit:door:D1_jitter:s0,S6_snapshot_coherence,0,det_ref,agent_r,heartbeat,in_transit,door,D1_jitter,,0.0018,False,2.0,min_budget,door,1.0,4,0.0,0.25,0.75,0.0,0.5,0.0,False,0.25,0.75,0,0,,False,False,True,False,contact REPLAYED (value-age 0.75s > heartbeat tolerance 0.25s); lock REPLAYED (value-age 0.75s > heartbeat tolerance 0.25s); motion REPLAYED (value-age 0.75s > heartbeat tolerance ,8,False,blocks_both,True,True,0,0,0.0,defer_report_set,defer_report_set,False,True,door=off;lock=locked;occupancy=off;schedule=away,False,6fce9b9cbaebe4dc,True,True,
20260812T225016,heartbeat:in_transit:door:D2_25:s0,S6_snapshot_coherence,0,det_ref,rule,heartbeat,in_transit,door,D2_25,0.25,0.5,False,2.0,min_budget,door,1.0,4,0.0,0.6,1.1,0.35,0.5,0.0,False,0.6,1.1,0,0,,False,False,False,False,contact REPLAYED (value-age 1.10s > heartbeat tolerance 0.25s); lock REPLAYED (value-age 1.10s > heartbeat tolerance 0.25s); motion REPLAYED (value-age 1.10s > heartbeat tolerance ,8,False,blocks_both,True,True,0,0,0.0,report_not_set,report_not_set,False,False,door=on;lock=locked;occupancy=off;schedule=away,False,6fce9b9cbaebe4dc,True,False,
20260812T225016,heartbeat:in_transit:door:D2_25:s0,S6_snapshot_coherence,0,det_ref,agent_r,heartbeat,in_transit,door,D2_25,0.25,0.5,False,2.0,min_budget,door,1.0,4,0.0,0.6,1.1,0.35,0.5,0.0,False,0.6,1.1,0,0,,False,False,False,False,contact REPLAYED (value-age 1.10s > heartbeat tolerance 0.25s); lock REPLAYED (value-age 1.10s > heartbeat tolerance 0.25s); motion REPLAYED (value-age 1.10s > heartbeat tolerance ,8,False,blocks_both,True,True,0,0,0.0,defer_report_set,defer_report_set,False,True,door=on;lock=locked;occupancy=off;schedule=away,True,6fce9b9cbaebe4dc,True,False,
20260812T225016,heartbeat:in_transit:door:D2_50:s0,S6_snapshot_coherence,0,det_ref,rule,heartbeat,in_transit,door,D2_50,0.5,1.0,False,2.0,min_budget,door,1.0,4,0.0,1.1,1.6,0.85,0.5,0.0,False,1.1,1.6,0,0,,False,False,False,False,contact REPLAYED (value-age 1.60s > heartbeat tolerance 0.25s); lock REPLAYED (value-age 1.60s > heartbeat tolerance 0.25s); motion REPLAYED (value-age 1.60s > heartbeat tolerance ,8,False,blocks_both,True,True,0,0,0.0,report_not_set,report_not_set,False,False,door=on;lock=locked;occupancy=off;schedule=away,False,6fce9b9cbaebe4dc,True,False,
20260812T225016,heartbeat:in_transit:door:D2_50:s0,S6_snapshot_coherence,0,det_ref,agent_r,heartbeat,in_transit,door,D2_50,0.5,1.0,False,2.0,min_budget,door,1.0,4,0.0,1.1,1.6,0.85,0.5,0.0,False,1.1,1.6,0,0,,False,False,False,False,contact REPLAYED (value-age 1.60s > heartbeat tolerance 0.25s); lock REPLAYED (value-age 1.60s > heartbeat tolerance 0.25s); motion REPLAYED (value-age 1.60s > heartbeat tolerance ,8,False,blocks_both,True,True,0,0,0.0,defer_report_set,defer_report_set,False,True,door=on;lock=locked;occupancy=off;schedule=away,True,6fce9b9cbaebe4dc,True,False,
20260812T225016,heartbeat:in_transit:door:D2_90:s0,S6_snapshot_coherence,0,det_ref,rule,heartbeat,in_transit,door,D2_90,0.9,1.8,False,2.0,min_budget,door,1.0,4,0.0,1.9,2.4,1.65,0.5,0.0,False,1.9,2.4,0,2,door|lock,False,False,False,False,contact REPLAYED (value-age 2.40s > heartbeat tolerance 0.25s); lock REPLAYED (value-age 2.40s > heartbeat tolerance 0.25s); motion REPLAYED (value-age 2.40s > heartbeat tolerance ,8,False,blocks_both,True,False,0,2,0.5,report_not_set,report_not_set,False,False,door=on;lock=locked;occupancy=off;schedule=away,False,6fce9b9cbaebe4dc,True,False,
20260812T225016,heartbeat:in_transit:door:D2_90:s0,S6_snapshot_coherence,0,det_ref,agent_r,heartbeat,in_transit,door,D2_90,0.9,1.8,False,2.0,min_budget,door,1.0,4,0.0,1.9,2.4,1.65,0.5,0.0,False,1.9,2.4,0,2,door|lock,False,False,False,False,contact REPLAYED (value-age 2.40s > heartbeat tolerance 0.25s); lock REPLAYED (value-age 2.40s > heartbeat tolerance 0.25s); motion REPLAYED (value-age 2.40s > heartbeat tolerance ,8,False,blocks_both,True,False,0,2,0.5,defer_report_set,defer_report_set,False,True,door=on;lock=locked;occupancy=off;schedule=away,True,6fce9b9cbaebe4dc,True,False,
20260812T225016,heartbeat:in_transit:door:D3_pre:s0,S6_snapshot_coherence,0,det_ref,rule,heartbeat,in_transit,door,D3_pre,1.0,1.95,False,2.0,min_budget,door,1.0,4,0.0,2.05,2.55,1.8,0.5,0.0,False,2.05,2.55,2,2,door|lock,False,False,False,False,contact REPLAYED (value-age 2.55s > heartbeat tolerance 0.25s); lock REPLAYED (value-age 2.55s > heartbeat tolerance 0.25s); motion REPLAYED (value-age 2.55s > heartbeat tolerance ,8,False,blocks_both,False,False,2,2,0.5,report_not_set,report_not_set,False,False,door=on;lock=locked;occupancy=off;schedule=away,False,6fce9b9cbaebe4dc,True,False,
20260812T225016,heartbeat:in_transit:door:D3_pre:s0,S6_snapshot_coherence,0,det_ref,agent_r,heartbeat,in_transit,door,D3_pre,1.0,1.95,False,2.0,min_budget,door,1.0,4,0.0,2.05,2.55,1.8,0.5,0.0,False,2.05,2.55,2,2,door|lock,False,False,False,False,contact REPLAYED (value-age 2.55s > heartbeat tolerance 0.25s); lock REPLAYED (value-age 2.55s > heartbeat tolerance 0.25s); motion REPLAYED (value-age 2.55s > heartbeat tolerance ,8,False,blocks_both,False,False,2,2,0.5,defer_report_set,defer_report_set,False,True,door=on;lock=locked;occupancy=off;schedule=away,True,6fce9b9cbaebe4dc,True,False,
20260812T225016,heartbeat:in_transit:door:D3_post:s0,S6_snapshot_coherence,0,det_ref,rule,heartbeat,in_transit,door,D3_post,1.0,2.05,False,2.0,min_budget,door,1.0,4,0.0,2.15,2.65,1.9,0.5,0.0,False,2.15,2.65,2,2,door|lock,False,False,False,False,contact STALE (age 2.1s > 2.0s); lock REPLAYED (value-age 2.65s > heartbeat tolerance 0.25s); motion REPLAYED (value-age 2.65s > heartbeat tolerance 0.25s); schedule REPLAYED (valu,8,False,blocks_both,False,False,2,2,0.5,report_not_set,report_not_set,False,False,door=on;lock=locked;occupancy=off;schedule=away,False,6fce9b9cbaebe4dc,True,False,
20260812T225016,heartbeat:in_transit:door:D3_post:s0,S6_snapshot_coherence,0,det_ref,agent_r,heartbeat,in_transit,door,D3_post,1.0,2.05,False,2.0,min_budget,door,1.0,4,0.0,2.15,2.65,1.9,0.5,0.0,False,2.15,2.65,2,2,door|lock,False,False,False,False,contact STALE (age 2.1s > 2.0s); lock REPLAYED (value-age 2.65s > heartbeat tolerance 0.25s); motion REPLAYED (value-age 2.65s > heartbeat tolerance 0.25s); schedule REPLAYED (valu,8,False,blocks_both,False,False,2,2,0.5,defer_report_set,defer_report_set,False,True,door=on;lock=locked;occupancy=off;schedule=away,True,6fce9b9cbaebe4dc,True,False,
20260812T225016,heartbeat:in_transit:door:D4_late:s0,S6_snapshot_coherence,0,det_ref,rule,heartbeat,in_transit,door,D4_late,,7.0,False,2.0,min_budget,door,1.0,4,0.0,7.1,7.6,6.85,0.5,0.0,False,7.1,7.6,3,3,door|lock|occupancy,False,False,False,False,contact STALE (age 7.0s > 2.0s); lock REPLAYED (value-age 7.60s > heartbeat tolerance 0.25s); motion REPLAYED (value-age 7.60s > heartbeat tolerance 0.25s); schedule REPLAYED (valu,8,False,blocks_both,False,False,3,3,0.75,report_not_set,report_not_set,False,False,door=on;lock=locked;occupancy=off;schedule=away,False,6fce9b9cbaebe4dc,True,False,
20260812T225016,heartbeat:in_transit:door:D4_late:s0,S6_snapshot_coherence,0,det_ref,agent_r,heartbeat,in_transit,door,D4_late,,7.0,False,2.0,min_budget,door,1.0,4,0.0,7.1,7.6,6.85,0.5,0.0,False,7.1,7.6,3,3,door|lock|occupancy,False,False,False,False,contact STALE (age 7.0s > 2.0s); lock REPLAYED (value-age 7.60s > heartbeat tolerance 0.25s); motion REPLAYED (value-age 7.60s > heartbeat tolerance 0.25s); schedule REPLAYED (valu,8,False,blocks_both,False,False,3,3,0.75,defer_report_set,defer_report_set,False,True,door=on;lock=locked;occupancy=off;schedule=away,True,6fce9b9cbaebe4dc,True,False,
20260812T225016,heartbeat:at_source:door:D0_none:s0,S6_snapshot_coherence,0,det_ref,rule,heartbeat,at_source,,D0_none,,0.0,True,2.0,min_budget,door,1.0,4,0.0,0.25,0.75,0.0,0.5,0.0,False,0.25,0.75,0,0,,False,False,True,False,contact REPLAYED (value-age 0.75s > heartbeat tolerance 0.25s); lock REPLAYED (value-age 0.75s > heartbeat tolerance 0.25s); motion REPLAYED (value-age 0.75s > heartbeat tolerance ,8,,control,True,True,0,0,0.0,report_not_set,,False,False,door=off;lock=locked;occupancy=off;schedule=away,False,6fce9b9cbaebe4dc,True,False,
20260812T225016,heartbeat:at_source:door:D0_none:s0,S6_snapshot_coherence,0,det_ref,agent_r,heartbeat,at_source,,D0_none,,0.0,True,2.0,min_budget,door,1.0,4,0.0,0.25,0.75,0.0,0.5,0.0,False,0.25,0.75,0,0,,False,False,True,False,contact REPLAYED (value-age 0.75s > heartbeat tolerance 0.25s); lock REPLAYED (value-age 0.75s > heartbeat tolerance 0.25s); motion REPLAYED (value-age 0.75s > heartbeat tolerance ,8,,control,True,True,0,0,0.0,defer_report_set,,False,True,door=off;lock=locked;occupancy=off;schedule=away,False,6fce9b9cbaebe4dc,True,False,
20260812T225016,heartbeat:at_source:door:D1_jitter:s0,S6_snapshot_coherence,0,det_ref,rule,heartbeat,at_source,door,D1_jitter,,0.0018,False,2.0,min_budget,door,1.0,4,0.0,0.25,0.75,0.0,0.5,0.0018,False,0.25,0.75,0,0,,False,False,True,False,contact REPLAYED (value-age 0.75s > heartbeat tolerance 0.25s); lock REPLAYED (value-age 0.75s > heartbeat tolerance 0.25s); motion REPLAYED (value-age 0.75s > heartbeat tolerance ,8,False,blocks_both,True,True,0,0,0.0,report_not_set,report_not_set,False,False,door=off;lock=locked;occupancy=off;schedule=away,False,6fce9b9cbaebe4dc,True,True,
20260812T225016,heartbeat:at_source:door:D1_jitter:s0,S6_snapshot_coherence,0,det_ref,agent_r,heartbeat,at_source,door,D1_jitter,,0.0018,False,2.0,min_budget,door,1.0,4,0.0,0.25,0.75,0.0,0.5,0.0018,False,0.25,0.75,0,0,,False,False,True,False,contact REPLAYED (value-age 0.75s > heartbeat tolerance 0.25s); lock REPLAYED (value-age 0.75s > heartbeat tolerance 0.25s); motion REPLAYED (value-age 0.75s > heartbeat tolerance ,8,False,blocks_both,True,True,0,0,0.0,defer_report_set,defer_report_set,False,True,door=off;lock=locked;occupancy=off;schedule=away,False,6fce9b9cbaebe4dc,True,True,
20260812T225016,heartbeat:at_source:door:D2_25:s0,S6_snapshot_coherence,0,det_ref,rule,heartbeat,at_source,door,D2_25,0.25,0.5,False,2.0,min_budget,door,1.0,4,0.0,0.6,1.1,0.35,0.5,0.5,False,0.6,1.1,0,0,,False,False,False,False,contact REPLAYED (value-age 0.60s > heartbeat tolerance 0.25s); lock REPLAYED (value-age 1.10s > heartbeat tolerance 0.25s); motion REPLAYED (value-age 1.10s > heartbeat tolerance ,8,False,blocks_both,True,True,0,0,0.0,report_not_set,report_not_set,False,False,door=on;lock=locked;occupancy=off;schedule=away,False,6fce9b9cbaebe4dc,True,False,
20260812T225016,heartbeat:at_source:door:D2_25:s0,S6_snapshot_coherence,0,det_ref,agent_r,heartbeat,at_source,door,D2_25,0.25,0.5,False,2.0,min_budget,door,1.0,4,0.0,0.6,1.1,0.35,0.5,0.5,False,0.6,1.1,0,0,,False,False,False,False,contact REPLAYED (value-age 0.60s > heartbeat tolerance 0.25s); lock REPLAYED (value-age 1.10s > heartbeat tolerance 0.25s); motion REPLAYED (value-age 1.10s > heartbeat tolerance ,8,False,blocks_both,True,True,0,0,0.0,defer_report_set,defer_report_set,False,True,door=on;lock=locked;occupancy=off;schedule=away,True,6fce9b9cbaebe4dc,True,False,
20260812T225016,heartbeat:at_source:door:D2_50:s0,S6_snapshot_coherence,0,det_ref,rule,heartbeat,at_source,door,D2_50,0.5,1.0,False,2.0,min_budget,door,1.0,4,0.0,1.1,1.6,0.85,0.5,1.0,False,1.1,1.6,0,0,,False,False,False,False,contact REPLAYED (value-age 0.60s > heartbeat tolerance 0.25s); lock REPLAYED (value-age 1.60s > heartbeat tolerance 0.25s); motion REPLAYED (value-age 1.60s > heartbeat tolerance ,8,False,blocks_both,True,True,0,0,0.0,report_not_set,report_not_set,False,False,door=on;lock=locked;occupancy=off;schedule=away,False,fa781db2bec6eaec,False,False,payload differs from control: delayed source re-affirmed a changed fact
20260812T225016,heartbeat:at_source:door:D2_50:s0,S6_snapshot_coherence,0,det_ref,agent_r,heartbeat,at_source,door,D2_50,0.5,1.0,False,2.0,min_budget,door,1.0,4,0.0,1.1,1.6,0.85,0.5,1.0,False,1.1,1.6,0,0,,False,False,False,False,contact REPLAYED (value-age 0.60s > heartbeat tolerance 0.25s); lock REPLAYED (value-age 1.60s > heartbeat tolerance 0.25s); motion REPLAYED (value-age 1.60s > heartbeat tolerance ,8,False,blocks_both,True,True,0,0,0.0,defer_report_set,defer_report_set,False,True,door=on;lock=locked;occupancy=off;schedule=away,True,fa781db2bec6eaec,False,False,payload differs from control: delayed source re-affirmed a changed fact
20260812T225016,heartbeat:at_source:door:D2_90:s0,S6_snapshot_coherence,0,det_ref,rule,heartbeat,at_source,door,D2_90,0.9,1.8,False,2.0,min_budget,door,1.0,4,0.0,1.9,2.4,1.65,0.5,1.8,False,1.9,2.4,0,1,lock,False,False,False,False,contact REPLAYED (value-age 0.60s > heartbeat tolerance 0.25s); lock REPLAYED (value-age 2.40s > heartbeat tolerance 0.25s); motion REPLAYED (value-age 2.40s > heartbeat tolerance ,8,False,blocks_both,True,False,0,1,0.25,report_not_set,report_not_set,False,False,door=on;lock=locked;occupancy=off;schedule=away,False,fa781db2bec6eaec,False,False,payload differs from control: delayed source re-affirmed a changed fact
20260812T225016,heartbeat:at_source:door:D2_90:s0,S6_snapshot_coherence,0,det_ref,agent_r,heartbeat,at_source,door,D2_90,0.9,1.8,False,2.0,min_budget,door,1.0,4,0.0,1.9,2.4,1.65,0.5,1.8,False,1.9,2.4,0,1,lock,False,False,False,False,contact REPLAYED (value-age 0.60s > heartbeat tolerance 0.25s); lock REPLAYED (value-age 2.40s > heartbeat tolerance 0.25s); motion REPLAYED (value-age 2.40s > heartbeat tolerance ,8,False,blocks_both,True,False,0,1,0.25,defer_report_set,defer_report_set,False,True,door=on;lock=locked;occupancy=off;schedule=away,True,fa781db2bec6eaec,False,False,payload differs from control: delayed source re-affirmed a changed fact
20260812T225016,heartbeat:at_source:door:D3_pre:s0,S6_snapshot_coherence,0,det_ref,rule,heartbeat,at_source,door,D3_pre,1.0,1.95,False,2.0,min_budget,door,1.0,4,0.0,2.05,2.55,1.8,0.5,1.95,False,2.05,2.55,1,1,lock,False,False,False,False,contact REPLAYED (value-age 0.60s > heartbeat tolerance 0.25s); lock REPLAYED (value-age 2.55s > heartbeat tolerance 0.25s); motion REPLAYED (value-age 2.55s > heartbeat tolerance ,8,False,blocks_both,False,False,1,1,0.25,report_not_set,report_not_set,False,False,door=on;lock=locked;occupancy=off;schedule=away,False,fa781db2bec6eaec,False,False,payload differs from control: delayed source re-affirmed a changed fact
20260812T225016,heartbeat:at_source:door:D3_pre:s0,S6_snapshot_coherence,0,det_ref,agent_r,heartbeat,at_source,door,D3_pre,1.0,1.95,False,2.0,min_budget,door,1.0,4,0.0,2.05,2.55,1.8,0.5,1.95,False,2.05,2.55,1,1,lock,False,False,False,False,contact REPLAYED (value-age 0.60s > heartbeat tolerance 0.25s); lock REPLAYED (value-age 2.55s > heartbeat tolerance 0.25s); motion REPLAYED (value-age 2.55s > heartbeat tolerance ,8,False,blocks_both,False,False,1,1,0.25,defer_report_set,defer_report_set,False,True,door=on;lock=locked;occupancy=off;schedule=away,True,fa781db2bec6eaec,False,False,payload differs from control: delayed source re-affirmed a changed fact
20260812T225016,heartbeat:at_source:door:D3_post:s0,S6_snapshot_coherence,0,det_ref,rule,heartbeat,at_source,door,D3_post,1.0,2.05,False,2.0,min_budget,door,1.0,4,0.0,2.15,2.65,1.9,0.5,2.05,True,2.15,2.65,1,1,lock,True,True,False,False,contact REPLAYED (value-age 0.60s > heartbeat tolerance 0.25s); lock REPLAYED (value-age 2.65s > heartbeat tolerance 0.25s); motion REPLAYED (value-age 2.65s > heartbeat tolerance ,8,False,blocks_both,False,False,3,3,0.75,report_not_set,report_not_set,False,False,door=on;lock=locked;occupancy=off;schedule=away,False,fa781db2bec6eaec,False,False,payload differs from control: delayed source re-affirmed a changed fact
20260812T225016,heartbeat:at_source:door:D3_post:s0,S6_snapshot_coherence,0,det_ref,agent_r,heartbeat,at_source,door,D3_post,1.0,2.05,False,2.0,min_budget,door,1.0,4,0.0,2.15,2.65,1.9,0.5,2.05,True,2.15,2.65,1,1,lock,True,True,False,False,contact REPLAYED (value-age 0.60s > heartbeat tolerance 0.25s); lock REPLAYED (value-age 2.65s > heartbeat tolerance 0.25s); motion REPLAYED (value-age 2.65s > heartbeat tolerance ,8,False,blocks_both,False,False,3,3,0.75,defer_report_set,defer_report_set,False,True,door=on;lock=locked;occupancy=off;schedule=away,True,fa781db2bec6eaec,False,False,payload differs from control: delayed source re-affirmed a changed fact
20260812T225016,heartbeat:at_source:door:D4_late:s0,S6_snapshot_coherence,0,det_ref,rule,heartbeat,at_source,door,D4_late,,7.0,False,2.0,min_budget,door,1.0,4,0.0,7.1,7.6,6.85,0.5,7.0,True,7.1,7.6,2,2,lock|occupancy,True,True,False,False,contact REPLAYED (value-age 0.60s > heartbeat tolerance 0.25s); lock REPLAYED (value-age 7.60s > heartbeat tolerance 0.25s); motion REPLAYED (value-age 7.60s > heartbeat tolerance ,8,False,blocks_both,False,False,3,3,0.75,report_not_set,report_not_set,False,False,door=on;lock=locked;occupancy=off;schedule=away,False,fa781db2bec6eaec,False,False,payload differs from control: delayed source re-affirmed a changed fact
20260812T225016,heartbeat:at_source:door:D4_late:s0,S6_snapshot_coherence,0,det_ref,agent_r,heartbeat,at_source,door,D4_late,,7.0,False,2.0,min_budget,door,1.0,4,0.0,7.1,7.6,6.85,0.5,7.0,True,7.1,7.6,2,2,lock|occupancy,True,True,False,False,contact REPLAYED (value-age 0.60s > heartbeat tolerance 0.25s); lock REPLAYED (value-age 7.60s > heartbeat tolerance 0.25s); motion REPLAYED (value-age 7.60s > heartbeat tolerance ,8,False,blocks_both,False,False,3,3,0.75,defer_report_set,defer_report_set,False,True,door=on;lock=locked;occupancy=off;schedule=away,True,fa781db2bec6eaec,False,False,payload differs from control: delayed source re-affirmed a changed fact
20260812T225016,activepoll:in_transit:door:D0_none:s0,S6_snapshot_coherence,0,det_ref,rule,activepoll,in_transit,,D0_none,,0.0,True,2.0,min_budget,door,1.0,4,0.0,0.25,0.75,0.0,0.5,0.0,False,0.25,0.75,0,0,,False,False,False,False,contact REPLAYED (value-age 0.05s > heartbeat tolerance 0.05s); lock REPLAYED (value-age 0.05s > heartbeat tolerance 0.05s); motion REPLAYED (value-age 0.05s > heartbeat tolerance ,8,,control,True,True,0,0,0.0,report_not_set,,False,False,door=off;lock=locked;occupancy=off;schedule=away,False,6fce9b9cbaebe4dc,True,False,
20260812T225016,activepoll:in_transit:door:D0_none:s0,S6_snapshot_coherence,0,det_ref,agent_r,activepoll,in_transit,,D0_none,,0.0,True,2.0,min_budget,door,1.0,4,0.0,0.25,0.75,0.0,0.5,0.0,False,0.25,0.75,0,0,,False,False,False,False,contact REPLAYED (value-age 0.05s > heartbeat tolerance 0.05s); lock REPLAYED (value-age 0.05s > heartbeat tolerance 0.05s); motion REPLAYED (value-age 0.05s > heartbeat tolerance ,8,,control,True,True,0,0,0.0,defer_report_set,,False,True,door=off;lock=locked;occupancy=off;schedule=away,False,6fce9b9cbaebe4dc,True,False,
20260812T225016,activepoll:in_transit:door:D1_jitter:s0,S6_snapshot_coherence,0,det_ref,rule,activepoll,in_transit,door,D1_jitter,,0.0018,False,2.0,min_budget,door,1.0,4,0.0,0.25,0.75,0.0,0.5,0.0,False,0.25,0.75,0,0,,False,False,False,False,contact REPLAYED (value-age 0.05s > heartbeat tolerance 0.05s); lock REPLAYED (value-age 0.05s > heartbeat tolerance 0.05s); motion REPLAYED (value-age 0.05s > heartbeat tolerance ,8,False,blocks_both,True,True,0,0,0.0,report_not_set,report_not_set,False,False,door=off;lock=locked;occupancy=off;schedule=away,False,6fce9b9cbaebe4dc,True,True,
20260812T225016,activepoll:in_transit:door:D1_jitter:s0,S6_snapshot_coherence,0,det_ref,agent_r,activepoll,in_transit,door,D1_jitter,,0.0018,False,2.0,min_budget,door,1.0,4,0.0,0.25,0.75,0.0,0.5,0.0,False,0.25,0.75,0,0,,False,False,False,False,contact REPLAYED (value-age 0.05s > heartbeat tolerance 0.05s); lock REPLAYED (value-age 0.05s > heartbeat tolerance 0.05s); motion REPLAYED (value-age 0.05s > heartbeat tolerance ,8,False,blocks_both,True,True,0,0,0.0,defer_report_set,defer_report_set,False,True,door=off;lock=locked;occupancy=off;schedule=away,False,6fce9b9cbaebe4dc,True,True,
20260812T225016,activepoll:in_transit:door:D2_25:s0,S6_snapshot_coherence,0,det_ref,rule,activepoll,in_transit,door,D2_25,0.25,0.5,False,2.0,min_budget,door,1.0,4,0.0,0.6,1.1,0.35,0.5,0.0,False,0.6,1.1,0,0,,False,False,False,False,contact REPLAYED (value-age 0.05s > heartbeat tolerance 0.05s); lock REPLAYED (value-age 0.05s > heartbeat tolerance 0.05s); motion REPLAYED (value-age 0.05s > heartbeat tolerance ,8,False,blocks_both,True,True,0,0,0.0,report_not_set,report_not_set,False,False,door=on;lock=locked;occupancy=off;schedule=away,False,6fce9b9cbaebe4dc,True,False,
20260812T225016,activepoll:in_transit:door:D2_25:s0,S6_snapshot_coherence,0,det_ref,agent_r,activepoll,in_transit,door,D2_25,0.25,0.5,False,2.0,min_budget,door,1.0,4,0.0,0.6,1.1,0.35,0.5,0.0,False,0.6,1.1,0,0,,False,False,False,False,contact REPLAYED (value-age 0.05s > heartbeat tolerance 0.05s); lock REPLAYED (value-age 0.05s > heartbeat tolerance 0.05s); motion REPLAYED (value-age 0.05s > heartbeat tolerance ,8,False,blocks_both,True,True,0,0,0.0,defer_report_set,defer_report_set,False,True,door=on;lock=locked;occupancy=off;schedule=away,True,6fce9b9cbaebe4dc,True,False,
20260812T225016,activepoll:in_transit:door:D2_50:s0,S6_snapshot_coherence,0,det_ref,rule,activepoll,in_transit,door,D2_50,0.5,1.0,False,2.0,min_budget,door,1.0,4,0.0,1.1,1.6,0.85,0.5,0.0,False,1.1,1.6,0,0,,False,False,False,False,contact REPLAYED (value-age 0.05s > heartbeat tolerance 0.05s); lock REPLAYED (value-age 0.05s > heartbeat tolerance 0.05s); motion REPLAYED (value-age 0.05s > heartbeat tolerance ,8,False,blocks_both,True,True,0,0,0.0,report_not_set,report_not_set,False,False,door=on;lock=locked;occupancy=off;schedule=away,False,6fce9b9cbaebe4dc,True,False,
20260812T225016,activepoll:in_transit:door:D2_50:s0,S6_snapshot_coherence,0,det_ref,agent_r,activepoll,in_transit,door,D2_50,0.5,1.0,False,2.0,min_budget,door,1.0,4,0.0,1.1,1.6,0.85,0.5,0.0,False,1.1,1.6,0,0,,False,False,False,False,contact REPLAYED (value-age 0.05s > heartbeat tolerance 0.05s); lock REPLAYED (value-age 0.05s > heartbeat tolerance 0.05s); motion REPLAYED (value-age 0.05s > heartbeat tolerance ,8,False,blocks_both,True,True,0,0,0.0,defer_report_set,defer_report_set,False,True,door=on;lock=locked;occupancy=off;schedule=away,True,6fce9b9cbaebe4dc,True,False,
20260812T225016,activepoll:in_transit:door:D2_90:s0,S6_snapshot_coherence,0,det_ref,rule,activepoll,in_transit,door,D2_90,0.9,1.8,False,2.0,min_budget,door,1.0,4,0.0,1.9,2.4,1.65,0.5,0.0,False,1.9,2.4,0,2,door|lock,False,False,False,False,contact=on (need off); schedule REPLAYED (value-age 2.40s > heartbeat tolerance 0.05s),8,False,blocks_both,True,False,0,2,0.5,report_not_set,report_not_set,False,False,door=on;lock=locked;occupancy=off;schedule=away,False,6fce9b9cbaebe4dc,True,False,
20260812T225016,activepoll:in_transit:door:D2_90:s0,S6_snapshot_coherence,0,det_ref,agent_r,activepoll,in_transit,door,D2_90,0.9,1.8,False,2.0,min_budget,door,1.0,4,0.0,1.9,2.4,1.65,0.5,0.0,False,1.9,2.4,0,2,door|lock,False,False,False,False,contact=on (need off); schedule REPLAYED (value-age 2.40s > heartbeat tolerance 0.05s),8,False,blocks_both,True,False,0,2,0.5,defer_report_set,defer_report_set,False,True,door=on;lock=locked;occupancy=off;schedule=away,True,6fce9b9cbaebe4dc,True,False,
20260812T225016,activepoll:in_transit:door:D3_pre:s0,S6_snapshot_coherence,0,det_ref,rule,activepoll,in_transit,door,D3_pre,1.0,1.95,False,2.0,min_budget,door,1.0,4,0.0,2.05,2.55,1.8,0.5,0.0,False,2.05,2.55,2,2,door|lock,False,False,False,False,contact=on (need off); schedule REPLAYED (value-age 2.55s > heartbeat tolerance 0.05s),8,False,blocks_both,False,False,2,2,0.5,report_not_set,report_not_set,False,False,door=on;lock=locked;occupancy=off;schedule=away,False,6fce9b9cbaebe4dc,True,False,
20260812T225016,activepoll:in_transit:door:D3_pre:s0,S6_snapshot_coherence,0,det_ref,agent_r,activepoll,in_transit,door,D3_pre,1.0,1.95,False,2.0,min_budget,door,1.0,4,0.0,2.05,2.55,1.8,0.5,0.0,False,2.05,2.55,2,2,door|lock,False,False,False,False,contact=on (need off); schedule REPLAYED (value-age 2.55s > heartbeat tolerance 0.05s),8,False,blocks_both,False,False,2,2,0.5,defer_report_set,defer_report_set,False,True,door=on;lock=locked;occupancy=off;schedule=away,True,6fce9b9cbaebe4dc,True,False,
20260812T225016,activepoll:in_transit:door:D3_post:s0,S6_snapshot_coherence,0,det_ref,rule,activepoll,in_transit,door,D3_post,1.0,2.05,False,2.0,min_budget,door,1.0,4,0.0,2.15,2.65,1.9,0.5,0.0,False,2.15,2.65,2,2,door|lock,False,False,False,False,contact=on (need off); schedule REPLAYED (value-age 2.65s > heartbeat tolerance 0.05s),8,False,blocks_both,False,False,2,2,0.5,report_not_set,report_not_set,False,False,door=on;lock=locked;occupancy=off;schedule=away,False,6fce9b9cbaebe4dc,True,False,
20260812T225016,activepoll:in_transit:door:D3_post:s0,S6_snapshot_coherence,0,det_ref,agent_r,activepoll,in_transit,door,D3_post,1.0,2.05,False,2.0,min_budget,door,1.0,4,0.0,2.15,2.65,1.9,0.5,0.0,False,2.15,2.65,2,2,door|lock,False,False,False,False,contact=on (need off); schedule REPLAYED (value-age 2.65s > heartbeat tolerance 0.05s),8,False,blocks_both,False,False,2,2,0.5,defer_report_set,defer_report_set,False,True,door=on;lock=locked;occupancy=off;schedule=away,True,6fce9b9cbaebe4dc,True,False,
20260812T225016,activepoll:in_transit:door:D4_late:s0,S6_snapshot_coherence,0,det_ref,rule,activepoll,in_transit,door,D4_late,,7.0,False,2.0,min_budget,door,1.0,4,0.0,7.1,7.6,6.85,0.5,0.0,False,7.1,7.6,3,3,door|lock|occupancy,False,False,False,False,contact=on (need off); schedule REPLAYED (value-age 7.60s > heartbeat tolerance 0.05s),8,False,blocks_both,False,False,3,3,0.75,report_not_set,report_not_set,False,False,door=on;lock=locked;occupancy=off;schedule=away,False,6fce9b9cbaebe4dc,True,False,
20260812T225016,activepoll:in_transit:door:D4_late:s0,S6_snapshot_coherence,0,det_ref,agent_r,activepoll,in_transit,door,D4_late,,7.0,False,2.0,min_budget,door,1.0,4,0.0,7.1,7.6,6.85,0.5,0.0,False,7.1,7.6,3,3,door|lock|occupancy,False,False,False,False,contact=on (need off); schedule REPLAYED (value-age 7.60s > heartbeat tolerance 0.05s),8,False,blocks_both,False,False,3,3,0.75,defer_report_set,defer_report_set,False,True,door=on;lock=locked;occupancy=off;schedule=away,True,6fce9b9cbaebe4dc,True,False,
20260812T225016,activepoll:at_source:door:D0_none:s0,S6_snapshot_coherence,0,det_ref,rule,activepoll,at_source,,D0_none,,0.0,True,2.0,min_budget,door,1.0,4,0.0,0.25,0.75,0.0,0.5,0.0,False,0.25,0.75,0,0,,False,False,False,False,contact REPLAYED (value-age 0.05s > heartbeat tolerance 0.05s); lock REPLAYED (value-age 0.05s > heartbeat tolerance 0.05s); motion REPLAYED (value-age 0.05s > heartbeat tolerance ,8,,control,True,True,0,0,0.0,report_not_set,,False,False,door=off;lock=locked;occupancy=off;schedule=away,False,6fce9b9cbaebe4dc,True,False,
20260812T225016,activepoll:at_source:door:D0_none:s0,S6_snapshot_coherence,0,det_ref,agent_r,activepoll,at_source,,D0_none,,0.0,True,2.0,min_budget,door,1.0,4,0.0,0.25,0.75,0.0,0.5,0.0,False,0.25,0.75,0,0,,False,False,False,False,contact REPLAYED (value-age 0.05s > heartbeat tolerance 0.05s); lock REPLAYED (value-age 0.05s > heartbeat tolerance 0.05s); motion REPLAYED (value-age 0.05s > heartbeat tolerance ,8,,control,True,True,0,0,0.0,defer_report_set,,False,True,door=off;lock=locked;occupancy=off;schedule=away,False,6fce9b9cbaebe4dc,True,False,
20260812T225016,activepoll:at_source:door:D1_jitter:s0,S6_snapshot_coherence,0,det_ref,rule,activepoll,at_source,door,D1_jitter,,0.0018,False,2.0,min_budget,door,1.0,4,0.0,0.25,0.75,0.0,0.5,0.0018,False,0.25,0.75,0,0,,False,False,False,False,contact REPLAYED (value-age 0.05s > heartbeat tolerance 0.05s); lock REPLAYED (value-age 0.05s > heartbeat tolerance 0.05s); motion REPLAYED (value-age 0.05s > heartbeat tolerance ,8,False,blocks_both,True,True,0,0,0.0,report_not_set,report_not_set,False,False,door=off;lock=locked;occupancy=off;schedule=away,False,6fce9b9cbaebe4dc,True,True,
20260812T225016,activepoll:at_source:door:D1_jitter:s0,S6_snapshot_coherence,0,det_ref,agent_r,activepoll,at_source,door,D1_jitter,,0.0018,False,2.0,min_budget,door,1.0,4,0.0,0.25,0.75,0.0,0.5,0.0018,False,0.25,0.75,0,0,,False,False,False,False,contact REPLAYED (value-age 0.05s > heartbeat tolerance 0.05s); lock REPLAYED (value-age 0.05s > heartbeat tolerance 0.05s); motion REPLAYED (value-age 0.05s > heartbeat tolerance ,8,False,blocks_both,True,True,0,0,0.0,defer_report_set,defer_report_set,False,True,door=off;lock=locked;occupancy=off;schedule=away,False,6fce9b9cbaebe4dc,True,True,
20260812T225016,activepoll:at_source:door:D2_25:s0,S6_snapshot_coherence,0,det_ref,rule,activepoll,at_source,door,D2_25,0.25,0.5,False,2.0,min_budget,door,1.0,4,0.0,0.6,1.1,0.35,0.5,0.5,False,0.6,1.1,0,0,,False,False,False,False,contact REPLAYED (value-age 0.05s > heartbeat tolerance 0.05s); lock REPLAYED (value-age 0.05s > heartbeat tolerance 0.05s); motion REPLAYED (value-age 0.05s > heartbeat tolerance ,8,False,blocks_both,True,True,0,0,0.0,report_not_set,report_not_set,False,False,door=on;lock=locked;occupancy=off;schedule=away,False,6fce9b9cbaebe4dc,True,False,
20260812T225016,activepoll:at_source:door:D2_25:s0,S6_snapshot_coherence,0,det_ref,agent_r,activepoll,at_source,door,D2_25,0.25,0.5,False,2.0,min_budget,door,1.0,4,0.0,0.6,1.1,0.35,0.5,0.5,False,0.6,1.1,0,0,,False,False,False,False,contact REPLAYED (value-age 0.05s > heartbeat tolerance 0.05s); lock REPLAYED (value-age 0.05s > heartbeat tolerance 0.05s); motion REPLAYED (value-age 0.05s > heartbeat tolerance ,8,False,blocks_both,True,True,0,0,0.0,defer_report_set,defer_report_set,False,True,door=on;lock=locked;occupancy=off;schedule=away,True,6fce9b9cbaebe4dc,True,False,
20260812T225016,activepoll:at_source:door:D2_50:s0,S6_snapshot_coherence,0,det_ref,rule,activepoll,at_source,door,D2_50,0.5,1.0,False,2.0,min_budget,door,1.0,4,0.0,1.1,1.6,0.85,0.5,1.0,False,1.1,1.6,0,0,,False,False,False,False,contact REPLAYED (value-age 0.05s > heartbeat tolerance 0.05s); lock REPLAYED (value-age 0.05s > heartbeat tolerance 0.05s); motion REPLAYED (value-age 0.05s > heartbeat tolerance ,8,False,blocks_both,True,True,0,0,0.0,report_not_set,report_not_set,False,False,door=on;lock=locked;occupancy=off;schedule=away,False,fa781db2bec6eaec,False,False,payload differs from control: delayed source re-affirmed a changed fact
20260812T225016,activepoll:at_source:door:D2_50:s0,S6_snapshot_coherence,0,det_ref,agent_r,activepoll,at_source,door,D2_50,0.5,1.0,False,2.0,min_budget,door,1.0,4,0.0,1.1,1.6,0.85,0.5,1.0,False,1.1,1.6,0,0,,False,False,False,False,contact REPLAYED (value-age 0.05s > heartbeat tolerance 0.05s); lock REPLAYED (value-age 0.05s > heartbeat tolerance 0.05s); motion REPLAYED (value-age 0.05s > heartbeat tolerance ,8,False,blocks_both,True,True,0,0,0.0,defer_report_set,defer_report_set,False,True,door=on;lock=locked;occupancy=off;schedule=away,True,fa781db2bec6eaec,False,False,payload differs from control: delayed source re-affirmed a changed fact
20260812T225016,activepoll:at_source:door:D2_90:s0,S6_snapshot_coherence,0,det_ref,rule,activepoll,at_source,door,D2_90,0.9,1.8,False,2.0,min_budget,door,1.0,4,0.0,1.9,2.4,1.65,0.5,1.8,False,1.9,2.4,0,1,lock,False,False,False,False,contact=on (need off); schedule REPLAYED (value-age 2.40s > heartbeat tolerance 0.05s),8,False,blocks_both,True,False,0,1,0.25,report_not_set,report_not_set,False,False,door=on;lock=locked;occupancy=off;schedule=away,False,fa781db2bec6eaec,False,False,payload differs from control: delayed source re-affirmed a changed fact
20260812T225016,activepoll:at_source:door:D2_90:s0,S6_snapshot_coherence,0,det_ref,agent_r,activepoll,at_source,door,D2_90,0.9,1.8,False,2.0,min_budget,door,1.0,4,0.0,1.9,2.4,1.65,0.5,1.8,False,1.9,2.4,0,1,lock,False,False,False,False,contact=on (need off); schedule REPLAYED (value-age 2.40s > heartbeat tolerance 0.05s),8,False,blocks_both,True,False,0,1,0.25,defer_report_set,defer_report_set,False,True,door=on;lock=locked;occupancy=off;schedule=away,True,fa781db2bec6eaec,False,False,payload differs from control: delayed source re-affirmed a changed fact
20260812T225016,activepoll:at_source:door:D3_pre:s0,S6_snapshot_coherence,0,det_ref,rule,activepoll,at_source,door,D3_pre,1.0,1.95,False,2.0,min_budget,door,1.0,4,0.0,2.05,2.55,1.8,0.5,1.95,False,2.05,2.55,1,1,lock,False,False,False,False,contact=on (need off); schedule REPLAYED (value-age 2.55s > heartbeat tolerance 0.05s),8,False,blocks_both,False,False,1,1,0.25,report_not_set,report_not_set,False,False,door=on;lock=locked;occupancy=off;schedule=away,False,fa781db2bec6eaec,False,False,payload differs from control: delayed source re-affirmed a changed fact
20260812T225016,activepoll:at_source:door:D3_pre:s0,S6_snapshot_coherence,0,det_ref,agent_r,activepoll,at_source,door,D3_pre,1.0,1.95,False,2.0,min_budget,door,1.0,4,0.0,2.05,2.55,1.8,0.5,1.95,False,2.05,2.55,1,1,lock,False,False,False,False,contact=on (need off); schedule REPLAYED (value-age 2.55s > heartbeat tolerance 0.05s),8,False,blocks_both,False,False,1,1,0.25,defer_report_set,defer_report_set,False,True,door=on;lock=locked;occupancy=off;schedule=away,True,fa781db2bec6eaec,False,False,payload differs from control: delayed source re-affirmed a changed fact
20260812T225016,activepoll:at_source:door:D3_post:s0,S6_snapshot_coherence,0,det_ref,rule,activepoll,at_source,door,D3_post,1.0,2.05,False,2.0,min_budget,door,1.0,4,0.0,2.15,2.65,1.9,0.5,2.05,True,2.15,2.65,1,1,lock,True,True,False,False,contact=on (need off); schedule REPLAYED (value-age 2.65s > heartbeat tolerance 0.05s),8,False,blocks_both,False,False,3,3,0.75,report_not_set,report_not_set,False,False,door=on;lock=locked;occupancy=off;schedule=away,False,fa781db2bec6eaec,False,False,payload differs from control: delayed source re-affirmed a changed fact
20260812T225016,activepoll:at_source:door:D3_post:s0,S6_snapshot_coherence,0,det_ref,agent_r,activepoll,at_source,door,D3_post,1.0,2.05,False,2.0,min_budget,door,1.0,4,0.0,2.15,2.65,1.9,0.5,2.05,True,2.15,2.65,1,1,lock,True,True,False,False,contact=on (need off); schedule REPLAYED (value-age 2.65s > heartbeat tolerance 0.05s),8,False,blocks_both,False,False,3,3,0.75,defer_report_set,defer_report_set,False,True,door=on;lock=locked;occupancy=off;schedule=away,True,fa781db2bec6eaec,False,False,payload differs from control: delayed source re-affirmed a changed fact
20260812T225016,activepoll:at_source:door:D4_late:s0,S6_snapshot_coherence,0,det_ref,rule,activepoll,at_source,door,D4_late,,7.0,False,2.0,min_budget,door,1.0,4,0.0,7.1,7.6,6.85,0.5,7.0,True,7.1,7.6,2,2,lock|occupancy,True,True,False,False,contact=on (need off); schedule REPLAYED (value-age 7.60s > heartbeat tolerance 0.05s),8,False,blocks_both,False,False,3,3,0.75,report_not_set,report_not_set,False,False,door=on;lock=locked;occupancy=off;schedule=away,False,fa781db2bec6eaec,False,False,payload differs from control: delayed source re-affirmed a changed fact
20260812T225016,activepoll:at_source:door:D4_late:s0,S6_snapshot_coherence,0,det_ref,agent_r,activepoll,at_source,door,D4_late,,7.0,False,2.0,min_budget,door,1.0,4,0.0,7.1,7.6,6.85,0.5,7.0,True,7.1,7.6,2,2,lock|occupancy,True,True,False,False,contact=on (need off); schedule REPLAYED (value-age 7.60s > heartbeat tolerance 0.05s),8,False,blocks_both,False,False,3,3,0.75,defer_report_set,defer_report_set,False,True,door=on;lock=locked;occupancy=off;schedule=away,True,fa781db2bec6eaec,False,False,payload differs from control: delayed source re-affirmed a changed fact
20260812T225016,anchored:in_transit:door:D0_none:s0,S6_snapshot_coherence,0,det_ref,rule,anchored,in_transit,,D0_none,,0.0,True,2.0,min_budget,door,1.0,4,0.0,0.25,0.75,0.0,0.5,0.0,False,0.25,0.75,0,0,,False,False,True,True,admitted,8,,control,True,True,0,0,0.0,arm_away,,False,False,door=off;lock=locked;occupancy=off;schedule=away,False,6fce9b9cbaebe4dc,True,False,
20260812T225016,anchored:in_transit:door:D0_none:s0,S6_snapshot_coherence,0,det_ref,agent_r,anchored,in_transit,,D0_none,,0.0,True,2.0,min_budget,door,1.0,4,0.0,0.25,0.75,0.0,0.5,0.0,False,0.25,0.75,0,0,,False,False,True,True,admitted,8,,control,True,True,0,0,0.0,arm_away,,False,False,door=off;lock=locked;occupancy=off;schedule=away,False,6fce9b9cbaebe4dc,True,False,
20260812T225016,anchored:in_transit:door:D1_jitter:s0,S6_snapshot_coherence,0,det_ref,rule,anchored,in_transit,door,D1_jitter,,0.0018,False,2.0,min_budget,door,1.0,4,0.0,0.25,0.75,0.0,0.5,0.0,False,0.25,0.75,0,0,,False,False,True,True,admitted,8,True,missed_delay,True,True,0,0,0.0,arm_away,arm_away,False,False,door=off;lock=locked;occupancy=off;schedule=away,False,6fce9b9cbaebe4dc,True,True,
20260812T225016,anchored:in_transit:door:D1_jitter:s0,S6_snapshot_coherence,0,det_ref,agent_r,anchored,in_transit,door,D1_jitter,,0.0018,False,2.0,min_budget,door,1.0,4,0.0,0.25,0.75,0.0,0.5,0.0,False,0.25,0.75,0,0,,False,False,True,True,admitted,8,True,missed_delay,True,True,0,0,0.0,arm_away,arm_away,False,False,door=off;lock=locked;occupancy=off;schedule=away,False,6fce9b9cbaebe4dc,True,True,
20260812T225016,anchored:in_transit:door:D2_25:s0,S6_snapshot_coherence,0,det_ref,rule,anchored,in_transit,door,D2_25,0.25,0.5,False,2.0,min_budget,door,1.0,4,0.0,0.6,1.1,0.35,0.5,0.0,False,0.6,1.1,0,0,,False,False,True,False,contact REPLAYED (value-age 0.60s > heartbeat tolerance 0.25s); lock REPLAYED (value-age 0.60s > heartbeat tolerance 0.25s); motion REPLAYED (value-age 0.60s > heartbeat tolerance ,8,True,caught_delay,True,True,0,0,0.0,report_not_set,arm_away,True,False,door=on;lock=locked;occupancy=off;schedule=away,False,6fce9b9cbaebe4dc,True,False,
20260812T225016,anchored:in_transit:door:D2_25:s0,S6_snapshot_coherence,0,det_ref,agent_r,anchored,in_transit,door,D2_25,0.25,0.5,False,2.0,min_budget,door,1.0,4,0.0,0.6,1.1,0.35,0.5,0.0,False,0.6,1.1,0,0,,False,False,True,False,contact REPLAYED (value-age 0.60s > heartbeat tolerance 0.25s); lock REPLAYED (value-age 0.60s > heartbeat tolerance 0.25s); motion REPLAYED (value-age 0.60s > heartbeat tolerance ,8,True,caught_delay,True,True,0,0,0.0,defer_report_set,arm_away,True,True,door=on;lock=locked;occupancy=off;schedule=away,True,6fce9b9cbaebe4dc,True,False,
20260812T225016,anchored:in_transit:door:D2_50:s0,S6_snapshot_coherence,0,det_ref,rule,anchored,in_transit,door,D2_50,0.5,1.0,False,2.0,min_budget,door,1.0,4,0.0,1.1,1.6,0.85,0.5,0.0,False,1.1,1.6,0,0,,False,False,False,False,contact REPLAYED (value-age 1.10s > heartbeat tolerance 0.25s); lock REPLAYED (value-age 1.10s > heartbeat tolerance 0.25s); motion REPLAYED (value-age 1.10s > heartbeat tolerance ,8,True,caught_delay,True,True,0,0,0.0,report_not_set,arm_away,True,False,door=on;lock=locked;occupancy=off;schedule=away,False,6fce9b9cbaebe4dc,True,False,
20260812T225016,anchored:in_transit:door:D2_50:s0,S6_snapshot_coherence,0,det_ref,agent_r,anchored,in_transit,door,D2_50,0.5,1.0,False,2.0,min_budget,door,1.0,4,0.0,1.1,1.6,0.85,0.5,0.0,False,1.1,1.6,0,0,,False,False,False,False,contact REPLAYED (value-age 1.10s > heartbeat tolerance 0.25s); lock REPLAYED (value-age 1.10s > heartbeat tolerance 0.25s); motion REPLAYED (value-age 1.10s > heartbeat tolerance ,8,True,caught_delay,True,True,0,0,0.0,defer_report_set,arm_away,True,True,door=on;lock=locked;occupancy=off;schedule=away,True,6fce9b9cbaebe4dc,True,False,
20260812T225016,anchored:in_transit:door:D2_90:s0,S6_snapshot_coherence,0,det_ref,rule,anchored,in_transit,door,D2_90,0.9,1.8,False,2.0,min_budget,door,1.0,4,0.0,1.9,2.4,1.65,0.5,0.0,False,1.9,2.4,0,2,door|lock,False,False,False,False,contact REPLAYED (value-age 1.90s > heartbeat tolerance 0.25s); lock REPLAYED (value-age 1.90s > heartbeat tolerance 0.25s); motion REPLAYED (value-age 1.90s > heartbeat tolerance ,8,True,caught_delay,True,False,0,2,0.5,report_not_set,arm_away,True,False,door=on;lock=locked;occupancy=off;schedule=away,False,6fce9b9cbaebe4dc,True,False,
20260812T225016,anchored:in_transit:door:D2_90:s0,S6_snapshot_coherence,0,det_ref,agent_r,anchored,in_transit,door,D2_90,0.9,1.8,False,2.0,min_budget,door,1.0,4,0.0,1.9,2.4,1.65,0.5,0.0,False,1.9,2.4,0,2,door|lock,False,False,False,False,contact REPLAYED (value-age 1.90s > heartbeat tolerance 0.25s); lock REPLAYED (value-age 1.90s > heartbeat tolerance 0.25s); motion REPLAYED (value-age 1.90s > heartbeat tolerance ,8,True,caught_delay,True,False,0,2,0.5,defer_report_set,arm_away,True,True,door=on;lock=locked;occupancy=off;schedule=away,True,6fce9b9cbaebe4dc,True,False,
20260812T225016,anchored:in_transit:door:D3_pre:s0,S6_snapshot_coherence,0,det_ref,rule,anchored,in_transit,door,D3_pre,1.0,1.95,False,2.0,min_budget,door,1.0,4,0.0,2.05,2.55,1.8,0.5,0.0,False,2.05,2.55,2,2,door|lock,False,False,False,False,contact REPLAYED (value-age 2.05s > heartbeat tolerance 0.25s); lock REPLAYED (value-age 2.05s > heartbeat tolerance 0.25s); motion REPLAYED (value-age 2.05s > heartbeat tolerance ,8,True,caught_delay,False,False,2,2,0.5,report_not_set,arm_away,True,False,door=on;lock=locked;occupancy=off;schedule=away,False,6fce9b9cbaebe4dc,True,False,
20260812T225016,anchored:in_transit:door:D3_pre:s0,S6_snapshot_coherence,0,det_ref,agent_r,anchored,in_transit,door,D3_pre,1.0,1.95,False,2.0,min_budget,door,1.0,4,0.0,2.05,2.55,1.8,0.5,0.0,False,2.05,2.55,2,2,door|lock,False,False,False,False,contact REPLAYED (value-age 2.05s > heartbeat tolerance 0.25s); lock REPLAYED (value-age 2.05s > heartbeat tolerance 0.25s); motion REPLAYED (value-age 2.05s > heartbeat tolerance ,8,True,caught_delay,False,False,2,2,0.5,defer_report_set,arm_away,True,True,door=on;lock=locked;occupancy=off;schedule=away,True,6fce9b9cbaebe4dc,True,False,
20260812T225016,anchored:in_transit:door:D3_post:s0,S6_snapshot_coherence,0,det_ref,rule,anchored,in_transit,door,D3_post,1.0,2.05,False,2.0,min_budget,door,1.0,4,0.0,2.15,2.65,1.9,0.5,0.0,False,2.15,2.65,2,2,door|lock,False,False,False,False,contact REPLAYED (value-age 2.15s > heartbeat tolerance 0.25s); lock REPLAYED (value-age 2.15s > heartbeat tolerance 0.25s); motion REPLAYED (value-age 2.15s > heartbeat tolerance ,8,True,caught_delay,False,False,2,2,0.5,report_not_set,arm_away,True,False,door=on;lock=locked;occupancy=off;schedule=away,False,6fce9b9cbaebe4dc,True,False,
20260812T225016,anchored:in_transit:door:D3_post:s0,S6_snapshot_coherence,0,det_ref,agent_r,anchored,in_transit,door,D3_post,1.0,2.05,False,2.0,min_budget,door,1.0,4,0.0,2.15,2.65,1.9,0.5,0.0,False,2.15,2.65,2,2,door|lock,False,False,False,False,contact REPLAYED (value-age 2.15s > heartbeat tolerance 0.25s); lock REPLAYED (value-age 2.15s > heartbeat tolerance 0.25s); motion REPLAYED (value-age 2.15s > heartbeat tolerance ,8,True,caught_delay,False,False,2,2,0.5,defer_report_set,arm_away,True,True,door=on;lock=locked;occupancy=off;schedule=away,True,6fce9b9cbaebe4dc,True,False,
20260812T225016,anchored:in_transit:door:D4_late:s0,S6_snapshot_coherence,0,det_ref,rule,anchored,in_transit,door,D4_late,,7.0,False,2.0,min_budget,door,1.0,4,0.0,7.1,7.6,6.85,0.5,0.0,False,7.1,7.6,3,3,door|lock|occupancy,False,False,False,False,contact STALE (age 6.5s > 2.0s); lock REPLAYED (value-age 7.10s > heartbeat tolerance 0.25s); motion REPLAYED (value-age 7.10s > heartbeat tolerance 0.25s); schedule REPLAYED (valu,8,True,caught_delay,False,False,3,3,0.75,report_not_set,arm_away,True,False,door=on;lock=locked;occupancy=off;schedule=away,False,6fce9b9cbaebe4dc,True,False,
20260812T225016,anchored:in_transit:door:D4_late:s0,S6_snapshot_coherence,0,det_ref,agent_r,anchored,in_transit,door,D4_late,,7.0,False,2.0,min_budget,door,1.0,4,0.0,7.1,7.6,6.85,0.5,0.0,False,7.1,7.6,3,3,door|lock|occupancy,False,False,False,False,contact STALE (age 6.5s > 2.0s); lock REPLAYED (value-age 7.10s > heartbeat tolerance 0.25s); motion REPLAYED (value-age 7.10s > heartbeat tolerance 0.25s); schedule REPLAYED (valu,8,True,caught_delay,False,False,3,3,0.75,defer_report_set,arm_away,True,True,door=on;lock=locked;occupancy=off;schedule=away,True,6fce9b9cbaebe4dc,True,False,
20260812T225016,anchored:at_source:door:D0_none:s0,S6_snapshot_coherence,0,det_ref,rule,anchored,at_source,,D0_none,,0.0,True,2.0,min_budget,door,1.0,4,0.0,0.25,0.75,0.0,0.5,0.0,False,0.25,0.75,0,0,,False,False,True,True,admitted,8,,control,True,True,0,0,0.0,arm_away,,False,False,door=off;lock=locked;occupancy=off;schedule=away,False,6fce9b9cbaebe4dc,True,False,
20260812T225016,anchored:at_source:door:D0_none:s0,S6_snapshot_coherence,0,det_ref,agent_r,anchored,at_source,,D0_none,,0.0,True,2.0,min_budget,door,1.0,4,0.0,0.25,0.75,0.0,0.5,0.0,False,0.25,0.75,0,0,,False,False,True,True,admitted,8,,control,True,True,0,0,0.0,arm_away,,False,False,door=off;lock=locked;occupancy=off;schedule=away,False,6fce9b9cbaebe4dc,True,False,
20260812T225016,anchored:at_source:door:D1_jitter:s0,S6_snapshot_coherence,0,det_ref,rule,anchored,at_source,door,D1_jitter,,0.0018,False,2.0,min_budget,door,1.0,4,0.0,0.25,0.75,0.0,0.5,0.0018,False,0.25,0.75,0,0,,False,False,True,True,admitted,8,True,missed_delay,True,True,0,0,0.0,arm_away,arm_away,False,False,door=off;lock=locked;occupancy=off;schedule=away,False,6fce9b9cbaebe4dc,True,True,
20260812T225016,anchored:at_source:door:D1_jitter:s0,S6_snapshot_coherence,0,det_ref,agent_r,anchored,at_source,door,D1_jitter,,0.0018,False,2.0,min_budget,door,1.0,4,0.0,0.25,0.75,0.0,0.5,0.0018,False,0.25,0.75,0,0,,False,False,True,True,admitted,8,True,missed_delay,True,True,0,0,0.0,arm_away,arm_away,False,False,door=off;lock=locked;occupancy=off;schedule=away,False,6fce9b9cbaebe4dc,True,True,
20260812T225016,anchored:at_source:door:D2_25:s0,S6_snapshot_coherence,0,det_ref,rule,anchored,at_source,door,D2_25,0.25,0.5,False,2.0,min_budget,door,1.0,4,0.0,0.6,1.1,0.35,0.5,0.5,False,0.6,1.1,0,0,,False,False,True,False,lock REPLAYED (value-age 0.60s > heartbeat tolerance 0.25s); motion REPLAYED (value-age 0.60s > heartbeat tolerance 0.25s); schedule REPLAYED (value-age 0.60s > heartbeat tolerance,8,True,caught_delay,True,True,0,0,0.0,report_not_set,arm_away,True,False,door=on;lock=locked;occupancy=off;schedule=away,False,6fce9b9cbaebe4dc,True,False,
20260812T225016,anchored:at_source:door:D2_25:s0,S6_snapshot_coherence,0,det_ref,agent_r,anchored,at_source,door,D2_25,0.25,0.5,False,2.0,min_budget,door,1.0,4,0.0,0.6,1.1,0.35,0.5,0.5,False,0.6,1.1,0,0,,False,False,True,False,lock REPLAYED (value-age 0.60s > heartbeat tolerance 0.25s); motion REPLAYED (value-age 0.60s > heartbeat tolerance 0.25s); schedule REPLAYED (value-age 0.60s > heartbeat tolerance,8,True,caught_delay,True,True,0,0,0.0,defer_report_set,arm_away,True,True,door=on;lock=locked;occupancy=off;schedule=away,True,6fce9b9cbaebe4dc,True,False,
20260812T225016,anchored:at_source:door:D2_50:s0,S6_snapshot_coherence,0,det_ref,rule,anchored,at_source,door,D2_50,0.5,1.0,False,2.0,min_budget,door,1.0,4,0.0,1.1,1.6,0.85,0.5,1.0,False,1.1,1.6,0,0,,False,False,False,False,contact=on (need off); lock REPLAYED (value-age 1.10s > heartbeat tolerance 0.25s); motion REPLAYED (value-age 1.10s > heartbeat tolerance 0.25s); schedule REPLAYED (value-age 1.10,8,True,caught_delay,True,True,0,0,0.0,report_not_set,arm_away,True,False,door=on;lock=locked;occupancy=off;schedule=away,False,fa781db2bec6eaec,False,False,payload differs from control: delayed source re-affirmed a changed fact
20260812T225016,anchored:at_source:door:D2_50:s0,S6_snapshot_coherence,0,det_ref,agent_r,anchored,at_source,door,D2_50,0.5,1.0,False,2.0,min_budget,door,1.0,4,0.0,1.1,1.6,0.85,0.5,1.0,False,1.1,1.6,0,0,,False,False,False,False,contact=on (need off); lock REPLAYED (value-age 1.10s > heartbeat tolerance 0.25s); motion REPLAYED (value-age 1.10s > heartbeat tolerance 0.25s); schedule REPLAYED (value-age 1.10,8,True,caught_delay,True,True,0,0,0.0,defer_report_set,arm_away,True,True,door=on;lock=locked;occupancy=off;schedule=away,True,fa781db2bec6eaec,False,False,payload differs from control: delayed source re-affirmed a changed fact
20260812T225016,anchored:at_source:door:D2_90:s0,S6_snapshot_coherence,0,det_ref,rule,anchored,at_source,door,D2_90,0.9,1.8,False,2.0,min_budget,door,1.0,4,0.0,1.9,2.4,1.65,0.5,1.8,False,1.9,2.4,0,1,lock,False,False,False,False,contact=on (need off); lock REPLAYED (value-age 1.90s > heartbeat tolerance 0.25s); motion REPLAYED (value-age 1.90s > heartbeat tolerance 0.25s); schedule REPLAYED (value-age 1.90,8,True,caught_delay,True,False,0,1,0.25,report_not_set,arm_away,True,False,door=on;lock=locked;occupancy=off;schedule=away,False,fa781db2bec6eaec,False,False,payload differs from control: delayed source re-affirmed a changed fact
20260812T225016,anchored:at_source:door:D2_90:s0,S6_snapshot_coherence,0,det_ref,agent_r,anchored,at_source,door,D2_90,0.9,1.8,False,2.0,min_budget,door,1.0,4,0.0,1.9,2.4,1.65,0.5,1.8,False,1.9,2.4,0,1,lock,False,False,False,False,contact=on (need off); lock REPLAYED (value-age 1.90s > heartbeat tolerance 0.25s); motion REPLAYED (value-age 1.90s > heartbeat tolerance 0.25s); schedule REPLAYED (value-age 1.90,8,True,caught_delay,True,False,0,1,0.25,defer_report_set,arm_away,True,True,door=on;lock=locked;occupancy=off;schedule=away,True,fa781db2bec6eaec,False,False,payload differs from control: delayed source re-affirmed a changed fact
20260812T225016,anchored:at_source:door:D3_pre:s0,S6_snapshot_coherence,0,det_ref,rule,anchored,at_source,door,D3_pre,1.0,1.95,False,2.0,min_budget,door,1.0,4,0.0,2.05,2.55,1.8,0.5,1.95,False,2.05,2.55,1,1,lock,False,False,False,False,contact=on (need off); lock REPLAYED (value-age 2.05s > heartbeat tolerance 0.25s); motion REPLAYED (value-age 2.05s > heartbeat tolerance 0.25s); schedule REPLAYED (value-age 2.05,8,True,caught_delay,False,False,1,1,0.25,report_not_set,arm_away,True,False,door=on;lock=locked;occupancy=off;schedule=away,False,fa781db2bec6eaec,False,False,payload differs from control: delayed source re-affirmed a changed fact
20260812T225016,anchored:at_source:door:D3_pre:s0,S6_snapshot_coherence,0,det_ref,agent_r,anchored,at_source,door,D3_pre,1.0,1.95,False,2.0,min_budget,door,1.0,4,0.0,2.05,2.55,1.8,0.5,1.95,False,2.05,2.55,1,1,lock,False,False,False,False,contact=on (need off); lock REPLAYED (value-age 2.05s > heartbeat tolerance 0.25s); motion REPLAYED (value-age 2.05s > heartbeat tolerance 0.25s); schedule REPLAYED (value-age 2.05,8,True,caught_delay,False,False,1,1,0.25,defer_report_set,arm_away,True,True,door=on;lock=locked;occupancy=off;schedule=away,True,fa781db2bec6eaec,False,False,payload differs from control: delayed source re-affirmed a changed fact
20260812T225016,anchored:at_source:door:D3_post:s0,S6_snapshot_coherence,0,det_ref,rule,anchored,at_source,door,D3_post,1.0,2.05,False,2.0,min_budget,door,1.0,4,0.0,2.15,2.65,1.9,0.5,2.05,True,2.15,2.65,1,1,lock,True,True,False,False,contact=on (need off); lock REPLAYED (value-age 2.15s > heartbeat tolerance 0.25s); motion REPLAYED (value-age 2.15s > heartbeat tolerance 0.25s); schedule REPLAYED (value-age 2.15,8,True,caught_delay,False,False,3,3,0.75,report_not_set,arm_away,True,False,door=on;lock=locked;occupancy=off;schedule=away,False,fa781db2bec6eaec,False,False,payload differs from control: delayed source re-affirmed a changed fact
20260812T225016,anchored:at_source:door:D3_post:s0,S6_snapshot_coherence,0,det_ref,agent_r,anchored,at_source,door,D3_post,1.0,2.05,False,2.0,min_budget,door,1.0,4,0.0,2.15,2.65,1.9,0.5,2.05,True,2.15,2.65,1,1,lock,True,True,False,False,contact=on (need off); lock REPLAYED (value-age 2.15s > heartbeat tolerance 0.25s); motion REPLAYED (value-age 2.15s > heartbeat tolerance 0.25s); schedule REPLAYED (value-age 2.15,8,True,caught_delay,False,False,3,3,0.75,defer_report_set,arm_away,True,True,door=on;lock=locked;occupancy=off;schedule=away,True,fa781db2bec6eaec,False,False,payload differs from control: delayed source re-affirmed a changed fact
20260812T225016,anchored:at_source:door:D4_late:s0,S6_snapshot_coherence,0,det_ref,rule,anchored,at_source,door,D4_late,,7.0,False,2.0,min_budget,door,1.0,4,0.0,7.1,7.6,6.85,0.5,7.0,True,7.1,7.6,2,2,lock|occupancy,True,True,False,False,contact=on (need off); lock REPLAYED (value-age 7.10s > heartbeat tolerance 0.25s); motion REPLAYED (value-age 7.10s > heartbeat tolerance 0.25s); schedule REPLAYED (value-age 7.10,8,True,caught_delay,False,False,3,3,0.75,report_not_set,arm_away,True,False,door=on;lock=locked;occupancy=off;schedule=away,False,fa781db2bec6eaec,False,False,payload differs from control: delayed source re-affirmed a changed fact
20260812T225016,anchored:at_source:door:D4_late:s0,S6_snapshot_coherence,0,det_ref,agent_r,anchored,at_source,door,D4_late,,7.0,False,2.0,min_budget,door,1.0,4,0.0,7.1,7.6,6.85,0.5,7.0,True,7.1,7.6,2,2,lock|occupancy,True,True,False,False,contact=on (need off); lock REPLAYED (value-age 7.10s > heartbeat tolerance 0.25s); motion REPLAYED (value-age 7.10s > heartbeat tolerance 0.25s); schedule REPLAYED (value-age 7.10,8,True,caught_delay,False,False,3,3,0.75,defer_report_set,arm_away,True,True,door=on;lock=locked;occupancy=off;schedule=away,True,fa781db2bec6eaec,False,False,payload differs from control: delayed source re-affirmed a changed fact
20260812T225016,none:in_transit:lock:D0_none:s0,S6_snapshot_coherence,0,det_ref,rule,none,in_transit,,D0_none,,0.0,True,2.0,min_budget,door,1.0,4,0.0,0.25,0.75,0.0,0.5,0.0,False,0.25,0.75,0,0,,False,False,True,True,no guard,0,,control,True,True,0,0,0.0,arm_away,,False,False,door=off;lock=locked;occupancy=off;schedule=away,False,6fce9b9cbaebe4dc,True,False,
20260812T225016,none:in_transit:lock:D0_none:s0,S6_snapshot_coherence,0,det_ref,agent_r,none,in_transit,,D0_none,,0.0,True,2.0,min_budget,door,1.0,4,0.0,0.25,0.75,0.0,0.5,0.0,False,0.25,0.75,0,0,,False,False,True,True,no guard,0,,control,True,True,0,0,0.0,arm_away,,False,False,door=off;lock=locked;occupancy=off;schedule=away,False,6fce9b9cbaebe4dc,True,False,
20260812T225016,none:in_transit:lock:D1_jitter:s0,S6_snapshot_coherence,0,det_ref,rule,none,in_transit,lock,D1_jitter,,0.0018,False,2.0,min_budget,door,1.0,4,0.0,0.25,0.75,0.0,0.5,0.0,False,0.25,0.75,0,0,,False,False,True,True,no guard,0,True,missed_delay,True,True,0,0,0.0,arm_away,arm_away,False,False,door=off;lock=locked;occupancy=off;schedule=away,False,6fce9b9cbaebe4dc,True,True,
20260812T225016,none:in_transit:lock:D1_jitter:s0,S6_snapshot_coherence,0,det_ref,agent_r,none,in_transit,lock,D1_jitter,,0.0018,False,2.0,min_budget,door,1.0,4,0.0,0.25,0.75,0.0,0.5,0.0,False,0.25,0.75,0,0,,False,False,True,True,no guard,0,True,missed_delay,True,True,0,0,0.0,arm_away,arm_away,False,False,door=off;lock=locked;occupancy=off;schedule=away,False,6fce9b9cbaebe4dc,True,True,
20260812T225016,none:in_transit:lock:D2_25:s0,S6_snapshot_coherence,0,det_ref,rule,none,in_transit,lock,D2_25,0.25,0.5,False,2.0,min_budget,door,1.0,4,0.0,0.6,1.1,0.35,0.5,0.0,False,0.6,1.1,0,0,,False,False,True,True,no guard,0,True,missed_delay,True,True,0,0,0.0,arm_away,arm_away,False,False,door=on;lock=locked;occupancy=off;schedule=away,True,6fce9b9cbaebe4dc,True,False,
20260812T225016,none:in_transit:lock:D2_25:s0,S6_snapshot_coherence,0,det_ref,agent_r,none,in_transit,lock,D2_25,0.25,0.5,False,2.0,min_budget,door,1.0,4,0.0,0.6,1.1,0.35,0.5,0.0,False,0.6,1.1,0,0,,False,False,True,True,no guard,0,True,missed_delay,True,True,0,0,0.0,arm_away,arm_away,False,False,door=on;lock=locked;occupancy=off;schedule=away,True,6fce9b9cbaebe4dc,True,False,
20260812T225016,none:in_transit:lock:D2_50:s0,S6_snapshot_coherence,0,det_ref,rule,none,in_transit,lock,D2_50,0.5,1.0,False,2.0,min_budget,door,1.0,4,0.0,1.1,1.6,0.85,0.5,0.0,False,1.1,1.6,0,0,,False,False,True,True,no guard,0,True,missed_delay,True,True,0,0,0.0,arm_away,arm_away,False,False,door=on;lock=locked;occupancy=off;schedule=away,True,6fce9b9cbaebe4dc,True,False,
20260812T225016,none:in_transit:lock:D2_50:s0,S6_snapshot_coherence,0,det_ref,agent_r,none,in_transit,lock,D2_50,0.5,1.0,False,2.0,min_budget,door,1.0,4,0.0,1.1,1.6,0.85,0.5,0.0,False,1.1,1.6,0,0,,False,False,True,True,no guard,0,True,missed_delay,True,True,0,0,0.0,arm_away,arm_away,False,False,door=on;lock=locked;occupancy=off;schedule=away,True,6fce9b9cbaebe4dc,True,False,
20260812T225016,none:in_transit:lock:D2_90:s0,S6_snapshot_coherence,0,det_ref,rule,none,in_transit,lock,D2_90,0.9,1.8,False,2.0,min_budget,door,1.0,4,0.0,1.9,2.4,1.65,0.5,0.0,False,1.9,2.4,0,2,door|lock,False,False,True,True,no guard,0,True,missed_delay,True,False,0,2,0.5,arm_away,arm_away,False,False,door=on;lock=locked;occupancy=off;schedule=away,True,6fce9b9cbaebe4dc,True,False,
20260812T225016,none:in_transit:lock:D2_90:s0,S6_snapshot_coherence,0,det_ref,agent_r,none,in_transit,lock,D2_90,0.9,1.8,False,2.0,min_budget,door,1.0,4,0.0,1.9,2.4,1.65,0.5,0.0,False,1.9,2.4,0,2,door|lock,False,False,True,True,no guard,0,True,missed_delay,True,False,0,2,0.5,arm_away,arm_away,False,False,door=on;lock=locked;occupancy=off;schedule=away,True,6fce9b9cbaebe4dc,True,False,
20260812T225016,none:in_transit:lock:D3_pre:s0,S6_snapshot_coherence,0,det_ref,rule,none,in_transit,lock,D3_pre,1.0,1.95,False,2.0,min_budget,door,1.0,4,0.0,2.05,2.55,1.8,0.5,0.0,False,2.05,2.55,2,2,door|lock,False,False,True,True,no guard,0,True,missed_delay,False,False,2,2,0.5,arm_away,arm_away,False,False,door=on;lock=locked;occupancy=off;schedule=away,True,6fce9b9cbaebe4dc,True,False,
20260812T225016,none:in_transit:lock:D3_pre:s0,S6_snapshot_coherence,0,det_ref,agent_r,none,in_transit,lock,D3_pre,1.0,1.95,False,2.0,min_budget,door,1.0,4,0.0,2.05,2.55,1.8,0.5,0.0,False,2.05,2.55,2,2,door|lock,False,False,True,True,no guard,0,True,missed_delay,False,False,2,2,0.5,arm_away,arm_away,False,False,door=on;lock=locked;occupancy=off;schedule=away,True,6fce9b9cbaebe4dc,True,False,
20260812T225016,none:in_transit:lock:D3_post:s0,S6_snapshot_coherence,0,det_ref,rule,none,in_transit,lock,D3_post,1.0,2.05,False,2.0,min_budget,door,1.0,4,0.0,2.15,2.65,1.9,0.5,0.0,False,2.15,2.65,2,2,door|lock,False,False,True,True,no guard,0,True,missed_delay,False,False,2,2,0.5,arm_away,arm_away,False,False,door=on;lock=locked;occupancy=off;schedule=away,True,6fce9b9cbaebe4dc,True,False,
20260812T225016,none:in_transit:lock:D3_post:s0,S6_snapshot_coherence,0,det_ref,agent_r,none,in_transit,lock,D3_post,1.0,2.05,False,2.0,min_budget,door,1.0,4,0.0,2.15,2.65,1.9,0.5,0.0,False,2.15,2.65,2,2,door|lock,False,False,True,True,no guard,0,True,missed_delay,False,False,2,2,0.5,arm_away,arm_away,False,False,door=on;lock=locked;occupancy=off;schedule=away,True,6fce9b9cbaebe4dc,True,False,
20260812T225016,none:in_transit:lock:D4_late:s0,S6_snapshot_coherence,0,det_ref,rule,none,in_transit,lock,D4_late,,7.0,False,2.0,min_budget,door,1.0,4,0.0,7.1,7.6,6.85,0.5,0.0,False,7.1,7.6,3,3,door|lock|occupancy,False,False,True,True,no guard,0,True,missed_delay,False,False,3,3,0.75,arm_away,arm_away,False,False,door=on;lock=locked;occupancy=off;schedule=away,True,6fce9b9cbaebe4dc,True,False,
20260812T225016,none:in_transit:lock:D4_late:s0,S6_snapshot_coherence,0,det_ref,agent_r,none,in_transit,lock,D4_late,,7.0,False,2.0,min_budget,door,1.0,4,0.0,7.1,7.6,6.85,0.5,0.0,False,7.1,7.6,3,3,door|lock|occupancy,False,False,True,True,no guard,0,True,missed_delay,False,False,3,3,0.75,arm_away,arm_away,False,False,door=on;lock=locked;occupancy=off;schedule=away,True,6fce9b9cbaebe4dc,True,False,
20260812T225016,none:at_source:lock:D0_none:s0,S6_snapshot_coherence,0,det_ref,rule,none,at_source,,D0_none,,0.0,True,2.0,min_budget,door,1.0,4,0.0,0.25,0.75,0.0,0.5,0.0,False,0.25,0.75,0,0,,False,False,True,True,no guard,0,,control,True,True,0,0,0.0,arm_away,,False,False,door=off;lock=locked;occupancy=off;schedule=away,False,6fce9b9cbaebe4dc,True,False,
20260812T225016,none:at_source:lock:D0_none:s0,S6_snapshot_coherence,0,det_ref,agent_r,none,at_source,,D0_none,,0.0,True,2.0,min_budget,door,1.0,4,0.0,0.25,0.75,0.0,0.5,0.0,False,0.25,0.75,0,0,,False,False,True,True,no guard,0,,control,True,True,0,0,0.0,arm_away,,False,False,door=off;lock=locked;occupancy=off;schedule=away,False,6fce9b9cbaebe4dc,True,False,
20260812T225016,none:at_source:lock:D1_jitter:s0,S6_snapshot_coherence,0,det_ref,rule,none,at_source,lock,D1_jitter,,0.0018,False,2.0,min_budget,door,1.0,4,0.0,0.25,0.75,0.0,0.5,0.0018,False,0.25,0.75,0,0,,False,False,True,True,no guard,0,True,missed_delay,True,True,0,0,0.0,arm_away,arm_away,False,False,door=off;lock=locked;occupancy=off;schedule=away,False,6fce9b9cbaebe4dc,True,True,
20260812T225016,none:at_source:lock:D1_jitter:s0,S6_snapshot_coherence,0,det_ref,agent_r,none,at_source,lock,D1_jitter,,0.0018,False,2.0,min_budget,door,1.0,4,0.0,0.25,0.75,0.0,0.5,0.0018,False,0.25,0.75,0,0,,False,False,True,True,no guard,0,True,missed_delay,True,True,0,0,0.0,arm_away,arm_away,False,False,door=off;lock=locked;occupancy=off;schedule=away,False,6fce9b9cbaebe4dc,True,True,
20260812T225016,none:at_source:lock:D2_25:s0,S6_snapshot_coherence,0,det_ref,rule,none,at_source,lock,D2_25,0.25,0.5,False,2.0,min_budget,door,1.0,4,0.0,0.6,1.1,0.35,0.5,0.5,False,0.6,1.1,0,0,,False,False,True,True,no guard,0,True,missed_delay,True,True,0,0,0.0,arm_away,arm_away,False,False,door=on;lock=locked;occupancy=off;schedule=away,True,6fce9b9cbaebe4dc,True,False,
20260812T225016,none:at_source:lock:D2_25:s0,S6_snapshot_coherence,0,det_ref,agent_r,none,at_source,lock,D2_25,0.25,0.5,False,2.0,min_budget,door,1.0,4,0.0,0.6,1.1,0.35,0.5,0.5,False,0.6,1.1,0,0,,False,False,True,True,no guard,0,True,missed_delay,True,True,0,0,0.0,arm_away,arm_away,False,False,door=on;lock=locked;occupancy=off;schedule=away,True,6fce9b9cbaebe4dc,True,False,
20260812T225016,none:at_source:lock:D2_50:s0,S6_snapshot_coherence,0,det_ref,rule,none,at_source,lock,D2_50,0.5,1.0,False,2.0,min_budget,door,1.0,4,0.0,1.1,1.6,0.85,0.5,1.0,False,1.1,1.6,0,0,,False,False,True,True,no guard,0,True,missed_delay,True,True,0,0,0.0,arm_away,arm_away,False,False,door=on;lock=locked;occupancy=off;schedule=away,True,6fce9b9cbaebe4dc,True,False,
20260812T225016,none:at_source:lock:D2_50:s0,S6_snapshot_coherence,0,det_ref,agent_r,none,at_source,lock,D2_50,0.5,1.0,False,2.0,min_budget,door,1.0,4,0.0,1.1,1.6,0.85,0.5,1.0,False,1.1,1.6,0,0,,False,False,True,True,no guard,0,True,missed_delay,True,True,0,0,0.0,arm_away,arm_away,False,False,door=on;lock=locked;occupancy=off;schedule=away,True,6fce9b9cbaebe4dc,True,False,
20260812T225016,none:at_source:lock:D2_90:s0,S6_snapshot_coherence,0,det_ref,rule,none,at_source,lock,D2_90,0.9,1.8,False,2.0,min_budget,door,1.0,4,0.0,1.9,2.4,1.65,0.5,1.8,False,1.9,2.4,0,1,door,False,False,True,True,no guard,0,True,missed_delay,True,False,0,1,0.25,arm_away,arm_away,False,False,door=on;lock=locked;occupancy=off;schedule=away,True,6fce9b9cbaebe4dc,True,False,
20260812T225016,none:at_source:lock:D2_90:s0,S6_snapshot_coherence,0,det_ref,agent_r,none,at_source,lock,D2_90,0.9,1.8,False,2.0,min_budget,door,1.0,4,0.0,1.9,2.4,1.65,0.5,1.8,False,1.9,2.4,0,1,door,False,False,True,True,no guard,0,True,missed_delay,True,False,0,1,0.25,arm_away,arm_away,False,False,door=on;lock=locked;occupancy=off;schedule=away,True,6fce9b9cbaebe4dc,True,False,
20260812T225016,none:at_source:lock:D3_pre:s0,S6_snapshot_coherence,0,det_ref,rule,none,at_source,lock,D3_pre,1.0,1.95,False,2.0,min_budget,door,1.0,4,0.0,2.05,2.55,1.8,0.5,1.95,False,2.05,2.55,1,1,door,False,False,True,True,no guard,0,True,missed_delay,False,False,1,1,0.25,arm_away,arm_away,False,False,door=on;lock=locked;occupancy=off;schedule=away,True,6fce9b9cbaebe4dc,True,False,
20260812T225016,none:at_source:lock:D3_pre:s0,S6_snapshot_coherence,0,det_ref,agent_r,none,at_source,lock,D3_pre,1.0,1.95,False,2.0,min_budget,door,1.0,4,0.0,2.05,2.55,1.8,0.5,1.95,False,2.05,2.55,1,1,door,False,False,True,True,no guard,0,True,missed_delay,False,False,1,1,0.25,arm_away,arm_away,False,False,door=on;lock=locked;occupancy=off;schedule=away,True,6fce9b9cbaebe4dc,True,False,
20260812T225016,none:at_source:lock:D3_post:s0,S6_snapshot_coherence,0,det_ref,rule,none,at_source,lock,D3_post,1.0,2.05,False,2.0,min_budget,door,1.0,4,0.0,2.15,2.65,1.9,0.5,2.05,True,2.15,2.65,1,1,door,True,True,True,True,no guard,0,True,missed_delay,False,False,3,3,0.75,arm_away,arm_away,False,False,door=on;lock=locked;occupancy=off;schedule=away,True,6fce9b9cbaebe4dc,True,False,
20260812T225016,none:at_source:lock:D3_post:s0,S6_snapshot_coherence,0,det_ref,agent_r,none,at_source,lock,D3_post,1.0,2.05,False,2.0,min_budget,door,1.0,4,0.0,2.15,2.65,1.9,0.5,2.05,True,2.15,2.65,1,1,door,True,True,True,True,no guard,0,True,missed_delay,False,False,3,3,0.75,arm_away,arm_away,False,False,door=on;lock=locked;occupancy=off;schedule=away,True,6fce9b9cbaebe4dc,True,False,
20260812T225016,none:at_source:lock:D4_late:s0,S6_snapshot_coherence,0,det_ref,rule,none,at_source,lock,D4_late,,7.0,False,2.0,min_budget,door,1.0,4,0.0,7.1,7.6,6.85,0.5,7.0,True,7.1,7.6,2,2,door|occupancy,True,True,True,True,no guard,0,True,missed_delay,False,False,3,3,0.75,arm_away,arm_away,False,False,door=on;lock=locked;occupancy=off;schedule=away,True,6fce9b9cbaebe4dc,True,False,
20260812T225016,none:at_source:lock:D4_late:s0,S6_snapshot_coherence,0,det_ref,agent_r,none,at_source,lock,D4_late,,7.0,False,2.0,min_budget,door,1.0,4,0.0,7.1,7.6,6.85,0.5,7.0,True,7.1,7.6,2,2,door|occupancy,True,True,True,True,no guard,0,True,missed_delay,False,False,3,3,0.75,arm_away,arm_away,False,False,door=on;lock=locked;occupancy=off;schedule=away,True,6fce9b9cbaebe4dc,True,False,
20260812T225016,static:in_transit:lock:D0_none:s0,S6_snapshot_coherence,0,det_ref,rule,static,in_transit,,D0_none,,0.0,True,2.0,min_budget,door,1.0,4,0.0,0.25,0.75,0.0,0.5,0.0,False,0.25,0.75,0,0,,False,False,True,True,admitted,8,,control,True,True,0,0,0.0,arm_away,,False,False,door=off;lock=locked;occupancy=off;schedule=away,False,6fce9b9cbaebe4dc,True,False,
20260812T225016,static:in_transit:lock:D0_none:s0,S6_snapshot_coherence,0,det_ref,agent_r,static,in_transit,,D0_none,,0.0,True,2.0,min_budget,door,1.0,4,0.0,0.25,0.75,0.0,0.5,0.0,False,0.25,0.75,0,0,,False,False,True,True,admitted,8,,control,True,True,0,0,0.0,arm_away,,False,False,door=off;lock=locked;occupancy=off;schedule=away,False,6fce9b9cbaebe4dc,True,False,
20260812T225016,static:in_transit:lock:D1_jitter:s0,S6_snapshot_coherence,0,det_ref,rule,static,in_transit,lock,D1_jitter,,0.0018,False,2.0,min_budget,door,1.0,4,0.0,0.25,0.75,0.0,0.5,0.0,False,0.25,0.75,0,0,,False,False,True,True,admitted,8,True,missed_delay,True,True,0,0,0.0,arm_away,arm_away,False,False,door=off;lock=locked;occupancy=off;schedule=away,False,6fce9b9cbaebe4dc,True,True,
20260812T225016,static:in_transit:lock:D1_jitter:s0,S6_snapshot_coherence,0,det_ref,agent_r,static,in_transit,lock,D1_jitter,,0.0018,False,2.0,min_budget,door,1.0,4,0.0,0.25,0.75,0.0,0.5,0.0,False,0.25,0.75,0,0,,False,False,True,True,admitted,8,True,missed_delay,True,True,0,0,0.0,arm_away,arm_away,False,False,door=off;lock=locked;occupancy=off;schedule=away,False,6fce9b9cbaebe4dc,True,True,
20260812T225016,static:in_transit:lock:D2_25:s0,S6_snapshot_coherence,0,det_ref,rule,static,in_transit,lock,D2_25,0.25,0.5,False,2.0,min_budget,door,1.0,4,0.0,0.6,1.1,0.35,0.5,0.0,False,0.6,1.1,0,0,,False,False,True,True,admitted,8,True,missed_delay,True,True,0,0,0.0,arm_away,arm_away,False,False,door=on;lock=locked;occupancy=off;schedule=away,True,6fce9b9cbaebe4dc,True,False,
20260812T225016,static:in_transit:lock:D2_25:s0,S6_snapshot_coherence,0,det_ref,agent_r,static,in_transit,lock,D2_25,0.25,0.5,False,2.0,min_budget,door,1.0,4,0.0,0.6,1.1,0.35,0.5,0.0,False,0.6,1.1,0,0,,False,False,True,True,admitted,8,True,missed_delay,True,True,0,0,0.0,arm_away,arm_away,False,False,door=on;lock=locked;occupancy=off;schedule=away,True,6fce9b9cbaebe4dc,True,False,
20260812T225016,static:in_transit:lock:D2_50:s0,S6_snapshot_coherence,0,det_ref,rule,static,in_transit,lock,D2_50,0.5,1.0,False,2.0,min_budget,door,1.0,4,0.0,1.1,1.6,0.85,0.5,0.0,False,1.1,1.6,0,0,,False,False,True,True,admitted,8,True,missed_delay,True,True,0,0,0.0,arm_away,arm_away,False,False,door=on;lock=locked;occupancy=off;schedule=away,True,6fce9b9cbaebe4dc,True,False,
20260812T225016,static:in_transit:lock:D2_50:s0,S6_snapshot_coherence,0,det_ref,agent_r,static,in_transit,lock,D2_50,0.5,1.0,False,2.0,min_budget,door,1.0,4,0.0,1.1,1.6,0.85,0.5,0.0,False,1.1,1.6,0,0,,False,False,True,True,admitted,8,True,missed_delay,True,True,0,0,0.0,arm_away,arm_away,False,False,door=on;lock=locked;occupancy=off;schedule=away,True,6fce9b9cbaebe4dc,True,False,
20260812T225016,static:in_transit:lock:D2_90:s0,S6_snapshot_coherence,0,det_ref,rule,static,in_transit,lock,D2_90,0.9,1.8,False,2.0,min_budget,door,1.0,4,0.0,1.9,2.4,1.65,0.5,0.0,False,1.9,2.4,0,2,door|lock,False,False,True,True,admitted,8,True,missed_delay,True,False,0,2,0.5,arm_away,arm_away,False,False,door=on;lock=locked;occupancy=off;schedule=away,True,6fce9b9cbaebe4dc,True,False,
20260812T225016,static:in_transit:lock:D2_90:s0,S6_snapshot_coherence,0,det_ref,agent_r,static,in_transit,lock,D2_90,0.9,1.8,False,2.0,min_budget,door,1.0,4,0.0,1.9,2.4,1.65,0.5,0.0,False,1.9,2.4,0,2,door|lock,False,False,True,True,admitted,8,True,missed_delay,True,False,0,2,0.5,arm_away,arm_away,False,False,door=on;lock=locked;occupancy=off;schedule=away,True,6fce9b9cbaebe4dc,True,False,
20260812T225016,static:in_transit:lock:D3_pre:s0,S6_snapshot_coherence,0,det_ref,rule,static,in_transit,lock,D3_pre,1.0,1.95,False,2.0,min_budget,door,1.0,4,0.0,2.05,2.55,1.8,0.5,0.0,False,2.05,2.55,2,2,door|lock,False,False,True,True,admitted,8,True,missed_delay,False,False,2,2,0.5,arm_away,arm_away,False,False,door=on;lock=locked;occupancy=off;schedule=away,True,6fce9b9cbaebe4dc,True,False,
20260812T225016,static:in_transit:lock:D3_pre:s0,S6_snapshot_coherence,0,det_ref,agent_r,static,in_transit,lock,D3_pre,1.0,1.95,False,2.0,min_budget,door,1.0,4,0.0,2.05,2.55,1.8,0.5,0.0,False,2.05,2.55,2,2,door|lock,False,False,True,True,admitted,8,True,missed_delay,False,False,2,2,0.5,arm_away,arm_away,False,False,door=on;lock=locked;occupancy=off;schedule=away,True,6fce9b9cbaebe4dc,True,False,
20260812T225016,static:in_transit:lock:D3_post:s0,S6_snapshot_coherence,0,det_ref,rule,static,in_transit,lock,D3_post,1.0,2.05,False,2.0,min_budget,door,1.0,4,0.0,2.15,2.65,1.9,0.5,0.0,False,2.15,2.65,2,2,door|lock,False,False,False,False,lock STALE (age 2.1s > 2.0s),8,True,caught_delay,False,False,2,2,0.5,report_not_set,arm_away,True,False,door=on;lock=locked;occupancy=off;schedule=away,False,6fce9b9cbaebe4dc,True,False,
20260812T225016,static:in_transit:lock:D3_post:s0,S6_snapshot_coherence,0,det_ref,agent_r,static,in_transit,lock,D3_post,1.0,2.05,False,2.0,min_budget,door,1.0,4,0.0,2.15,2.65,1.9,0.5,0.0,False,2.15,2.65,2,2,door|lock,False,False,False,False,lock STALE (age 2.1s > 2.0s),8,True,caught_delay,False,False,2,2,0.5,defer_report_set,arm_away,True,True,door=on;lock=locked;occupancy=off;schedule=away,True,6fce9b9cbaebe4dc,True,False,
20260812T225016,static:in_transit:lock:D4_late:s0,S6_snapshot_coherence,0,det_ref,rule,static,in_transit,lock,D4_late,,7.0,False,2.0,min_budget,door,1.0,4,0.0,7.1,7.6,6.85,0.5,0.0,False,7.1,7.6,3,3,door|lock|occupancy,False,False,False,False,lock STALE (age 7.0s > 2.0s),8,True,caught_delay,False,False,3,3,0.75,report_not_set,arm_away,True,False,door=on;lock=locked;occupancy=off;schedule=away,False,6fce9b9cbaebe4dc,True,False,
20260812T225016,static:in_transit:lock:D4_late:s0,S6_snapshot_coherence,0,det_ref,agent_r,static,in_transit,lock,D4_late,,7.0,False,2.0,min_budget,door,1.0,4,0.0,7.1,7.6,6.85,0.5,0.0,False,7.1,7.6,3,3,door|lock|occupancy,False,False,False,False,lock STALE (age 7.0s > 2.0s),8,True,caught_delay,False,False,3,3,0.75,defer_report_set,arm_away,True,True,door=on;lock=locked;occupancy=off;schedule=away,True,6fce9b9cbaebe4dc,True,False,
20260812T225016,static:at_source:lock:D0_none:s0,S6_snapshot_coherence,0,det_ref,rule,static,at_source,,D0_none,,0.0,True,2.0,min_budget,door,1.0,4,0.0,0.25,0.75,0.0,0.5,0.0,False,0.25,0.75,0,0,,False,False,True,True,admitted,8,,control,True,True,0,0,0.0,arm_away,,False,False,door=off;lock=locked;occupancy=off;schedule=away,False,6fce9b9cbaebe4dc,True,False,
20260812T225016,static:at_source:lock:D0_none:s0,S6_snapshot_coherence,0,det_ref,agent_r,static,at_source,,D0_none,,0.0,True,2.0,min_budget,door,1.0,4,0.0,0.25,0.75,0.0,0.5,0.0,False,0.25,0.75,0,0,,False,False,True,True,admitted,8,,control,True,True,0,0,0.0,arm_away,,False,False,door=off;lock=locked;occupancy=off;schedule=away,False,6fce9b9cbaebe4dc,True,False,
20260812T225016,static:at_source:lock:D1_jitter:s0,S6_snapshot_coherence,0,det_ref,rule,static,at_source,lock,D1_jitter,,0.0018,False,2.0,min_budget,door,1.0,4,0.0,0.25,0.75,0.0,0.5,0.0018,False,0.25,0.75,0,0,,False,False,True,True,admitted,8,True,missed_delay,True,True,0,0,0.0,arm_away,arm_away,False,False,door=off;lock=locked;occupancy=off;schedule=away,False,6fce9b9cbaebe4dc,True,True,
20260812T225016,static:at_source:lock:D1_jitter:s0,S6_snapshot_coherence,0,det_ref,agent_r,static,at_source,lock,D1_jitter,,0.0018,False,2.0,min_budget,door,1.0,4,0.0,0.25,0.75,0.0,0.5,0.0018,False,0.25,0.75,0,0,,False,False,True,True,admitted,8,True,missed_delay,True,True,0,0,0.0,arm_away,arm_away,False,False,door=off;lock=locked;occupancy=off;schedule=away,False,6fce9b9cbaebe4dc,True,True,
20260812T225016,static:at_source:lock:D2_25:s0,S6_snapshot_coherence,0,det_ref,rule,static,at_source,lock,D2_25,0.25,0.5,False,2.0,min_budget,door,1.0,4,0.0,0.6,1.1,0.35,0.5,0.5,False,0.6,1.1,0,0,,False,False,True,True,admitted,8,True,missed_delay,True,True,0,0,0.0,arm_away,arm_away,False,False,door=on;lock=locked;occupancy=off;schedule=away,True,6fce9b9cbaebe4dc,True,False,
20260812T225016,static:at_source:lock:D2_25:s0,S6_snapshot_coherence,0,det_ref,agent_r,static,at_source,lock,D2_25,0.25,0.5,False,2.0,min_budget,door,1.0,4,0.0,0.6,1.1,0.35,0.5,0.5,False,0.6,1.1,0,0,,False,False,True,True,admitted,8,True,missed_delay,True,True,0,0,0.0,arm_away,arm_away,False,False,door=on;lock=locked;occupancy=off;schedule=away,True,6fce9b9cbaebe4dc,True,False,
20260812T225016,static:at_source:lock:D2_50:s0,S6_snapshot_coherence,0,det_ref,rule,static,at_source,lock,D2_50,0.5,1.0,False,2.0,min_budget,door,1.0,4,0.0,1.1,1.6,0.85,0.5,1.0,False,1.1,1.6,0,0,,False,False,True,True,admitted,8,True,missed_delay,True,True,0,0,0.0,arm_away,arm_away,False,False,door=on;lock=locked;occupancy=off;schedule=away,True,6fce9b9cbaebe4dc,True,False,
20260812T225016,static:at_source:lock:D2_50:s0,S6_snapshot_coherence,0,det_ref,agent_r,static,at_source,lock,D2_50,0.5,1.0,False,2.0,min_budget,door,1.0,4,0.0,1.1,1.6,0.85,0.5,1.0,False,1.1,1.6,0,0,,False,False,True,True,admitted,8,True,missed_delay,True,True,0,0,0.0,arm_away,arm_away,False,False,door=on;lock=locked;occupancy=off;schedule=away,True,6fce9b9cbaebe4dc,True,False,
20260812T225016,static:at_source:lock:D2_90:s0,S6_snapshot_coherence,0,det_ref,rule,static,at_source,lock,D2_90,0.9,1.8,False,2.0,min_budget,door,1.0,4,0.0,1.9,2.4,1.65,0.5,1.8,False,1.9,2.4,0,1,door,False,False,True,True,admitted,8,True,missed_delay,True,False,0,1,0.25,arm_away,arm_away,False,False,door=on;lock=locked;occupancy=off;schedule=away,True,6fce9b9cbaebe4dc,True,False,
20260812T225016,static:at_source:lock:D2_90:s0,S6_snapshot_coherence,0,det_ref,agent_r,static,at_source,lock,D2_90,0.9,1.8,False,2.0,min_budget,door,1.0,4,0.0,1.9,2.4,1.65,0.5,1.8,False,1.9,2.4,0,1,door,False,False,True,True,admitted,8,True,missed_delay,True,False,0,1,0.25,arm_away,arm_away,False,False,door=on;lock=locked;occupancy=off;schedule=away,True,6fce9b9cbaebe4dc,True,False,
20260812T225016,static:at_source:lock:D3_pre:s0,S6_snapshot_coherence,0,det_ref,rule,static,at_source,lock,D3_pre,1.0,1.95,False,2.0,min_budget,door,1.0,4,0.0,2.05,2.55,1.8,0.5,1.95,False,2.05,2.55,1,1,door,False,False,True,True,admitted,8,True,missed_delay,False,False,1,1,0.25,arm_away,arm_away,False,False,door=on;lock=locked;occupancy=off;schedule=away,True,6fce9b9cbaebe4dc,True,False,
20260812T225016,static:at_source:lock:D3_pre:s0,S6_snapshot_coherence,0,det_ref,agent_r,static,at_source,lock,D3_pre,1.0,1.95,False,2.0,min_budget,door,1.0,4,0.0,2.05,2.55,1.8,0.5,1.95,False,2.05,2.55,1,1,door,False,False,True,True,admitted,8,True,missed_delay,False,False,1,1,0.25,arm_away,arm_away,False,False,door=on;lock=locked;occupancy=off;schedule=away,True,6fce9b9cbaebe4dc,True,False,
20260812T225016,static:at_source:lock:D3_post:s0,S6_snapshot_coherence,0,det_ref,rule,static,at_source,lock,D3_post,1.0,2.05,False,2.0,min_budget,door,1.0,4,0.0,2.15,2.65,1.9,0.5,2.05,True,2.15,2.65,1,1,door,True,True,True,True,admitted,8,True,missed_delay,False,False,3,3,0.75,arm_away,arm_away,False,False,door=on;lock=locked;occupancy=off;schedule=away,True,6fce9b9cbaebe4dc,True,False,
20260812T225016,static:at_source:lock:D3_post:s0,S6_snapshot_coherence,0,det_ref,agent_r,static,at_source,lock,D3_post,1.0,2.05,False,2.0,min_budget,door,1.0,4,0.0,2.15,2.65,1.9,0.5,2.05,True,2.15,2.65,1,1,door,True,True,True,True,admitted,8,True,missed_delay,False,False,3,3,0.75,arm_away,arm_away,False,False,door=on;lock=locked;occupancy=off;schedule=away,True,6fce9b9cbaebe4dc,True,False,
20260812T225016,static:at_source:lock:D4_late:s0,S6_snapshot_coherence,0,det_ref,rule,static,at_source,lock,D4_late,,7.0,False,2.0,min_budget,door,1.0,4,0.0,7.1,7.6,6.85,0.5,7.0,True,7.1,7.6,2,2,door|occupancy,True,True,True,True,admitted,8,True,missed_delay,False,False,3,3,0.75,arm_away,arm_away,False,False,door=on;lock=locked;occupancy=off;schedule=away,True,6fce9b9cbaebe4dc,True,False,
20260812T225016,static:at_source:lock:D4_late:s0,S6_snapshot_coherence,0,det_ref,agent_r,static,at_source,lock,D4_late,,7.0,False,2.0,min_budget,door,1.0,4,0.0,7.1,7.6,6.85,0.5,7.0,True,7.1,7.6,2,2,door|occupancy,True,True,True,True,admitted,8,True,missed_delay,False,False,3,3,0.75,arm_away,arm_away,False,False,door=on;lock=locked;occupancy=off;schedule=away,True,6fce9b9cbaebe4dc,True,False,
20260812T225016,heartbeat:in_transit:lock:D0_none:s0,S6_snapshot_coherence,0,det_ref,rule,heartbeat,in_transit,,D0_none,,0.0,True,2.0,min_budget,door,1.0,4,0.0,0.25,0.75,0.0,0.5,0.0,False,0.25,0.75,0,0,,False,False,True,False,contact REPLAYED (value-age 0.75s > heartbeat tolerance 0.25s); lock REPLAYED (value-age 0.75s > heartbeat tolerance 0.25s); motion REPLAYED (value-age 0.75s > heartbeat tolerance ,8,,control,True,True,0,0,0.0,report_not_set,,False,False,door=off;lock=locked;occupancy=off;schedule=away,False,6fce9b9cbaebe4dc,True,False,
20260812T225016,heartbeat:in_transit:lock:D0_none:s0,S6_snapshot_coherence,0,det_ref,agent_r,heartbeat,in_transit,,D0_none,,0.0,True,2.0,min_budget,door,1.0,4,0.0,0.25,0.75,0.0,0.5,0.0,False,0.25,0.75,0,0,,False,False,True,False,contact REPLAYED (value-age 0.75s > heartbeat tolerance 0.25s); lock REPLAYED (value-age 0.75s > heartbeat tolerance 0.25s); motion REPLAYED (value-age 0.75s > heartbeat tolerance ,8,,control,True,True,0,0,0.0,defer_report_set,,False,True,door=off;lock=locked;occupancy=off;schedule=away,False,6fce9b9cbaebe4dc,True,False,
20260812T225016,heartbeat:in_transit:lock:D1_jitter:s0,S6_snapshot_coherence,0,det_ref,rule,heartbeat,in_transit,lock,D1_jitter,,0.0018,False,2.0,min_budget,door,1.0,4,0.0,0.25,0.75,0.0,0.5,0.0,False,0.25,0.75,0,0,,False,False,True,False,contact REPLAYED (value-age 0.75s > heartbeat tolerance 0.25s); lock REPLAYED (value-age 0.75s > heartbeat tolerance 0.25s); motion REPLAYED (value-age 0.75s > heartbeat tolerance ,8,False,blocks_both,True,True,0,0,0.0,report_not_set,report_not_set,False,False,door=off;lock=locked;occupancy=off;schedule=away,False,6fce9b9cbaebe4dc,True,True,
20260812T225016,heartbeat:in_transit:lock:D1_jitter:s0,S6_snapshot_coherence,0,det_ref,agent_r,heartbeat,in_transit,lock,D1_jitter,,0.0018,False,2.0,min_budget,door,1.0,4,0.0,0.25,0.75,0.0,0.5,0.0,False,0.25,0.75,0,0,,False,False,True,False,contact REPLAYED (value-age 0.75s > heartbeat tolerance 0.25s); lock REPLAYED (value-age 0.75s > heartbeat tolerance 0.25s); motion REPLAYED (value-age 0.75s > heartbeat tolerance ,8,False,blocks_both,True,True,0,0,0.0,defer_report_set,defer_report_set,False,True,door=off;lock=locked;occupancy=off;schedule=away,False,6fce9b9cbaebe4dc,True,True,
20260812T225016,heartbeat:in_transit:lock:D2_25:s0,S6_snapshot_coherence,0,det_ref,rule,heartbeat,in_transit,lock,D2_25,0.25,0.5,False,2.0,min_budget,door,1.0,4,0.0,0.6,1.1,0.35,0.5,0.0,False,0.6,1.1,0,0,,False,False,False,False,contact REPLAYED (value-age 1.10s > heartbeat tolerance 0.25s); lock REPLAYED (value-age 1.10s > heartbeat tolerance 0.25s); motion REPLAYED (value-age 1.10s > heartbeat tolerance ,8,False,blocks_both,True,True,0,0,0.0,report_not_set,report_not_set,False,False,door=on;lock=locked;occupancy=off;schedule=away,False,6fce9b9cbaebe4dc,True,False,
20260812T225016,heartbeat:in_transit:lock:D2_25:s0,S6_snapshot_coherence,0,det_ref,agent_r,heartbeat,in_transit,lock,D2_25,0.25,0.5,False,2.0,min_budget,door,1.0,4,0.0,0.6,1.1,0.35,0.5,0.0,False,0.6,1.1,0,0,,False,False,False,False,contact REPLAYED (value-age 1.10s > heartbeat tolerance 0.25s); lock REPLAYED (value-age 1.10s > heartbeat tolerance 0.25s); motion REPLAYED (value-age 1.10s > heartbeat tolerance ,8,False,blocks_both,True,True,0,0,0.0,defer_report_set,defer_report_set,False,True,door=on;lock=locked;occupancy=off;schedule=away,True,6fce9b9cbaebe4dc,True,False,
20260812T225016,heartbeat:in_transit:lock:D2_50:s0,S6_snapshot_coherence,0,det_ref,rule,heartbeat,in_transit,lock,D2_50,0.5,1.0,False,2.0,min_budget,door,1.0,4,0.0,1.1,1.6,0.85,0.5,0.0,False,1.1,1.6,0,0,,False,False,False,False,contact REPLAYED (value-age 1.60s > heartbeat tolerance 0.25s); lock REPLAYED (value-age 1.60s > heartbeat tolerance 0.25s); motion REPLAYED (value-age 1.60s > heartbeat tolerance ,8,False,blocks_both,True,True,0,0,0.0,report_not_set,report_not_set,False,False,door=on;lock=locked;occupancy=off;schedule=away,False,6fce9b9cbaebe4dc,True,False,
20260812T225016,heartbeat:in_transit:lock:D2_50:s0,S6_snapshot_coherence,0,det_ref,agent_r,heartbeat,in_transit,lock,D2_50,0.5,1.0,False,2.0,min_budget,door,1.0,4,0.0,1.1,1.6,0.85,0.5,0.0,False,1.1,1.6,0,0,,False,False,False,False,contact REPLAYED (value-age 1.60s > heartbeat tolerance 0.25s); lock REPLAYED (value-age 1.60s > heartbeat tolerance 0.25s); motion REPLAYED (value-age 1.60s > heartbeat tolerance ,8,False,blocks_both,True,True,0,0,0.0,defer_report_set,defer_report_set,False,True,door=on;lock=locked;occupancy=off;schedule=away,True,6fce9b9cbaebe4dc,True,False,
20260812T225016,heartbeat:in_transit:lock:D2_90:s0,S6_snapshot_coherence,0,det_ref,rule,heartbeat,in_transit,lock,D2_90,0.9,1.8,False,2.0,min_budget,door,1.0,4,0.0,1.9,2.4,1.65,0.5,0.0,False,1.9,2.4,0,2,door|lock,False,False,False,False,contact REPLAYED (value-age 2.40s > heartbeat tolerance 0.25s); lock REPLAYED (value-age 2.40s > heartbeat tolerance 0.25s); motion REPLAYED (value-age 2.40s > heartbeat tolerance ,8,False,blocks_both,True,False,0,2,0.5,report_not_set,report_not_set,False,False,door=on;lock=locked;occupancy=off;schedule=away,False,6fce9b9cbaebe4dc,True,False,
20260812T225016,heartbeat:in_transit:lock:D2_90:s0,S6_snapshot_coherence,0,det_ref,agent_r,heartbeat,in_transit,lock,D2_90,0.9,1.8,False,2.0,min_budget,door,1.0,4,0.0,1.9,2.4,1.65,0.5,0.0,False,1.9,2.4,0,2,door|lock,False,False,False,False,contact REPLAYED (value-age 2.40s > heartbeat tolerance 0.25s); lock REPLAYED (value-age 2.40s > heartbeat tolerance 0.25s); motion REPLAYED (value-age 2.40s > heartbeat tolerance ,8,False,blocks_both,True,False,0,2,0.5,defer_report_set,defer_report_set,False,True,door=on;lock=locked;occupancy=off;schedule=away,True,6fce9b9cbaebe4dc,True,False,
20260812T225016,heartbeat:in_transit:lock:D3_pre:s0,S6_snapshot_coherence,0,det_ref,rule,heartbeat,in_transit,lock,D3_pre,1.0,1.95,False,2.0,min_budget,door,1.0,4,0.0,2.05,2.55,1.8,0.5,0.0,False,2.05,2.55,2,2,door|lock,False,False,False,False,contact REPLAYED (value-age 2.55s > heartbeat tolerance 0.25s); lock REPLAYED (value-age 2.55s > heartbeat tolerance 0.25s); motion REPLAYED (value-age 2.55s > heartbeat tolerance ,8,False,blocks_both,False,False,2,2,0.5,report_not_set,report_not_set,False,False,door=on;lock=locked;occupancy=off;schedule=away,False,6fce9b9cbaebe4dc,True,False,
20260812T225016,heartbeat:in_transit:lock:D3_pre:s0,S6_snapshot_coherence,0,det_ref,agent_r,heartbeat,in_transit,lock,D3_pre,1.0,1.95,False,2.0,min_budget,door,1.0,4,0.0,2.05,2.55,1.8,0.5,0.0,False,2.05,2.55,2,2,door|lock,False,False,False,False,contact REPLAYED (value-age 2.55s > heartbeat tolerance 0.25s); lock REPLAYED (value-age 2.55s > heartbeat tolerance 0.25s); motion REPLAYED (value-age 2.55s > heartbeat tolerance ,8,False,blocks_both,False,False,2,2,0.5,defer_report_set,defer_report_set,False,True,door=on;lock=locked;occupancy=off;schedule=away,True,6fce9b9cbaebe4dc,True,False,
20260812T225016,heartbeat:in_transit:lock:D3_post:s0,S6_snapshot_coherence,0,det_ref,rule,heartbeat,in_transit,lock,D3_post,1.0,2.05,False,2.0,min_budget,door,1.0,4,0.0,2.15,2.65,1.9,0.5,0.0,False,2.15,2.65,2,2,door|lock,False,False,False,False,contact REPLAYED (value-age 2.65s > heartbeat tolerance 0.25s); lock STALE (age 2.1s > 2.0s); motion REPLAYED (value-age 2.65s > heartbeat tolerance 0.25s); schedule REPLAYED (valu,8,False,blocks_both,False,False,2,2,0.5,report_not_set,report_not_set,False,False,door=on;lock=locked;occupancy=off;schedule=away,False,6fce9b9cbaebe4dc,True,False,
20260812T225016,heartbeat:in_transit:lock:D3_post:s0,S6_snapshot_coherence,0,det_ref,agent_r,heartbeat,in_transit,lock,D3_post,1.0,2.05,False,2.0,min_budget,door,1.0,4,0.0,2.15,2.65,1.9,0.5,0.0,False,2.15,2.65,2,2,door|lock,False,False,False,False,contact REPLAYED (value-age 2.65s > heartbeat tolerance 0.25s); lock STALE (age 2.1s > 2.0s); motion REPLAYED (value-age 2.65s > heartbeat tolerance 0.25s); schedule REPLAYED (valu,8,False,blocks_both,False,False,2,2,0.5,defer_report_set,defer_report_set,False,True,door=on;lock=locked;occupancy=off;schedule=away,True,6fce9b9cbaebe4dc,True,False,
20260812T225016,heartbeat:in_transit:lock:D4_late:s0,S6_snapshot_coherence,0,det_ref,rule,heartbeat,in_transit,lock,D4_late,,7.0,False,2.0,min_budget,door,1.0,4,0.0,7.1,7.6,6.85,0.5,0.0,False,7.1,7.6,3,3,door|lock|occupancy,False,False,False,False,contact REPLAYED (value-age 7.60s > heartbeat tolerance 0.25s); lock STALE (age 7.0s > 2.0s); motion REPLAYED (value-age 7.60s > heartbeat tolerance 0.25s); schedule REPLAYED (valu,8,False,blocks_both,False,False,3,3,0.75,report_not_set,report_not_set,False,False,door=on;lock=locked;occupancy=off;schedule=away,False,6fce9b9cbaebe4dc,True,False,
20260812T225016,heartbeat:in_transit:lock:D4_late:s0,S6_snapshot_coherence,0,det_ref,agent_r,heartbeat,in_transit,lock,D4_late,,7.0,False,2.0,min_budget,door,1.0,4,0.0,7.1,7.6,6.85,0.5,0.0,False,7.1,7.6,3,3,door|lock|occupancy,False,False,False,False,contact REPLAYED (value-age 7.60s > heartbeat tolerance 0.25s); lock STALE (age 7.0s > 2.0s); motion REPLAYED (value-age 7.60s > heartbeat tolerance 0.25s); schedule REPLAYED (valu,8,False,blocks_both,False,False,3,3,0.75,defer_report_set,defer_report_set,False,True,door=on;lock=locked;occupancy=off;schedule=away,True,6fce9b9cbaebe4dc,True,False,
20260812T225016,heartbeat:at_source:lock:D0_none:s0,S6_snapshot_coherence,0,det_ref,rule,heartbeat,at_source,,D0_none,,0.0,True,2.0,min_budget,door,1.0,4,0.0,0.25,0.75,0.0,0.5,0.0,False,0.25,0.75,0,0,,False,False,True,False,contact REPLAYED (value-age 0.75s > heartbeat tolerance 0.25s); lock REPLAYED (value-age 0.75s > heartbeat tolerance 0.25s); motion REPLAYED (value-age 0.75s > heartbeat tolerance ,8,,control,True,True,0,0,0.0,report_not_set,,False,False,door=off;lock=locked;occupancy=off;schedule=away,False,6fce9b9cbaebe4dc,True,False,
20260812T225016,heartbeat:at_source:lock:D0_none:s0,S6_snapshot_coherence,0,det_ref,agent_r,heartbeat,at_source,,D0_none,,0.0,True,2.0,min_budget,door,1.0,4,0.0,0.25,0.75,0.0,0.5,0.0,False,0.25,0.75,0,0,,False,False,True,False,contact REPLAYED (value-age 0.75s > heartbeat tolerance 0.25s); lock REPLAYED (value-age 0.75s > heartbeat tolerance 0.25s); motion REPLAYED (value-age 0.75s > heartbeat tolerance ,8,,control,True,True,0,0,0.0,defer_report_set,,False,True,door=off;lock=locked;occupancy=off;schedule=away,False,6fce9b9cbaebe4dc,True,False,
20260812T225016,heartbeat:at_source:lock:D1_jitter:s0,S6_snapshot_coherence,0,det_ref,rule,heartbeat,at_source,lock,D1_jitter,,0.0018,False,2.0,min_budget,door,1.0,4,0.0,0.25,0.75,0.0,0.5,0.0018,False,0.25,0.75,0,0,,False,False,True,False,contact REPLAYED (value-age 0.75s > heartbeat tolerance 0.25s); lock REPLAYED (value-age 0.75s > heartbeat tolerance 0.25s); motion REPLAYED (value-age 0.75s > heartbeat tolerance ,8,False,blocks_both,True,True,0,0,0.0,report_not_set,report_not_set,False,False,door=off;lock=locked;occupancy=off;schedule=away,False,6fce9b9cbaebe4dc,True,True,
20260812T225016,heartbeat:at_source:lock:D1_jitter:s0,S6_snapshot_coherence,0,det_ref,agent_r,heartbeat,at_source,lock,D1_jitter,,0.0018,False,2.0,min_budget,door,1.0,4,0.0,0.25,0.75,0.0,0.5,0.0018,False,0.25,0.75,0,0,,False,False,True,False,contact REPLAYED (value-age 0.75s > heartbeat tolerance 0.25s); lock REPLAYED (value-age 0.75s > heartbeat tolerance 0.25s); motion REPLAYED (value-age 0.75s > heartbeat tolerance ,8,False,blocks_both,True,True,0,0,0.0,defer_report_set,defer_report_set,False,True,door=off;lock=locked;occupancy=off;schedule=away,False,6fce9b9cbaebe4dc,True,True,
20260812T225016,heartbeat:at_source:lock:D2_25:s0,S6_snapshot_coherence,0,det_ref,rule,heartbeat,at_source,lock,D2_25,0.25,0.5,False,2.0,min_budget,door,1.0,4,0.0,0.6,1.1,0.35,0.5,0.5,False,0.6,1.1,0,0,,False,False,False,False,contact REPLAYED (value-age 1.10s > heartbeat tolerance 0.25s); lock REPLAYED (value-age 0.60s > heartbeat tolerance 0.25s); motion REPLAYED (value-age 1.10s > heartbeat tolerance ,8,False,blocks_both,True,True,0,0,0.0,report_not_set,report_not_set,False,False,door=on;lock=locked;occupancy=off;schedule=away,False,6fce9b9cbaebe4dc,True,False,
20260812T225016,heartbeat:at_source:lock:D2_25:s0,S6_snapshot_coherence,0,det_ref,agent_r,heartbeat,at_source,lock,D2_25,0.25,0.5,False,2.0,min_budget,door,1.0,4,0.0,0.6,1.1,0.35,0.5,0.5,False,0.6,1.1,0,0,,False,False,False,False,contact REPLAYED (value-age 1.10s > heartbeat tolerance 0.25s); lock REPLAYED (value-age 0.60s > heartbeat tolerance 0.25s); motion REPLAYED (value-age 1.10s > heartbeat tolerance ,8,False,blocks_both,True,True,0,0,0.0,defer_report_set,defer_report_set,False,True,door=on;lock=locked;occupancy=off;schedule=away,True,6fce9b9cbaebe4dc,True,False,
20260812T225016,heartbeat:at_source:lock:D2_50:s0,S6_snapshot_coherence,0,det_ref,rule,heartbeat,at_source,lock,D2_50,0.5,1.0,False,2.0,min_budget,door,1.0,4,0.0,1.1,1.6,0.85,0.5,1.0,False,1.1,1.6,0,0,,False,False,False,False,contact REPLAYED (value-age 1.60s > heartbeat tolerance 0.25s); lock REPLAYED (value-age 0.60s > heartbeat tolerance 0.25s); motion REPLAYED (value-age 1.60s > heartbeat tolerance ,8,False,blocks_both,True,True,0,0,0.0,report_not_set,report_not_set,False,False,door=on;lock=locked;occupancy=off;schedule=away,False,6fce9b9cbaebe4dc,True,False,
20260812T225016,heartbeat:at_source:lock:D2_50:s0,S6_snapshot_coherence,0,det_ref,agent_r,heartbeat,at_source,lock,D2_50,0.5,1.0,False,2.0,min_budget,door,1.0,4,0.0,1.1,1.6,0.85,0.5,1.0,False,1.1,1.6,0,0,,False,False,False,False,contact REPLAYED (value-age 1.60s > heartbeat tolerance 0.25s); lock REPLAYED (value-age 0.60s > heartbeat tolerance 0.25s); motion REPLAYED (value-age 1.60s > heartbeat tolerance ,8,False,blocks_both,True,True,0,0,0.0,defer_report_set,defer_report_set,False,True,door=on;lock=locked;occupancy=off;schedule=away,True,6fce9b9cbaebe4dc,True,False,
20260812T225016,heartbeat:at_source:lock:D2_90:s0,S6_snapshot_coherence,0,det_ref,rule,heartbeat,at_source,lock,D2_90,0.9,1.8,False,2.0,min_budget,door,1.0,4,0.0,1.9,2.4,1.65,0.5,1.8,False,1.9,2.4,0,1,door,False,False,False,False,contact REPLAYED (value-age 2.40s > heartbeat tolerance 0.25s); lock REPLAYED (value-age 0.60s > heartbeat tolerance 0.25s); motion REPLAYED (value-age 2.40s > heartbeat tolerance ,8,False,blocks_both,True,False,0,1,0.25,report_not_set,report_not_set,False,False,door=on;lock=locked;occupancy=off;schedule=away,False,6fce9b9cbaebe4dc,True,False,
20260812T225016,heartbeat:at_source:lock:D2_90:s0,S6_snapshot_coherence,0,det_ref,agent_r,heartbeat,at_source,lock,D2_90,0.9,1.8,False,2.0,min_budget,door,1.0,4,0.0,1.9,2.4,1.65,0.5,1.8,False,1.9,2.4,0,1,door,False,False,False,False,contact REPLAYED (value-age 2.40s > heartbeat tolerance 0.25s); lock REPLAYED (value-age 0.60s > heartbeat tolerance 0.25s); motion REPLAYED (value-age 2.40s > heartbeat tolerance ,8,False,blocks_both,True,False,0,1,0.25,defer_report_set,defer_report_set,False,True,door=on;lock=locked;occupancy=off;schedule=away,True,6fce9b9cbaebe4dc,True,False,
20260812T225016,heartbeat:at_source:lock:D3_pre:s0,S6_snapshot_coherence,0,det_ref,rule,heartbeat,at_source,lock,D3_pre,1.0,1.95,False,2.0,min_budget,door,1.0,4,0.0,2.05,2.55,1.8,0.5,1.95,False,2.05,2.55,1,1,door,False,False,False,False,contact REPLAYED (value-age 2.55s > heartbeat tolerance 0.25s); lock REPLAYED (value-age 0.60s > heartbeat tolerance 0.25s); motion REPLAYED (value-age 2.55s > heartbeat tolerance ,8,False,blocks_both,False,False,1,1,0.25,report_not_set,report_not_set,False,False,door=on;lock=locked;occupancy=off;schedule=away,False,6fce9b9cbaebe4dc,True,False,
20260812T225016,heartbeat:at_source:lock:D3_pre:s0,S6_snapshot_coherence,0,det_ref,agent_r,heartbeat,at_source,lock,D3_pre,1.0,1.95,False,2.0,min_budget,door,1.0,4,0.0,2.05,2.55,1.8,0.5,1.95,False,2.05,2.55,1,1,door,False,False,False,False,contact REPLAYED (value-age 2.55s > heartbeat tolerance 0.25s); lock REPLAYED (value-age 0.60s > heartbeat tolerance 0.25s); motion REPLAYED (value-age 2.55s > heartbeat tolerance ,8,False,blocks_both,False,False,1,1,0.25,defer_report_set,defer_report_set,False,True,door=on;lock=locked;occupancy=off;schedule=away,True,6fce9b9cbaebe4dc,True,False,
20260812T225016,heartbeat:at_source:lock:D3_post:s0,S6_snapshot_coherence,0,det_ref,rule,heartbeat,at_source,lock,D3_post,1.0,2.05,False,2.0,min_budget,door,1.0,4,0.0,2.15,2.65,1.9,0.5,2.05,True,2.15,2.65,1,1,door,True,True,False,False,contact REPLAYED (value-age 2.65s > heartbeat tolerance 0.25s); lock REPLAYED (value-age 0.60s > heartbeat tolerance 0.25s); motion REPLAYED (value-age 2.65s > heartbeat tolerance ,8,False,blocks_both,False,False,3,3,0.75,report_not_set,report_not_set,False,False,door=on;lock=locked;occupancy=off;schedule=away,False,6fce9b9cbaebe4dc,True,False,
20260812T225016,heartbeat:at_source:lock:D3_post:s0,S6_snapshot_coherence,0,det_ref,agent_r,heartbeat,at_source,lock,D3_post,1.0,2.05,False,2.0,min_budget,door,1.0,4,0.0,2.15,2.65,1.9,0.5,2.05,True,2.15,2.65,1,1,door,True,True,False,False,contact REPLAYED (value-age 2.65s > heartbeat tolerance 0.25s); lock REPLAYED (value-age 0.60s > heartbeat tolerance 0.25s); motion REPLAYED (value-age 2.65s > heartbeat tolerance ,8,False,blocks_both,False,False,3,3,0.75,defer_report_set,defer_report_set,False,True,door=on;lock=locked;occupancy=off;schedule=away,True,6fce9b9cbaebe4dc,True,False,
20260812T225016,heartbeat:at_source:lock:D4_late:s0,S6_snapshot_coherence,0,det_ref,rule,heartbeat,at_source,lock,D4_late,,7.0,False,2.0,min_budget,door,1.0,4,0.0,7.1,7.6,6.85,0.5,7.0,True,7.1,7.6,2,2,door|occupancy,True,True,False,False,contact REPLAYED (value-age 7.60s > heartbeat tolerance 0.25s); lock REPLAYED (value-age 0.60s > heartbeat tolerance 0.25s); motion REPLAYED (value-age 7.60s > heartbeat tolerance ,8,False,blocks_both,False,False,3,3,0.75,report_not_set,report_not_set,False,False,door=on;lock=locked;occupancy=off;schedule=away,False,6fce9b9cbaebe4dc,True,False,
20260812T225016,heartbeat:at_source:lock:D4_late:s0,S6_snapshot_coherence,0,det_ref,agent_r,heartbeat,at_source,lock,D4_late,,7.0,False,2.0,min_budget,door,1.0,4,0.0,7.1,7.6,6.85,0.5,7.0,True,7.1,7.6,2,2,door|occupancy,True,True,False,False,contact REPLAYED (value-age 7.60s > heartbeat tolerance 0.25s); lock REPLAYED (value-age 0.60s > heartbeat tolerance 0.25s); motion REPLAYED (value-age 7.60s > heartbeat tolerance ,8,False,blocks_both,False,False,3,3,0.75,defer_report_set,defer_report_set,False,True,door=on;lock=locked;occupancy=off;schedule=away,True,6fce9b9cbaebe4dc,True,False,
20260812T225016,activepoll:in_transit:lock:D0_none:s0,S6_snapshot_coherence,0,det_ref,rule,activepoll,in_transit,,D0_none,,0.0,True,2.0,min_budget,door,1.0,4,0.0,0.25,0.75,0.0,0.5,0.0,False,0.25,0.75,0,0,,False,False,False,False,contact REPLAYED (value-age 0.05s > heartbeat tolerance 0.05s); lock REPLAYED (value-age 0.05s > heartbeat tolerance 0.05s); motion REPLAYED (value-age 0.05s > heartbeat tolerance ,8,,control,True,True,0,0,0.0,report_not_set,,False,False,door=off;lock=locked;occupancy=off;schedule=away,False,6fce9b9cbaebe4dc,True,False,
20260812T225016,activepoll:in_transit:lock:D0_none:s0,S6_snapshot_coherence,0,det_ref,agent_r,activepoll,in_transit,,D0_none,,0.0,True,2.0,min_budget,door,1.0,4,0.0,0.25,0.75,0.0,0.5,0.0,False,0.25,0.75,0,0,,False,False,False,False,contact REPLAYED (value-age 0.05s > heartbeat tolerance 0.05s); lock REPLAYED (value-age 0.05s > heartbeat tolerance 0.05s); motion REPLAYED (value-age 0.05s > heartbeat tolerance ,8,,control,True,True,0,0,0.0,defer_report_set,,False,True,door=off;lock=locked;occupancy=off;schedule=away,False,6fce9b9cbaebe4dc,True,False,
20260812T225016,activepoll:in_transit:lock:D1_jitter:s0,S6_snapshot_coherence,0,det_ref,rule,activepoll,in_transit,lock,D1_jitter,,0.0018,False,2.0,min_budget,door,1.0,4,0.0,0.25,0.75,0.0,0.5,0.0,False,0.25,0.75,0,0,,False,False,False,False,contact REPLAYED (value-age 0.05s > heartbeat tolerance 0.05s); lock REPLAYED (value-age 0.05s > heartbeat tolerance 0.05s); motion REPLAYED (value-age 0.05s > heartbeat tolerance ,8,False,blocks_both,True,True,0,0,0.0,report_not_set,report_not_set,False,False,door=off;lock=locked;occupancy=off;schedule=away,False,6fce9b9cbaebe4dc,True,True,
20260812T225016,activepoll:in_transit:lock:D1_jitter:s0,S6_snapshot_coherence,0,det_ref,agent_r,activepoll,in_transit,lock,D1_jitter,,0.0018,False,2.0,min_budget,door,1.0,4,0.0,0.25,0.75,0.0,0.5,0.0,False,0.25,0.75,0,0,,False,False,False,False,contact REPLAYED (value-age 0.05s > heartbeat tolerance 0.05s); lock REPLAYED (value-age 0.05s > heartbeat tolerance 0.05s); motion REPLAYED (value-age 0.05s > heartbeat tolerance ,8,False,blocks_both,True,True,0,0,0.0,defer_report_set,defer_report_set,False,True,door=off;lock=locked;occupancy=off;schedule=away,False,6fce9b9cbaebe4dc,True,True,
20260812T225016,activepoll:in_transit:lock:D2_25:s0,S6_snapshot_coherence,0,det_ref,rule,activepoll,in_transit,lock,D2_25,0.25,0.5,False,2.0,min_budget,door,1.0,4,0.0,0.6,1.1,0.35,0.5,0.0,False,0.6,1.1,0,0,,False,False,False,False,contact REPLAYED (value-age 0.05s > heartbeat tolerance 0.05s); lock REPLAYED (value-age 0.05s > heartbeat tolerance 0.05s); motion REPLAYED (value-age 0.05s > heartbeat tolerance ,8,False,blocks_both,True,True,0,0,0.0,report_not_set,report_not_set,False,False,door=on;lock=locked;occupancy=off;schedule=away,False,6fce9b9cbaebe4dc,True,False,
20260812T225016,activepoll:in_transit:lock:D2_25:s0,S6_snapshot_coherence,0,det_ref,agent_r,activepoll,in_transit,lock,D2_25,0.25,0.5,False,2.0,min_budget,door,1.0,4,0.0,0.6,1.1,0.35,0.5,0.0,False,0.6,1.1,0,0,,False,False,False,False,contact REPLAYED (value-age 0.05s > heartbeat tolerance 0.05s); lock REPLAYED (value-age 0.05s > heartbeat tolerance 0.05s); motion REPLAYED (value-age 0.05s > heartbeat tolerance ,8,False,blocks_both,True,True,0,0,0.0,defer_report_set,defer_report_set,False,True,door=on;lock=locked;occupancy=off;schedule=away,True,6fce9b9cbaebe4dc,True,False,
20260812T225016,activepoll:in_transit:lock:D2_50:s0,S6_snapshot_coherence,0,det_ref,rule,activepoll,in_transit,lock,D2_50,0.5,1.0,False,2.0,min_budget,door,1.0,4,0.0,1.1,1.6,0.85,0.5,0.0,False,1.1,1.6,0,0,,False,False,False,False,contact REPLAYED (value-age 0.05s > heartbeat tolerance 0.05s); lock REPLAYED (value-age 0.05s > heartbeat tolerance 0.05s); motion REPLAYED (value-age 0.05s > heartbeat tolerance ,8,False,blocks_both,True,True,0,0,0.0,report_not_set,report_not_set,False,False,door=on;lock=locked;occupancy=off;schedule=away,False,6fce9b9cbaebe4dc,True,False,
20260812T225016,activepoll:in_transit:lock:D2_50:s0,S6_snapshot_coherence,0,det_ref,agent_r,activepoll,in_transit,lock,D2_50,0.5,1.0,False,2.0,min_budget,door,1.0,4,0.0,1.1,1.6,0.85,0.5,0.0,False,1.1,1.6,0,0,,False,False,False,False,contact REPLAYED (value-age 0.05s > heartbeat tolerance 0.05s); lock REPLAYED (value-age 0.05s > heartbeat tolerance 0.05s); motion REPLAYED (value-age 0.05s > heartbeat tolerance ,8,False,blocks_both,True,True,0,0,0.0,defer_report_set,defer_report_set,False,True,door=on;lock=locked;occupancy=off;schedule=away,True,6fce9b9cbaebe4dc,True,False,
20260812T225016,activepoll:in_transit:lock:D2_90:s0,S6_snapshot_coherence,0,det_ref,rule,activepoll,in_transit,lock,D2_90,0.9,1.8,False,2.0,min_budget,door,1.0,4,0.0,1.9,2.4,1.65,0.5,0.0,False,1.9,2.4,0,2,door|lock,False,False,False,False,contact=on (need off); schedule REPLAYED (value-age 2.40s > heartbeat tolerance 0.05s),8,False,blocks_both,True,False,0,2,0.5,report_not_set,report_not_set,False,False,door=on;lock=locked;occupancy=off;schedule=away,False,6fce9b9cbaebe4dc,True,False,
20260812T225016,activepoll:in_transit:lock:D2_90:s0,S6_snapshot_coherence,0,det_ref,agent_r,activepoll,in_transit,lock,D2_90,0.9,1.8,False,2.0,min_budget,door,1.0,4,0.0,1.9,2.4,1.65,0.5,0.0,False,1.9,2.4,0,2,door|lock,False,False,False,False,contact=on (need off); schedule REPLAYED (value-age 2.40s > heartbeat tolerance 0.05s),8,False,blocks_both,True,False,0,2,0.5,defer_report_set,defer_report_set,False,True,door=on;lock=locked;occupancy=off;schedule=away,True,6fce9b9cbaebe4dc,True,False,
20260812T225016,activepoll:in_transit:lock:D3_pre:s0,S6_snapshot_coherence,0,det_ref,rule,activepoll,in_transit,lock,D3_pre,1.0,1.95,False,2.0,min_budget,door,1.0,4,0.0,2.05,2.55,1.8,0.5,0.0,False,2.05,2.55,2,2,door|lock,False,False,False,False,contact=on (need off); schedule REPLAYED (value-age 2.55s > heartbeat tolerance 0.05s),8,False,blocks_both,False,False,2,2,0.5,report_not_set,report_not_set,False,False,door=on;lock=locked;occupancy=off;schedule=away,False,6fce9b9cbaebe4dc,True,False,
20260812T225016,activepoll:in_transit:lock:D3_pre:s0,S6_snapshot_coherence,0,det_ref,agent_r,activepoll,in_transit,lock,D3_pre,1.0,1.95,False,2.0,min_budget,door,1.0,4,0.0,2.05,2.55,1.8,0.5,0.0,False,2.05,2.55,2,2,door|lock,False,False,False,False,contact=on (need off); schedule REPLAYED (value-age 2.55s > heartbeat tolerance 0.05s),8,False,blocks_both,False,False,2,2,0.5,defer_report_set,defer_report_set,False,True,door=on;lock=locked;occupancy=off;schedule=away,True,6fce9b9cbaebe4dc,True,False,
20260812T225016,activepoll:in_transit:lock:D3_post:s0,S6_snapshot_coherence,0,det_ref,rule,activepoll,in_transit,lock,D3_post,1.0,2.05,False,2.0,min_budget,door,1.0,4,0.0,2.15,2.65,1.9,0.5,0.0,False,2.15,2.65,2,2,door|lock,False,False,False,False,contact=on (need off); schedule REPLAYED (value-age 2.65s > heartbeat tolerance 0.05s),8,False,blocks_both,False,False,2,2,0.5,report_not_set,report_not_set,False,False,door=on;lock=locked;occupancy=off;schedule=away,False,6fce9b9cbaebe4dc,True,False,
20260812T225016,activepoll:in_transit:lock:D3_post:s0,S6_snapshot_coherence,0,det_ref,agent_r,activepoll,in_transit,lock,D3_post,1.0,2.05,False,2.0,min_budget,door,1.0,4,0.0,2.15,2.65,1.9,0.5,0.0,False,2.15,2.65,2,2,door|lock,False,False,False,False,contact=on (need off); schedule REPLAYED (value-age 2.65s > heartbeat tolerance 0.05s),8,False,blocks_both,False,False,2,2,0.5,defer_report_set,defer_report_set,False,True,door=on;lock=locked;occupancy=off;schedule=away,True,6fce9b9cbaebe4dc,True,False,
20260812T225016,activepoll:in_transit:lock:D4_late:s0,S6_snapshot_coherence,0,det_ref,rule,activepoll,in_transit,lock,D4_late,,7.0,False,2.0,min_budget,door,1.0,4,0.0,7.1,7.6,6.85,0.5,0.0,False,7.1,7.6,3,3,door|lock|occupancy,False,False,False,False,contact=on (need off); schedule REPLAYED (value-age 7.60s > heartbeat tolerance 0.05s),8,False,blocks_both,False,False,3,3,0.75,report_not_set,report_not_set,False,False,door=on;lock=locked;occupancy=off;schedule=away,False,6fce9b9cbaebe4dc,True,False,
20260812T225016,activepoll:in_transit:lock:D4_late:s0,S6_snapshot_coherence,0,det_ref,agent_r,activepoll,in_transit,lock,D4_late,,7.0,False,2.0,min_budget,door,1.0,4,0.0,7.1,7.6,6.85,0.5,0.0,False,7.1,7.6,3,3,door|lock|occupancy,False,False,False,False,contact=on (need off); schedule REPLAYED (value-age 7.60s > heartbeat tolerance 0.05s),8,False,blocks_both,False,False,3,3,0.75,defer_report_set,defer_report_set,False,True,door=on;lock=locked;occupancy=off;schedule=away,True,6fce9b9cbaebe4dc,True,False,
20260812T225016,activepoll:at_source:lock:D0_none:s0,S6_snapshot_coherence,0,det_ref,rule,activepoll,at_source,,D0_none,,0.0,True,2.0,min_budget,door,1.0,4,0.0,0.25,0.75,0.0,0.5,0.0,False,0.25,0.75,0,0,,False,False,False,False,contact REPLAYED (value-age 0.05s > heartbeat tolerance 0.05s); lock REPLAYED (value-age 0.05s > heartbeat tolerance 0.05s); motion REPLAYED (value-age 0.05s > heartbeat tolerance ,8,,control,True,True,0,0,0.0,report_not_set,,False,False,door=off;lock=locked;occupancy=off;schedule=away,False,6fce9b9cbaebe4dc,True,False,
20260812T225016,activepoll:at_source:lock:D0_none:s0,S6_snapshot_coherence,0,det_ref,agent_r,activepoll,at_source,,D0_none,,0.0,True,2.0,min_budget,door,1.0,4,0.0,0.25,0.75,0.0,0.5,0.0,False,0.25,0.75,0,0,,False,False,False,False,contact REPLAYED (value-age 0.05s > heartbeat tolerance 0.05s); lock REPLAYED (value-age 0.05s > heartbeat tolerance 0.05s); motion REPLAYED (value-age 0.05s > heartbeat tolerance ,8,,control,True,True,0,0,0.0,defer_report_set,,False,True,door=off;lock=locked;occupancy=off;schedule=away,False,6fce9b9cbaebe4dc,True,False,
20260812T225016,activepoll:at_source:lock:D1_jitter:s0,S6_snapshot_coherence,0,det_ref,rule,activepoll,at_source,lock,D1_jitter,,0.0018,False,2.0,min_budget,door,1.0,4,0.0,0.25,0.75,0.0,0.5,0.0018,False,0.25,0.75,0,0,,False,False,False,False,contact REPLAYED (value-age 0.05s > heartbeat tolerance 0.05s); lock REPLAYED (value-age 0.05s > heartbeat tolerance 0.05s); motion REPLAYED (value-age 0.05s > heartbeat tolerance ,8,False,blocks_both,True,True,0,0,0.0,report_not_set,report_not_set,False,False,door=off;lock=locked;occupancy=off;schedule=away,False,6fce9b9cbaebe4dc,True,True,
20260812T225016,activepoll:at_source:lock:D1_jitter:s0,S6_snapshot_coherence,0,det_ref,agent_r,activepoll,at_source,lock,D1_jitter,,0.0018,False,2.0,min_budget,door,1.0,4,0.0,0.25,0.75,0.0,0.5,0.0018,False,0.25,0.75,0,0,,False,False,False,False,contact REPLAYED (value-age 0.05s > heartbeat tolerance 0.05s); lock REPLAYED (value-age 0.05s > heartbeat tolerance 0.05s); motion REPLAYED (value-age 0.05s > heartbeat tolerance ,8,False,blocks_both,True,True,0,0,0.0,defer_report_set,defer_report_set,False,True,door=off;lock=locked;occupancy=off;schedule=away,False,6fce9b9cbaebe4dc,True,True,
20260812T225016,activepoll:at_source:lock:D2_25:s0,S6_snapshot_coherence,0,det_ref,rule,activepoll,at_source,lock,D2_25,0.25,0.5,False,2.0,min_budget,door,1.0,4,0.0,0.6,1.1,0.35,0.5,0.5,False,0.6,1.1,0,0,,False,False,False,False,contact REPLAYED (value-age 0.05s > heartbeat tolerance 0.05s); lock REPLAYED (value-age 0.05s > heartbeat tolerance 0.05s); motion REPLAYED (value-age 0.05s > heartbeat tolerance ,8,False,blocks_both,True,True,0,0,0.0,report_not_set,report_not_set,False,False,door=on;lock=locked;occupancy=off;schedule=away,False,6fce9b9cbaebe4dc,True,False,
20260812T225016,activepoll:at_source:lock:D2_25:s0,S6_snapshot_coherence,0,det_ref,agent_r,activepoll,at_source,lock,D2_25,0.25,0.5,False,2.0,min_budget,door,1.0,4,0.0,0.6,1.1,0.35,0.5,0.5,False,0.6,1.1,0,0,,False,False,False,False,contact REPLAYED (value-age 0.05s > heartbeat tolerance 0.05s); lock REPLAYED (value-age 0.05s > heartbeat tolerance 0.05s); motion REPLAYED (value-age 0.05s > heartbeat tolerance ,8,False,blocks_both,True,True,0,0,0.0,defer_report_set,defer_report_set,False,True,door=on;lock=locked;occupancy=off;schedule=away,True,6fce9b9cbaebe4dc,True,False,
20260812T225016,activepoll:at_source:lock:D2_50:s0,S6_snapshot_coherence,0,det_ref,rule,activepoll,at_source,lock,D2_50,0.5,1.0,False,2.0,min_budget,door,1.0,4,0.0,1.1,1.6,0.85,0.5,1.0,False,1.1,1.6,0,0,,False,False,False,False,contact REPLAYED (value-age 0.05s > heartbeat tolerance 0.05s); lock REPLAYED (value-age 0.05s > heartbeat tolerance 0.05s); motion REPLAYED (value-age 0.05s > heartbeat tolerance ,8,False,blocks_both,True,True,0,0,0.0,report_not_set,report_not_set,False,False,door=on;lock=locked;occupancy=off;schedule=away,False,6fce9b9cbaebe4dc,True,False,
20260812T225016,activepoll:at_source:lock:D2_50:s0,S6_snapshot_coherence,0,det_ref,agent_r,activepoll,at_source,lock,D2_50,0.5,1.0,False,2.0,min_budget,door,1.0,4,0.0,1.1,1.6,0.85,0.5,1.0,False,1.1,1.6,0,0,,False,False,False,False,contact REPLAYED (value-age 0.05s > heartbeat tolerance 0.05s); lock REPLAYED (value-age 0.05s > heartbeat tolerance 0.05s); motion REPLAYED (value-age 0.05s > heartbeat tolerance ,8,False,blocks_both,True,True,0,0,0.0,defer_report_set,defer_report_set,False,True,door=on;lock=locked;occupancy=off;schedule=away,True,6fce9b9cbaebe4dc,True,False,
20260812T225016,activepoll:at_source:lock:D2_90:s0,S6_snapshot_coherence,0,det_ref,rule,activepoll,at_source,lock,D2_90,0.9,1.8,False,2.0,min_budget,door,1.0,4,0.0,1.9,2.4,1.65,0.5,1.8,False,1.9,2.4,0,1,door,False,False,False,False,contact=on (need off); schedule REPLAYED (value-age 2.40s > heartbeat tolerance 0.05s),8,False,blocks_both,True,False,0,1,0.25,report_not_set,report_not_set,False,False,door=on;lock=locked;occupancy=off;schedule=away,False,6fce9b9cbaebe4dc,True,False,
20260812T225016,activepoll:at_source:lock:D2_90:s0,S6_snapshot_coherence,0,det_ref,agent_r,activepoll,at_source,lock,D2_90,0.9,1.8,False,2.0,min_budget,door,1.0,4,0.0,1.9,2.4,1.65,0.5,1.8,False,1.9,2.4,0,1,door,False,False,False,False,contact=on (need off); schedule REPLAYED (value-age 2.40s > heartbeat tolerance 0.05s),8,False,blocks_both,True,False,0,1,0.25,defer_report_set,defer_report_set,False,True,door=on;lock=locked;occupancy=off;schedule=away,True,6fce9b9cbaebe4dc,True,False,
20260812T225016,activepoll:at_source:lock:D3_pre:s0,S6_snapshot_coherence,0,det_ref,rule,activepoll,at_source,lock,D3_pre,1.0,1.95,False,2.0,min_budget,door,1.0,4,0.0,2.05,2.55,1.8,0.5,1.95,False,2.05,2.55,1,1,door,False,False,False,False,contact=on (need off); schedule REPLAYED (value-age 2.55s > heartbeat tolerance 0.05s),8,False,blocks_both,False,False,1,1,0.25,report_not_set,report_not_set,False,False,door=on;lock=locked;occupancy=off;schedule=away,False,6fce9b9cbaebe4dc,True,False,
20260812T225016,activepoll:at_source:lock:D3_pre:s0,S6_snapshot_coherence,0,det_ref,agent_r,activepoll,at_source,lock,D3_pre,1.0,1.95,False,2.0,min_budget,door,1.0,4,0.0,2.05,2.55,1.8,0.5,1.95,False,2.05,2.55,1,1,door,False,False,False,False,contact=on (need off); schedule REPLAYED (value-age 2.55s > heartbeat tolerance 0.05s),8,False,blocks_both,False,False,1,1,0.25,defer_report_set,defer_report_set,False,True,door=on;lock=locked;occupancy=off;schedule=away,True,6fce9b9cbaebe4dc,True,False,
20260812T225016,activepoll:at_source:lock:D3_post:s0,S6_snapshot_coherence,0,det_ref,rule,activepoll,at_source,lock,D3_post,1.0,2.05,False,2.0,min_budget,door,1.0,4,0.0,2.15,2.65,1.9,0.5,2.05,True,2.15,2.65,1,1,door,True,True,False,False,contact=on (need off); schedule REPLAYED (value-age 2.65s > heartbeat tolerance 0.05s),8,False,blocks_both,False,False,3,3,0.75,report_not_set,report_not_set,False,False,door=on;lock=locked;occupancy=off;schedule=away,False,6fce9b9cbaebe4dc,True,False,
20260812T225016,activepoll:at_source:lock:D3_post:s0,S6_snapshot_coherence,0,det_ref,agent_r,activepoll,at_source,lock,D3_post,1.0,2.05,False,2.0,min_budget,door,1.0,4,0.0,2.15,2.65,1.9,0.5,2.05,True,2.15,2.65,1,1,door,True,True,False,False,contact=on (need off); schedule REPLAYED (value-age 2.65s > heartbeat tolerance 0.05s),8,False,blocks_both,False,False,3,3,0.75,defer_report_set,defer_report_set,False,True,door=on;lock=locked;occupancy=off;schedule=away,True,6fce9b9cbaebe4dc,True,False,
20260812T225016,activepoll:at_source:lock:D4_late:s0,S6_snapshot_coherence,0,det_ref,rule,activepoll,at_source,lock,D4_late,,7.0,False,2.0,min_budget,door,1.0,4,0.0,7.1,7.6,6.85,0.5,7.0,True,7.1,7.6,2,2,door|occupancy,True,True,False,False,contact=on (need off); schedule REPLAYED (value-age 7.60s > heartbeat tolerance 0.05s),8,False,blocks_both,False,False,3,3,0.75,report_not_set,report_not_set,False,False,door=on;lock=locked;occupancy=off;schedule=away,False,6fce9b9cbaebe4dc,True,False,
20260812T225016,activepoll:at_source:lock:D4_late:s0,S6_snapshot_coherence,0,det_ref,agent_r,activepoll,at_source,lock,D4_late,,7.0,False,2.0,min_budget,door,1.0,4,0.0,7.1,7.6,6.85,0.5,7.0,True,7.1,7.6,2,2,door|occupancy,True,True,False,False,contact=on (need off); schedule REPLAYED (value-age 7.60s > heartbeat tolerance 0.05s),8,False,blocks_both,False,False,3,3,0.75,defer_report_set,defer_report_set,False,True,door=on;lock=locked;occupancy=off;schedule=away,True,6fce9b9cbaebe4dc,True,False,
20260812T225016,anchored:in_transit:lock:D0_none:s0,S6_snapshot_coherence,0,det_ref,rule,anchored,in_transit,,D0_none,,0.0,True,2.0,min_budget,door,1.0,4,0.0,0.25,0.75,0.0,0.5,0.0,False,0.25,0.75,0,0,,False,False,True,True,admitted,8,,control,True,True,0,0,0.0,arm_away,,False,False,door=off;lock=locked;occupancy=off;schedule=away,False,6fce9b9cbaebe4dc,True,False,
20260812T225016,anchored:in_transit:lock:D0_none:s0,S6_snapshot_coherence,0,det_ref,agent_r,anchored,in_transit,,D0_none,,0.0,True,2.0,min_budget,door,1.0,4,0.0,0.25,0.75,0.0,0.5,0.0,False,0.25,0.75,0,0,,False,False,True,True,admitted,8,,control,True,True,0,0,0.0,arm_away,,False,False,door=off;lock=locked;occupancy=off;schedule=away,False,6fce9b9cbaebe4dc,True,False,
20260812T225016,anchored:in_transit:lock:D1_jitter:s0,S6_snapshot_coherence,0,det_ref,rule,anchored,in_transit,lock,D1_jitter,,0.0018,False,2.0,min_budget,door,1.0,4,0.0,0.25,0.75,0.0,0.5,0.0,False,0.25,0.75,0,0,,False,False,True,True,admitted,8,True,missed_delay,True,True,0,0,0.0,arm_away,arm_away,False,False,door=off;lock=locked;occupancy=off;schedule=away,False,6fce9b9cbaebe4dc,True,True,
20260812T225016,anchored:in_transit:lock:D1_jitter:s0,S6_snapshot_coherence,0,det_ref,agent_r,anchored,in_transit,lock,D1_jitter,,0.0018,False,2.0,min_budget,door,1.0,4,0.0,0.25,0.75,0.0,0.5,0.0,False,0.25,0.75,0,0,,False,False,True,True,admitted,8,True,missed_delay,True,True,0,0,0.0,arm_away,arm_away,False,False,door=off;lock=locked;occupancy=off;schedule=away,False,6fce9b9cbaebe4dc,True,True,
20260812T225016,anchored:in_transit:lock:D2_25:s0,S6_snapshot_coherence,0,det_ref,rule,anchored,in_transit,lock,D2_25,0.25,0.5,False,2.0,min_budget,door,1.0,4,0.0,0.6,1.1,0.35,0.5,0.0,False,0.6,1.1,0,0,,False,False,True,False,contact REPLAYED (value-age 0.60s > heartbeat tolerance 0.25s); lock REPLAYED (value-age 0.60s > heartbeat tolerance 0.25s); motion REPLAYED (value-age 0.60s > heartbeat tolerance ,8,True,caught_delay,True,True,0,0,0.0,report_not_set,arm_away,True,False,door=on;lock=locked;occupancy=off;schedule=away,False,6fce9b9cbaebe4dc,True,False,
20260812T225016,anchored:in_transit:lock:D2_25:s0,S6_snapshot_coherence,0,det_ref,agent_r,anchored,in_transit,lock,D2_25,0.25,0.5,False,2.0,min_budget,door,1.0,4,0.0,0.6,1.1,0.35,0.5,0.0,False,0.6,1.1,0,0,,False,False,True,False,contact REPLAYED (value-age 0.60s > heartbeat tolerance 0.25s); lock REPLAYED (value-age 0.60s > heartbeat tolerance 0.25s); motion REPLAYED (value-age 0.60s > heartbeat tolerance ,8,True,caught_delay,True,True,0,0,0.0,defer_report_set,arm_away,True,True,door=on;lock=locked;occupancy=off;schedule=away,True,6fce9b9cbaebe4dc,True,False,
20260812T225016,anchored:in_transit:lock:D2_50:s0,S6_snapshot_coherence,0,det_ref,rule,anchored,in_transit,lock,D2_50,0.5,1.0,False,2.0,min_budget,door,1.0,4,0.0,1.1,1.6,0.85,0.5,0.0,False,1.1,1.6,0,0,,False,False,False,False,contact REPLAYED (value-age 1.10s > heartbeat tolerance 0.25s); lock REPLAYED (value-age 1.10s > heartbeat tolerance 0.25s); motion REPLAYED (value-age 1.10s > heartbeat tolerance ,8,True,caught_delay,True,True,0,0,0.0,report_not_set,arm_away,True,False,door=on;lock=locked;occupancy=off;schedule=away,False,6fce9b9cbaebe4dc,True,False,
20260812T225016,anchored:in_transit:lock:D2_50:s0,S6_snapshot_coherence,0,det_ref,agent_r,anchored,in_transit,lock,D2_50,0.5,1.0,False,2.0,min_budget,door,1.0,4,0.0,1.1,1.6,0.85,0.5,0.0,False,1.1,1.6,0,0,,False,False,False,False,contact REPLAYED (value-age 1.10s > heartbeat tolerance 0.25s); lock REPLAYED (value-age 1.10s > heartbeat tolerance 0.25s); motion REPLAYED (value-age 1.10s > heartbeat tolerance ,8,True,caught_delay,True,True,0,0,0.0,defer_report_set,arm_away,True,True,door=on;lock=locked;occupancy=off;schedule=away,True,6fce9b9cbaebe4dc,True,False,
20260812T225016,anchored:in_transit:lock:D2_90:s0,S6_snapshot_coherence,0,det_ref,rule,anchored,in_transit,lock,D2_90,0.9,1.8,False,2.0,min_budget,door,1.0,4,0.0,1.9,2.4,1.65,0.5,0.0,False,1.9,2.4,0,2,door|lock,False,False,False,False,contact REPLAYED (value-age 1.90s > heartbeat tolerance 0.25s); lock REPLAYED (value-age 1.90s > heartbeat tolerance 0.25s); motion REPLAYED (value-age 1.90s > heartbeat tolerance ,8,True,caught_delay,True,False,0,2,0.5,report_not_set,arm_away,True,False,door=on;lock=locked;occupancy=off;schedule=away,False,6fce9b9cbaebe4dc,True,False,
20260812T225016,anchored:in_transit:lock:D2_90:s0,S6_snapshot_coherence,0,det_ref,agent_r,anchored,in_transit,lock,D2_90,0.9,1.8,False,2.0,min_budget,door,1.0,4,0.0,1.9,2.4,1.65,0.5,0.0,False,1.9,2.4,0,2,door|lock,False,False,False,False,contact REPLAYED (value-age 1.90s > heartbeat tolerance 0.25s); lock REPLAYED (value-age 1.90s > heartbeat tolerance 0.25s); motion REPLAYED (value-age 1.90s > heartbeat tolerance ,8,True,caught_delay,True,False,0,2,0.5,defer_report_set,arm_away,True,True,door=on;lock=locked;occupancy=off;schedule=away,True,6fce9b9cbaebe4dc,True,False,
20260812T225016,anchored:in_transit:lock:D3_pre:s0,S6_snapshot_coherence,0,det_ref,rule,anchored,in_transit,lock,D3_pre,1.0,1.95,False,2.0,min_budget,door,1.0,4,0.0,2.05,2.55,1.8,0.5,0.0,False,2.05,2.55,2,2,door|lock,False,False,False,False,contact REPLAYED (value-age 2.05s > heartbeat tolerance 0.25s); lock REPLAYED (value-age 2.05s > heartbeat tolerance 0.25s); motion REPLAYED (value-age 2.05s > heartbeat tolerance ,8,True,caught_delay,False,False,2,2,0.5,report_not_set,arm_away,True,False,door=on;lock=locked;occupancy=off;schedule=away,False,6fce9b9cbaebe4dc,True,False,
20260812T225016,anchored:in_transit:lock:D3_pre:s0,S6_snapshot_coherence,0,det_ref,agent_r,anchored,in_transit,lock,D3_pre,1.0,1.95,False,2.0,min_budget,door,1.0,4,0.0,2.05,2.55,1.8,0.5,0.0,False,2.05,2.55,2,2,door|lock,False,False,False,False,contact REPLAYED (value-age 2.05s > heartbeat tolerance 0.25s); lock REPLAYED (value-age 2.05s > heartbeat tolerance 0.25s); motion REPLAYED (value-age 2.05s > heartbeat tolerance ,8,True,caught_delay,False,False,2,2,0.5,defer_report_set,arm_away,True,True,door=on;lock=locked;occupancy=off;schedule=away,True,6fce9b9cbaebe4dc,True,False,
20260812T225016,anchored:in_transit:lock:D3_post:s0,S6_snapshot_coherence,0,det_ref,rule,anchored,in_transit,lock,D3_post,1.0,2.05,False,2.0,min_budget,door,1.0,4,0.0,2.15,2.65,1.9,0.5,0.0,False,2.15,2.65,2,2,door|lock,False,False,False,False,contact REPLAYED (value-age 2.15s > heartbeat tolerance 0.25s); lock REPLAYED (value-age 2.15s > heartbeat tolerance 0.25s); motion REPLAYED (value-age 2.15s > heartbeat tolerance ,8,True,caught_delay,False,False,2,2,0.5,report_not_set,arm_away,True,False,door=on;lock=locked;occupancy=off;schedule=away,False,6fce9b9cbaebe4dc,True,False,
20260812T225016,anchored:in_transit:lock:D3_post:s0,S6_snapshot_coherence,0,det_ref,agent_r,anchored,in_transit,lock,D3_post,1.0,2.05,False,2.0,min_budget,door,1.0,4,0.0,2.15,2.65,1.9,0.5,0.0,False,2.15,2.65,2,2,door|lock,False,False,False,False,contact REPLAYED (value-age 2.15s > heartbeat tolerance 0.25s); lock REPLAYED (value-age 2.15s > heartbeat tolerance 0.25s); motion REPLAYED (value-age 2.15s > heartbeat tolerance ,8,True,caught_delay,False,False,2,2,0.5,defer_report_set,arm_away,True,True,door=on;lock=locked;occupancy=off;schedule=away,True,6fce9b9cbaebe4dc,True,False,
20260812T225016,anchored:in_transit:lock:D4_late:s0,S6_snapshot_coherence,0,det_ref,rule,anchored,in_transit,lock,D4_late,,7.0,False,2.0,min_budget,door,1.0,4,0.0,7.1,7.6,6.85,0.5,0.0,False,7.1,7.6,3,3,door|lock|occupancy,False,False,False,False,contact REPLAYED (value-age 7.10s > heartbeat tolerance 0.25s); lock STALE (age 6.5s > 2.0s); motion REPLAYED (value-age 7.10s > heartbeat tolerance 0.25s); schedule REPLAYED (valu,8,True,caught_delay,False,False,3,3,0.75,report_not_set,arm_away,True,False,door=on;lock=locked;occupancy=off;schedule=away,False,6fce9b9cbaebe4dc,True,False,
20260812T225016,anchored:in_transit:lock:D4_late:s0,S6_snapshot_coherence,0,det_ref,agent_r,anchored,in_transit,lock,D4_late,,7.0,False,2.0,min_budget,door,1.0,4,0.0,7.1,7.6,6.85,0.5,0.0,False,7.1,7.6,3,3,door|lock|occupancy,False,False,False,False,contact REPLAYED (value-age 7.10s > heartbeat tolerance 0.25s); lock STALE (age 6.5s > 2.0s); motion REPLAYED (value-age 7.10s > heartbeat tolerance 0.25s); schedule REPLAYED (valu,8,True,caught_delay,False,False,3,3,0.75,defer_report_set,arm_away,True,True,door=on;lock=locked;occupancy=off;schedule=away,True,6fce9b9cbaebe4dc,True,False,
20260812T225016,anchored:at_source:lock:D0_none:s0,S6_snapshot_coherence,0,det_ref,rule,anchored,at_source,,D0_none,,0.0,True,2.0,min_budget,door,1.0,4,0.0,0.25,0.75,0.0,0.5,0.0,False,0.25,0.75,0,0,,False,False,True,True,admitted,8,,control,True,True,0,0,0.0,arm_away,,False,False,door=off;lock=locked;occupancy=off;schedule=away,False,6fce9b9cbaebe4dc,True,False,
20260812T225016,anchored:at_source:lock:D0_none:s0,S6_snapshot_coherence,0,det_ref,agent_r,anchored,at_source,,D0_none,,0.0,True,2.0,min_budget,door,1.0,4,0.0,0.25,0.75,0.0,0.5,0.0,False,0.25,0.75,0,0,,False,False,True,True,admitted,8,,control,True,True,0,0,0.0,arm_away,,False,False,door=off;lock=locked;occupancy=off;schedule=away,False,6fce9b9cbaebe4dc,True,False,
20260812T225016,anchored:at_source:lock:D1_jitter:s0,S6_snapshot_coherence,0,det_ref,rule,anchored,at_source,lock,D1_jitter,,0.0018,False,2.0,min_budget,door,1.0,4,0.0,0.25,0.75,0.0,0.5,0.0018,False,0.25,0.75,0,0,,False,False,True,True,admitted,8,True,missed_delay,True,True,0,0,0.0,arm_away,arm_away,False,False,door=off;lock=locked;occupancy=off;schedule=away,False,6fce9b9cbaebe4dc,True,True,
20260812T225016,anchored:at_source:lock:D1_jitter:s0,S6_snapshot_coherence,0,det_ref,agent_r,anchored,at_source,lock,D1_jitter,,0.0018,False,2.0,min_budget,door,1.0,4,0.0,0.25,0.75,0.0,0.5,0.0018,False,0.25,0.75,0,0,,False,False,True,True,admitted,8,True,missed_delay,True,True,0,0,0.0,arm_away,arm_away,False,False,door=off;lock=locked;occupancy=off;schedule=away,False,6fce9b9cbaebe4dc,True,True,
20260812T225016,anchored:at_source:lock:D2_25:s0,S6_snapshot_coherence,0,det_ref,rule,anchored,at_source,lock,D2_25,0.25,0.5,False,2.0,min_budget,door,1.0,4,0.0,0.6,1.1,0.35,0.5,0.5,False,0.6,1.1,0,0,,False,False,True,False,contact REPLAYED (value-age 0.60s > heartbeat tolerance 0.25s); motion REPLAYED (value-age 0.60s > heartbeat tolerance 0.25s); schedule REPLAYED (value-age 0.60s > heartbeat tolera,8,True,caught_delay,True,True,0,0,0.0,report_not_set,arm_away,True,False,door=on;lock=locked;occupancy=off;schedule=away,False,6fce9b9cbaebe4dc,True,False,
20260812T225016,anchored:at_source:lock:D2_25:s0,S6_snapshot_coherence,0,det_ref,agent_r,anchored,at_source,lock,D2_25,0.25,0.5,False,2.0,min_budget,door,1.0,4,0.0,0.6,1.1,0.35,0.5,0.5,False,0.6,1.1,0,0,,False,False,True,False,contact REPLAYED (value-age 0.60s > heartbeat tolerance 0.25s); motion REPLAYED (value-age 0.60s > heartbeat tolerance 0.25s); schedule REPLAYED (value-age 0.60s > heartbeat tolera,8,True,caught_delay,True,True,0,0,0.0,defer_report_set,arm_away,True,True,door=on;lock=locked;occupancy=off;schedule=away,True,6fce9b9cbaebe4dc,True,False,
20260812T225016,anchored:at_source:lock:D2_50:s0,S6_snapshot_coherence,0,det_ref,rule,anchored,at_source,lock,D2_50,0.5,1.0,False,2.0,min_budget,door,1.0,4,0.0,1.1,1.6,0.85,0.5,1.0,False,1.1,1.6,0,0,,False,False,False,False,contact REPLAYED (value-age 1.10s > heartbeat tolerance 0.25s); motion REPLAYED (value-age 1.10s > heartbeat tolerance 0.25s); schedule REPLAYED (value-age 1.10s > heartbeat tolera,8,True,caught_delay,True,True,0,0,0.0,report_not_set,arm_away,True,False,door=on;lock=locked;occupancy=off;schedule=away,False,6fce9b9cbaebe4dc,True,False,
20260812T225016,anchored:at_source:lock:D2_50:s0,S6_snapshot_coherence,0,det_ref,agent_r,anchored,at_source,lock,D2_50,0.5,1.0,False,2.0,min_budget,door,1.0,4,0.0,1.1,1.6,0.85,0.5,1.0,False,1.1,1.6,0,0,,False,False,False,False,contact REPLAYED (value-age 1.10s > heartbeat tolerance 0.25s); motion REPLAYED (value-age 1.10s > heartbeat tolerance 0.25s); schedule REPLAYED (value-age 1.10s > heartbeat tolera,8,True,caught_delay,True,True,0,0,0.0,defer_report_set,arm_away,True,True,door=on;lock=locked;occupancy=off;schedule=away,True,6fce9b9cbaebe4dc,True,False,
20260812T225016,anchored:at_source:lock:D2_90:s0,S6_snapshot_coherence,0,det_ref,rule,anchored,at_source,lock,D2_90,0.9,1.8,False,2.0,min_budget,door,1.0,4,0.0,1.9,2.4,1.65,0.5,1.8,False,1.9,2.4,0,1,door,False,False,False,False,contact REPLAYED (value-age 1.90s > heartbeat tolerance 0.25s); motion REPLAYED (value-age 1.90s > heartbeat tolerance 0.25s); schedule REPLAYED (value-age 1.90s > heartbeat tolera,8,True,caught_delay,True,False,0,1,0.25,report_not_set,arm_away,True,False,door=on;lock=locked;occupancy=off;schedule=away,False,6fce9b9cbaebe4dc,True,False,
20260812T225016,anchored:at_source:lock:D2_90:s0,S6_snapshot_coherence,0,det_ref,agent_r,anchored,at_source,lock,D2_90,0.9,1.8,False,2.0,min_budget,door,1.0,4,0.0,1.9,2.4,1.65,0.5,1.8,False,1.9,2.4,0,1,door,False,False,False,False,contact REPLAYED (value-age 1.90s > heartbeat tolerance 0.25s); motion REPLAYED (value-age 1.90s > heartbeat tolerance 0.25s); schedule REPLAYED (value-age 1.90s > heartbeat tolera,8,True,caught_delay,True,False,0,1,0.25,defer_report_set,arm_away,True,True,door=on;lock=locked;occupancy=off;schedule=away,True,6fce9b9cbaebe4dc,True,False,
20260812T225016,anchored:at_source:lock:D3_pre:s0,S6_snapshot_coherence,0,det_ref,rule,anchored,at_source,lock,D3_pre,1.0,1.95,False,2.0,min_budget,door,1.0,4,0.0,2.05,2.55,1.8,0.5,1.95,False,2.05,2.55,1,1,door,False,False,False,False,contact REPLAYED (value-age 2.05s > heartbeat tolerance 0.25s); motion REPLAYED (value-age 2.05s > heartbeat tolerance 0.25s); schedule REPLAYED (value-age 2.05s > heartbeat tolera,8,True,caught_delay,False,False,1,1,0.25,report_not_set,arm_away,True,False,door=on;lock=locked;occupancy=off;schedule=away,False,6fce9b9cbaebe4dc,True,False,
20260812T225016,anchored:at_source:lock:D3_pre:s0,S6_snapshot_coherence,0,det_ref,agent_r,anchored,at_source,lock,D3_pre,1.0,1.95,False,2.0,min_budget,door,1.0,4,0.0,2.05,2.55,1.8,0.5,1.95,False,2.05,2.55,1,1,door,False,False,False,False,contact REPLAYED (value-age 2.05s > heartbeat tolerance 0.25s); motion REPLAYED (value-age 2.05s > heartbeat tolerance 0.25s); schedule REPLAYED (value-age 2.05s > heartbeat tolera,8,True,caught_delay,False,False,1,1,0.25,defer_report_set,arm_away,True,True,door=on;lock=locked;occupancy=off;schedule=away,True,6fce9b9cbaebe4dc,True,False,
20260812T225016,anchored:at_source:lock:D3_post:s0,S6_snapshot_coherence,0,det_ref,rule,anchored,at_source,lock,D3_post,1.0,2.05,False,2.0,min_budget,door,1.0,4,0.0,2.15,2.65,1.9,0.5,2.05,True,2.15,2.65,1,1,door,True,True,False,False,contact REPLAYED (value-age 2.15s > heartbeat tolerance 0.25s); motion REPLAYED (value-age 2.15s > heartbeat tolerance 0.25s); schedule REPLAYED (value-age 2.15s > heartbeat tolera,8,True,caught_delay,False,False,3,3,0.75,report_not_set,arm_away,True,False,door=on;lock=locked;occupancy=off;schedule=away,False,6fce9b9cbaebe4dc,True,False,
20260812T225016,anchored:at_source:lock:D3_post:s0,S6_snapshot_coherence,0,det_ref,agent_r,anchored,at_source,lock,D3_post,1.0,2.05,False,2.0,min_budget,door,1.0,4,0.0,2.15,2.65,1.9,0.5,2.05,True,2.15,2.65,1,1,door,True,True,False,False,contact REPLAYED (value-age 2.15s > heartbeat tolerance 0.25s); motion REPLAYED (value-age 2.15s > heartbeat tolerance 0.25s); schedule REPLAYED (value-age 2.15s > heartbeat tolera,8,True,caught_delay,False,False,3,3,0.75,defer_report_set,arm_away,True,True,door=on;lock=locked;occupancy=off;schedule=away,True,6fce9b9cbaebe4dc,True,False,
20260812T225016,anchored:at_source:lock:D4_late:s0,S6_snapshot_coherence,0,det_ref,rule,anchored,at_source,lock,D4_late,,7.0,False,2.0,min_budget,door,1.0,4,0.0,7.1,7.6,6.85,0.5,7.0,True,7.1,7.6,2,2,door|occupancy,True,True,False,False,contact REPLAYED (value-age 7.10s > heartbeat tolerance 0.25s); motion REPLAYED (value-age 7.10s > heartbeat tolerance 0.25s); schedule REPLAYED (value-age 7.10s > heartbeat tolera,8,True,caught_delay,False,False,3,3,0.75,report_not_set,arm_away,True,False,door=on;lock=locked;occupancy=off;schedule=away,False,6fce9b9cbaebe4dc,True,False,
20260812T225016,anchored:at_source:lock:D4_late:s0,S6_snapshot_coherence,0,det_ref,agent_r,anchored,at_source,lock,D4_late,,7.0,False,2.0,min_budget,door,1.0,4,0.0,7.1,7.6,6.85,0.5,7.0,True,7.1,7.6,2,2,door|occupancy,True,True,False,False,contact REPLAYED (value-age 7.10s > heartbeat tolerance 0.25s); motion REPLAYED (value-age 7.10s > heartbeat tolerance 0.25s); schedule REPLAYED (value-age 7.10s > heartbeat tolera,8,True,caught_delay,False,False,3,3,0.75,defer_report_set,arm_away,True,True,door=on;lock=locked;occupancy=off;schedule=away,True,6fce9b9cbaebe4dc,True,False,
20260812T225016,none:in_transit:occupancy:D0_none:s0,S6_snapshot_coherence,0,det_ref,rule,none,in_transit,,D0_none,,0.0,True,2.0,min_budget,door,1.0,4,0.0,0.25,0.75,0.0,0.5,0.0,False,0.25,0.75,0,0,,False,False,True,True,no guard,0,,control,True,True,0,0,0.0,arm_away,,False,False,door=off;lock=locked;occupancy=off;schedule=away,False,6fce9b9cbaebe4dc,True,False,
20260812T225016,none:in_transit:occupancy:D0_none:s0,S6_snapshot_coherence,0,det_ref,agent_r,none,in_transit,,D0_none,,0.0,True,2.0,min_budget,door,1.0,4,0.0,0.25,0.75,0.0,0.5,0.0,False,0.25,0.75,0,0,,False,False,True,True,no guard,0,,control,True,True,0,0,0.0,arm_away,,False,False,door=off;lock=locked;occupancy=off;schedule=away,False,6fce9b9cbaebe4dc,True,False,
20260812T225016,none:in_transit:occupancy:D1_jitter:s0,S6_snapshot_coherence,0,det_ref,rule,none,in_transit,occupancy,D1_jitter,,0.0018,False,2.0,min_budget,door,1.0,4,0.0,0.25,0.75,0.0,0.5,0.0,False,0.25,0.75,0,0,,False,False,True,True,no guard,0,True,missed_delay,True,True,0,0,0.0,arm_away,arm_away,False,False,door=off;lock=locked;occupancy=off;schedule=away,False,6fce9b9cbaebe4dc,True,True,
20260812T225016,none:in_transit:occupancy:D1_jitter:s0,S6_snapshot_coherence,0,det_ref,agent_r,none,in_transit,occupancy,D1_jitter,,0.0018,False,2.0,min_budget,door,1.0,4,0.0,0.25,0.75,0.0,0.5,0.0,False,0.25,0.75,0,0,,False,False,True,True,no guard,0,True,missed_delay,True,True,0,0,0.0,arm_away,arm_away,False,False,door=off;lock=locked;occupancy=off;schedule=away,False,6fce9b9cbaebe4dc,True,True,
20260812T225016,none:in_transit:occupancy:D2_25:s0,S6_snapshot_coherence,0,det_ref,rule,none,in_transit,occupancy,D2_25,0.25,1.25,False,2.0,min_budget,door,1.0,4,0.0,1.38,1.88,1.13,0.5,0.0,False,1.38,1.88,0,0,,False,False,True,True,no guard,0,True,missed_delay,True,True,0,0,0.0,arm_away,arm_away,False,False,door=on;lock=locked;occupancy=off;schedule=away,True,6fce9b9cbaebe4dc,True,False,
20260812T225016,none:in_transit:occupancy:D2_25:s0,S6_snapshot_coherence,0,det_ref,agent_r,none,in_transit,occupancy,D2_25,0.25,1.25,False,2.0,min_budget,door,1.0,4,0.0,1.38,1.88,1.13,0.5,0.0,False,1.38,1.88,0,0,,False,False,True,True,no guard,0,True,missed_delay,True,True,0,0,0.0,arm_away,arm_away,False,False,door=on;lock=locked;occupancy=off;schedule=away,True,6fce9b9cbaebe4dc,True,False,
20260812T225016,none:in_transit:occupancy:D2_50:s0,S6_snapshot_coherence,0,det_ref,rule,none,in_transit,occupancy,D2_50,0.5,2.5,False,2.0,min_budget,door,1.0,4,0.0,2.63,3.13,2.38,0.5,0.0,False,2.63,3.13,2,2,door|lock,False,False,True,True,no guard,0,True,missed_delay,False,False,2,2,0.5,arm_away,arm_away,False,False,door=on;lock=locked;occupancy=off;schedule=away,True,6fce9b9cbaebe4dc,True,False,
20260812T225016,none:in_transit:occupancy:D2_50:s0,S6_snapshot_coherence,0,det_ref,agent_r,none,in_transit,occupancy,D2_50,0.5,2.5,False,2.0,min_budget,door,1.0,4,0.0,2.63,3.13,2.38,0.5,0.0,False,2.63,3.13,2,2,door|lock,False,False,True,True,no guard,0,True,missed_delay,False,False,2,2,0.5,arm_away,arm_away,False,False,door=on;lock=locked;occupancy=off;schedule=away,True,6fce9b9cbaebe4dc,True,False,
20260812T225016,none:in_transit:occupancy:D2_90:s0,S6_snapshot_coherence,0,det_ref,rule,none,in_transit,occupancy,D2_90,0.9,4.5,False,2.0,min_budget,door,1.0,4,0.0,4.63,5.13,4.38,0.5,0.0,False,4.63,5.13,2,3,door|lock|occupancy,False,False,True,True,no guard,0,True,missed_delay,False,False,2,3,0.75,arm_away,arm_away,False,False,door=on;lock=locked;occupancy=off;schedule=away,True,6fce9b9cbaebe4dc,True,False,
20260812T225016,none:in_transit:occupancy:D2_90:s0,S6_snapshot_coherence,0,det_ref,agent_r,none,in_transit,occupancy,D2_90,0.9,4.5,False,2.0,min_budget,door,1.0,4,0.0,4.63,5.13,4.38,0.5,0.0,False,4.63,5.13,2,3,door|lock|occupancy,False,False,True,True,no guard,0,True,missed_delay,False,False,2,3,0.75,arm_away,arm_away,False,False,door=on;lock=locked;occupancy=off;schedule=away,True,6fce9b9cbaebe4dc,True,False,
20260812T225016,none:in_transit:occupancy:D3_pre:s0,S6_snapshot_coherence,0,det_ref,rule,none,in_transit,occupancy,D3_pre,1.0,4.95,False,2.0,min_budget,door,1.0,4,0.0,5.08,5.58,4.83,0.5,0.0,False,5.08,5.58,3,3,door|lock|occupancy,False,False,True,True,no guard,0,True,missed_delay,False,False,3,3,0.75,arm_away,arm_away,False,False,door=on;lock=locked;occupancy=off;schedule=away,True,6fce9b9cbaebe4dc,True,False,
20260812T225016,none:in_transit:occupancy:D3_pre:s0,S6_snapshot_coherence,0,det_ref,agent_r,none,in_transit,occupancy,D3_pre,1.0,4.95,False,2.0,min_budget,door,1.0,4,0.0,5.08,5.58,4.83,0.5,0.0,False,5.08,5.58,3,3,door|lock|occupancy,False,False,True,True,no guard,0,True,missed_delay,False,False,3,3,0.75,arm_away,arm_away,False,False,door=on;lock=locked;occupancy=off;schedule=away,True,6fce9b9cbaebe4dc,True,False,
20260812T225016,none:in_transit:occupancy:D3_post:s0,S6_snapshot_coherence,0,det_ref,rule,none,in_transit,occupancy,D3_post,1.0,5.05,False,2.0,min_budget,door,1.0,4,0.0,5.18,5.68,4.93,0.5,0.0,False,5.18,5.68,3,3,door|lock|occupancy,False,False,True,True,no guard,0,True,missed_delay,False,False,3,3,0.75,arm_away,arm_away,False,False,door=on;lock=locked;occupancy=off;schedule=away,True,6fce9b9cbaebe4dc,True,False,
20260812T225016,none:in_transit:occupancy:D3_post:s0,S6_snapshot_coherence,0,det_ref,agent_r,none,in_transit,occupancy,D3_post,1.0,5.05,False,2.0,min_budget,door,1.0,4,0.0,5.18,5.68,4.93,0.5,0.0,False,5.18,5.68,3,3,door|lock|occupancy,False,False,True,True,no guard,0,True,missed_delay,False,False,3,3,0.75,arm_away,arm_away,False,False,door=on;lock=locked;occupancy=off;schedule=away,True,6fce9b9cbaebe4dc,True,False,
20260812T225016,none:in_transit:occupancy:D4_late:s0,S6_snapshot_coherence,0,det_ref,rule,none,in_transit,occupancy,D4_late,,10.0,False,2.0,min_budget,door,1.0,4,0.0,10.13,10.63,9.88,0.5,0.0,False,10.13,10.63,3,3,door|lock|occupancy,False,False,True,True,no guard,0,True,missed_delay,False,False,3,3,0.75,arm_away,arm_away,False,False,door=on;lock=locked;occupancy=off;schedule=away,True,6fce9b9cbaebe4dc,True,False,
20260812T225016,none:in_transit:occupancy:D4_late:s0,S6_snapshot_coherence,0,det_ref,agent_r,none,in_transit,occupancy,D4_late,,10.0,False,2.0,min_budget,door,1.0,4,0.0,10.13,10.63,9.88,0.5,0.0,False,10.13,10.63,3,3,door|lock|occupancy,False,False,True,True,no guard,0,True,missed_delay,False,False,3,3,0.75,arm_away,arm_away,False,False,door=on;lock=locked;occupancy=off;schedule=away,True,6fce9b9cbaebe4dc,True,False,
20260812T225016,none:at_source:occupancy:D0_none:s0,S6_snapshot_coherence,0,det_ref,rule,none,at_source,,D0_none,,0.0,True,2.0,min_budget,door,1.0,4,0.0,0.25,0.75,0.0,0.5,0.0,False,0.25,0.75,0,0,,False,False,True,True,no guard,0,,control,True,True,0,0,0.0,arm_away,,False,False,door=off;lock=locked;occupancy=off;schedule=away,False,6fce9b9cbaebe4dc,True,False,
20260812T225016,none:at_source:occupancy:D0_none:s0,S6_snapshot_coherence,0,det_ref,agent_r,none,at_source,,D0_none,,0.0,True,2.0,min_budget,door,1.0,4,0.0,0.25,0.75,0.0,0.5,0.0,False,0.25,0.75,0,0,,False,False,True,True,no guard,0,,control,True,True,0,0,0.0,arm_away,,False,False,door=off;lock=locked;occupancy=off;schedule=away,False,6fce9b9cbaebe4dc,True,False,
20260812T225016,none:at_source:occupancy:D1_jitter:s0,S6_snapshot_coherence,0,det_ref,rule,none,at_source,occupancy,D1_jitter,,0.0018,False,2.0,min_budget,door,1.0,4,0.0,0.25,0.75,0.0,0.5,0.0018,False,0.25,0.75,0,0,,False,False,True,True,no guard,0,True,missed_delay,True,True,0,0,0.0,arm_away,arm_away,False,False,door=off;lock=locked;occupancy=off;schedule=away,False,6fce9b9cbaebe4dc,True,True,
20260812T225016,none:at_source:occupancy:D1_jitter:s0,S6_snapshot_coherence,0,det_ref,agent_r,none,at_source,occupancy,D1_jitter,,0.0018,False,2.0,min_budget,door,1.0,4,0.0,0.25,0.75,0.0,0.5,0.0018,False,0.25,0.75,0,0,,False,False,True,True,no guard,0,True,missed_delay,True,True,0,0,0.0,arm_away,arm_away,False,False,door=off;lock=locked;occupancy=off;schedule=away,False,6fce9b9cbaebe4dc,True,True,
20260812T225016,none:at_source:occupancy:D2_25:s0,S6_snapshot_coherence,0,det_ref,rule,none,at_source,occupancy,D2_25,0.25,1.25,False,2.0,min_budget,door,1.0,4,0.0,1.38,1.88,1.13,0.5,1.25,False,1.38,1.88,0,0,,False,False,True,True,no guard,0,True,missed_delay,True,True,0,0,0.0,arm_away,arm_away,False,False,door=on;lock=locked;occupancy=off;schedule=away,True,6fce9b9cbaebe4dc,True,False,
20260812T225016,none:at_source:occupancy:D2_25:s0,S6_snapshot_coherence,0,det_ref,agent_r,none,at_source,occupancy,D2_25,0.25,1.25,False,2.0,min_budget,door,1.0,4,0.0,1.38,1.88,1.13,0.5,1.25,False,1.38,1.88,0,0,,False,False,True,True,no guard,0,True,missed_delay,True,True,0,0,0.0,arm_away,arm_away,False,False,door=on;lock=locked;occupancy=off;schedule=away,True,6fce9b9cbaebe4dc,True,False,
20260812T225016,none:at_source:occupancy:D2_50:s0,S6_snapshot_coherence,0,det_ref,rule,none,at_source,occupancy,D2_50,0.5,2.5,False,2.0,min_budget,door,1.0,4,0.0,2.63,3.13,2.38,0.5,2.5,True,2.63,3.13,2,2,door|lock,True,True,True,True,no guard,0,True,missed_delay,False,False,3,3,0.75,arm_away,arm_away,False,False,door=on;lock=locked;occupancy=off;schedule=away,True,6fce9b9cbaebe4dc,True,False,
20260812T225016,none:at_source:occupancy:D2_50:s0,S6_snapshot_coherence,0,det_ref,agent_r,none,at_source,occupancy,D2_50,0.5,2.5,False,2.0,min_budget,door,1.0,4,0.0,2.63,3.13,2.38,0.5,2.5,True,2.63,3.13,2,2,door|lock,True,True,True,True,no guard,0,True,missed_delay,False,False,3,3,0.75,arm_away,arm_away,False,False,door=on;lock=locked;occupancy=off;schedule=away,True,6fce9b9cbaebe4dc,True,False,
20260812T225016,none:at_source:occupancy:D2_90:s0,S6_snapshot_coherence,0,det_ref,rule,none,at_source,occupancy,D2_90,0.9,4.5,False,2.0,min_budget,door,1.0,4,0.0,4.63,5.13,4.38,0.5,4.5,True,4.63,5.13,2,2,door|lock,True,True,True,True,no guard,0,True,missed_delay,False,False,3,3,0.75,arm_away,arm_away,False,False,door=on;lock=locked;occupancy=off;schedule=away,True,6fce9b9cbaebe4dc,True,False,
20260812T225016,none:at_source:occupancy:D2_90:s0,S6_snapshot_coherence,0,det_ref,agent_r,none,at_source,occupancy,D2_90,0.9,4.5,False,2.0,min_budget,door,1.0,4,0.0,4.63,5.13,4.38,0.5,4.5,True,4.63,5.13,2,2,door|lock,True,True,True,True,no guard,0,True,missed_delay,False,False,3,3,0.75,arm_away,arm_away,False,False,door=on;lock=locked;occupancy=off;schedule=away,True,6fce9b9cbaebe4dc,True,False,
20260812T225016,none:at_source:occupancy:D3_pre:s0,S6_snapshot_coherence,0,det_ref,rule,none,at_source,occupancy,D3_pre,1.0,4.95,False,2.0,min_budget,door,1.0,4,0.0,5.08,5.58,4.83,0.5,4.95,True,5.08,5.58,2,2,door|lock,True,True,True,True,no guard,0,True,missed_delay,False,False,3,3,0.75,arm_away,arm_away,False,False,door=on;lock=locked;occupancy=off;schedule=away,True,6fce9b9cbaebe4dc,True,False,
20260812T225016,none:at_source:occupancy:D3_pre:s0,S6_snapshot_coherence,0,det_ref,agent_r,none,at_source,occupancy,D3_pre,1.0,4.95,False,2.0,min_budget,door,1.0,4,0.0,5.08,5.58,4.83,0.5,4.95,True,5.08,5.58,2,2,door|lock,True,True,True,True,no guard,0,True,missed_delay,False,False,3,3,0.75,arm_away,arm_away,False,False,door=on;lock=locked;occupancy=off;schedule=away,True,6fce9b9cbaebe4dc,True,False,
20260812T225016,none:at_source:occupancy:D3_post:s0,S6_snapshot_coherence,0,det_ref,rule,none,at_source,occupancy,D3_post,1.0,5.05,False,2.0,min_budget,door,1.0,4,0.0,5.18,5.68,4.93,0.5,5.05,True,5.18,5.68,2,2,door|lock,True,True,True,True,no guard,0,True,missed_delay,False,False,3,3,0.75,arm_away,arm_away,False,False,door=on;lock=locked;occupancy=off;schedule=away,True,6fce9b9cbaebe4dc,True,False,
20260812T225016,none:at_source:occupancy:D3_post:s0,S6_snapshot_coherence,0,det_ref,agent_r,none,at_source,occupancy,D3_post,1.0,5.05,False,2.0,min_budget,door,1.0,4,0.0,5.18,5.68,4.93,0.5,5.05,True,5.18,5.68,2,2,door|lock,True,True,True,True,no guard,0,True,missed_delay,False,False,3,3,0.75,arm_away,arm_away,False,False,door=on;lock=locked;occupancy=off;schedule=away,True,6fce9b9cbaebe4dc,True,False,
20260812T225016,none:at_source:occupancy:D4_late:s0,S6_snapshot_coherence,0,det_ref,rule,none,at_source,occupancy,D4_late,,10.0,False,2.0,min_budget,door,1.0,4,0.0,10.13,10.63,9.88,0.5,10.0,True,10.13,10.63,2,2,door|lock,True,True,True,True,no guard,0,True,missed_delay,False,False,3,3,0.75,arm_away,arm_away,False,False,door=on;lock=locked;occupancy=off;schedule=away,True,6fce9b9cbaebe4dc,True,False,
20260812T225016,none:at_source:occupancy:D4_late:s0,S6_snapshot_coherence,0,det_ref,agent_r,none,at_source,occupancy,D4_late,,10.0,False,2.0,min_budget,door,1.0,4,0.0,10.13,10.63,9.88,0.5,10.0,True,10.13,10.63,2,2,door|lock,True,True,True,True,no guard,0,True,missed_delay,False,False,3,3,0.75,arm_away,arm_away,False,False,door=on;lock=locked;occupancy=off;schedule=away,True,6fce9b9cbaebe4dc,True,False,
20260812T225016,static:in_transit:occupancy:D0_none:s0,S6_snapshot_coherence,0,det_ref,rule,static,in_transit,,D0_none,,0.0,True,2.0,min_budget,door,1.0,4,0.0,0.25,0.75,0.0,0.5,0.0,False,0.25,0.75,0,0,,False,False,True,True,admitted,8,,control,True,True,0,0,0.0,arm_away,,False,False,door=off;lock=locked;occupancy=off;schedule=away,False,6fce9b9cbaebe4dc,True,False,
20260812T225016,static:in_transit:occupancy:D0_none:s0,S6_snapshot_coherence,0,det_ref,agent_r,static,in_transit,,D0_none,,0.0,True,2.0,min_budget,door,1.0,4,0.0,0.25,0.75,0.0,0.5,0.0,False,0.25,0.75,0,0,,False,False,True,True,admitted,8,,control,True,True,0,0,0.0,arm_away,,False,False,door=off;lock=locked;occupancy=off;schedule=away,False,6fce9b9cbaebe4dc,True,False,
20260812T225016,static:in_transit:occupancy:D1_jitter:s0,S6_snapshot_coherence,0,det_ref,rule,static,in_transit,occupancy,D1_jitter,,0.0018,False,2.0,min_budget,door,1.0,4,0.0,0.25,0.75,0.0,0.5,0.0,False,0.25,0.75,0,0,,False,False,True,True,admitted,8,True,missed_delay,True,True,0,0,0.0,arm_away,arm_away,False,False,door=off;lock=locked;occupancy=off;schedule=away,False,6fce9b9cbaebe4dc,True,True,
20260812T225016,static:in_transit:occupancy:D1_jitter:s0,S6_snapshot_coherence,0,det_ref,agent_r,static,in_transit,occupancy,D1_jitter,,0.0018,False,2.0,min_budget,door,1.0,4,0.0,0.25,0.75,0.0,0.5,0.0,False,0.25,0.75,0,0,,False,False,True,True,admitted,8,True,missed_delay,True,True,0,0,0.0,arm_away,arm_away,False,False,door=off;lock=locked;occupancy=off;schedule=away,False,6fce9b9cbaebe4dc,True,True,
20260812T225016,static:in_transit:occupancy:D2_25:s0,S6_snapshot_coherence,0,det_ref,rule,static,in_transit,occupancy,D2_25,0.25,1.25,False,2.0,min_budget,door,1.0,4,0.0,1.38,1.88,1.13,0.5,0.0,False,1.38,1.88,0,0,,False,False,True,True,admitted,8,True,missed_delay,True,True,0,0,0.0,arm_away,arm_away,False,False,door=on;lock=locked;occupancy=off;schedule=away,True,6fce9b9cbaebe4dc,True,False,
20260812T225016,static:in_transit:occupancy:D2_25:s0,S6_snapshot_coherence,0,det_ref,agent_r,static,in_transit,occupancy,D2_25,0.25,1.25,False,2.0,min_budget,door,1.0,4,0.0,1.38,1.88,1.13,0.5,0.0,False,1.38,1.88,0,0,,False,False,True,True,admitted,8,True,missed_delay,True,True,0,0,0.0,arm_away,arm_away,False,False,door=on;lock=locked;occupancy=off;schedule=away,True,6fce9b9cbaebe4dc,True,False,
20260812T225016,static:in_transit:occupancy:D2_50:s0,S6_snapshot_coherence,0,det_ref,rule,static,in_transit,occupancy,D2_50,0.5,2.5,False,2.0,min_budget,door,1.0,4,0.0,2.63,3.13,2.38,0.5,0.0,False,2.63,3.13,2,2,door|lock,False,False,True,True,admitted,8,True,missed_delay,False,False,2,2,0.5,arm_away,arm_away,False,False,door=on;lock=locked;occupancy=off;schedule=away,True,6fce9b9cbaebe4dc,True,False,
20260812T225016,static:in_transit:occupancy:D2_50:s0,S6_snapshot_coherence,0,det_ref,agent_r,static,in_transit,occupancy,D2_50,0.5,2.5,False,2.0,min_budget,door,1.0,4,0.0,2.63,3.13,2.38,0.5,0.0,False,2.63,3.13,2,2,door|lock,False,False,True,True,admitted,8,True,missed_delay,False,False,2,2,0.5,arm_away,arm_away,False,False,door=on;lock=locked;occupancy=off;schedule=away,True,6fce9b9cbaebe4dc,True,False,
20260812T225016,static:in_transit:occupancy:D2_90:s0,S6_snapshot_coherence,0,det_ref,rule,static,in_transit,occupancy,D2_90,0.9,4.5,False,2.0,min_budget,door,1.0,4,0.0,4.63,5.13,4.38,0.5,0.0,False,4.63,5.13,2,3,door|lock|occupancy,False,False,True,True,admitted,8,True,missed_delay,False,False,2,3,0.75,arm_away,arm_away,False,False,door=on;lock=locked;occupancy=off;schedule=away,True,6fce9b9cbaebe4dc,True,False,
20260812T225016,static:in_transit:occupancy:D2_90:s0,S6_snapshot_coherence,0,det_ref,agent_r,static,in_transit,occupancy,D2_90,0.9,4.5,False,2.0,min_budget,door,1.0,4,0.0,4.63,5.13,4.38,0.5,0.0,False,4.63,5.13,2,3,door|lock|occupancy,False,False,True,True,admitted,8,True,missed_delay,False,False,2,3,0.75,arm_away,arm_away,False,False,door=on;lock=locked;occupancy=off;schedule=away,True,6fce9b9cbaebe4dc,True,False,
20260812T225016,static:in_transit:occupancy:D3_pre:s0,S6_snapshot_coherence,0,det_ref,rule,static,in_transit,occupancy,D3_pre,1.0,4.95,False,2.0,min_budget,door,1.0,4,0.0,5.08,5.58,4.83,0.5,0.0,False,5.08,5.58,3,3,door|lock|occupancy,False,False,False,False,motion STALE (age 5.0s > 5.0s),8,True,caught_delay,False,False,3,3,0.75,report_not_set,arm_away,True,False,door=on;lock=locked;occupancy=off;schedule=away,False,6fce9b9cbaebe4dc,True,False,
20260812T225016,static:in_transit:occupancy:D3_pre:s0,S6_snapshot_coherence,0,det_ref,agent_r,static,in_transit,occupancy,D3_pre,1.0,4.95,False,2.0,min_budget,door,1.0,4,0.0,5.08,5.58,4.83,0.5,0.0,False,5.08,5.58,3,3,door|lock|occupancy,False,False,False,False,motion STALE (age 5.0s > 5.0s),8,True,caught_delay,False,False,3,3,0.75,defer_report_set,arm_away,True,True,door=on;lock=locked;occupancy=off;schedule=away,True,6fce9b9cbaebe4dc,True,False,
20260812T225016,static:in_transit:occupancy:D3_post:s0,S6_snapshot_coherence,0,det_ref,rule,static,in_transit,occupancy,D3_post,1.0,5.05,False,2.0,min_budget,door,1.0,4,0.0,5.18,5.68,4.93,0.5,0.0,False,5.18,5.68,3,3,door|lock|occupancy,False,False,False,False,motion STALE (age 5.1s > 5.0s),8,True,caught_delay,False,False,3,3,0.75,report_not_set,arm_away,True,False,door=on;lock=locked;occupancy=off;schedule=away,False,6fce9b9cbaebe4dc,True,False,
20260812T225016,static:in_transit:occupancy:D3_post:s0,S6_snapshot_coherence,0,det_ref,agent_r,static,in_transit,occupancy,D3_post,1.0,5.05,False,2.0,min_budget,door,1.0,4,0.0,5.18,5.68,4.93,0.5,0.0,False,5.18,5.68,3,3,door|lock|occupancy,False,False,False,False,motion STALE (age 5.1s > 5.0s),8,True,caught_delay,False,False,3,3,0.75,defer_report_set,arm_away,True,True,door=on;lock=locked;occupancy=off;schedule=away,True,6fce9b9cbaebe4dc,True,False,
20260812T225016,static:in_transit:occupancy:D4_late:s0,S6_snapshot_coherence,0,det_ref,rule,static,in_transit,occupancy,D4_late,,10.0,False,2.0,min_budget,door,1.0,4,0.0,10.13,10.63,9.88,0.5,0.0,False,10.13,10.63,3,3,door|lock|occupancy,False,False,False,False,motion STALE (age 10.1s > 5.0s),8,True,caught_delay,False,False,3,3,0.75,report_not_set,arm_away,True,False,door=on;lock=locked;occupancy=off;schedule=away,False,6fce9b9cbaebe4dc,True,False,
20260812T225016,static:in_transit:occupancy:D4_late:s0,S6_snapshot_coherence,0,det_ref,agent_r,static,in_transit,occupancy,D4_late,,10.0,False,2.0,min_budget,door,1.0,4,0.0,10.13,10.63,9.88,0.5,0.0,False,10.13,10.63,3,3,door|lock|occupancy,False,False,False,False,motion STALE (age 10.1s > 5.0s),8,True,caught_delay,False,False,3,3,0.75,defer_report_set,arm_away,True,True,door=on;lock=locked;occupancy=off;schedule=away,True,6fce9b9cbaebe4dc,True,False,
20260812T225016,static:at_source:occupancy:D0_none:s0,S6_snapshot_coherence,0,det_ref,rule,static,at_source,,D0_none,,0.0,True,2.0,min_budget,door,1.0,4,0.0,0.25,0.75,0.0,0.5,0.0,False,0.25,0.75,0,0,,False,False,True,True,admitted,8,,control,True,True,0,0,0.0,arm_away,,False,False,door=off;lock=locked;occupancy=off;schedule=away,False,6fce9b9cbaebe4dc,True,False,
20260812T225016,static:at_source:occupancy:D0_none:s0,S6_snapshot_coherence,0,det_ref,agent_r,static,at_source,,D0_none,,0.0,True,2.0,min_budget,door,1.0,4,0.0,0.25,0.75,0.0,0.5,0.0,False,0.25,0.75,0,0,,False,False,True,True,admitted,8,,control,True,True,0,0,0.0,arm_away,,False,False,door=off;lock=locked;occupancy=off;schedule=away,False,6fce9b9cbaebe4dc,True,False,
20260812T225016,static:at_source:occupancy:D1_jitter:s0,S6_snapshot_coherence,0,det_ref,rule,static,at_source,occupancy,D1_jitter,,0.0018,False,2.0,min_budget,door,1.0,4,0.0,0.25,0.75,0.0,0.5,0.0018,False,0.25,0.75,0,0,,False,False,True,True,admitted,8,True,missed_delay,True,True,0,0,0.0,arm_away,arm_away,False,False,door=off;lock=locked;occupancy=off;schedule=away,False,6fce9b9cbaebe4dc,True,True,
20260812T225016,static:at_source:occupancy:D1_jitter:s0,S6_snapshot_coherence,0,det_ref,agent_r,static,at_source,occupancy,D1_jitter,,0.0018,False,2.0,min_budget,door,1.0,4,0.0,0.25,0.75,0.0,0.5,0.0018,False,0.25,0.75,0,0,,False,False,True,True,admitted,8,True,missed_delay,True,True,0,0,0.0,arm_away,arm_away,False,False,door=off;lock=locked;occupancy=off;schedule=away,False,6fce9b9cbaebe4dc,True,True,
20260812T225016,static:at_source:occupancy:D2_25:s0,S6_snapshot_coherence,0,det_ref,rule,static,at_source,occupancy,D2_25,0.25,1.25,False,2.0,min_budget,door,1.0,4,0.0,1.38,1.88,1.13,0.5,1.25,False,1.38,1.88,0,0,,False,False,True,True,admitted,8,True,missed_delay,True,True,0,0,0.0,arm_away,arm_away,False,False,door=on;lock=locked;occupancy=off;schedule=away,True,6fce9b9cbaebe4dc,True,False,
20260812T225016,static:at_source:occupancy:D2_25:s0,S6_snapshot_coherence,0,det_ref,agent_r,static,at_source,occupancy,D2_25,0.25,1.25,False,2.0,min_budget,door,1.0,4,0.0,1.38,1.88,1.13,0.5,1.25,False,1.38,1.88,0,0,,False,False,True,True,admitted,8,True,missed_delay,True,True,0,0,0.0,arm_away,arm_away,False,False,door=on;lock=locked;occupancy=off;schedule=away,True,6fce9b9cbaebe4dc,True,False,
20260812T225016,static:at_source:occupancy:D2_50:s0,S6_snapshot_coherence,0,det_ref,rule,static,at_source,occupancy,D2_50,0.5,2.5,False,2.0,min_budget,door,1.0,4,0.0,2.63,3.13,2.38,0.5,2.5,True,2.63,3.13,2,2,door|lock,True,True,True,True,admitted,8,True,missed_delay,False,False,3,3,0.75,arm_away,arm_away,False,False,door=on;lock=locked;occupancy=off;schedule=away,True,6fce9b9cbaebe4dc,True,False,
20260812T225016,static:at_source:occupancy:D2_50:s0,S6_snapshot_coherence,0,det_ref,agent_r,static,at_source,occupancy,D2_50,0.5,2.5,False,2.0,min_budget,door,1.0,4,0.0,2.63,3.13,2.38,0.5,2.5,True,2.63,3.13,2,2,door|lock,True,True,True,True,admitted,8,True,missed_delay,False,False,3,3,0.75,arm_away,arm_away,False,False,door=on;lock=locked;occupancy=off;schedule=away,True,6fce9b9cbaebe4dc,True,False,
20260812T225016,static:at_source:occupancy:D2_90:s0,S6_snapshot_coherence,0,det_ref,rule,static,at_source,occupancy,D2_90,0.9,4.5,False,2.0,min_budget,door,1.0,4,0.0,4.63,5.13,4.38,0.5,4.5,True,4.63,5.13,2,2,door|lock,True,True,True,True,admitted,8,True,missed_delay,False,False,3,3,0.75,arm_away,arm_away,False,False,door=on;lock=locked;occupancy=off;schedule=away,True,6fce9b9cbaebe4dc,True,False,
20260812T225016,static:at_source:occupancy:D2_90:s0,S6_snapshot_coherence,0,det_ref,agent_r,static,at_source,occupancy,D2_90,0.9,4.5,False,2.0,min_budget,door,1.0,4,0.0,4.63,5.13,4.38,0.5,4.5,True,4.63,5.13,2,2,door|lock,True,True,True,True,admitted,8,True,missed_delay,False,False,3,3,0.75,arm_away,arm_away,False,False,door=on;lock=locked;occupancy=off;schedule=away,True,6fce9b9cbaebe4dc,True,False,
20260812T225016,static:at_source:occupancy:D3_pre:s0,S6_snapshot_coherence,0,det_ref,rule,static,at_source,occupancy,D3_pre,1.0,4.95,False,2.0,min_budget,door,1.0,4,0.0,5.08,5.58,4.83,0.5,4.95,True,5.08,5.58,2,2,door|lock,True,True,True,True,admitted,8,True,missed_delay,False,False,3,3,0.75,arm_away,arm_away,False,False,door=on;lock=locked;occupancy=off;schedule=away,True,6fce9b9cbaebe4dc,True,False,
20260812T225016,static:at_source:occupancy:D3_pre:s0,S6_snapshot_coherence,0,det_ref,agent_r,static,at_source,occupancy,D3_pre,1.0,4.95,False,2.0,min_budget,door,1.0,4,0.0,5.08,5.58,4.83,0.5,4.95,True,5.08,5.58,2,2,door|lock,True,True,True,True,admitted,8,True,missed_delay,False,False,3,3,0.75,arm_away,arm_away,False,False,door=on;lock=locked;occupancy=off;schedule=away,True,6fce9b9cbaebe4dc,True,False,
20260812T225016,static:at_source:occupancy:D3_post:s0,S6_snapshot_coherence,0,det_ref,rule,static,at_source,occupancy,D3_post,1.0,5.05,False,2.0,min_budget,door,1.0,4,0.0,5.18,5.68,4.93,0.5,5.05,True,5.18,5.68,2,2,door|lock,True,True,True,True,admitted,8,True,missed_delay,False,False,3,3,0.75,arm_away,arm_away,False,False,door=on;lock=locked;occupancy=off;schedule=away,True,6fce9b9cbaebe4dc,True,False,
20260812T225016,static:at_source:occupancy:D3_post:s0,S6_snapshot_coherence,0,det_ref,agent_r,static,at_source,occupancy,D3_post,1.0,5.05,False,2.0,min_budget,door,1.0,4,0.0,5.18,5.68,4.93,0.5,5.05,True,5.18,5.68,2,2,door|lock,True,True,True,True,admitted,8,True,missed_delay,False,False,3,3,0.75,arm_away,arm_away,False,False,door=on;lock=locked;occupancy=off;schedule=away,True,6fce9b9cbaebe4dc,True,False,
20260812T225016,static:at_source:occupancy:D4_late:s0,S6_snapshot_coherence,0,det_ref,rule,static,at_source,occupancy,D4_late,,10.0,False,2.0,min_budget,door,1.0,4,0.0,10.13,10.63,9.88,0.5,10.0,True,10.13,10.63,2,2,door|lock,True,True,True,True,admitted,8,True,missed_delay,False,False,3,3,0.75,arm_away,arm_away,False,False,door=on;lock=locked;occupancy=off;schedule=away,True,6fce9b9cbaebe4dc,True,False,
20260812T225016,static:at_source:occupancy:D4_late:s0,S6_snapshot_coherence,0,det_ref,agent_r,static,at_source,occupancy,D4_late,,10.0,False,2.0,min_budget,door,1.0,4,0.0,10.13,10.63,9.88,0.5,10.0,True,10.13,10.63,2,2,door|lock,True,True,True,True,admitted,8,True,missed_delay,False,False,3,3,0.75,arm_away,arm_away,False,False,door=on;lock=locked;occupancy=off;schedule=away,True,6fce9b9cbaebe4dc,True,False,
20260812T225016,heartbeat:in_transit:occupancy:D0_none:s0,S6_snapshot_coherence,0,det_ref,rule,heartbeat,in_transit,,D0_none,,0.0,True,2.0,min_budget,door,1.0,4,0.0,0.25,0.75,0.0,0.5,0.0,False,0.25,0.75,0,0,,False,False,True,False,contact REPLAYED (value-age 0.75s > heartbeat tolerance 0.25s); lock REPLAYED (value-age 0.75s > heartbeat tolerance 0.25s); motion REPLAYED (value-age 0.75s > heartbeat tolerance ,8,,control,True,True,0,0,0.0,report_not_set,,False,False,door=off;lock=locked;occupancy=off;schedule=away,False,6fce9b9cbaebe4dc,True,False,
20260812T225016,heartbeat:in_transit:occupancy:D0_none:s0,S6_snapshot_coherence,0,det_ref,agent_r,heartbeat,in_transit,,D0_none,,0.0,True,2.0,min_budget,door,1.0,4,0.0,0.25,0.75,0.0,0.5,0.0,False,0.25,0.75,0,0,,False,False,True,False,contact REPLAYED (value-age 0.75s > heartbeat tolerance 0.25s); lock REPLAYED (value-age 0.75s > heartbeat tolerance 0.25s); motion REPLAYED (value-age 0.75s > heartbeat tolerance ,8,,control,True,True,0,0,0.0,defer_report_set,,False,True,door=off;lock=locked;occupancy=off;schedule=away,False,6fce9b9cbaebe4dc,True,False,
20260812T225016,heartbeat:in_transit:occupancy:D1_jitter:s0,S6_snapshot_coherence,0,det_ref,rule,heartbeat,in_transit,occupancy,D1_jitter,,0.0018,False,2.0,min_budget,door,1.0,4,0.0,0.25,0.75,0.0,0.5,0.0,False,0.25,0.75,0,0,,False,False,True,False,contact REPLAYED (value-age 0.75s > heartbeat tolerance 0.25s); lock REPLAYED (value-age 0.75s > heartbeat tolerance 0.25s); motion REPLAYED (value-age 0.75s > heartbeat tolerance ,8,False,blocks_both,True,True,0,0,0.0,report_not_set,report_not_set,False,False,door=off;lock=locked;occupancy=off;schedule=away,False,6fce9b9cbaebe4dc,True,True,
20260812T225016,heartbeat:in_transit:occupancy:D1_jitter:s0,S6_snapshot_coherence,0,det_ref,agent_r,heartbeat,in_transit,occupancy,D1_jitter,,0.0018,False,2.0,min_budget,door,1.0,4,0.0,0.25,0.75,0.0,0.5,0.0,False,0.25,0.75,0,0,,False,False,True,False,contact REPLAYED (value-age 0.75s > heartbeat tolerance 0.25s); lock REPLAYED (value-age 0.75s > heartbeat tolerance 0.25s); motion REPLAYED (value-age 0.75s > heartbeat tolerance ,8,False,blocks_both,True,True,0,0,0.0,defer_report_set,defer_report_set,False,True,door=off;lock=locked;occupancy=off;schedule=away,False,6fce9b9cbaebe4dc,True,True,
20260812T225016,heartbeat:in_transit:occupancy:D2_25:s0,S6_snapshot_coherence,0,det_ref,rule,heartbeat,in_transit,occupancy,D2_25,0.25,1.25,False,2.0,min_budget,door,1.0,4,0.0,1.38,1.88,1.13,0.5,0.0,False,1.38,1.88,0,0,,False,False,False,False,contact REPLAYED (value-age 1.88s > heartbeat tolerance 0.25s); lock REPLAYED (value-age 1.88s > heartbeat tolerance 0.25s); motion REPLAYED (value-age 1.88s > heartbeat tolerance ,8,False,blocks_both,True,True,0,0,0.0,report_not_set,report_not_set,False,False,door=on;lock=locked;occupancy=off;schedule=away,False,6fce9b9cbaebe4dc,True,False,
20260812T225016,heartbeat:in_transit:occupancy:D2_25:s0,S6_snapshot_coherence,0,det_ref,agent_r,heartbeat,in_transit,occupancy,D2_25,0.25,1.25,False,2.0,min_budget,door,1.0,4,0.0,1.38,1.88,1.13,0.5,0.0,False,1.38,1.88,0,0,,False,False,False,False,contact REPLAYED (value-age 1.88s > heartbeat tolerance 0.25s); lock REPLAYED (value-age 1.88s > heartbeat tolerance 0.25s); motion REPLAYED (value-age 1.88s > heartbeat tolerance ,8,False,blocks_both,True,True,0,0,0.0,defer_report_set,defer_report_set,False,True,door=on;lock=locked;occupancy=off;schedule=away,True,6fce9b9cbaebe4dc,True,False,
20260812T225016,heartbeat:in_transit:occupancy:D2_50:s0,S6_snapshot_coherence,0,det_ref,rule,heartbeat,in_transit,occupancy,D2_50,0.5,2.5,False,2.0,min_budget,door,1.0,4,0.0,2.63,3.13,2.38,0.5,0.0,False,2.63,3.13,2,2,door|lock,False,False,False,False,contact REPLAYED (value-age 3.13s > heartbeat tolerance 0.25s); lock REPLAYED (value-age 3.13s > heartbeat tolerance 0.25s); motion REPLAYED (value-age 3.13s > heartbeat tolerance ,8,False,blocks_both,False,False,2,2,0.5,report_not_set,report_not_set,False,False,door=on;lock=locked;occupancy=off;schedule=away,False,6fce9b9cbaebe4dc,True,False,
20260812T225016,heartbeat:in_transit:occupancy:D2_50:s0,S6_snapshot_coherence,0,det_ref,agent_r,heartbeat,in_transit,occupancy,D2_50,0.5,2.5,False,2.0,min_budget,door,1.0,4,0.0,2.63,3.13,2.38,0.5,0.0,False,2.63,3.13,2,2,door|lock,False,False,False,False,contact REPLAYED (value-age 3.13s > heartbeat tolerance 0.25s); lock REPLAYED (value-age 3.13s > heartbeat tolerance 0.25s); motion REPLAYED (value-age 3.13s > heartbeat tolerance ,8,False,blocks_both,False,False,2,2,0.5,defer_report_set,defer_report_set,False,True,door=on;lock=locked;occupancy=off;schedule=away,True,6fce9b9cbaebe4dc,True,False,
20260812T225016,heartbeat:in_transit:occupancy:D2_90:s0,S6_snapshot_coherence,0,det_ref,rule,heartbeat,in_transit,occupancy,D2_90,0.9,4.5,False,2.0,min_budget,door,1.0,4,0.0,4.63,5.13,4.38,0.5,0.0,False,4.63,5.13,2,3,door|lock|occupancy,False,False,False,False,contact REPLAYED (value-age 5.13s > heartbeat tolerance 0.25s); lock REPLAYED (value-age 5.13s > heartbeat tolerance 0.25s); motion REPLAYED (value-age 5.13s > heartbeat tolerance ,8,False,blocks_both,False,False,2,3,0.75,report_not_set,report_not_set,False,False,door=on;lock=locked;occupancy=off;schedule=away,False,6fce9b9cbaebe4dc,True,False,
20260812T225016,heartbeat:in_transit:occupancy:D2_90:s0,S6_snapshot_coherence,0,det_ref,agent_r,heartbeat,in_transit,occupancy,D2_90,0.9,4.5,False,2.0,min_budget,door,1.0,4,0.0,4.63,5.13,4.38,0.5,0.0,False,4.63,5.13,2,3,door|lock|occupancy,False,False,False,False,contact REPLAYED (value-age 5.13s > heartbeat tolerance 0.25s); lock REPLAYED (value-age 5.13s > heartbeat tolerance 0.25s); motion REPLAYED (value-age 5.13s > heartbeat tolerance ,8,False,blocks_both,False,False,2,3,0.75,defer_report_set,defer_report_set,False,True,door=on;lock=locked;occupancy=off;schedule=away,True,6fce9b9cbaebe4dc,True,False,
20260812T225016,heartbeat:in_transit:occupancy:D3_pre:s0,S6_snapshot_coherence,0,det_ref,rule,heartbeat,in_transit,occupancy,D3_pre,1.0,4.95,False,2.0,min_budget,door,1.0,4,0.0,5.08,5.58,4.83,0.5,0.0,False,5.08,5.58,3,3,door|lock|occupancy,False,False,False,False,contact REPLAYED (value-age 5.58s > heartbeat tolerance 0.25s); lock REPLAYED (value-age 5.58s > heartbeat tolerance 0.25s); motion STALE (age 5.0s > 5.0s); schedule REPLAYED (valu,8,False,blocks_both,False,False,3,3,0.75,report_not_set,report_not_set,False,False,door=on;lock=locked;occupancy=off;schedule=away,False,6fce9b9cbaebe4dc,True,False,
20260812T225016,heartbeat:in_transit:occupancy:D3_pre:s0,S6_snapshot_coherence,0,det_ref,agent_r,heartbeat,in_transit,occupancy,D3_pre,1.0,4.95,False,2.0,min_budget,door,1.0,4,0.0,5.08,5.58,4.83,0.5,0.0,False,5.08,5.58,3,3,door|lock|occupancy,False,False,False,False,contact REPLAYED (value-age 5.58s > heartbeat tolerance 0.25s); lock REPLAYED (value-age 5.58s > heartbeat tolerance 0.25s); motion STALE (age 5.0s > 5.0s); schedule REPLAYED (valu,8,False,blocks_both,False,False,3,3,0.75,defer_report_set,defer_report_set,False,True,door=on;lock=locked;occupancy=off;schedule=away,True,6fce9b9cbaebe4dc,True,False,
20260812T225016,heartbeat:in_transit:occupancy:D3_post:s0,S6_snapshot_coherence,0,det_ref,rule,heartbeat,in_transit,occupancy,D3_post,1.0,5.05,False,2.0,min_budget,door,1.0,4,0.0,5.18,5.68,4.93,0.5,0.0,False,5.18,5.68,3,3,door|lock|occupancy,False,False,False,False,contact REPLAYED (value-age 5.68s > heartbeat tolerance 0.25s); lock REPLAYED (value-age 5.68s > heartbeat tolerance 0.25s); motion STALE (age 5.1s > 5.0s); schedule REPLAYED (valu,8,False,blocks_both,False,False,3,3,0.75,report_not_set,report_not_set,False,False,door=on;lock=locked;occupancy=off;schedule=away,False,6fce9b9cbaebe4dc,True,False,
20260812T225016,heartbeat:in_transit:occupancy:D3_post:s0,S6_snapshot_coherence,0,det_ref,agent_r,heartbeat,in_transit,occupancy,D3_post,1.0,5.05,False,2.0,min_budget,door,1.0,4,0.0,5.18,5.68,4.93,0.5,0.0,False,5.18,5.68,3,3,door|lock|occupancy,False,False,False,False,contact REPLAYED (value-age 5.68s > heartbeat tolerance 0.25s); lock REPLAYED (value-age 5.68s > heartbeat tolerance 0.25s); motion STALE (age 5.1s > 5.0s); schedule REPLAYED (valu,8,False,blocks_both,False,False,3,3,0.75,defer_report_set,defer_report_set,False,True,door=on;lock=locked;occupancy=off;schedule=away,True,6fce9b9cbaebe4dc,True,False,
20260812T225016,heartbeat:in_transit:occupancy:D4_late:s0,S6_snapshot_coherence,0,det_ref,rule,heartbeat,in_transit,occupancy,D4_late,,10.0,False,2.0,min_budget,door,1.0,4,0.0,10.13,10.63,9.88,0.5,0.0,False,10.13,10.63,3,3,door|lock|occupancy,False,False,False,False,contact REPLAYED (value-age 10.63s > heartbeat tolerance 0.25s); lock REPLAYED (value-age 10.63s > heartbeat tolerance 0.25s); motion STALE (age 10.1s > 5.0s); schedule REPLAYED (v,8,False,blocks_both,False,False,3,3,0.75,report_not_set,report_not_set,False,False,door=on;lock=locked;occupancy=off;schedule=away,False,6fce9b9cbaebe4dc,True,False,
20260812T225016,heartbeat:in_transit:occupancy:D4_late:s0,S6_snapshot_coherence,0,det_ref,agent_r,heartbeat,in_transit,occupancy,D4_late,,10.0,False,2.0,min_budget,door,1.0,4,0.0,10.13,10.63,9.88,0.5,0.0,False,10.13,10.63,3,3,door|lock|occupancy,False,False,False,False,contact REPLAYED (value-age 10.63s > heartbeat tolerance 0.25s); lock REPLAYED (value-age 10.63s > heartbeat tolerance 0.25s); motion STALE (age 10.1s > 5.0s); schedule REPLAYED (v,8,False,blocks_both,False,False,3,3,0.75,defer_report_set,defer_report_set,False,True,door=on;lock=locked;occupancy=off;schedule=away,True,6fce9b9cbaebe4dc,True,False,
20260812T225016,heartbeat:at_source:occupancy:D0_none:s0,S6_snapshot_coherence,0,det_ref,rule,heartbeat,at_source,,D0_none,,0.0,True,2.0,min_budget,door,1.0,4,0.0,0.25,0.75,0.0,0.5,0.0,False,0.25,0.75,0,0,,False,False,True,False,contact REPLAYED (value-age 0.75s > heartbeat tolerance 0.25s); lock REPLAYED (value-age 0.75s > heartbeat tolerance 0.25s); motion REPLAYED (value-age 0.75s > heartbeat tolerance ,8,,control,True,True,0,0,0.0,report_not_set,,False,False,door=off;lock=locked;occupancy=off;schedule=away,False,6fce9b9cbaebe4dc,True,False,
20260812T225016,heartbeat:at_source:occupancy:D0_none:s0,S6_snapshot_coherence,0,det_ref,agent_r,heartbeat,at_source,,D0_none,,0.0,True,2.0,min_budget,door,1.0,4,0.0,0.25,0.75,0.0,0.5,0.0,False,0.25,0.75,0,0,,False,False,True,False,contact REPLAYED (value-age 0.75s > heartbeat tolerance 0.25s); lock REPLAYED (value-age 0.75s > heartbeat tolerance 0.25s); motion REPLAYED (value-age 0.75s > heartbeat tolerance ,8,,control,True,True,0,0,0.0,defer_report_set,,False,True,door=off;lock=locked;occupancy=off;schedule=away,False,6fce9b9cbaebe4dc,True,False,
20260812T225016,heartbeat:at_source:occupancy:D1_jitter:s0,S6_snapshot_coherence,0,det_ref,rule,heartbeat,at_source,occupancy,D1_jitter,,0.0018,False,2.0,min_budget,door,1.0,4,0.0,0.25,0.75,0.0,0.5,0.0018,False,0.25,0.75,0,0,,False,False,True,False,contact REPLAYED (value-age 0.75s > heartbeat tolerance 0.25s); lock REPLAYED (value-age 0.75s > heartbeat tolerance 0.25s); motion REPLAYED (value-age 0.75s > heartbeat tolerance ,8,False,blocks_both,True,True,0,0,0.0,report_not_set,report_not_set,False,False,door=off;lock=locked;occupancy=off;schedule=away,False,6fce9b9cbaebe4dc,True,True,
20260812T225016,heartbeat:at_source:occupancy:D1_jitter:s0,S6_snapshot_coherence,0,det_ref,agent_r,heartbeat,at_source,occupancy,D1_jitter,,0.0018,False,2.0,min_budget,door,1.0,4,0.0,0.25,0.75,0.0,0.5,0.0018,False,0.25,0.75,0,0,,False,False,True,False,contact REPLAYED (value-age 0.75s > heartbeat tolerance 0.25s); lock REPLAYED (value-age 0.75s > heartbeat tolerance 0.25s); motion REPLAYED (value-age 0.75s > heartbeat tolerance ,8,False,blocks_both,True,True,0,0,0.0,defer_report_set,defer_report_set,False,True,door=off;lock=locked;occupancy=off;schedule=away,False,6fce9b9cbaebe4dc,True,True,
20260812T225016,heartbeat:at_source:occupancy:D2_25:s0,S6_snapshot_coherence,0,det_ref,rule,heartbeat,at_source,occupancy,D2_25,0.25,1.25,False,2.0,min_budget,door,1.0,4,0.0,1.38,1.88,1.13,0.5,1.25,False,1.38,1.88,0,0,,False,False,False,False,contact REPLAYED (value-age 1.88s > heartbeat tolerance 0.25s); lock REPLAYED (value-age 1.88s > heartbeat tolerance 0.25s); motion REPLAYED (value-age 0.63s > heartbeat tolerance ,8,False,blocks_both,True,True,0,0,0.0,report_not_set,report_not_set,False,False,door=on;lock=locked;occupancy=off;schedule=away,False,6fce9b9cbaebe4dc,True,False,
20260812T225016,heartbeat:at_source:occupancy:D2_25:s0,S6_snapshot_coherence,0,det_ref,agent_r,heartbeat,at_source,occupancy,D2_25,0.25,1.25,False,2.0,min_budget,door,1.0,4,0.0,1.38,1.88,1.13,0.5,1.25,False,1.38,1.88,0,0,,False,False,False,False,contact REPLAYED (value-age 1.88s > heartbeat tolerance 0.25s); lock REPLAYED (value-age 1.88s > heartbeat tolerance 0.25s); motion REPLAYED (value-age 0.63s > heartbeat tolerance ,8,False,blocks_both,True,True,0,0,0.0,defer_report_set,defer_report_set,False,True,door=on;lock=locked;occupancy=off;schedule=away,True,6fce9b9cbaebe4dc,True,False,
20260812T225016,heartbeat:at_source:occupancy:D2_50:s0,S6_snapshot_coherence,0,det_ref,rule,heartbeat,at_source,occupancy,D2_50,0.5,2.5,False,2.0,min_budget,door,1.0,4,0.0,2.63,3.13,2.38,0.5,2.5,True,2.63,3.13,2,2,door|lock,True,True,False,False,contact REPLAYED (value-age 3.13s > heartbeat tolerance 0.25s); lock REPLAYED (value-age 3.13s > heartbeat tolerance 0.25s); motion REPLAYED (value-age 0.63s > heartbeat tolerance ,8,False,blocks_both,False,False,3,3,0.75,report_not_set,report_not_set,False,False,door=on;lock=locked;occupancy=off;schedule=away,False,6fce9b9cbaebe4dc,True,False,
20260812T225016,heartbeat:at_source:occupancy:D2_50:s0,S6_snapshot_coherence,0,det_ref,agent_r,heartbeat,at_source,occupancy,D2_50,0.5,2.5,False,2.0,min_budget,door,1.0,4,0.0,2.63,3.13,2.38,0.5,2.5,True,2.63,3.13,2,2,door|lock,True,True,False,False,contact REPLAYED (value-age 3.13s > heartbeat tolerance 0.25s); lock REPLAYED (value-age 3.13s > heartbeat tolerance 0.25s); motion REPLAYED (value-age 0.63s > heartbeat tolerance ,8,False,blocks_both,False,False,3,3,0.75,defer_report_set,defer_report_set,False,True,door=on;lock=locked;occupancy=off;schedule=away,True,6fce9b9cbaebe4dc,True,False,
20260812T225016,heartbeat:at_source:occupancy:D2_90:s0,S6_snapshot_coherence,0,det_ref,rule,heartbeat,at_source,occupancy,D2_90,0.9,4.5,False,2.0,min_budget,door,1.0,4,0.0,4.63,5.13,4.38,0.5,4.5,True,4.63,5.13,2,2,door|lock,True,True,False,False,contact REPLAYED (value-age 5.13s > heartbeat tolerance 0.25s); lock REPLAYED (value-age 5.13s > heartbeat tolerance 0.25s); motion REPLAYED (value-age 0.63s > heartbeat tolerance ,8,False,blocks_both,False,False,3,3,0.75,report_not_set,report_not_set,False,False,door=on;lock=locked;occupancy=off;schedule=away,False,6fce9b9cbaebe4dc,True,False,
20260812T225016,heartbeat:at_source:occupancy:D2_90:s0,S6_snapshot_coherence,0,det_ref,agent_r,heartbeat,at_source,occupancy,D2_90,0.9,4.5,False,2.0,min_budget,door,1.0,4,0.0,4.63,5.13,4.38,0.5,4.5,True,4.63,5.13,2,2,door|lock,True,True,False,False,contact REPLAYED (value-age 5.13s > heartbeat tolerance 0.25s); lock REPLAYED (value-age 5.13s > heartbeat tolerance 0.25s); motion REPLAYED (value-age 0.63s > heartbeat tolerance ,8,False,blocks_both,False,False,3,3,0.75,defer_report_set,defer_report_set,False,True,door=on;lock=locked;occupancy=off;schedule=away,True,6fce9b9cbaebe4dc,True,False,
20260812T225016,heartbeat:at_source:occupancy:D3_pre:s0,S6_snapshot_coherence,0,det_ref,rule,heartbeat,at_source,occupancy,D3_pre,1.0,4.95,False,2.0,min_budget,door,1.0,4,0.0,5.08,5.58,4.83,0.5,4.95,True,5.08,5.58,2,2,door|lock,True,True,False,False,contact REPLAYED (value-age 5.58s > heartbeat tolerance 0.25s); lock REPLAYED (value-age 5.58s > heartbeat tolerance 0.25s); motion REPLAYED (value-age 0.63s > heartbeat tolerance ,8,False,blocks_both,False,False,3,3,0.75,report_not_set,report_not_set,False,False,door=on;lock=locked;occupancy=off;schedule=away,False,6fce9b9cbaebe4dc,True,False,
20260812T225016,heartbeat:at_source:occupancy:D3_pre:s0,S6_snapshot_coherence,0,det_ref,agent_r,heartbeat,at_source,occupancy,D3_pre,1.0,4.95,False,2.0,min_budget,door,1.0,4,0.0,5.08,5.58,4.83,0.5,4.95,True,5.08,5.58,2,2,door|lock,True,True,False,False,contact REPLAYED (value-age 5.58s > heartbeat tolerance 0.25s); lock REPLAYED (value-age 5.58s > heartbeat tolerance 0.25s); motion REPLAYED (value-age 0.63s > heartbeat tolerance ,8,False,blocks_both,False,False,3,3,0.75,defer_report_set,defer_report_set,False,True,door=on;lock=locked;occupancy=off;schedule=away,True,6fce9b9cbaebe4dc,True,False,
20260812T225016,heartbeat:at_source:occupancy:D3_post:s0,S6_snapshot_coherence,0,det_ref,rule,heartbeat,at_source,occupancy,D3_post,1.0,5.05,False,2.0,min_budget,door,1.0,4,0.0,5.18,5.68,4.93,0.5,5.05,True,5.18,5.68,2,2,door|lock,True,True,False,False,contact REPLAYED (value-age 5.68s > heartbeat tolerance 0.25s); lock REPLAYED (value-age 5.68s > heartbeat tolerance 0.25s); motion REPLAYED (value-age 0.63s > heartbeat tolerance ,8,False,blocks_both,False,False,3,3,0.75,report_not_set,report_not_set,False,False,door=on;lock=locked;occupancy=off;schedule=away,False,6fce9b9cbaebe4dc,True,False,
20260812T225016,heartbeat:at_source:occupancy:D3_post:s0,S6_snapshot_coherence,0,det_ref,agent_r,heartbeat,at_source,occupancy,D3_post,1.0,5.05,False,2.0,min_budget,door,1.0,4,0.0,5.18,5.68,4.93,0.5,5.05,True,5.18,5.68,2,2,door|lock,True,True,False,False,contact REPLAYED (value-age 5.68s > heartbeat tolerance 0.25s); lock REPLAYED (value-age 5.68s > heartbeat tolerance 0.25s); motion REPLAYED (value-age 0.63s > heartbeat tolerance ,8,False,blocks_both,False,False,3,3,0.75,defer_report_set,defer_report_set,False,True,door=on;lock=locked;occupancy=off;schedule=away,True,6fce9b9cbaebe4dc,True,False,
20260812T225016,heartbeat:at_source:occupancy:D4_late:s0,S6_snapshot_coherence,0,det_ref,rule,heartbeat,at_source,occupancy,D4_late,,10.0,False,2.0,min_budget,door,1.0,4,0.0,10.13,10.63,9.88,0.5,10.0,True,10.13,10.63,2,2,door|lock,True,True,False,False,contact REPLAYED (value-age 10.63s > heartbeat tolerance 0.25s); lock REPLAYED (value-age 10.63s > heartbeat tolerance 0.25s); motion REPLAYED (value-age 0.63s > heartbeat toleranc,8,False,blocks_both,False,False,3,3,0.75,report_not_set,report_not_set,False,False,door=on;lock=locked;occupancy=off;schedule=away,False,6fce9b9cbaebe4dc,True,False,
20260812T225016,heartbeat:at_source:occupancy:D4_late:s0,S6_snapshot_coherence,0,det_ref,agent_r,heartbeat,at_source,occupancy,D4_late,,10.0,False,2.0,min_budget,door,1.0,4,0.0,10.13,10.63,9.88,0.5,10.0,True,10.13,10.63,2,2,door|lock,True,True,False,False,contact REPLAYED (value-age 10.63s > heartbeat tolerance 0.25s); lock REPLAYED (value-age 10.63s > heartbeat tolerance 0.25s); motion REPLAYED (value-age 0.63s > heartbeat toleranc,8,False,blocks_both,False,False,3,3,0.75,defer_report_set,defer_report_set,False,True,door=on;lock=locked;occupancy=off;schedule=away,True,6fce9b9cbaebe4dc,True,False,
20260812T225016,activepoll:in_transit:occupancy:D0_none:s0,S6_snapshot_coherence,0,det_ref,rule,activepoll,in_transit,,D0_none,,0.0,True,2.0,min_budget,door,1.0,4,0.0,0.25,0.75,0.0,0.5,0.0,False,0.25,0.75,0,0,,False,False,False,False,contact REPLAYED (value-age 0.05s > heartbeat tolerance 0.05s); lock REPLAYED (value-age 0.05s > heartbeat tolerance 0.05s); motion REPLAYED (value-age 0.05s > heartbeat tolerance ,8,,control,True,True,0,0,0.0,report_not_set,,False,False,door=off;lock=locked;occupancy=off;schedule=away,False,6fce9b9cbaebe4dc,True,False,
20260812T225016,activepoll:in_transit:occupancy:D0_none:s0,S6_snapshot_coherence,0,det_ref,agent_r,activepoll,in_transit,,D0_none,,0.0,True,2.0,min_budget,door,1.0,4,0.0,0.25,0.75,0.0,0.5,0.0,False,0.25,0.75,0,0,,False,False,False,False,contact REPLAYED (value-age 0.05s > heartbeat tolerance 0.05s); lock REPLAYED (value-age 0.05s > heartbeat tolerance 0.05s); motion REPLAYED (value-age 0.05s > heartbeat tolerance ,8,,control,True,True,0,0,0.0,defer_report_set,,False,True,door=off;lock=locked;occupancy=off;schedule=away,False,6fce9b9cbaebe4dc,True,False,
20260812T225016,activepoll:in_transit:occupancy:D1_jitter:s0,S6_snapshot_coherence,0,det_ref,rule,activepoll,in_transit,occupancy,D1_jitter,,0.0018,False,2.0,min_budget,door,1.0,4,0.0,0.25,0.75,0.0,0.5,0.0,False,0.25,0.75,0,0,,False,False,False,False,contact REPLAYED (value-age 0.05s > heartbeat tolerance 0.05s); lock REPLAYED (value-age 0.05s > heartbeat tolerance 0.05s); motion REPLAYED (value-age 0.05s > heartbeat tolerance ,8,False,blocks_both,True,True,0,0,0.0,report_not_set,report_not_set,False,False,door=off;lock=locked;occupancy=off;schedule=away,False,6fce9b9cbaebe4dc,True,True,
20260812T225016,activepoll:in_transit:occupancy:D1_jitter:s0,S6_snapshot_coherence,0,det_ref,agent_r,activepoll,in_transit,occupancy,D1_jitter,,0.0018,False,2.0,min_budget,door,1.0,4,0.0,0.25,0.75,0.0,0.5,0.0,False,0.25,0.75,0,0,,False,False,False,False,contact REPLAYED (value-age 0.05s > heartbeat tolerance 0.05s); lock REPLAYED (value-age 0.05s > heartbeat tolerance 0.05s); motion REPLAYED (value-age 0.05s > heartbeat tolerance ,8,False,blocks_both,True,True,0,0,0.0,defer_report_set,defer_report_set,False,True,door=off;lock=locked;occupancy=off;schedule=away,False,6fce9b9cbaebe4dc,True,True,
20260812T225016,activepoll:in_transit:occupancy:D2_25:s0,S6_snapshot_coherence,0,det_ref,rule,activepoll,in_transit,occupancy,D2_25,0.25,1.25,False,2.0,min_budget,door,1.0,4,0.0,1.38,1.88,1.13,0.5,0.0,False,1.38,1.88,0,0,,False,False,False,False,contact REPLAYED (value-age 0.05s > heartbeat tolerance 0.05s); lock REPLAYED (value-age 0.05s > heartbeat tolerance 0.05s); motion REPLAYED (value-age 0.05s > heartbeat tolerance ,8,False,blocks_both,True,True,0,0,0.0,report_not_set,report_not_set,False,False,door=on;lock=locked;occupancy=off;schedule=away,False,6fce9b9cbaebe4dc,True,False,
20260812T225016,activepoll:in_transit:occupancy:D2_25:s0,S6_snapshot_coherence,0,det_ref,agent_r,activepoll,in_transit,occupancy,D2_25,0.25,1.25,False,2.0,min_budget,door,1.0,4,0.0,1.38,1.88,1.13,0.5,0.0,False,1.38,1.88,0,0,,False,False,False,False,contact REPLAYED (value-age 0.05s > heartbeat tolerance 0.05s); lock REPLAYED (value-age 0.05s > heartbeat tolerance 0.05s); motion REPLAYED (value-age 0.05s > heartbeat tolerance ,8,False,blocks_both,True,True,0,0,0.0,defer_report_set,defer_report_set,False,True,door=on;lock=locked;occupancy=off;schedule=away,True,6fce9b9cbaebe4dc,True,False,
20260812T225016,activepoll:in_transit:occupancy:D2_50:s0,S6_snapshot_coherence,0,det_ref,rule,activepoll,in_transit,occupancy,D2_50,0.5,2.5,False,2.0,min_budget,door,1.0,4,0.0,2.63,3.13,2.38,0.5,0.0,False,2.63,3.13,2,2,door|lock,False,False,False,False,contact=on (need off); schedule REPLAYED (value-age 3.13s > heartbeat tolerance 0.05s),8,False,blocks_both,False,False,2,2,0.5,report_not_set,report_not_set,False,False,door=on;lock=locked;occupancy=off;schedule=away,False,6fce9b9cbaebe4dc,True,False,
20260812T225016,activepoll:in_transit:occupancy:D2_50:s0,S6_snapshot_coherence,0,det_ref,agent_r,activepoll,in_transit,occupancy,D2_50,0.5,2.5,False,2.0,min_budget,door,1.0,4,0.0,2.63,3.13,2.38,0.5,0.0,False,2.63,3.13,2,2,door|lock,False,False,False,False,contact=on (need off); schedule REPLAYED (value-age 3.13s > heartbeat tolerance 0.05s),8,False,blocks_both,False,False,2,2,0.5,defer_report_set,defer_report_set,False,True,door=on;lock=locked;occupancy=off;schedule=away,True,6fce9b9cbaebe4dc,True,False,
20260812T225016,activepoll:in_transit:occupancy:D2_90:s0,S6_snapshot_coherence,0,det_ref,rule,activepoll,in_transit,occupancy,D2_90,0.9,4.5,False,2.0,min_budget,door,1.0,4,0.0,4.63,5.13,4.38,0.5,0.0,False,4.63,5.13,2,3,door|lock|occupancy,False,False,False,False,contact=on (need off); schedule REPLAYED (value-age 5.13s > heartbeat tolerance 0.05s),8,False,blocks_both,False,False,2,3,0.75,report_not_set,report_not_set,False,False,door=on;lock=locked;occupancy=off;schedule=away,False,6fce9b9cbaebe4dc,True,False,
20260812T225016,activepoll:in_transit:occupancy:D2_90:s0,S6_snapshot_coherence,0,det_ref,agent_r,activepoll,in_transit,occupancy,D2_90,0.9,4.5,False,2.0,min_budget,door,1.0,4,0.0,4.63,5.13,4.38,0.5,0.0,False,4.63,5.13,2,3,door|lock|occupancy,False,False,False,False,contact=on (need off); schedule REPLAYED (value-age 5.13s > heartbeat tolerance 0.05s),8,False,blocks_both,False,False,2,3,0.75,defer_report_set,defer_report_set,False,True,door=on;lock=locked;occupancy=off;schedule=away,True,6fce9b9cbaebe4dc,True,False,
20260812T225016,activepoll:in_transit:occupancy:D3_pre:s0,S6_snapshot_coherence,0,det_ref,rule,activepoll,in_transit,occupancy,D3_pre,1.0,4.95,False,2.0,min_budget,door,1.0,4,0.0,5.08,5.58,4.83,0.5,0.0,False,5.08,5.58,3,3,door|lock|occupancy,False,False,False,False,contact=on (need off); schedule REPLAYED (value-age 5.58s > heartbeat tolerance 0.05s),8,False,blocks_both,False,False,3,3,0.75,report_not_set,report_not_set,False,False,door=on;lock=locked;occupancy=off;schedule=away,False,6fce9b9cbaebe4dc,True,False,
20260812T225016,activepoll:in_transit:occupancy:D3_pre:s0,S6_snapshot_coherence,0,det_ref,agent_r,activepoll,in_transit,occupancy,D3_pre,1.0,4.95,False,2.0,min_budget,door,1.0,4,0.0,5.08,5.58,4.83,0.5,0.0,False,5.08,5.58,3,3,door|lock|occupancy,False,False,False,False,contact=on (need off); schedule REPLAYED (value-age 5.58s > heartbeat tolerance 0.05s),8,False,blocks_both,False,False,3,3,0.75,defer_report_set,defer_report_set,False,True,door=on;lock=locked;occupancy=off;schedule=away,True,6fce9b9cbaebe4dc,True,False,
20260812T225016,activepoll:in_transit:occupancy:D3_post:s0,S6_snapshot_coherence,0,det_ref,rule,activepoll,in_transit,occupancy,D3_post,1.0,5.05,False,2.0,min_budget,door,1.0,4,0.0,5.18,5.68,4.93,0.5,0.0,False,5.18,5.68,3,3,door|lock|occupancy,False,False,False,False,contact=on (need off); schedule REPLAYED (value-age 5.68s > heartbeat tolerance 0.05s),8,False,blocks_both,False,False,3,3,0.75,report_not_set,report_not_set,False,False,door=on;lock=locked;occupancy=off;schedule=away,False,6fce9b9cbaebe4dc,True,False,
20260812T225016,activepoll:in_transit:occupancy:D3_post:s0,S6_snapshot_coherence,0,det_ref,agent_r,activepoll,in_transit,occupancy,D3_post,1.0,5.05,False,2.0,min_budget,door,1.0,4,0.0,5.18,5.68,4.93,0.5,0.0,False,5.18,5.68,3,3,door|lock|occupancy,False,False,False,False,contact=on (need off); schedule REPLAYED (value-age 5.68s > heartbeat tolerance 0.05s),8,False,blocks_both,False,False,3,3,0.75,defer_report_set,defer_report_set,False,True,door=on;lock=locked;occupancy=off;schedule=away,True,6fce9b9cbaebe4dc,True,False,
20260812T225016,activepoll:in_transit:occupancy:D4_late:s0,S6_snapshot_coherence,0,det_ref,rule,activepoll,in_transit,occupancy,D4_late,,10.0,False,2.0,min_budget,door,1.0,4,0.0,10.13,10.63,9.88,0.5,0.0,False,10.13,10.63,3,3,door|lock|occupancy,False,False,False,False,contact REPLAYED (value-age 0.05s > heartbeat tolerance 0.05s); lock REPLAYED (value-age 0.05s > heartbeat tolerance 0.05s); motion REPLAYED (value-age 0.05s > heartbeat tolerance ,8,False,blocks_both,False,False,3,3,0.75,report_not_set,report_not_set,False,False,door=on;lock=locked;occupancy=off;schedule=away,False,6fce9b9cbaebe4dc,True,False,
20260812T225016,activepoll:in_transit:occupancy:D4_late:s0,S6_snapshot_coherence,0,det_ref,agent_r,activepoll,in_transit,occupancy,D4_late,,10.0,False,2.0,min_budget,door,1.0,4,0.0,10.13,10.63,9.88,0.5,0.0,False,10.13,10.63,3,3,door|lock|occupancy,False,False,False,False,contact REPLAYED (value-age 0.05s > heartbeat tolerance 0.05s); lock REPLAYED (value-age 0.05s > heartbeat tolerance 0.05s); motion REPLAYED (value-age 0.05s > heartbeat tolerance ,8,False,blocks_both,False,False,3,3,0.75,defer_report_set,defer_report_set,False,True,door=on;lock=locked;occupancy=off;schedule=away,True,6fce9b9cbaebe4dc,True,False,
20260812T225016,activepoll:at_source:occupancy:D0_none:s0,S6_snapshot_coherence,0,det_ref,rule,activepoll,at_source,,D0_none,,0.0,True,2.0,min_budget,door,1.0,4,0.0,0.25,0.75,0.0,0.5,0.0,False,0.25,0.75,0,0,,False,False,False,False,contact REPLAYED (value-age 0.05s > heartbeat tolerance 0.05s); lock REPLAYED (value-age 0.05s > heartbeat tolerance 0.05s); motion REPLAYED (value-age 0.05s > heartbeat tolerance ,8,,control,True,True,0,0,0.0,report_not_set,,False,False,door=off;lock=locked;occupancy=off;schedule=away,False,6fce9b9cbaebe4dc,True,False,
20260812T225016,activepoll:at_source:occupancy:D0_none:s0,S6_snapshot_coherence,0,det_ref,agent_r,activepoll,at_source,,D0_none,,0.0,True,2.0,min_budget,door,1.0,4,0.0,0.25,0.75,0.0,0.5,0.0,False,0.25,0.75,0,0,,False,False,False,False,contact REPLAYED (value-age 0.05s > heartbeat tolerance 0.05s); lock REPLAYED (value-age 0.05s > heartbeat tolerance 0.05s); motion REPLAYED (value-age 0.05s > heartbeat tolerance ,8,,control,True,True,0,0,0.0,defer_report_set,,False,True,door=off;lock=locked;occupancy=off;schedule=away,False,6fce9b9cbaebe4dc,True,False,
20260812T225016,activepoll:at_source:occupancy:D1_jitter:s0,S6_snapshot_coherence,0,det_ref,rule,activepoll,at_source,occupancy,D1_jitter,,0.0018,False,2.0,min_budget,door,1.0,4,0.0,0.25,0.75,0.0,0.5,0.0018,False,0.25,0.75,0,0,,False,False,False,False,contact REPLAYED (value-age 0.05s > heartbeat tolerance 0.05s); lock REPLAYED (value-age 0.05s > heartbeat tolerance 0.05s); motion REPLAYED (value-age 0.05s > heartbeat tolerance ,8,False,blocks_both,True,True,0,0,0.0,report_not_set,report_not_set,False,False,door=off;lock=locked;occupancy=off;schedule=away,False,6fce9b9cbaebe4dc,True,True,
20260812T225016,activepoll:at_source:occupancy:D1_jitter:s0,S6_snapshot_coherence,0,det_ref,agent_r,activepoll,at_source,occupancy,D1_jitter,,0.0018,False,2.0,min_budget,door,1.0,4,0.0,0.25,0.75,0.0,0.5,0.0018,False,0.25,0.75,0,0,,False,False,False,False,contact REPLAYED (value-age 0.05s > heartbeat tolerance 0.05s); lock REPLAYED (value-age 0.05s > heartbeat tolerance 0.05s); motion REPLAYED (value-age 0.05s > heartbeat tolerance ,8,False,blocks_both,True,True,0,0,0.0,defer_report_set,defer_report_set,False,True,door=off;lock=locked;occupancy=off;schedule=away,False,6fce9b9cbaebe4dc,True,True,
20260812T225016,activepoll:at_source:occupancy:D2_25:s0,S6_snapshot_coherence,0,det_ref,rule,activepoll,at_source,occupancy,D2_25,0.25,1.25,False,2.0,min_budget,door,1.0,4,0.0,1.38,1.88,1.13,0.5,1.25,False,1.38,1.88,0,0,,False,False,False,False,contact REPLAYED (value-age 0.05s > heartbeat tolerance 0.05s); lock REPLAYED (value-age 0.05s > heartbeat tolerance 0.05s); motion REPLAYED (value-age 0.05s > heartbeat tolerance ,8,False,blocks_both,True,True,0,0,0.0,report_not_set,report_not_set,False,False,door=on;lock=locked;occupancy=off;schedule=away,False,6fce9b9cbaebe4dc,True,False,
20260812T225016,activepoll:at_source:occupancy:D2_25:s0,S6_snapshot_coherence,0,det_ref,agent_r,activepoll,at_source,occupancy,D2_25,0.25,1.25,False,2.0,min_budget,door,1.0,4,0.0,1.38,1.88,1.13,0.5,1.25,False,1.38,1.88,0,0,,False,False,False,False,contact REPLAYED (value-age 0.05s > heartbeat tolerance 0.05s); lock REPLAYED (value-age 0.05s > heartbeat tolerance 0.05s); motion REPLAYED (value-age 0.05s > heartbeat tolerance ,8,False,blocks_both,True,True,0,0,0.0,defer_report_set,defer_report_set,False,True,door=on;lock=locked;occupancy=off;schedule=away,True,6fce9b9cbaebe4dc,True,False,
20260812T225016,activepoll:at_source:occupancy:D2_50:s0,S6_snapshot_coherence,0,det_ref,rule,activepoll,at_source,occupancy,D2_50,0.5,2.5,False,2.0,min_budget,door,1.0,4,0.0,2.63,3.13,2.38,0.5,2.5,True,2.63,3.13,2,2,door|lock,True,True,False,False,contact=on (need off); schedule REPLAYED (value-age 3.13s > heartbeat tolerance 0.05s),8,False,blocks_both,False,False,3,3,0.75,report_not_set,report_not_set,False,False,door=on;lock=locked;occupancy=off;schedule=away,False,6fce9b9cbaebe4dc,True,False,
20260812T225016,activepoll:at_source:occupancy:D2_50:s0,S6_snapshot_coherence,0,det_ref,agent_r,activepoll,at_source,occupancy,D2_50,0.5,2.5,False,2.0,min_budget,door,1.0,4,0.0,2.63,3.13,2.38,0.5,2.5,True,2.63,3.13,2,2,door|lock,True,True,False,False,contact=on (need off); schedule REPLAYED (value-age 3.13s > heartbeat tolerance 0.05s),8,False,blocks_both,False,False,3,3,0.75,defer_report_set,defer_report_set,False,True,door=on;lock=locked;occupancy=off;schedule=away,True,6fce9b9cbaebe4dc,True,False,
20260812T225016,activepoll:at_source:occupancy:D2_90:s0,S6_snapshot_coherence,0,det_ref,rule,activepoll,at_source,occupancy,D2_90,0.9,4.5,False,2.0,min_budget,door,1.0,4,0.0,4.63,5.13,4.38,0.5,4.5,True,4.63,5.13,2,2,door|lock,True,True,False,False,contact=on (need off); schedule REPLAYED (value-age 5.13s > heartbeat tolerance 0.05s),8,False,blocks_both,False,False,3,3,0.75,report_not_set,report_not_set,False,False,door=on;lock=locked;occupancy=off;schedule=away,False,6fce9b9cbaebe4dc,True,False,
20260812T225016,activepoll:at_source:occupancy:D2_90:s0,S6_snapshot_coherence,0,det_ref,agent_r,activepoll,at_source,occupancy,D2_90,0.9,4.5,False,2.0,min_budget,door,1.0,4,0.0,4.63,5.13,4.38,0.5,4.5,True,4.63,5.13,2,2,door|lock,True,True,False,False,contact=on (need off); schedule REPLAYED (value-age 5.13s > heartbeat tolerance 0.05s),8,False,blocks_both,False,False,3,3,0.75,defer_report_set,defer_report_set,False,True,door=on;lock=locked;occupancy=off;schedule=away,True,6fce9b9cbaebe4dc,True,False,
20260812T225016,activepoll:at_source:occupancy:D3_pre:s0,S6_snapshot_coherence,0,det_ref,rule,activepoll,at_source,occupancy,D3_pre,1.0,4.95,False,2.0,min_budget,door,1.0,4,0.0,5.08,5.58,4.83,0.5,4.95,True,5.08,5.58,2,2,door|lock,True,True,False,False,contact=on (need off); schedule REPLAYED (value-age 5.58s > heartbeat tolerance 0.05s),8,False,blocks_both,False,False,3,3,0.75,report_not_set,report_not_set,False,False,door=on;lock=locked;occupancy=off;schedule=away,False,6fce9b9cbaebe4dc,True,False,
20260812T225016,activepoll:at_source:occupancy:D3_pre:s0,S6_snapshot_coherence,0,det_ref,agent_r,activepoll,at_source,occupancy,D3_pre,1.0,4.95,False,2.0,min_budget,door,1.0,4,0.0,5.08,5.58,4.83,0.5,4.95,True,5.08,5.58,2,2,door|lock,True,True,False,False,contact=on (need off); schedule REPLAYED (value-age 5.58s > heartbeat tolerance 0.05s),8,False,blocks_both,False,False,3,3,0.75,defer_report_set,defer_report_set,False,True,door=on;lock=locked;occupancy=off;schedule=away,True,6fce9b9cbaebe4dc,True,False,
20260812T225016,activepoll:at_source:occupancy:D3_post:s0,S6_snapshot_coherence,0,det_ref,rule,activepoll,at_source,occupancy,D3_post,1.0,5.05,False,2.0,min_budget,door,1.0,4,0.0,5.18,5.68,4.93,0.5,5.05,True,5.18,5.68,2,2,door|lock,True,True,False,False,contact=on (need off); schedule REPLAYED (value-age 5.68s > heartbeat tolerance 0.05s),8,False,blocks_both,False,False,3,3,0.75,report_not_set,report_not_set,False,False,door=on;lock=locked;occupancy=off;schedule=away,False,6fce9b9cbaebe4dc,True,False,
20260812T225016,activepoll:at_source:occupancy:D3_post:s0,S6_snapshot_coherence,0,det_ref,agent_r,activepoll,at_source,occupancy,D3_post,1.0,5.05,False,2.0,min_budget,door,1.0,4,0.0,5.18,5.68,4.93,0.5,5.05,True,5.18,5.68,2,2,door|lock,True,True,False,False,contact=on (need off); schedule REPLAYED (value-age 5.68s > heartbeat tolerance 0.05s),8,False,blocks_both,False,False,3,3,0.75,defer_report_set,defer_report_set,False,True,door=on;lock=locked;occupancy=off;schedule=away,True,6fce9b9cbaebe4dc,True,False,
20260812T225016,activepoll:at_source:occupancy:D4_late:s0,S6_snapshot_coherence,0,det_ref,rule,activepoll,at_source,occupancy,D4_late,,10.0,False,2.0,min_budget,door,1.0,4,0.0,10.13,10.63,9.88,0.5,10.0,True,10.13,10.63,2,2,door|lock,True,True,False,False,contact REPLAYED (value-age 0.05s > heartbeat tolerance 0.05s); lock REPLAYED (value-age 0.05s > heartbeat tolerance 0.05s); motion REPLAYED (value-age 0.05s > heartbeat tolerance ,8,False,blocks_both,False,False,3,3,0.75,report_not_set,report_not_set,False,False,door=on;lock=locked;occupancy=off;schedule=away,False,6fce9b9cbaebe4dc,True,False,
20260812T225016,activepoll:at_source:occupancy:D4_late:s0,S6_snapshot_coherence,0,det_ref,agent_r,activepoll,at_source,occupancy,D4_late,,10.0,False,2.0,min_budget,door,1.0,4,0.0,10.13,10.63,9.88,0.5,10.0,True,10.13,10.63,2,2,door|lock,True,True,False,False,contact REPLAYED (value-age 0.05s > heartbeat tolerance 0.05s); lock REPLAYED (value-age 0.05s > heartbeat tolerance 0.05s); motion REPLAYED (value-age 0.05s > heartbeat tolerance ,8,False,blocks_both,False,False,3,3,0.75,defer_report_set,defer_report_set,False,True,door=on;lock=locked;occupancy=off;schedule=away,True,6fce9b9cbaebe4dc,True,False,
20260812T225016,anchored:in_transit:occupancy:D0_none:s0,S6_snapshot_coherence,0,det_ref,rule,anchored,in_transit,,D0_none,,0.0,True,2.0,min_budget,door,1.0,4,0.0,0.25,0.75,0.0,0.5,0.0,False,0.25,0.75,0,0,,False,False,True,True,admitted,8,,control,True,True,0,0,0.0,arm_away,,False,False,door=off;lock=locked;occupancy=off;schedule=away,False,6fce9b9cbaebe4dc,True,False,
20260812T225016,anchored:in_transit:occupancy:D0_none:s0,S6_snapshot_coherence,0,det_ref,agent_r,anchored,in_transit,,D0_none,,0.0,True,2.0,min_budget,door,1.0,4,0.0,0.25,0.75,0.0,0.5,0.0,False,0.25,0.75,0,0,,False,False,True,True,admitted,8,,control,True,True,0,0,0.0,arm_away,,False,False,door=off;lock=locked;occupancy=off;schedule=away,False,6fce9b9cbaebe4dc,True,False,
20260812T225016,anchored:in_transit:occupancy:D1_jitter:s0,S6_snapshot_coherence,0,det_ref,rule,anchored,in_transit,occupancy,D1_jitter,,0.0018,False,2.0,min_budget,door,1.0,4,0.0,0.25,0.75,0.0,0.5,0.0,False,0.25,0.75,0,0,,False,False,True,True,admitted,8,True,missed_delay,True,True,0,0,0.0,arm_away,arm_away,False,False,door=off;lock=locked;occupancy=off;schedule=away,False,6fce9b9cbaebe4dc,True,True,
20260812T225016,anchored:in_transit:occupancy:D1_jitter:s0,S6_snapshot_coherence,0,det_ref,agent_r,anchored,in_transit,occupancy,D1_jitter,,0.0018,False,2.0,min_budget,door,1.0,4,0.0,0.25,0.75,0.0,0.5,0.0,False,0.25,0.75,0,0,,False,False,True,True,admitted,8,True,missed_delay,True,True,0,0,0.0,arm_away,arm_away,False,False,door=off;lock=locked;occupancy=off;schedule=away,False,6fce9b9cbaebe4dc,True,True,
20260812T225016,anchored:in_transit:occupancy:D2_25:s0,S6_snapshot_coherence,0,det_ref,rule,anchored,in_transit,occupancy,D2_25,0.25,1.25,False,2.0,min_budget,door,1.0,4,0.0,1.38,1.88,1.13,0.5,0.0,False,1.38,1.88,0,0,,False,False,False,False,contact REPLAYED (value-age 1.38s > heartbeat tolerance 0.25s); lock REPLAYED (value-age 1.38s > heartbeat tolerance 0.25s); motion REPLAYED (value-age 1.38s > heartbeat tolerance ,8,True,caught_delay,True,True,0,0,0.0,report_not_set,arm_away,True,False,door=on;lock=locked;occupancy=off;schedule=away,False,6fce9b9cbaebe4dc,True,False,
20260812T225016,anchored:in_transit:occupancy:D2_25:s0,S6_snapshot_coherence,0,det_ref,agent_r,anchored,in_transit,occupancy,D2_25,0.25,1.25,False,2.0,min_budget,door,1.0,4,0.0,1.38,1.88,1.13,0.5,0.0,False,1.38,1.88,0,0,,False,False,False,False,contact REPLAYED (value-age 1.38s > heartbeat tolerance 0.25s); lock REPLAYED (value-age 1.38s > heartbeat tolerance 0.25s); motion REPLAYED (value-age 1.38s > heartbeat tolerance ,8,True,caught_delay,True,True,0,0,0.0,defer_report_set,arm_away,True,True,door=on;lock=locked;occupancy=off;schedule=away,True,6fce9b9cbaebe4dc,True,False,
20260812T225016,anchored:in_transit:occupancy:D2_50:s0,S6_snapshot_coherence,0,det_ref,rule,anchored,in_transit,occupancy,D2_50,0.5,2.5,False,2.0,min_budget,door,1.0,4,0.0,2.63,3.13,2.38,0.5,0.0,False,2.63,3.13,2,2,door|lock,False,False,False,False,contact REPLAYED (value-age 2.63s > heartbeat tolerance 0.25s); lock REPLAYED (value-age 2.63s > heartbeat tolerance 0.25s); motion REPLAYED (value-age 2.63s > heartbeat tolerance ,8,True,caught_delay,False,False,2,2,0.5,report_not_set,arm_away,True,False,door=on;lock=locked;occupancy=off;schedule=away,False,6fce9b9cbaebe4dc,True,False,
20260812T225016,anchored:in_transit:occupancy:D2_50:s0,S6_snapshot_coherence,0,det_ref,agent_r,anchored,in_transit,occupancy,D2_50,0.5,2.5,False,2.0,min_budget,door,1.0,4,0.0,2.63,3.13,2.38,0.5,0.0,False,2.63,3.13,2,2,door|lock,False,False,False,False,contact REPLAYED (value-age 2.63s > heartbeat tolerance 0.25s); lock REPLAYED (value-age 2.63s > heartbeat tolerance 0.25s); motion REPLAYED (value-age 2.63s > heartbeat tolerance ,8,True,caught_delay,False,False,2,2,0.5,defer_report_set,arm_away,True,True,door=on;lock=locked;occupancy=off;schedule=away,True,6fce9b9cbaebe4dc,True,False,
20260812T225016,anchored:in_transit:occupancy:D2_90:s0,S6_snapshot_coherence,0,det_ref,rule,anchored,in_transit,occupancy,D2_90,0.9,4.5,False,2.0,min_budget,door,1.0,4,0.0,4.63,5.13,4.38,0.5,0.0,False,4.63,5.13,2,3,door|lock|occupancy,False,False,False,False,contact REPLAYED (value-age 4.63s > heartbeat tolerance 0.25s); lock REPLAYED (value-age 4.63s > heartbeat tolerance 0.25s); motion REPLAYED (value-age 4.63s > heartbeat tolerance ,8,True,caught_delay,False,False,2,3,0.75,report_not_set,arm_away,True,False,door=on;lock=locked;occupancy=off;schedule=away,False,6fce9b9cbaebe4dc,True,False,
20260812T225016,anchored:in_transit:occupancy:D2_90:s0,S6_snapshot_coherence,0,det_ref,agent_r,anchored,in_transit,occupancy,D2_90,0.9,4.5,False,2.0,min_budget,door,1.0,4,0.0,4.63,5.13,4.38,0.5,0.0,False,4.63,5.13,2,3,door|lock|occupancy,False,False,False,False,contact REPLAYED (value-age 4.63s > heartbeat tolerance 0.25s); lock REPLAYED (value-age 4.63s > heartbeat tolerance 0.25s); motion REPLAYED (value-age 4.63s > heartbeat tolerance ,8,True,caught_delay,False,False,2,3,0.75,defer_report_set,arm_away,True,True,door=on;lock=locked;occupancy=off;schedule=away,True,6fce9b9cbaebe4dc,True,False,
20260812T225016,anchored:in_transit:occupancy:D3_pre:s0,S6_snapshot_coherence,0,det_ref,rule,anchored,in_transit,occupancy,D3_pre,1.0,4.95,False,2.0,min_budget,door,1.0,4,0.0,5.08,5.58,4.83,0.5,0.0,False,5.08,5.58,3,3,door|lock|occupancy,False,False,False,False,contact REPLAYED (value-age 5.08s > heartbeat tolerance 0.25s); lock REPLAYED (value-age 5.08s > heartbeat tolerance 0.25s); motion REPLAYED (value-age 5.08s > heartbeat tolerance ,8,True,caught_delay,False,False,3,3,0.75,report_not_set,arm_away,True,False,door=on;lock=locked;occupancy=off;schedule=away,False,6fce9b9cbaebe4dc,True,False,
20260812T225016,anchored:in_transit:occupancy:D3_pre:s0,S6_snapshot_coherence,0,det_ref,agent_r,anchored,in_transit,occupancy,D3_pre,1.0,4.95,False,2.0,min_budget,door,1.0,4,0.0,5.08,5.58,4.83,0.5,0.0,False,5.08,5.58,3,3,door|lock|occupancy,False,False,False,False,contact REPLAYED (value-age 5.08s > heartbeat tolerance 0.25s); lock REPLAYED (value-age 5.08s > heartbeat tolerance 0.25s); motion REPLAYED (value-age 5.08s > heartbeat tolerance ,8,True,caught_delay,False,False,3,3,0.75,defer_report_set,arm_away,True,True,door=on;lock=locked;occupancy=off;schedule=away,True,6fce9b9cbaebe4dc,True,False,
20260812T225016,anchored:in_transit:occupancy:D3_post:s0,S6_snapshot_coherence,0,det_ref,rule,anchored,in_transit,occupancy,D3_post,1.0,5.05,False,2.0,min_budget,door,1.0,4,0.0,5.18,5.68,4.93,0.5,0.0,False,5.18,5.68,3,3,door|lock|occupancy,False,False,False,False,contact REPLAYED (value-age 5.18s > heartbeat tolerance 0.25s); lock REPLAYED (value-age 5.18s > heartbeat tolerance 0.25s); motion REPLAYED (value-age 5.18s > heartbeat tolerance ,8,True,caught_delay,False,False,3,3,0.75,report_not_set,arm_away,True,False,door=on;lock=locked;occupancy=off;schedule=away,False,6fce9b9cbaebe4dc,True,False,
20260812T225016,anchored:in_transit:occupancy:D3_post:s0,S6_snapshot_coherence,0,det_ref,agent_r,anchored,in_transit,occupancy,D3_post,1.0,5.05,False,2.0,min_budget,door,1.0,4,0.0,5.18,5.68,4.93,0.5,0.0,False,5.18,5.68,3,3,door|lock|occupancy,False,False,False,False,contact REPLAYED (value-age 5.18s > heartbeat tolerance 0.25s); lock REPLAYED (value-age 5.18s > heartbeat tolerance 0.25s); motion REPLAYED (value-age 5.18s > heartbeat tolerance ,8,True,caught_delay,False,False,3,3,0.75,defer_report_set,arm_away,True,True,door=on;lock=locked;occupancy=off;schedule=away,True,6fce9b9cbaebe4dc,True,False,
20260812T225016,anchored:in_transit:occupancy:D4_late:s0,S6_snapshot_coherence,0,det_ref,rule,anchored,in_transit,occupancy,D4_late,,10.0,False,2.0,min_budget,door,1.0,4,0.0,10.13,10.63,9.88,0.5,0.0,False,10.13,10.63,3,3,door|lock|occupancy,False,False,False,False,contact REPLAYED (value-age 10.13s > heartbeat tolerance 0.25s); lock REPLAYED (value-age 10.13s > heartbeat tolerance 0.25s); motion STALE (age 9.6s > 5.0s); schedule REPLAYED (va,8,True,caught_delay,False,False,3,3,0.75,report_not_set,arm_away,True,False,door=on;lock=locked;occupancy=off;schedule=away,False,6fce9b9cbaebe4dc,True,False,
20260812T225016,anchored:in_transit:occupancy:D4_late:s0,S6_snapshot_coherence,0,det_ref,agent_r,anchored,in_transit,occupancy,D4_late,,10.0,False,2.0,min_budget,door,1.0,4,0.0,10.13,10.63,9.88,0.5,0.0,False,10.13,10.63,3,3,door|lock|occupancy,False,False,False,False,contact REPLAYED (value-age 10.13s > heartbeat tolerance 0.25s); lock REPLAYED (value-age 10.13s > heartbeat tolerance 0.25s); motion STALE (age 9.6s > 5.0s); schedule REPLAYED (va,8,True,caught_delay,False,False,3,3,0.75,defer_report_set,arm_away,True,True,door=on;lock=locked;occupancy=off;schedule=away,True,6fce9b9cbaebe4dc,True,False,
20260812T225016,anchored:at_source:occupancy:D0_none:s0,S6_snapshot_coherence,0,det_ref,rule,anchored,at_source,,D0_none,,0.0,True,2.0,min_budget,door,1.0,4,0.0,0.25,0.75,0.0,0.5,0.0,False,0.25,0.75,0,0,,False,False,True,True,admitted,8,,control,True,True,0,0,0.0,arm_away,,False,False,door=off;lock=locked;occupancy=off;schedule=away,False,6fce9b9cbaebe4dc,True,False,
20260812T225016,anchored:at_source:occupancy:D0_none:s0,S6_snapshot_coherence,0,det_ref,agent_r,anchored,at_source,,D0_none,,0.0,True,2.0,min_budget,door,1.0,4,0.0,0.25,0.75,0.0,0.5,0.0,False,0.25,0.75,0,0,,False,False,True,True,admitted,8,,control,True,True,0,0,0.0,arm_away,,False,False,door=off;lock=locked;occupancy=off;schedule=away,False,6fce9b9cbaebe4dc,True,False,
20260812T225016,anchored:at_source:occupancy:D1_jitter:s0,S6_snapshot_coherence,0,det_ref,rule,anchored,at_source,occupancy,D1_jitter,,0.0018,False,2.0,min_budget,door,1.0,4,0.0,0.25,0.75,0.0,0.5,0.0018,False,0.25,0.75,0,0,,False,False,True,True,admitted,8,True,missed_delay,True,True,0,0,0.0,arm_away,arm_away,False,False,door=off;lock=locked;occupancy=off;schedule=away,False,6fce9b9cbaebe4dc,True,True,
20260812T225016,anchored:at_source:occupancy:D1_jitter:s0,S6_snapshot_coherence,0,det_ref,agent_r,anchored,at_source,occupancy,D1_jitter,,0.0018,False,2.0,min_budget,door,1.0,4,0.0,0.25,0.75,0.0,0.5,0.0018,False,0.25,0.75,0,0,,False,False,True,True,admitted,8,True,missed_delay,True,True,0,0,0.0,arm_away,arm_away,False,False,door=off;lock=locked;occupancy=off;schedule=away,False,6fce9b9cbaebe4dc,True,True,
20260812T225016,anchored:at_source:occupancy:D2_25:s0,S6_snapshot_coherence,0,det_ref,rule,anchored,at_source,occupancy,D2_25,0.25,1.25,False,2.0,min_budget,door,1.0,4,0.0,1.38,1.88,1.13,0.5,1.25,False,1.38,1.88,0,0,,False,False,False,False,contact REPLAYED (value-age 1.38s > heartbeat tolerance 0.25s); lock REPLAYED (value-age 1.38s > heartbeat tolerance 0.25s); schedule REPLAYED (value-age 1.38s > heartbeat toleranc,8,True,caught_delay,True,True,0,0,0.0,report_not_set,arm_away,True,False,door=on;lock=locked;occupancy=off;schedule=away,False,6fce9b9cbaebe4dc,True,False,
20260812T225016,anchored:at_source:occupancy:D2_25:s0,S6_snapshot_coherence,0,det_ref,agent_r,anchored,at_source,occupancy,D2_25,0.25,1.25,False,2.0,min_budget,door,1.0,4,0.0,1.38,1.88,1.13,0.5,1.25,False,1.38,1.88,0,0,,False,False,False,False,contact REPLAYED (value-age 1.38s > heartbeat tolerance 0.25s); lock REPLAYED (value-age 1.38s > heartbeat tolerance 0.25s); schedule REPLAYED (value-age 1.38s > heartbeat toleranc,8,True,caught_delay,True,True,0,0,0.0,defer_report_set,arm_away,True,True,door=on;lock=locked;occupancy=off;schedule=away,True,6fce9b9cbaebe4dc,True,False,
20260812T225016,anchored:at_source:occupancy:D2_50:s0,S6_snapshot_coherence,0,det_ref,rule,anchored,at_source,occupancy,D2_50,0.5,2.5,False,2.0,min_budget,door,1.0,4,0.0,2.63,3.13,2.38,0.5,2.5,True,2.63,3.13,2,2,door|lock,True,True,False,False,contact REPLAYED (value-age 2.63s > heartbeat tolerance 0.25s); lock REPLAYED (value-age 2.63s > heartbeat tolerance 0.25s); schedule REPLAYED (value-age 2.63s > heartbeat toleranc,8,True,caught_delay,False,False,3,3,0.75,report_not_set,arm_away,True,False,door=on;lock=locked;occupancy=off;schedule=away,False,6fce9b9cbaebe4dc,True,False,
20260812T225016,anchored:at_source:occupancy:D2_50:s0,S6_snapshot_coherence,0,det_ref,agent_r,anchored,at_source,occupancy,D2_50,0.5,2.5,False,2.0,min_budget,door,1.0,4,0.0,2.63,3.13,2.38,0.5,2.5,True,2.63,3.13,2,2,door|lock,True,True,False,False,contact REPLAYED (value-age 2.63s > heartbeat tolerance 0.25s); lock REPLAYED (value-age 2.63s > heartbeat tolerance 0.25s); schedule REPLAYED (value-age 2.63s > heartbeat toleranc,8,True,caught_delay,False,False,3,3,0.75,defer_report_set,arm_away,True,True,door=on;lock=locked;occupancy=off;schedule=away,True,6fce9b9cbaebe4dc,True,False,
20260812T225016,anchored:at_source:occupancy:D2_90:s0,S6_snapshot_coherence,0,det_ref,rule,anchored,at_source,occupancy,D2_90,0.9,4.5,False,2.0,min_budget,door,1.0,4,0.0,4.63,5.13,4.38,0.5,4.5,True,4.63,5.13,2,2,door|lock,True,True,False,False,contact REPLAYED (value-age 4.63s > heartbeat tolerance 0.25s); lock REPLAYED (value-age 4.63s > heartbeat tolerance 0.25s); schedule REPLAYED (value-age 4.63s > heartbeat toleranc,8,True,caught_delay,False,False,3,3,0.75,report_not_set,arm_away,True,False,door=on;lock=locked;occupancy=off;schedule=away,False,6fce9b9cbaebe4dc,True,False,
20260812T225016,anchored:at_source:occupancy:D2_90:s0,S6_snapshot_coherence,0,det_ref,agent_r,anchored,at_source,occupancy,D2_90,0.9,4.5,False,2.0,min_budget,door,1.0,4,0.0,4.63,5.13,4.38,0.5,4.5,True,4.63,5.13,2,2,door|lock,True,True,False,False,contact REPLAYED (value-age 4.63s > heartbeat tolerance 0.25s); lock REPLAYED (value-age 4.63s > heartbeat tolerance 0.25s); schedule REPLAYED (value-age 4.63s > heartbeat toleranc,8,True,caught_delay,False,False,3,3,0.75,defer_report_set,arm_away,True,True,door=on;lock=locked;occupancy=off;schedule=away,True,6fce9b9cbaebe4dc,True,False,
20260812T225016,anchored:at_source:occupancy:D3_pre:s0,S6_snapshot_coherence,0,det_ref,rule,anchored,at_source,occupancy,D3_pre,1.0,4.95,False,2.0,min_budget,door,1.0,4,0.0,5.08,5.58,4.83,0.5,4.95,True,5.08,5.58,2,2,door|lock,True,True,False,False,contact REPLAYED (value-age 5.08s > heartbeat tolerance 0.25s); lock REPLAYED (value-age 5.08s > heartbeat tolerance 0.25s); schedule REPLAYED (value-age 5.08s > heartbeat toleranc,8,True,caught_delay,False,False,3,3,0.75,report_not_set,arm_away,True,False,door=on;lock=locked;occupancy=off;schedule=away,False,6fce9b9cbaebe4dc,True,False,
20260812T225016,anchored:at_source:occupancy:D3_pre:s0,S6_snapshot_coherence,0,det_ref,agent_r,anchored,at_source,occupancy,D3_pre,1.0,4.95,False,2.0,min_budget,door,1.0,4,0.0,5.08,5.58,4.83,0.5,4.95,True,5.08,5.58,2,2,door|lock,True,True,False,False,contact REPLAYED (value-age 5.08s > heartbeat tolerance 0.25s); lock REPLAYED (value-age 5.08s > heartbeat tolerance 0.25s); schedule REPLAYED (value-age 5.08s > heartbeat toleranc,8,True,caught_delay,False,False,3,3,0.75,defer_report_set,arm_away,True,True,door=on;lock=locked;occupancy=off;schedule=away,True,6fce9b9cbaebe4dc,True,False,
20260812T225016,anchored:at_source:occupancy:D3_post:s0,S6_snapshot_coherence,0,det_ref,rule,anchored,at_source,occupancy,D3_post,1.0,5.05,False,2.0,min_budget,door,1.0,4,0.0,5.18,5.68,4.93,0.5,5.05,True,5.18,5.68,2,2,door|lock,True,True,False,False,contact REPLAYED (value-age 5.18s > heartbeat tolerance 0.25s); lock REPLAYED (value-age 5.18s > heartbeat tolerance 0.25s); schedule REPLAYED (value-age 5.18s > heartbeat toleranc,8,True,caught_delay,False,False,3,3,0.75,report_not_set,arm_away,True,False,door=on;lock=locked;occupancy=off;schedule=away,False,6fce9b9cbaebe4dc,True,False,
20260812T225016,anchored:at_source:occupancy:D3_post:s0,S6_snapshot_coherence,0,det_ref,agent_r,anchored,at_source,occupancy,D3_post,1.0,5.05,False,2.0,min_budget,door,1.0,4,0.0,5.18,5.68,4.93,0.5,5.05,True,5.18,5.68,2,2,door|lock,True,True,False,False,contact REPLAYED (value-age 5.18s > heartbeat tolerance 0.25s); lock REPLAYED (value-age 5.18s > heartbeat tolerance 0.25s); schedule REPLAYED (value-age 5.18s > heartbeat toleranc,8,True,caught_delay,False,False,3,3,0.75,defer_report_set,arm_away,True,True,door=on;lock=locked;occupancy=off;schedule=away,True,6fce9b9cbaebe4dc,True,False,
20260812T225016,anchored:at_source:occupancy:D4_late:s0,S6_snapshot_coherence,0,det_ref,rule,anchored,at_source,occupancy,D4_late,,10.0,False,2.0,min_budget,door,1.0,4,0.0,10.13,10.63,9.88,0.5,10.0,True,10.13,10.63,2,2,door|lock,True,True,False,False,contact REPLAYED (value-age 10.13s > heartbeat tolerance 0.25s); lock REPLAYED (value-age 10.13s > heartbeat tolerance 0.25s); schedule REPLAYED (value-age 10.13s > heartbeat toler,8,True,caught_delay,False,False,3,3,0.75,report_not_set,arm_away,True,False,door=on;lock=locked;occupancy=off;schedule=away,False,6fce9b9cbaebe4dc,True,False,
20260812T225016,anchored:at_source:occupancy:D4_late:s0,S6_snapshot_coherence,0,det_ref,agent_r,anchored,at_source,occupancy,D4_late,,10.0,False,2.0,min_budget,door,1.0,4,0.0,10.13,10.63,9.88,0.5,10.0,True,10.13,10.63,2,2,door|lock,True,True,False,False,contact REPLAYED (value-age 10.13s > heartbeat tolerance 0.25s); lock REPLAYED (value-age 10.13s > heartbeat tolerance 0.25s); schedule REPLAYED (value-age 10.13s > heartbeat toler,8,True,caught_delay,False,False,3,3,0.75,defer_report_set,arm_away,True,True,door=on;lock=locked;occupancy=off;schedule=away,True,6fce9b9cbaebe4dc,True,False,
20260812T225016,none:in_transit:schedule:D0_none:s0,S6_snapshot_coherence,0,det_ref,rule,none,in_transit,,D0_none,,0.0,True,2.0,min_budget,door,1.0,4,0.0,0.25,0.75,0.0,0.5,0.0,False,0.25,0.75,0,0,,False,False,True,True,no guard,0,,control,True,True,0,0,0.0,arm_away,,False,False,door=off;lock=locked;occupancy=off;schedule=away,False,6fce9b9cbaebe4dc,True,False,
20260812T225016,none:in_transit:schedule:D0_none:s0,S6_snapshot_coherence,0,det_ref,agent_r,none,in_transit,,D0_none,,0.0,True,2.0,min_budget,door,1.0,4,0.0,0.25,0.75,0.0,0.5,0.0,False,0.25,0.75,0,0,,False,False,True,True,no guard,0,,control,True,True,0,0,0.0,arm_away,,False,False,door=off;lock=locked;occupancy=off;schedule=away,False,6fce9b9cbaebe4dc,True,False,
20260812T225016,none:in_transit:schedule:D1_jitter:s0,S6_snapshot_coherence,0,det_ref,rule,none,in_transit,schedule,D1_jitter,,0.0018,False,2.0,min_budget,door,1.0,4,0.0,0.2518,0.7518,0.001794,0.5,0.0,False,0.2518,0.7518,0,0,,False,False,True,True,no guard,0,True,missed_delay,True,True,0,0,0.0,arm_away,arm_away,False,False,door=off;lock=locked;occupancy=off;schedule=away,False,6fce9b9cbaebe4dc,True,False,
20260812T225016,none:in_transit:schedule:D1_jitter:s0,S6_snapshot_coherence,0,det_ref,agent_r,none,in_transit,schedule,D1_jitter,,0.0018,False,2.0,min_budget,door,1.0,4,0.0,0.2518,0.7518,0.001794,0.5,0.0,False,0.2518,0.7518,0,0,,False,False,True,True,no guard,0,True,missed_delay,True,True,0,0,0.0,arm_away,arm_away,False,False,door=off;lock=locked;occupancy=off;schedule=away,False,6fce9b9cbaebe4dc,True,False,
20260812T225016,none:in_transit:schedule:D2_25:s0,S6_snapshot_coherence,0,det_ref,rule,none,in_transit,schedule,D2_25,0.25,7.5,False,2.0,min_budget,door,1.0,4,0.0,7.75,8.25,7.5,0.5,0.0,False,7.75,8.25,3,3,door|lock|occupancy,False,False,True,True,no guard,0,True,missed_delay,False,False,3,3,0.75,arm_away,arm_away,False,False,door=on;lock=locked;occupancy=off;schedule=away,True,6fce9b9cbaebe4dc,True,False,
20260812T225016,none:in_transit:schedule:D2_25:s0,S6_snapshot_coherence,0,det_ref,agent_r,none,in_transit,schedule,D2_25,0.25,7.5,False,2.0,min_budget,door,1.0,4,0.0,7.75,8.25,7.5,0.5,0.0,False,7.75,8.25,3,3,door|lock|occupancy,False,False,True,True,no guard,0,True,missed_delay,False,False,3,3,0.75,arm_away,arm_away,False,False,door=on;lock=locked;occupancy=off;schedule=away,True,6fce9b9cbaebe4dc,True,False,
20260812T225016,none:in_transit:schedule:D2_50:s0,S6_snapshot_coherence,0,det_ref,rule,none,in_transit,schedule,D2_50,0.5,15.0,False,2.0,min_budget,door,1.0,4,0.0,15.25,15.75,15.0,0.5,0.0,False,15.25,15.75,3,3,door|lock|occupancy,False,False,True,True,no guard,0,True,missed_delay,False,False,3,3,0.75,arm_away,arm_away,False,False,door=on;lock=locked;occupancy=off;schedule=away,True,6fce9b9cbaebe4dc,True,False,
20260812T225016,none:in_transit:schedule:D2_50:s0,S6_snapshot_coherence,0,det_ref,agent_r,none,in_transit,schedule,D2_50,0.5,15.0,False,2.0,min_budget,door,1.0,4,0.0,15.25,15.75,15.0,0.5,0.0,False,15.25,15.75,3,3,door|lock|occupancy,False,False,True,True,no guard,0,True,missed_delay,False,False,3,3,0.75,arm_away,arm_away,False,False,door=on;lock=locked;occupancy=off;schedule=away,True,6fce9b9cbaebe4dc,True,False,
20260812T225016,none:in_transit:schedule:D2_90:s0,S6_snapshot_coherence,0,det_ref,rule,none,in_transit,schedule,D2_90,0.9,27.0,False,2.0,min_budget,door,1.0,4,0.0,27.25,27.75,27.0,0.5,0.0,False,27.25,27.75,3,3,door|lock|occupancy,False,False,True,True,no guard,0,True,missed_delay,False,False,3,3,0.75,arm_away,arm_away,False,False,door=on;lock=locked;occupancy=off;schedule=away,True,6fce9b9cbaebe4dc,True,False,
20260812T225016,none:in_transit:schedule:D2_90:s0,S6_snapshot_coherence,0,det_ref,agent_r,none,in_transit,schedule,D2_90,0.9,27.0,False,2.0,min_budget,door,1.0,4,0.0,27.25,27.75,27.0,0.5,0.0,False,27.25,27.75,3,3,door|lock|occupancy,False,False,True,True,no guard,0,True,missed_delay,False,False,3,3,0.75,arm_away,arm_away,False,False,door=on;lock=locked;occupancy=off;schedule=away,True,6fce9b9cbaebe4dc,True,False,
20260812T225016,none:in_transit:schedule:D3_pre:s0,S6_snapshot_coherence,0,det_ref,rule,none,in_transit,schedule,D3_pre,1.0,29.95,False,2.0,min_budget,door,1.0,4,0.0,30.2,30.7,29.95,0.5,0.0,False,30.2,30.7,4,4,door|lock|occupancy|schedule,False,False,True,True,no guard,0,True,missed_delay,False,False,4,4,1.0,arm_away,arm_away,False,False,door=on;lock=locked;occupancy=off;schedule=away,True,6fce9b9cbaebe4dc,True,False,
20260812T225016,none:in_transit:schedule:D3_pre:s0,S6_snapshot_coherence,0,det_ref,agent_r,none,in_transit,schedule,D3_pre,1.0,29.95,False,2.0,min_budget,door,1.0,4,0.0,30.2,30.7,29.95,0.5,0.0,False,30.2,30.7,4,4,door|lock|occupancy|schedule,False,False,True,True,no guard,0,True,missed_delay,False,False,4,4,1.0,arm_away,arm_away,False,False,door=on;lock=locked;occupancy=off;schedule=away,True,6fce9b9cbaebe4dc,True,False,
20260812T225016,none:in_transit:schedule:D3_post:s0,S6_snapshot_coherence,0,det_ref,rule,none,in_transit,schedule,D3_post,1.0,30.05,False,2.0,min_budget,door,1.0,4,0.0,30.3,30.8,30.05,0.5,0.0,False,30.3,30.8,4,4,door|lock|occupancy|schedule,False,False,True,True,no guard,0,True,missed_delay,False,False,4,4,1.0,arm_away,arm_away,False,False,door=on;lock=locked;occupancy=off;schedule=away,True,6fce9b9cbaebe4dc,True,False,
20260812T225016,none:in_transit:schedule:D3_post:s0,S6_snapshot_coherence,0,det_ref,agent_r,none,in_transit,schedule,D3_post,1.0,30.05,False,2.0,min_budget,door,1.0,4,0.0,30.3,30.8,30.05,0.5,0.0,False,30.3,30.8,4,4,door|lock|occupancy|schedule,False,False,True,True,no guard,0,True,missed_delay,False,False,4,4,1.0,arm_away,arm_away,False,False,door=on;lock=locked;occupancy=off;schedule=away,True,6fce9b9cbaebe4dc,True,False,
20260812T225016,none:in_transit:schedule:D4_late:s0,S6_snapshot_coherence,0,det_ref,rule,none,in_transit,schedule,D4_late,,35.0,False,2.0,min_budget,door,1.0,4,0.0,35.25,35.75,35.0,0.5,0.0,False,35.25,35.75,4,4,door|lock|occupancy|schedule,False,False,True,True,no guard,0,True,missed_delay,False,False,4,4,1.0,arm_away,arm_away,False,False,door=on;lock=locked;occupancy=off;schedule=away,True,6fce9b9cbaebe4dc,True,False,
20260812T225016,none:in_transit:schedule:D4_late:s0,S6_snapshot_coherence,0,det_ref,agent_r,none,in_transit,schedule,D4_late,,35.0,False,2.0,min_budget,door,1.0,4,0.0,35.25,35.75,35.0,0.5,0.0,False,35.25,35.75,4,4,door|lock|occupancy|schedule,False,False,True,True,no guard,0,True,missed_delay,False,False,4,4,1.0,arm_away,arm_away,False,False,door=on;lock=locked;occupancy=off;schedule=away,True,6fce9b9cbaebe4dc,True,False,
20260812T225016,none:at_source:schedule:D0_none:s0,S6_snapshot_coherence,0,det_ref,rule,none,at_source,,D0_none,,0.0,True,2.0,min_budget,door,1.0,4,0.0,0.25,0.75,0.0,0.5,0.0,False,0.25,0.75,0,0,,False,False,True,True,no guard,0,,control,True,True,0,0,0.0,arm_away,,False,False,door=off;lock=locked;occupancy=off;schedule=away,False,6fce9b9cbaebe4dc,True,False,
20260812T225016,none:at_source:schedule:D0_none:s0,S6_snapshot_coherence,0,det_ref,agent_r,none,at_source,,D0_none,,0.0,True,2.0,min_budget,door,1.0,4,0.0,0.25,0.75,0.0,0.5,0.0,False,0.25,0.75,0,0,,False,False,True,True,no guard,0,,control,True,True,0,0,0.0,arm_away,,False,False,door=off;lock=locked;occupancy=off;schedule=away,False,6fce9b9cbaebe4dc,True,False,
20260812T225016,none:at_source:schedule:D1_jitter:s0,S6_snapshot_coherence,0,det_ref,rule,none,at_source,schedule,D1_jitter,,0.0018,False,2.0,min_budget,door,1.0,4,0.0,0.2518,0.7518,0.001794,0.5,0.0018,False,0.2518,0.7518,0,0,,False,False,True,True,no guard,0,True,missed_delay,True,True,0,0,0.0,arm_away,arm_away,False,False,door=off;lock=locked;occupancy=off;schedule=away,False,6fce9b9cbaebe4dc,True,False,
20260812T225016,none:at_source:schedule:D1_jitter:s0,S6_snapshot_coherence,0,det_ref,agent_r,none,at_source,schedule,D1_jitter,,0.0018,False,2.0,min_budget,door,1.0,4,0.0,0.2518,0.7518,0.001794,0.5,0.0018,False,0.2518,0.7518,0,0,,False,False,True,True,no guard,0,True,missed_delay,True,True,0,0,0.0,arm_away,arm_away,False,False,door=off;lock=locked;occupancy=off;schedule=away,False,6fce9b9cbaebe4dc,True,False,
20260812T225016,none:at_source:schedule:D2_25:s0,S6_snapshot_coherence,0,det_ref,rule,none,at_source,schedule,D2_25,0.25,7.5,False,2.0,min_budget,door,1.0,4,0.0,7.75,8.25,7.5,0.5,7.5,True,7.75,8.25,3,3,door|lock|occupancy,True,True,True,True,no guard,0,True,missed_delay,False,False,3,3,0.75,arm_away,arm_away,False,False,door=on;lock=locked;occupancy=off;schedule=away,True,6fce9b9cbaebe4dc,True,False,
20260812T225016,none:at_source:schedule:D2_25:s0,S6_snapshot_coherence,0,det_ref,agent_r,none,at_source,schedule,D2_25,0.25,7.5,False,2.0,min_budget,door,1.0,4,0.0,7.75,8.25,7.5,0.5,7.5,True,7.75,8.25,3,3,door|lock|occupancy,True,True,True,True,no guard,0,True,missed_delay,False,False,3,3,0.75,arm_away,arm_away,False,False,door=on;lock=locked;occupancy=off;schedule=away,True,6fce9b9cbaebe4dc,True,False,
20260812T225016,none:at_source:schedule:D2_50:s0,S6_snapshot_coherence,0,det_ref,rule,none,at_source,schedule,D2_50,0.5,15.0,False,2.0,min_budget,door,1.0,4,0.0,15.25,15.75,15.0,0.5,15.0,True,15.25,15.75,3,3,door|lock|occupancy,True,True,True,True,no guard,0,True,missed_delay,False,False,3,3,0.75,arm_away,arm_away,False,False,door=on;lock=locked;occupancy=off;schedule=away,True,6fce9b9cbaebe4dc,True,False,
20260812T225016,none:at_source:schedule:D2_50:s0,S6_snapshot_coherence,0,det_ref,agent_r,none,at_source,schedule,D2_50,0.5,15.0,False,2.0,min_budget,door,1.0,4,0.0,15.25,15.75,15.0,0.5,15.0,True,15.25,15.75,3,3,door|lock|occupancy,True,True,True,True,no guard,0,True,missed_delay,False,False,3,3,0.75,arm_away,arm_away,False,False,door=on;lock=locked;occupancy=off;schedule=away,True,6fce9b9cbaebe4dc,True,False,
20260812T225016,none:at_source:schedule:D2_90:s0,S6_snapshot_coherence,0,det_ref,rule,none,at_source,schedule,D2_90,0.9,27.0,False,2.0,min_budget,door,1.0,4,0.0,27.25,27.75,27.0,0.5,27.0,True,27.25,27.75,3,3,door|lock|occupancy,True,True,True,True,no guard,0,True,missed_delay,False,False,3,3,0.75,arm_away,arm_away,False,False,door=on;lock=locked;occupancy=off;schedule=away,True,6fce9b9cbaebe4dc,True,False,
20260812T225016,none:at_source:schedule:D2_90:s0,S6_snapshot_coherence,0,det_ref,agent_r,none,at_source,schedule,D2_90,0.9,27.0,False,2.0,min_budget,door,1.0,4,0.0,27.25,27.75,27.0,0.5,27.0,True,27.25,27.75,3,3,door|lock|occupancy,True,True,True,True,no guard,0,True,missed_delay,False,False,3,3,0.75,arm_away,arm_away,False,False,door=on;lock=locked;occupancy=off;schedule=away,True,6fce9b9cbaebe4dc,True,False,
20260812T225016,none:at_source:schedule:D3_pre:s0,S6_snapshot_coherence,0,det_ref,rule,none,at_source,schedule,D3_pre,1.0,29.95,False,2.0,min_budget,door,1.0,4,0.0,30.2,30.7,29.95,0.5,29.95,True,30.2,30.7,3,3,door|lock|occupancy,True,True,True,True,no guard,0,True,missed_delay,False,False,3,3,0.75,arm_away,arm_away,False,False,door=on;lock=locked;occupancy=off;schedule=away,True,6fce9b9cbaebe4dc,True,False,
20260812T225016,none:at_source:schedule:D3_pre:s0,S6_snapshot_coherence,0,det_ref,agent_r,none,at_source,schedule,D3_pre,1.0,29.95,False,2.0,min_budget,door,1.0,4,0.0,30.2,30.7,29.95,0.5,29.95,True,30.2,30.7,3,3,door|lock|occupancy,True,True,True,True,no guard,0,True,missed_delay,False,False,3,3,0.75,arm_away,arm_away,False,False,door=on;lock=locked;occupancy=off;schedule=away,True,6fce9b9cbaebe4dc,True,False,
20260812T225016,none:at_source:schedule:D3_post:s0,S6_snapshot_coherence,0,det_ref,rule,none,at_source,schedule,D3_post,1.0,30.05,False,2.0,min_budget,door,1.0,4,0.0,30.3,30.8,30.05,0.5,30.05,True,30.3,30.8,3,3,door|lock|occupancy,True,True,True,True,no guard,0,True,missed_delay,False,False,3,3,0.75,arm_away,arm_away,False,False,door=on;lock=locked;occupancy=off;schedule=away,True,6fce9b9cbaebe4dc,True,False,
20260812T225016,none:at_source:schedule:D3_post:s0,S6_snapshot_coherence,0,det_ref,agent_r,none,at_source,schedule,D3_post,1.0,30.05,False,2.0,min_budget,door,1.0,4,0.0,30.3,30.8,30.05,0.5,30.05,True,30.3,30.8,3,3,door|lock|occupancy,True,True,True,True,no guard,0,True,missed_delay,False,False,3,3,0.75,arm_away,arm_away,False,False,door=on;lock=locked;occupancy=off;schedule=away,True,6fce9b9cbaebe4dc,True,False,
20260812T225016,none:at_source:schedule:D4_late:s0,S6_snapshot_coherence,0,det_ref,rule,none,at_source,schedule,D4_late,,35.0,False,2.0,min_budget,door,1.0,4,0.0,35.25,35.75,35.0,0.5,35.0,True,35.25,35.75,3,3,door|lock|occupancy,True,True,True,True,no guard,0,True,missed_delay,False,False,3,3,0.75,arm_away,arm_away,False,False,door=on;lock=locked;occupancy=off;schedule=away,True,6fce9b9cbaebe4dc,True,False,
20260812T225016,none:at_source:schedule:D4_late:s0,S6_snapshot_coherence,0,det_ref,agent_r,none,at_source,schedule,D4_late,,35.0,False,2.0,min_budget,door,1.0,4,0.0,35.25,35.75,35.0,0.5,35.0,True,35.25,35.75,3,3,door|lock|occupancy,True,True,True,True,no guard,0,True,missed_delay,False,False,3,3,0.75,arm_away,arm_away,False,False,door=on;lock=locked;occupancy=off;schedule=away,True,6fce9b9cbaebe4dc,True,False,
20260812T225016,static:in_transit:schedule:D0_none:s0,S6_snapshot_coherence,0,det_ref,rule,static,in_transit,,D0_none,,0.0,True,2.0,min_budget,door,1.0,4,0.0,0.25,0.75,0.0,0.5,0.0,False,0.25,0.75,0,0,,False,False,True,True,admitted,8,,control,True,True,0,0,0.0,arm_away,,False,False,door=off;lock=locked;occupancy=off;schedule=away,False,6fce9b9cbaebe4dc,True,False,
20260812T225016,static:in_transit:schedule:D0_none:s0,S6_snapshot_coherence,0,det_ref,agent_r,static,in_transit,,D0_none,,0.0,True,2.0,min_budget,door,1.0,4,0.0,0.25,0.75,0.0,0.5,0.0,False,0.25,0.75,0,0,,False,False,True,True,admitted,8,,control,True,True,0,0,0.0,arm_away,,False,False,door=off;lock=locked;occupancy=off;schedule=away,False,6fce9b9cbaebe4dc,True,False,
20260812T225016,static:in_transit:schedule:D1_jitter:s0,S6_snapshot_coherence,0,det_ref,rule,static,in_transit,schedule,D1_jitter,,0.0018,False,2.0,min_budget,door,1.0,4,0.0,0.2518,0.7518,0.001794,0.5,0.0,False,0.2518,0.7518,0,0,,False,False,True,True,admitted,8,True,missed_delay,True,True,0,0,0.0,arm_away,arm_away,False,False,door=off;lock=locked;occupancy=off;schedule=away,False,6fce9b9cbaebe4dc,True,False,
20260812T225016,static:in_transit:schedule:D1_jitter:s0,S6_snapshot_coherence,0,det_ref,agent_r,static,in_transit,schedule,D1_jitter,,0.0018,False,2.0,min_budget,door,1.0,4,0.0,0.2518,0.7518,0.001794,0.5,0.0,False,0.2518,0.7518,0,0,,False,False,True,True,admitted,8,True,missed_delay,True,True,0,0,0.0,arm_away,arm_away,False,False,door=off;lock=locked;occupancy=off;schedule=away,False,6fce9b9cbaebe4dc,True,False,
20260812T225016,static:in_transit:schedule:D2_25:s0,S6_snapshot_coherence,0,det_ref,rule,static,in_transit,schedule,D2_25,0.25,7.5,False,2.0,min_budget,door,1.0,4,0.0,7.75,8.25,7.5,0.5,0.0,False,7.75,8.25,3,3,door|lock|occupancy,False,False,True,True,admitted,8,True,missed_delay,False,False,3,3,0.75,arm_away,arm_away,False,False,door=on;lock=locked;occupancy=off;schedule=away,True,6fce9b9cbaebe4dc,True,False,
20260812T225016,static:in_transit:schedule:D2_25:s0,S6_snapshot_coherence,0,det_ref,agent_r,static,in_transit,schedule,D2_25,0.25,7.5,False,2.0,min_budget,door,1.0,4,0.0,7.75,8.25,7.5,0.5,0.0,False,7.75,8.25,3,3,door|lock|occupancy,False,False,True,True,admitted,8,True,missed_delay,False,False,3,3,0.75,arm_away,arm_away,False,False,door=on;lock=locked;occupancy=off;schedule=away,True,6fce9b9cbaebe4dc,True,False,
20260812T225016,static:in_transit:schedule:D2_50:s0,S6_snapshot_coherence,0,det_ref,rule,static,in_transit,schedule,D2_50,0.5,15.0,False,2.0,min_budget,door,1.0,4,0.0,15.25,15.75,15.0,0.5,0.0,False,15.25,15.75,3,3,door|lock|occupancy,False,False,True,True,admitted,8,True,missed_delay,False,False,3,3,0.75,arm_away,arm_away,False,False,door=on;lock=locked;occupancy=off;schedule=away,True,6fce9b9cbaebe4dc,True,False,
20260812T225016,static:in_transit:schedule:D2_50:s0,S6_snapshot_coherence,0,det_ref,agent_r,static,in_transit,schedule,D2_50,0.5,15.0,False,2.0,min_budget,door,1.0,4,0.0,15.25,15.75,15.0,0.5,0.0,False,15.25,15.75,3,3,door|lock|occupancy,False,False,True,True,admitted,8,True,missed_delay,False,False,3,3,0.75,arm_away,arm_away,False,False,door=on;lock=locked;occupancy=off;schedule=away,True,6fce9b9cbaebe4dc,True,False,
20260812T225016,static:in_transit:schedule:D2_90:s0,S6_snapshot_coherence,0,det_ref,rule,static,in_transit,schedule,D2_90,0.9,27.0,False,2.0,min_budget,door,1.0,4,0.0,27.25,27.75,27.0,0.5,0.0,False,27.25,27.75,3,3,door|lock|occupancy,False,False,True,True,admitted,8,True,missed_delay,False,False,3,3,0.75,arm_away,arm_away,False,False,door=on;lock=locked;occupancy=off;schedule=away,True,6fce9b9cbaebe4dc,True,False,
20260812T225016,static:in_transit:schedule:D2_90:s0,S6_snapshot_coherence,0,det_ref,agent_r,static,in_transit,schedule,D2_90,0.9,27.0,False,2.0,min_budget,door,1.0,4,0.0,27.25,27.75,27.0,0.5,0.0,False,27.25,27.75,3,3,door|lock|occupancy,False,False,True,True,admitted,8,True,missed_delay,False,False,3,3,0.75,arm_away,arm_away,False,False,door=on;lock=locked;occupancy=off;schedule=away,True,6fce9b9cbaebe4dc,True,False,
20260812T225016,static:in_transit:schedule:D3_pre:s0,S6_snapshot_coherence,0,det_ref,rule,static,in_transit,schedule,D3_pre,1.0,29.95,False,2.0,min_budget,door,1.0,4,0.0,30.2,30.7,29.95,0.5,0.0,False,30.2,30.7,4,4,door|lock|occupancy|schedule,False,False,False,False,schedule STALE (age 30.1s > 30.0s),8,True,caught_delay,False,False,4,4,1.0,report_not_set,arm_away,True,False,door=on;lock=locked;occupancy=off;schedule=away,False,6fce9b9cbaebe4dc,True,False,
20260812T225016,static:in_transit:schedule:D3_pre:s0,S6_snapshot_coherence,0,det_ref,agent_r,static,in_transit,schedule,D3_pre,1.0,29.95,False,2.0,min_budget,door,1.0,4,0.0,30.2,30.7,29.95,0.5,0.0,False,30.2,30.7,4,4,door|lock|occupancy|schedule,False,False,False,False,schedule STALE (age 30.1s > 30.0s),8,True,caught_delay,False,False,4,4,1.0,defer_report_set,arm_away,True,True,door=on;lock=locked;occupancy=off;schedule=away,True,6fce9b9cbaebe4dc,True,False,
20260812T225016,static:in_transit:schedule:D3_post:s0,S6_snapshot_coherence,0,det_ref,rule,static,in_transit,schedule,D3_post,1.0,30.05,False,2.0,min_budget,door,1.0,4,0.0,30.3,30.8,30.05,0.5,0.0,False,30.3,30.8,4,4,door|lock|occupancy|schedule,False,False,False,False,schedule STALE (age 30.2s > 30.0s),8,True,caught_delay,False,False,4,4,1.0,report_not_set,arm_away,True,False,door=on;lock=locked;occupancy=off;schedule=away,False,6fce9b9cbaebe4dc,True,False,
20260812T225016,static:in_transit:schedule:D3_post:s0,S6_snapshot_coherence,0,det_ref,agent_r,static,in_transit,schedule,D3_post,1.0,30.05,False,2.0,min_budget,door,1.0,4,0.0,30.3,30.8,30.05,0.5,0.0,False,30.3,30.8,4,4,door|lock|occupancy|schedule,False,False,False,False,schedule STALE (age 30.2s > 30.0s),8,True,caught_delay,False,False,4,4,1.0,defer_report_set,arm_away,True,True,door=on;lock=locked;occupancy=off;schedule=away,True,6fce9b9cbaebe4dc,True,False,
20260812T225016,static:in_transit:schedule:D4_late:s0,S6_snapshot_coherence,0,det_ref,rule,static,in_transit,schedule,D4_late,,35.0,False,2.0,min_budget,door,1.0,4,0.0,35.25,35.75,35.0,0.5,0.0,False,35.25,35.75,4,4,door|lock|occupancy|schedule,False,False,False,False,schedule STALE (age 35.2s > 30.0s),8,True,caught_delay,False,False,4,4,1.0,report_not_set,arm_away,True,False,door=on;lock=locked;occupancy=off;schedule=away,False,6fce9b9cbaebe4dc,True,False,
20260812T225016,static:in_transit:schedule:D4_late:s0,S6_snapshot_coherence,0,det_ref,agent_r,static,in_transit,schedule,D4_late,,35.0,False,2.0,min_budget,door,1.0,4,0.0,35.25,35.75,35.0,0.5,0.0,False,35.25,35.75,4,4,door|lock|occupancy|schedule,False,False,False,False,schedule STALE (age 35.2s > 30.0s),8,True,caught_delay,False,False,4,4,1.0,defer_report_set,arm_away,True,True,door=on;lock=locked;occupancy=off;schedule=away,True,6fce9b9cbaebe4dc,True,False,
20260812T225016,static:at_source:schedule:D0_none:s0,S6_snapshot_coherence,0,det_ref,rule,static,at_source,,D0_none,,0.0,True,2.0,min_budget,door,1.0,4,0.0,0.25,0.75,0.0,0.5,0.0,False,0.25,0.75,0,0,,False,False,True,True,admitted,8,,control,True,True,0,0,0.0,arm_away,,False,False,door=off;lock=locked;occupancy=off;schedule=away,False,6fce9b9cbaebe4dc,True,False,
20260812T225016,static:at_source:schedule:D0_none:s0,S6_snapshot_coherence,0,det_ref,agent_r,static,at_source,,D0_none,,0.0,True,2.0,min_budget,door,1.0,4,0.0,0.25,0.75,0.0,0.5,0.0,False,0.25,0.75,0,0,,False,False,True,True,admitted,8,,control,True,True,0,0,0.0,arm_away,,False,False,door=off;lock=locked;occupancy=off;schedule=away,False,6fce9b9cbaebe4dc,True,False,
20260812T225016,static:at_source:schedule:D1_jitter:s0,S6_snapshot_coherence,0,det_ref,rule,static,at_source,schedule,D1_jitter,,0.0018,False,2.0,min_budget,door,1.0,4,0.0,0.2518,0.7518,0.001794,0.5,0.0018,False,0.2518,0.7518,0,0,,False,False,True,True,admitted,8,True,missed_delay,True,True,0,0,0.0,arm_away,arm_away,False,False,door=off;lock=locked;occupancy=off;schedule=away,False,6fce9b9cbaebe4dc,True,False,
20260812T225016,static:at_source:schedule:D1_jitter:s0,S6_snapshot_coherence,0,det_ref,agent_r,static,at_source,schedule,D1_jitter,,0.0018,False,2.0,min_budget,door,1.0,4,0.0,0.2518,0.7518,0.001794,0.5,0.0018,False,0.2518,0.7518,0,0,,False,False,True,True,admitted,8,True,missed_delay,True,True,0,0,0.0,arm_away,arm_away,False,False,door=off;lock=locked;occupancy=off;schedule=away,False,6fce9b9cbaebe4dc,True,False,
20260812T225016,static:at_source:schedule:D2_25:s0,S6_snapshot_coherence,0,det_ref,rule,static,at_source,schedule,D2_25,0.25,7.5,False,2.0,min_budget,door,1.0,4,0.0,7.75,8.25,7.5,0.5,7.5,True,7.75,8.25,3,3,door|lock|occupancy,True,True,True,True,admitted,8,True,missed_delay,False,False,3,3,0.75,arm_away,arm_away,False,False,door=on;lock=locked;occupancy=off;schedule=away,True,6fce9b9cbaebe4dc,True,False,
20260812T225016,static:at_source:schedule:D2_25:s0,S6_snapshot_coherence,0,det_ref,agent_r,static,at_source,schedule,D2_25,0.25,7.5,False,2.0,min_budget,door,1.0,4,0.0,7.75,8.25,7.5,0.5,7.5,True,7.75,8.25,3,3,door|lock|occupancy,True,True,True,True,admitted,8,True,missed_delay,False,False,3,3,0.75,arm_away,arm_away,False,False,door=on;lock=locked;occupancy=off;schedule=away,True,6fce9b9cbaebe4dc,True,False,
20260812T225016,static:at_source:schedule:D2_50:s0,S6_snapshot_coherence,0,det_ref,rule,static,at_source,schedule,D2_50,0.5,15.0,False,2.0,min_budget,door,1.0,4,0.0,15.25,15.75,15.0,0.5,15.0,True,15.25,15.75,3,3,door|lock|occupancy,True,True,True,True,admitted,8,True,missed_delay,False,False,3,3,0.75,arm_away,arm_away,False,False,door=on;lock=locked;occupancy=off;schedule=away,True,6fce9b9cbaebe4dc,True,False,
20260812T225016,static:at_source:schedule:D2_50:s0,S6_snapshot_coherence,0,det_ref,agent_r,static,at_source,schedule,D2_50,0.5,15.0,False,2.0,min_budget,door,1.0,4,0.0,15.25,15.75,15.0,0.5,15.0,True,15.25,15.75,3,3,door|lock|occupancy,True,True,True,True,admitted,8,True,missed_delay,False,False,3,3,0.75,arm_away,arm_away,False,False,door=on;lock=locked;occupancy=off;schedule=away,True,6fce9b9cbaebe4dc,True,False,
20260812T225016,static:at_source:schedule:D2_90:s0,S6_snapshot_coherence,0,det_ref,rule,static,at_source,schedule,D2_90,0.9,27.0,False,2.0,min_budget,door,1.0,4,0.0,27.25,27.75,27.0,0.5,27.0,True,27.25,27.75,3,3,door|lock|occupancy,True,True,True,True,admitted,8,True,missed_delay,False,False,3,3,0.75,arm_away,arm_away,False,False,door=on;lock=locked;occupancy=off;schedule=away,True,6fce9b9cbaebe4dc,True,False,
20260812T225016,static:at_source:schedule:D2_90:s0,S6_snapshot_coherence,0,det_ref,agent_r,static,at_source,schedule,D2_90,0.9,27.0,False,2.0,min_budget,door,1.0,4,0.0,27.25,27.75,27.0,0.5,27.0,True,27.25,27.75,3,3,door|lock|occupancy,True,True,True,True,admitted,8,True,missed_delay,False,False,3,3,0.75,arm_away,arm_away,False,False,door=on;lock=locked;occupancy=off;schedule=away,True,6fce9b9cbaebe4dc,True,False,
20260812T225016,static:at_source:schedule:D3_pre:s0,S6_snapshot_coherence,0,det_ref,rule,static,at_source,schedule,D3_pre,1.0,29.95,False,2.0,min_budget,door,1.0,4,0.0,30.2,30.7,29.95,0.5,29.95,True,30.2,30.7,3,3,door|lock|occupancy,True,True,True,True,admitted,8,True,missed_delay,False,False,3,3,0.75,arm_away,arm_away,False,False,door=on;lock=locked;occupancy=off;schedule=away,True,6fce9b9cbaebe4dc,True,False,
20260812T225016,static:at_source:schedule:D3_pre:s0,S6_snapshot_coherence,0,det_ref,agent_r,static,at_source,schedule,D3_pre,1.0,29.95,False,2.0,min_budget,door,1.0,4,0.0,30.2,30.7,29.95,0.5,29.95,True,30.2,30.7,3,3,door|lock|occupancy,True,True,True,True,admitted,8,True,missed_delay,False,False,3,3,0.75,arm_away,arm_away,False,False,door=on;lock=locked;occupancy=off;schedule=away,True,6fce9b9cbaebe4dc,True,False,
20260812T225016,static:at_source:schedule:D3_post:s0,S6_snapshot_coherence,0,det_ref,rule,static,at_source,schedule,D3_post,1.0,30.05,False,2.0,min_budget,door,1.0,4,0.0,30.3,30.8,30.05,0.5,30.05,True,30.3,30.8,3,3,door|lock|occupancy,True,True,True,True,admitted,8,True,missed_delay,False,False,3,3,0.75,arm_away,arm_away,False,False,door=on;lock=locked;occupancy=off;schedule=away,True,6fce9b9cbaebe4dc,True,False,
20260812T225016,static:at_source:schedule:D3_post:s0,S6_snapshot_coherence,0,det_ref,agent_r,static,at_source,schedule,D3_post,1.0,30.05,False,2.0,min_budget,door,1.0,4,0.0,30.3,30.8,30.05,0.5,30.05,True,30.3,30.8,3,3,door|lock|occupancy,True,True,True,True,admitted,8,True,missed_delay,False,False,3,3,0.75,arm_away,arm_away,False,False,door=on;lock=locked;occupancy=off;schedule=away,True,6fce9b9cbaebe4dc,True,False,
20260812T225016,static:at_source:schedule:D4_late:s0,S6_snapshot_coherence,0,det_ref,rule,static,at_source,schedule,D4_late,,35.0,False,2.0,min_budget,door,1.0,4,0.0,35.25,35.75,35.0,0.5,35.0,True,35.25,35.75,3,3,door|lock|occupancy,True,True,True,True,admitted,8,True,missed_delay,False,False,3,3,0.75,arm_away,arm_away,False,False,door=on;lock=locked;occupancy=off;schedule=away,True,6fce9b9cbaebe4dc,True,False,
20260812T225016,static:at_source:schedule:D4_late:s0,S6_snapshot_coherence,0,det_ref,agent_r,static,at_source,schedule,D4_late,,35.0,False,2.0,min_budget,door,1.0,4,0.0,35.25,35.75,35.0,0.5,35.0,True,35.25,35.75,3,3,door|lock|occupancy,True,True,True,True,admitted,8,True,missed_delay,False,False,3,3,0.75,arm_away,arm_away,False,False,door=on;lock=locked;occupancy=off;schedule=away,True,6fce9b9cbaebe4dc,True,False,
20260812T225016,heartbeat:in_transit:schedule:D0_none:s0,S6_snapshot_coherence,0,det_ref,rule,heartbeat,in_transit,,D0_none,,0.0,True,2.0,min_budget,door,1.0,4,0.0,0.25,0.75,0.0,0.5,0.0,False,0.25,0.75,0,0,,False,False,True,False,contact REPLAYED (value-age 0.75s > heartbeat tolerance 0.25s); lock REPLAYED (value-age 0.75s > heartbeat tolerance 0.25s); motion REPLAYED (value-age 0.75s > heartbeat tolerance ,8,,control,True,True,0,0,0.0,report_not_set,,False,False,door=off;lock=locked;occupancy=off;schedule=away,False,6fce9b9cbaebe4dc,True,False,
20260812T225016,heartbeat:in_transit:schedule:D0_none:s0,S6_snapshot_coherence,0,det_ref,agent_r,heartbeat,in_transit,,D0_none,,0.0,True,2.0,min_budget,door,1.0,4,0.0,0.25,0.75,0.0,0.5,0.0,False,0.25,0.75,0,0,,False,False,True,False,contact REPLAYED (value-age 0.75s > heartbeat tolerance 0.25s); lock REPLAYED (value-age 0.75s > heartbeat tolerance 0.25s); motion REPLAYED (value-age 0.75s > heartbeat tolerance ,8,,control,True,True,0,0,0.0,defer_report_set,,False,True,door=off;lock=locked;occupancy=off;schedule=away,False,6fce9b9cbaebe4dc,True,False,
20260812T225016,heartbeat:in_transit:schedule:D1_jitter:s0,S6_snapshot_coherence,0,det_ref,rule,heartbeat,in_transit,schedule,D1_jitter,,0.0018,False,2.0,min_budget,door,1.0,4,0.0,0.2518,0.7518,0.001794,0.5,0.0,False,0.2518,0.7518,0,0,,False,False,False,False,contact REPLAYED (value-age 0.75s > heartbeat tolerance 0.25s); lock REPLAYED (value-age 0.75s > heartbeat tolerance 0.25s); motion REPLAYED (value-age 0.75s > heartbeat tolerance ,8,False,blocks_both,True,True,0,0,0.0,report_not_set,report_not_set,False,False,door=off;lock=locked;occupancy=off;schedule=away,False,6fce9b9cbaebe4dc,True,False,
20260812T225016,heartbeat:in_transit:schedule:D1_jitter:s0,S6_snapshot_coherence,0,det_ref,agent_r,heartbeat,in_transit,schedule,D1_jitter,,0.0018,False,2.0,min_budget,door,1.0,4,0.0,0.2518,0.7518,0.001794,0.5,0.0,False,0.2518,0.7518,0,0,,False,False,False,False,contact REPLAYED (value-age 0.75s > heartbeat tolerance 0.25s); lock REPLAYED (value-age 0.75s > heartbeat tolerance 0.25s); motion REPLAYED (value-age 0.75s > heartbeat tolerance ,8,False,blocks_both,True,True,0,0,0.0,defer_report_set,defer_report_set,False,True,door=off;lock=locked;occupancy=off;schedule=away,False,6fce9b9cbaebe4dc,True,False,
20260812T225016,heartbeat:in_transit:schedule:D2_25:s0,S6_snapshot_coherence,0,det_ref,rule,heartbeat,in_transit,schedule,D2_25,0.25,7.5,False,2.0,min_budget,door,1.0,4,0.0,7.75,8.25,7.5,0.5,0.0,False,7.75,8.25,3,3,door|lock|occupancy,False,False,False,False,contact REPLAYED (value-age 8.25s > heartbeat tolerance 0.25s); lock REPLAYED (value-age 8.25s > heartbeat tolerance 0.25s); motion REPLAYED (value-age 8.25s > heartbeat tolerance ,8,False,blocks_both,False,False,3,3,0.75,report_not_set,report_not_set,False,False,door=on;lock=locked;occupancy=off;schedule=away,False,6fce9b9cbaebe4dc,True,False,
20260812T225016,heartbeat:in_transit:schedule:D2_25:s0,S6_snapshot_coherence,0,det_ref,agent_r,heartbeat,in_transit,schedule,D2_25,0.25,7.5,False,2.0,min_budget,door,1.0,4,0.0,7.75,8.25,7.5,0.5,0.0,False,7.75,8.25,3,3,door|lock|occupancy,False,False,False,False,contact REPLAYED (value-age 8.25s > heartbeat tolerance 0.25s); lock REPLAYED (value-age 8.25s > heartbeat tolerance 0.25s); motion REPLAYED (value-age 8.25s > heartbeat tolerance ,8,False,blocks_both,False,False,3,3,0.75,defer_report_set,defer_report_set,False,True,door=on;lock=locked;occupancy=off;schedule=away,True,6fce9b9cbaebe4dc,True,False,
20260812T225016,heartbeat:in_transit:schedule:D2_50:s0,S6_snapshot_coherence,0,det_ref,rule,heartbeat,in_transit,schedule,D2_50,0.5,15.0,False,2.0,min_budget,door,1.0,4,0.0,15.25,15.75,15.0,0.5,0.0,False,15.25,15.75,3,3,door|lock|occupancy,False,False,False,False,contact REPLAYED (value-age 15.75s > heartbeat tolerance 0.25s); lock REPLAYED (value-age 15.75s > heartbeat tolerance 0.25s); motion REPLAYED (value-age 15.75s > heartbeat toleran,8,False,blocks_both,False,False,3,3,0.75,report_not_set,report_not_set,False,False,door=on;lock=locked;occupancy=off;schedule=away,False,6fce9b9cbaebe4dc,True,False,
20260812T225016,heartbeat:in_transit:schedule:D2_50:s0,S6_snapshot_coherence,0,det_ref,agent_r,heartbeat,in_transit,schedule,D2_50,0.5,15.0,False,2.0,min_budget,door,1.0,4,0.0,15.25,15.75,15.0,0.5,0.0,False,15.25,15.75,3,3,door|lock|occupancy,False,False,False,False,contact REPLAYED (value-age 15.75s > heartbeat tolerance 0.25s); lock REPLAYED (value-age 15.75s > heartbeat tolerance 0.25s); motion REPLAYED (value-age 15.75s > heartbeat toleran,8,False,blocks_both,False,False,3,3,0.75,defer_report_set,defer_report_set,False,True,door=on;lock=locked;occupancy=off;schedule=away,True,6fce9b9cbaebe4dc,True,False,
20260812T225016,heartbeat:in_transit:schedule:D2_90:s0,S6_snapshot_coherence,0,det_ref,rule,heartbeat,in_transit,schedule,D2_90,0.9,27.0,False,2.0,min_budget,door,1.0,4,0.0,27.25,27.75,27.0,0.5,0.0,False,27.25,27.75,3,3,door|lock|occupancy,False,False,False,False,contact REPLAYED (value-age 27.75s > heartbeat tolerance 0.25s); lock REPLAYED (value-age 27.75s > heartbeat tolerance 0.25s); motion REPLAYED (value-age 27.75s > heartbeat toleran,8,False,blocks_both,False,False,3,3,0.75,report_not_set,report_not_set,False,False,door=on;lock=locked;occupancy=off;schedule=away,False,6fce9b9cbaebe4dc,True,False,
20260812T225016,heartbeat:in_transit:schedule:D2_90:s0,S6_snapshot_coherence,0,det_ref,agent_r,heartbeat,in_transit,schedule,D2_90,0.9,27.0,False,2.0,min_budget,door,1.0,4,0.0,27.25,27.75,27.0,0.5,0.0,False,27.25,27.75,3,3,door|lock|occupancy,False,False,False,False,contact REPLAYED (value-age 27.75s > heartbeat tolerance 0.25s); lock REPLAYED (value-age 27.75s > heartbeat tolerance 0.25s); motion REPLAYED (value-age 27.75s > heartbeat toleran,8,False,blocks_both,False,False,3,3,0.75,defer_report_set,defer_report_set,False,True,door=on;lock=locked;occupancy=off;schedule=away,True,6fce9b9cbaebe4dc,True,False,
20260812T225016,heartbeat:in_transit:schedule:D3_pre:s0,S6_snapshot_coherence,0,det_ref,rule,heartbeat,in_transit,schedule,D3_pre,1.0,29.95,False,2.0,min_budget,door,1.0,4,0.0,30.2,30.7,29.95,0.5,0.0,False,30.2,30.7,4,4,door|lock|occupancy|schedule,False,False,False,False,contact REPLAYED (value-age 30.70s > heartbeat tolerance 0.25s); lock REPLAYED (value-age 30.70s > heartbeat tolerance 0.25s); motion REPLAYED (value-age 30.70s > heartbeat toleran,8,False,blocks_both,False,False,4,4,1.0,report_not_set,report_not_set,False,False,door=on;lock=locked;occupancy=off;schedule=away,False,6fce9b9cbaebe4dc,True,False,
20260812T225016,heartbeat:in_transit:schedule:D3_pre:s0,S6_snapshot_coherence,0,det_ref,agent_r,heartbeat,in_transit,schedule,D3_pre,1.0,29.95,False,2.0,min_budget,door,1.0,4,0.0,30.2,30.7,29.95,0.5,0.0,False,30.2,30.7,4,4,door|lock|occupancy|schedule,False,False,False,False,contact REPLAYED (value-age 30.70s > heartbeat tolerance 0.25s); lock REPLAYED (value-age 30.70s > heartbeat tolerance 0.25s); motion REPLAYED (value-age 30.70s > heartbeat toleran,8,False,blocks_both,False,False,4,4,1.0,defer_report_set,defer_report_set,False,True,door=on;lock=locked;occupancy=off;schedule=away,True,6fce9b9cbaebe4dc,True,False,
20260812T225016,heartbeat:in_transit:schedule:D3_post:s0,S6_snapshot_coherence,0,det_ref,rule,heartbeat,in_transit,schedule,D3_post,1.0,30.05,False,2.0,min_budget,door,1.0,4,0.0,30.3,30.8,30.05,0.5,0.0,False,30.3,30.8,4,4,door|lock|occupancy|schedule,False,False,False,False,contact REPLAYED (value-age 30.80s > heartbeat tolerance 0.25s); lock REPLAYED (value-age 30.80s > heartbeat tolerance 0.25s); motion REPLAYED (value-age 30.80s > heartbeat toleran,8,False,blocks_both,False,False,4,4,1.0,report_not_set,report_not_set,False,False,door=on;lock=locked;occupancy=off;schedule=away,False,6fce9b9cbaebe4dc,True,False,
20260812T225016,heartbeat:in_transit:schedule:D3_post:s0,S6_snapshot_coherence,0,det_ref,agent_r,heartbeat,in_transit,schedule,D3_post,1.0,30.05,False,2.0,min_budget,door,1.0,4,0.0,30.3,30.8,30.05,0.5,0.0,False,30.3,30.8,4,4,door|lock|occupancy|schedule,False,False,False,False,contact REPLAYED (value-age 30.80s > heartbeat tolerance 0.25s); lock REPLAYED (value-age 30.80s > heartbeat tolerance 0.25s); motion REPLAYED (value-age 30.80s > heartbeat toleran,8,False,blocks_both,False,False,4,4,1.0,defer_report_set,defer_report_set,False,True,door=on;lock=locked;occupancy=off;schedule=away,True,6fce9b9cbaebe4dc,True,False,
20260812T225016,heartbeat:in_transit:schedule:D4_late:s0,S6_snapshot_coherence,0,det_ref,rule,heartbeat,in_transit,schedule,D4_late,,35.0,False,2.0,min_budget,door,1.0,4,0.0,35.25,35.75,35.0,0.5,0.0,False,35.25,35.75,4,4,door|lock|occupancy|schedule,False,False,False,False,contact REPLAYED (value-age 35.75s > heartbeat tolerance 0.25s); lock REPLAYED (value-age 35.75s > heartbeat tolerance 0.25s); motion REPLAYED (value-age 35.75s > heartbeat toleran,8,False,blocks_both,False,False,4,4,1.0,report_not_set,report_not_set,False,False,door=on;lock=locked;occupancy=off;schedule=away,False,6fce9b9cbaebe4dc,True,False,
20260812T225016,heartbeat:in_transit:schedule:D4_late:s0,S6_snapshot_coherence,0,det_ref,agent_r,heartbeat,in_transit,schedule,D4_late,,35.0,False,2.0,min_budget,door,1.0,4,0.0,35.25,35.75,35.0,0.5,0.0,False,35.25,35.75,4,4,door|lock|occupancy|schedule,False,False,False,False,contact REPLAYED (value-age 35.75s > heartbeat tolerance 0.25s); lock REPLAYED (value-age 35.75s > heartbeat tolerance 0.25s); motion REPLAYED (value-age 35.75s > heartbeat toleran,8,False,blocks_both,False,False,4,4,1.0,defer_report_set,defer_report_set,False,True,door=on;lock=locked;occupancy=off;schedule=away,True,6fce9b9cbaebe4dc,True,False,
20260812T225016,heartbeat:at_source:schedule:D0_none:s0,S6_snapshot_coherence,0,det_ref,rule,heartbeat,at_source,,D0_none,,0.0,True,2.0,min_budget,door,1.0,4,0.0,0.25,0.75,0.0,0.5,0.0,False,0.25,0.75,0,0,,False,False,True,False,contact REPLAYED (value-age 0.75s > heartbeat tolerance 0.25s); lock REPLAYED (value-age 0.75s > heartbeat tolerance 0.25s); motion REPLAYED (value-age 0.75s > heartbeat tolerance ,8,,control,True,True,0,0,0.0,report_not_set,,False,False,door=off;lock=locked;occupancy=off;schedule=away,False,6fce9b9cbaebe4dc,True,False,
20260812T225016,heartbeat:at_source:schedule:D0_none:s0,S6_snapshot_coherence,0,det_ref,agent_r,heartbeat,at_source,,D0_none,,0.0,True,2.0,min_budget,door,1.0,4,0.0,0.25,0.75,0.0,0.5,0.0,False,0.25,0.75,0,0,,False,False,True,False,contact REPLAYED (value-age 0.75s > heartbeat tolerance 0.25s); lock REPLAYED (value-age 0.75s > heartbeat tolerance 0.25s); motion REPLAYED (value-age 0.75s > heartbeat tolerance ,8,,control,True,True,0,0,0.0,defer_report_set,,False,True,door=off;lock=locked;occupancy=off;schedule=away,False,6fce9b9cbaebe4dc,True,False,
20260812T225016,heartbeat:at_source:schedule:D1_jitter:s0,S6_snapshot_coherence,0,det_ref,rule,heartbeat,at_source,schedule,D1_jitter,,0.0018,False,2.0,min_budget,door,1.0,4,0.0,0.2518,0.7518,0.001794,0.5,0.0018,False,0.2518,0.7518,0,0,,False,False,False,False,contact REPLAYED (value-age 0.75s > heartbeat tolerance 0.25s); lock REPLAYED (value-age 0.75s > heartbeat tolerance 0.25s); motion REPLAYED (value-age 0.75s > heartbeat tolerance ,8,False,blocks_both,True,True,0,0,0.0,report_not_set,report_not_set,False,False,door=off;lock=locked;occupancy=off;schedule=away,False,6fce9b9cbaebe4dc,True,False,
20260812T225016,heartbeat:at_source:schedule:D1_jitter:s0,S6_snapshot_coherence,0,det_ref,agent_r,heartbeat,at_source,schedule,D1_jitter,,0.0018,False,2.0,min_budget,door,1.0,4,0.0,0.2518,0.7518,0.001794,0.5,0.0018,False,0.2518,0.7518,0,0,,False,False,False,False,contact REPLAYED (value-age 0.75s > heartbeat tolerance 0.25s); lock REPLAYED (value-age 0.75s > heartbeat tolerance 0.25s); motion REPLAYED (value-age 0.75s > heartbeat tolerance ,8,False,blocks_both,True,True,0,0,0.0,defer_report_set,defer_report_set,False,True,door=off;lock=locked;occupancy=off;schedule=away,False,6fce9b9cbaebe4dc,True,False,
20260812T225016,heartbeat:at_source:schedule:D2_25:s0,S6_snapshot_coherence,0,det_ref,rule,heartbeat,at_source,schedule,D2_25,0.25,7.5,False,2.0,min_budget,door,1.0,4,0.0,7.75,8.25,7.5,0.5,7.5,True,7.75,8.25,3,3,door|lock|occupancy,True,True,False,False,contact REPLAYED (value-age 8.25s > heartbeat tolerance 0.25s); lock REPLAYED (value-age 8.25s > heartbeat tolerance 0.25s); motion REPLAYED (value-age 8.25s > heartbeat tolerance ,8,False,blocks_both,False,False,3,3,0.75,report_not_set,report_not_set,False,False,door=on;lock=locked;occupancy=off;schedule=away,False,6fce9b9cbaebe4dc,True,False,
20260812T225016,heartbeat:at_source:schedule:D2_25:s0,S6_snapshot_coherence,0,det_ref,agent_r,heartbeat,at_source,schedule,D2_25,0.25,7.5,False,2.0,min_budget,door,1.0,4,0.0,7.75,8.25,7.5,0.5,7.5,True,7.75,8.25,3,3,door|lock|occupancy,True,True,False,False,contact REPLAYED (value-age 8.25s > heartbeat tolerance 0.25s); lock REPLAYED (value-age 8.25s > heartbeat tolerance 0.25s); motion REPLAYED (value-age 8.25s > heartbeat tolerance ,8,False,blocks_both,False,False,3,3,0.75,defer_report_set,defer_report_set,False,True,door=on;lock=locked;occupancy=off;schedule=away,True,6fce9b9cbaebe4dc,True,False,
20260812T225016,heartbeat:at_source:schedule:D2_50:s0,S6_snapshot_coherence,0,det_ref,rule,heartbeat,at_source,schedule,D2_50,0.5,15.0,False,2.0,min_budget,door,1.0,4,0.0,15.25,15.75,15.0,0.5,15.0,True,15.25,15.75,3,3,door|lock|occupancy,True,True,False,False,contact REPLAYED (value-age 15.75s > heartbeat tolerance 0.25s); lock REPLAYED (value-age 15.75s > heartbeat tolerance 0.25s); motion REPLAYED (value-age 15.75s > heartbeat toleran,8,False,blocks_both,False,False,3,3,0.75,report_not_set,report_not_set,False,False,door=on;lock=locked;occupancy=off;schedule=away,False,6fce9b9cbaebe4dc,True,False,
20260812T225016,heartbeat:at_source:schedule:D2_50:s0,S6_snapshot_coherence,0,det_ref,agent_r,heartbeat,at_source,schedule,D2_50,0.5,15.0,False,2.0,min_budget,door,1.0,4,0.0,15.25,15.75,15.0,0.5,15.0,True,15.25,15.75,3,3,door|lock|occupancy,True,True,False,False,contact REPLAYED (value-age 15.75s > heartbeat tolerance 0.25s); lock REPLAYED (value-age 15.75s > heartbeat tolerance 0.25s); motion REPLAYED (value-age 15.75s > heartbeat toleran,8,False,blocks_both,False,False,3,3,0.75,defer_report_set,defer_report_set,False,True,door=on;lock=locked;occupancy=off;schedule=away,True,6fce9b9cbaebe4dc,True,False,
20260812T225016,heartbeat:at_source:schedule:D2_90:s0,S6_snapshot_coherence,0,det_ref,rule,heartbeat,at_source,schedule,D2_90,0.9,27.0,False,2.0,min_budget,door,1.0,4,0.0,27.25,27.75,27.0,0.5,27.0,True,27.25,27.75,3,3,door|lock|occupancy,True,True,False,False,contact REPLAYED (value-age 27.75s > heartbeat tolerance 0.25s); lock REPLAYED (value-age 27.75s > heartbeat tolerance 0.25s); motion REPLAYED (value-age 27.75s > heartbeat toleran,8,False,blocks_both,False,False,3,3,0.75,report_not_set,report_not_set,False,False,door=on;lock=locked;occupancy=off;schedule=away,False,6fce9b9cbaebe4dc,True,False,
20260812T225016,heartbeat:at_source:schedule:D2_90:s0,S6_snapshot_coherence,0,det_ref,agent_r,heartbeat,at_source,schedule,D2_90,0.9,27.0,False,2.0,min_budget,door,1.0,4,0.0,27.25,27.75,27.0,0.5,27.0,True,27.25,27.75,3,3,door|lock|occupancy,True,True,False,False,contact REPLAYED (value-age 27.75s > heartbeat tolerance 0.25s); lock REPLAYED (value-age 27.75s > heartbeat tolerance 0.25s); motion REPLAYED (value-age 27.75s > heartbeat toleran,8,False,blocks_both,False,False,3,3,0.75,defer_report_set,defer_report_set,False,True,door=on;lock=locked;occupancy=off;schedule=away,True,6fce9b9cbaebe4dc,True,False,
20260812T225016,heartbeat:at_source:schedule:D3_pre:s0,S6_snapshot_coherence,0,det_ref,rule,heartbeat,at_source,schedule,D3_pre,1.0,29.95,False,2.0,min_budget,door,1.0,4,0.0,30.2,30.7,29.95,0.5,29.95,True,30.2,30.7,3,3,door|lock|occupancy,True,True,False,False,contact REPLAYED (value-age 30.70s > heartbeat tolerance 0.25s); lock REPLAYED (value-age 30.70s > heartbeat tolerance 0.25s); motion REPLAYED (value-age 30.70s > heartbeat toleran,8,False,blocks_both,False,False,3,3,0.75,report_not_set,report_not_set,False,False,door=on;lock=locked;occupancy=off;schedule=away,False,6fce9b9cbaebe4dc,True,False,
20260812T225016,heartbeat:at_source:schedule:D3_pre:s0,S6_snapshot_coherence,0,det_ref,agent_r,heartbeat,at_source,schedule,D3_pre,1.0,29.95,False,2.0,min_budget,door,1.0,4,0.0,30.2,30.7,29.95,0.5,29.95,True,30.2,30.7,3,3,door|lock|occupancy,True,True,False,False,contact REPLAYED (value-age 30.70s > heartbeat tolerance 0.25s); lock REPLAYED (value-age 30.70s > heartbeat tolerance 0.25s); motion REPLAYED (value-age 30.70s > heartbeat toleran,8,False,blocks_both,False,False,3,3,0.75,defer_report_set,defer_report_set,False,True,door=on;lock=locked;occupancy=off;schedule=away,True,6fce9b9cbaebe4dc,True,False,
20260812T225016,heartbeat:at_source:schedule:D3_post:s0,S6_snapshot_coherence,0,det_ref,rule,heartbeat,at_source,schedule,D3_post,1.0,30.05,False,2.0,min_budget,door,1.0,4,0.0,30.3,30.8,30.05,0.5,30.05,True,30.3,30.8,3,3,door|lock|occupancy,True,True,False,False,contact REPLAYED (value-age 30.80s > heartbeat tolerance 0.25s); lock REPLAYED (value-age 30.80s > heartbeat tolerance 0.25s); motion REPLAYED (value-age 30.80s > heartbeat toleran,8,False,blocks_both,False,False,3,3,0.75,report_not_set,report_not_set,False,False,door=on;lock=locked;occupancy=off;schedule=away,False,6fce9b9cbaebe4dc,True,False,
20260812T225016,heartbeat:at_source:schedule:D3_post:s0,S6_snapshot_coherence,0,det_ref,agent_r,heartbeat,at_source,schedule,D3_post,1.0,30.05,False,2.0,min_budget,door,1.0,4,0.0,30.3,30.8,30.05,0.5,30.05,True,30.3,30.8,3,3,door|lock|occupancy,True,True,False,False,contact REPLAYED (value-age 30.80s > heartbeat tolerance 0.25s); lock REPLAYED (value-age 30.80s > heartbeat tolerance 0.25s); motion REPLAYED (value-age 30.80s > heartbeat toleran,8,False,blocks_both,False,False,3,3,0.75,defer_report_set,defer_report_set,False,True,door=on;lock=locked;occupancy=off;schedule=away,True,6fce9b9cbaebe4dc,True,False,
20260812T225016,heartbeat:at_source:schedule:D4_late:s0,S6_snapshot_coherence,0,det_ref,rule,heartbeat,at_source,schedule,D4_late,,35.0,False,2.0,min_budget,door,1.0,4,0.0,35.25,35.75,35.0,0.5,35.0,True,35.25,35.75,3,3,door|lock|occupancy,True,True,False,False,contact REPLAYED (value-age 35.75s > heartbeat tolerance 0.25s); lock REPLAYED (value-age 35.75s > heartbeat tolerance 0.25s); motion REPLAYED (value-age 35.75s > heartbeat toleran,8,False,blocks_both,False,False,3,3,0.75,report_not_set,report_not_set,False,False,door=on;lock=locked;occupancy=off;schedule=away,False,6fce9b9cbaebe4dc,True,False,
20260812T225016,heartbeat:at_source:schedule:D4_late:s0,S6_snapshot_coherence,0,det_ref,agent_r,heartbeat,at_source,schedule,D4_late,,35.0,False,2.0,min_budget,door,1.0,4,0.0,35.25,35.75,35.0,0.5,35.0,True,35.25,35.75,3,3,door|lock|occupancy,True,True,False,False,contact REPLAYED (value-age 35.75s > heartbeat tolerance 0.25s); lock REPLAYED (value-age 35.75s > heartbeat tolerance 0.25s); motion REPLAYED (value-age 35.75s > heartbeat toleran,8,False,blocks_both,False,False,3,3,0.75,defer_report_set,defer_report_set,False,True,door=on;lock=locked;occupancy=off;schedule=away,True,6fce9b9cbaebe4dc,True,False,
20260812T225016,activepoll:in_transit:schedule:D0_none:s0,S6_snapshot_coherence,0,det_ref,rule,activepoll,in_transit,,D0_none,,0.0,True,2.0,min_budget,door,1.0,4,0.0,0.25,0.75,0.0,0.5,0.0,False,0.25,0.75,0,0,,False,False,False,False,contact REPLAYED (value-age 0.05s > heartbeat tolerance 0.05s); lock REPLAYED (value-age 0.05s > heartbeat tolerance 0.05s); motion REPLAYED (value-age 0.05s > heartbeat tolerance ,8,,control,True,True,0,0,0.0,report_not_set,,False,False,door=off;lock=locked;occupancy=off;schedule=away,False,6fce9b9cbaebe4dc,True,False,
20260812T225016,activepoll:in_transit:schedule:D0_none:s0,S6_snapshot_coherence,0,det_ref,agent_r,activepoll,in_transit,,D0_none,,0.0,True,2.0,min_budget,door,1.0,4,0.0,0.25,0.75,0.0,0.5,0.0,False,0.25,0.75,0,0,,False,False,False,False,contact REPLAYED (value-age 0.05s > heartbeat tolerance 0.05s); lock REPLAYED (value-age 0.05s > heartbeat tolerance 0.05s); motion REPLAYED (value-age 0.05s > heartbeat tolerance ,8,,control,True,True,0,0,0.0,defer_report_set,,False,True,door=off;lock=locked;occupancy=off;schedule=away,False,6fce9b9cbaebe4dc,True,False,
20260812T225016,activepoll:in_transit:schedule:D1_jitter:s0,S6_snapshot_coherence,0,det_ref,rule,activepoll,in_transit,schedule,D1_jitter,,0.0018,False,2.0,min_budget,door,1.0,4,0.0,0.2518,0.7518,0.001794,0.5,0.0,False,0.2518,0.7518,0,0,,False,False,False,False,contact REPLAYED (value-age 0.05s > heartbeat tolerance 0.05s); lock REPLAYED (value-age 0.05s > heartbeat tolerance 0.05s); motion REPLAYED (value-age 0.05s > heartbeat tolerance ,8,False,blocks_both,True,True,0,0,0.0,report_not_set,report_not_set,False,False,door=off;lock=locked;occupancy=off;schedule=away,False,6fce9b9cbaebe4dc,True,False,
20260812T225016,activepoll:in_transit:schedule:D1_jitter:s0,S6_snapshot_coherence,0,det_ref,agent_r,activepoll,in_transit,schedule,D1_jitter,,0.0018,False,2.0,min_budget,door,1.0,4,0.0,0.2518,0.7518,0.001794,0.5,0.0,False,0.2518,0.7518,0,0,,False,False,False,False,contact REPLAYED (value-age 0.05s > heartbeat tolerance 0.05s); lock REPLAYED (value-age 0.05s > heartbeat tolerance 0.05s); motion REPLAYED (value-age 0.05s > heartbeat tolerance ,8,False,blocks_both,True,True,0,0,0.0,defer_report_set,defer_report_set,False,True,door=off;lock=locked;occupancy=off;schedule=away,False,6fce9b9cbaebe4dc,True,False,
20260812T225016,activepoll:in_transit:schedule:D2_25:s0,S6_snapshot_coherence,0,det_ref,rule,activepoll,in_transit,schedule,D2_25,0.25,7.5,False,2.0,min_budget,door,1.0,4,0.0,7.75,8.25,7.5,0.5,0.0,False,7.75,8.25,3,3,door|lock|occupancy,False,False,False,False,contact REPLAYED (value-age 0.05s > heartbeat tolerance 0.05s); lock REPLAYED (value-age 0.05s > heartbeat tolerance 0.05s); motion REPLAYED (value-age 0.05s > heartbeat tolerance ,8,False,blocks_both,False,False,3,3,0.75,report_not_set,report_not_set,False,False,door=on;lock=locked;occupancy=off;schedule=away,False,6fce9b9cbaebe4dc,True,False,
20260812T225016,activepoll:in_transit:schedule:D2_25:s0,S6_snapshot_coherence,0,det_ref,agent_r,activepoll,in_transit,schedule,D2_25,0.25,7.5,False,2.0,min_budget,door,1.0,4,0.0,7.75,8.25,7.5,0.5,0.0,False,7.75,8.25,3,3,door|lock|occupancy,False,False,False,False,contact REPLAYED (value-age 0.05s > heartbeat tolerance 0.05s); lock REPLAYED (value-age 0.05s > heartbeat tolerance 0.05s); motion REPLAYED (value-age 0.05s > heartbeat tolerance ,8,False,blocks_both,False,False,3,3,0.75,defer_report_set,defer_report_set,False,True,door=on;lock=locked;occupancy=off;schedule=away,True,6fce9b9cbaebe4dc,True,False,
20260812T225016,activepoll:in_transit:schedule:D2_50:s0,S6_snapshot_coherence,0,det_ref,rule,activepoll,in_transit,schedule,D2_50,0.5,15.0,False,2.0,min_budget,door,1.0,4,0.0,15.25,15.75,15.0,0.5,0.0,False,15.25,15.75,3,3,door|lock|occupancy,False,False,False,False,contact REPLAYED (value-age 0.05s > heartbeat tolerance 0.05s); lock REPLAYED (value-age 0.05s > heartbeat tolerance 0.05s); motion REPLAYED (value-age 0.05s > heartbeat tolerance ,8,False,blocks_both,False,False,3,3,0.75,report_not_set,report_not_set,False,False,door=on;lock=locked;occupancy=off;schedule=away,False,6fce9b9cbaebe4dc,True,False,
20260812T225016,activepoll:in_transit:schedule:D2_50:s0,S6_snapshot_coherence,0,det_ref,agent_r,activepoll,in_transit,schedule,D2_50,0.5,15.0,False,2.0,min_budget,door,1.0,4,0.0,15.25,15.75,15.0,0.5,0.0,False,15.25,15.75,3,3,door|lock|occupancy,False,False,False,False,contact REPLAYED (value-age 0.05s > heartbeat tolerance 0.05s); lock REPLAYED (value-age 0.05s > heartbeat tolerance 0.05s); motion REPLAYED (value-age 0.05s > heartbeat tolerance ,8,False,blocks_both,False,False,3,3,0.75,defer_report_set,defer_report_set,False,True,door=on;lock=locked;occupancy=off;schedule=away,True,6fce9b9cbaebe4dc,True,False,
20260812T225016,activepoll:in_transit:schedule:D2_90:s0,S6_snapshot_coherence,0,det_ref,rule,activepoll,in_transit,schedule,D2_90,0.9,27.0,False,2.0,min_budget,door,1.0,4,0.0,27.25,27.75,27.0,0.5,0.0,False,27.25,27.75,3,3,door|lock|occupancy,False,False,False,False,contact REPLAYED (value-age 0.05s > heartbeat tolerance 0.05s); lock REPLAYED (value-age 0.05s > heartbeat tolerance 0.05s); motion REPLAYED (value-age 0.05s > heartbeat tolerance ,8,False,blocks_both,False,False,3,3,0.75,report_not_set,report_not_set,False,False,door=on;lock=locked;occupancy=off;schedule=away,False,6fce9b9cbaebe4dc,True,False,
20260812T225016,activepoll:in_transit:schedule:D2_90:s0,S6_snapshot_coherence,0,det_ref,agent_r,activepoll,in_transit,schedule,D2_90,0.9,27.0,False,2.0,min_budget,door,1.0,4,0.0,27.25,27.75,27.0,0.5,0.0,False,27.25,27.75,3,3,door|lock|occupancy,False,False,False,False,contact REPLAYED (value-age 0.05s > heartbeat tolerance 0.05s); lock REPLAYED (value-age 0.05s > heartbeat tolerance 0.05s); motion REPLAYED (value-age 0.05s > heartbeat tolerance ,8,False,blocks_both,False,False,3,3,0.75,defer_report_set,defer_report_set,False,True,door=on;lock=locked;occupancy=off;schedule=away,True,6fce9b9cbaebe4dc,True,False,
20260812T225016,activepoll:in_transit:schedule:D3_pre:s0,S6_snapshot_coherence,0,det_ref,rule,activepoll,in_transit,schedule,D3_pre,1.0,29.95,False,2.0,min_budget,door,1.0,4,0.0,30.2,30.7,29.95,0.5,0.0,False,30.2,30.7,4,4,door|lock|occupancy|schedule,False,False,False,False,contact REPLAYED (value-age 0.05s > heartbeat tolerance 0.05s); lock REPLAYED (value-age 0.05s > heartbeat tolerance 0.05s); motion REPLAYED (value-age 0.05s > heartbeat tolerance ,8,False,blocks_both,False,False,4,4,1.0,report_not_set,report_not_set,False,False,door=on;lock=locked;occupancy=off;schedule=away,False,6fce9b9cbaebe4dc,True,False,
20260812T225016,activepoll:in_transit:schedule:D3_pre:s0,S6_snapshot_coherence,0,det_ref,agent_r,activepoll,in_transit,schedule,D3_pre,1.0,29.95,False,2.0,min_budget,door,1.0,4,0.0,30.2,30.7,29.95,0.5,0.0,False,30.2,30.7,4,4,door|lock|occupancy|schedule,False,False,False,False,contact REPLAYED (value-age 0.05s > heartbeat tolerance 0.05s); lock REPLAYED (value-age 0.05s > heartbeat tolerance 0.05s); motion REPLAYED (value-age 0.05s > heartbeat tolerance ,8,False,blocks_both,False,False,4,4,1.0,defer_report_set,defer_report_set,False,True,door=on;lock=locked;occupancy=off;schedule=away,True,6fce9b9cbaebe4dc,True,False,
20260812T225016,activepoll:in_transit:schedule:D3_post:s0,S6_snapshot_coherence,0,det_ref,rule,activepoll,in_transit,schedule,D3_post,1.0,30.05,False,2.0,min_budget,door,1.0,4,0.0,30.3,30.8,30.05,0.5,0.0,False,30.3,30.8,4,4,door|lock|occupancy|schedule,False,False,False,False,contact REPLAYED (value-age 0.05s > heartbeat tolerance 0.05s); lock REPLAYED (value-age 0.05s > heartbeat tolerance 0.05s); motion REPLAYED (value-age 0.05s > heartbeat tolerance ,8,False,blocks_both,False,False,4,4,1.0,report_not_set,report_not_set,False,False,door=on;lock=locked;occupancy=off;schedule=away,False,6fce9b9cbaebe4dc,True,False,
20260812T225016,activepoll:in_transit:schedule:D3_post:s0,S6_snapshot_coherence,0,det_ref,agent_r,activepoll,in_transit,schedule,D3_post,1.0,30.05,False,2.0,min_budget,door,1.0,4,0.0,30.3,30.8,30.05,0.5,0.0,False,30.3,30.8,4,4,door|lock|occupancy|schedule,False,False,False,False,contact REPLAYED (value-age 0.05s > heartbeat tolerance 0.05s); lock REPLAYED (value-age 0.05s > heartbeat tolerance 0.05s); motion REPLAYED (value-age 0.05s > heartbeat tolerance ,8,False,blocks_both,False,False,4,4,1.0,defer_report_set,defer_report_set,False,True,door=on;lock=locked;occupancy=off;schedule=away,True,6fce9b9cbaebe4dc,True,False,
20260812T225016,activepoll:in_transit:schedule:D4_late:s0,S6_snapshot_coherence,0,det_ref,rule,activepoll,in_transit,schedule,D4_late,,35.0,False,2.0,min_budget,door,1.0,4,0.0,35.25,35.75,35.0,0.5,0.0,False,35.25,35.75,4,4,door|lock|occupancy|schedule,False,False,False,False,contact=on (need off); schedule STALE (age 35.2s > 30.0s),8,False,blocks_both,False,False,4,4,1.0,report_not_set,report_not_set,False,False,door=on;lock=locked;occupancy=off;schedule=away,False,6fce9b9cbaebe4dc,True,False,
20260812T225016,activepoll:in_transit:schedule:D4_late:s0,S6_snapshot_coherence,0,det_ref,agent_r,activepoll,in_transit,schedule,D4_late,,35.0,False,2.0,min_budget,door,1.0,4,0.0,35.25,35.75,35.0,0.5,0.0,False,35.25,35.75,4,4,door|lock|occupancy|schedule,False,False,False,False,contact=on (need off); schedule STALE (age 35.2s > 30.0s),8,False,blocks_both,False,False,4,4,1.0,defer_report_set,defer_report_set,False,True,door=on;lock=locked;occupancy=off;schedule=away,True,6fce9b9cbaebe4dc,True,False,
20260812T225016,activepoll:at_source:schedule:D0_none:s0,S6_snapshot_coherence,0,det_ref,rule,activepoll,at_source,,D0_none,,0.0,True,2.0,min_budget,door,1.0,4,0.0,0.25,0.75,0.0,0.5,0.0,False,0.25,0.75,0,0,,False,False,False,False,contact REPLAYED (value-age 0.05s > heartbeat tolerance 0.05s); lock REPLAYED (value-age 0.05s > heartbeat tolerance 0.05s); motion REPLAYED (value-age 0.05s > heartbeat tolerance ,8,,control,True,True,0,0,0.0,report_not_set,,False,False,door=off;lock=locked;occupancy=off;schedule=away,False,6fce9b9cbaebe4dc,True,False,
20260812T225016,activepoll:at_source:schedule:D0_none:s0,S6_snapshot_coherence,0,det_ref,agent_r,activepoll,at_source,,D0_none,,0.0,True,2.0,min_budget,door,1.0,4,0.0,0.25,0.75,0.0,0.5,0.0,False,0.25,0.75,0,0,,False,False,False,False,contact REPLAYED (value-age 0.05s > heartbeat tolerance 0.05s); lock REPLAYED (value-age 0.05s > heartbeat tolerance 0.05s); motion REPLAYED (value-age 0.05s > heartbeat tolerance ,8,,control,True,True,0,0,0.0,defer_report_set,,False,True,door=off;lock=locked;occupancy=off;schedule=away,False,6fce9b9cbaebe4dc,True,False,
20260812T225016,activepoll:at_source:schedule:D1_jitter:s0,S6_snapshot_coherence,0,det_ref,rule,activepoll,at_source,schedule,D1_jitter,,0.0018,False,2.0,min_budget,door,1.0,4,0.0,0.2518,0.7518,0.001794,0.5,0.0018,False,0.2518,0.7518,0,0,,False,False,False,False,contact REPLAYED (value-age 0.05s > heartbeat tolerance 0.05s); lock REPLAYED (value-age 0.05s > heartbeat tolerance 0.05s); motion REPLAYED (value-age 0.05s > heartbeat tolerance ,8,False,blocks_both,True,True,0,0,0.0,report_not_set,report_not_set,False,False,door=off;lock=locked;occupancy=off;schedule=away,False,6fce9b9cbaebe4dc,True,False,
20260812T225016,activepoll:at_source:schedule:D1_jitter:s0,S6_snapshot_coherence,0,det_ref,agent_r,activepoll,at_source,schedule,D1_jitter,,0.0018,False,2.0,min_budget,door,1.0,4,0.0,0.2518,0.7518,0.001794,0.5,0.0018,False,0.2518,0.7518,0,0,,False,False,False,False,contact REPLAYED (value-age 0.05s > heartbeat tolerance 0.05s); lock REPLAYED (value-age 0.05s > heartbeat tolerance 0.05s); motion REPLAYED (value-age 0.05s > heartbeat tolerance ,8,False,blocks_both,True,True,0,0,0.0,defer_report_set,defer_report_set,False,True,door=off;lock=locked;occupancy=off;schedule=away,False,6fce9b9cbaebe4dc,True,False,
20260812T225016,activepoll:at_source:schedule:D2_25:s0,S6_snapshot_coherence,0,det_ref,rule,activepoll,at_source,schedule,D2_25,0.25,7.5,False,2.0,min_budget,door,1.0,4,0.0,7.75,8.25,7.5,0.5,7.5,True,7.75,8.25,3,3,door|lock|occupancy,True,True,False,False,contact REPLAYED (value-age 0.05s > heartbeat tolerance 0.05s); lock REPLAYED (value-age 0.05s > heartbeat tolerance 0.05s); motion REPLAYED (value-age 0.05s > heartbeat tolerance ,8,False,blocks_both,False,False,3,3,0.75,report_not_set,report_not_set,False,False,door=on;lock=locked;occupancy=off;schedule=away,False,6fce9b9cbaebe4dc,True,False,
20260812T225016,activepoll:at_source:schedule:D2_25:s0,S6_snapshot_coherence,0,det_ref,agent_r,activepoll,at_source,schedule,D2_25,0.25,7.5,False,2.0,min_budget,door,1.0,4,0.0,7.75,8.25,7.5,0.5,7.5,True,7.75,8.25,3,3,door|lock|occupancy,True,True,False,False,contact REPLAYED (value-age 0.05s > heartbeat tolerance 0.05s); lock REPLAYED (value-age 0.05s > heartbeat tolerance 0.05s); motion REPLAYED (value-age 0.05s > heartbeat tolerance ,8,False,blocks_both,False,False,3,3,0.75,defer_report_set,defer_report_set,False,True,door=on;lock=locked;occupancy=off;schedule=away,True,6fce9b9cbaebe4dc,True,False,
20260812T225016,activepoll:at_source:schedule:D2_50:s0,S6_snapshot_coherence,0,det_ref,rule,activepoll,at_source,schedule,D2_50,0.5,15.0,False,2.0,min_budget,door,1.0,4,0.0,15.25,15.75,15.0,0.5,15.0,True,15.25,15.75,3,3,door|lock|occupancy,True,True,False,False,contact REPLAYED (value-age 0.05s > heartbeat tolerance 0.05s); lock REPLAYED (value-age 0.05s > heartbeat tolerance 0.05s); motion REPLAYED (value-age 0.05s > heartbeat tolerance ,8,False,blocks_both,False,False,3,3,0.75,report_not_set,report_not_set,False,False,door=on;lock=locked;occupancy=off;schedule=away,False,6fce9b9cbaebe4dc,True,False,
20260812T225016,activepoll:at_source:schedule:D2_50:s0,S6_snapshot_coherence,0,det_ref,agent_r,activepoll,at_source,schedule,D2_50,0.5,15.0,False,2.0,min_budget,door,1.0,4,0.0,15.25,15.75,15.0,0.5,15.0,True,15.25,15.75,3,3,door|lock|occupancy,True,True,False,False,contact REPLAYED (value-age 0.05s > heartbeat tolerance 0.05s); lock REPLAYED (value-age 0.05s > heartbeat tolerance 0.05s); motion REPLAYED (value-age 0.05s > heartbeat tolerance ,8,False,blocks_both,False,False,3,3,0.75,defer_report_set,defer_report_set,False,True,door=on;lock=locked;occupancy=off;schedule=away,True,6fce9b9cbaebe4dc,True,False,
20260812T225016,activepoll:at_source:schedule:D2_90:s0,S6_snapshot_coherence,0,det_ref,rule,activepoll,at_source,schedule,D2_90,0.9,27.0,False,2.0,min_budget,door,1.0,4,0.0,27.25,27.75,27.0,0.5,27.0,True,27.25,27.75,3,3,door|lock|occupancy,True,True,False,False,contact REPLAYED (value-age 0.05s > heartbeat tolerance 0.05s); lock REPLAYED (value-age 0.05s > heartbeat tolerance 0.05s); motion REPLAYED (value-age 0.05s > heartbeat tolerance ,8,False,blocks_both,False,False,3,3,0.75,report_not_set,report_not_set,False,False,door=on;lock=locked;occupancy=off;schedule=away,False,6fce9b9cbaebe4dc,True,False,
20260812T225016,activepoll:at_source:schedule:D2_90:s0,S6_snapshot_coherence,0,det_ref,agent_r,activepoll,at_source,schedule,D2_90,0.9,27.0,False,2.0,min_budget,door,1.0,4,0.0,27.25,27.75,27.0,0.5,27.0,True,27.25,27.75,3,3,door|lock|occupancy,True,True,False,False,contact REPLAYED (value-age 0.05s > heartbeat tolerance 0.05s); lock REPLAYED (value-age 0.05s > heartbeat tolerance 0.05s); motion REPLAYED (value-age 0.05s > heartbeat tolerance ,8,False,blocks_both,False,False,3,3,0.75,defer_report_set,defer_report_set,False,True,door=on;lock=locked;occupancy=off;schedule=away,True,6fce9b9cbaebe4dc,True,False,
20260812T225016,activepoll:at_source:schedule:D3_pre:s0,S6_snapshot_coherence,0,det_ref,rule,activepoll,at_source,schedule,D3_pre,1.0,29.95,False,2.0,min_budget,door,1.0,4,0.0,30.2,30.7,29.95,0.5,29.95,True,30.2,30.7,3,3,door|lock|occupancy,True,True,False,False,contact REPLAYED (value-age 0.05s > heartbeat tolerance 0.05s); lock REPLAYED (value-age 0.05s > heartbeat tolerance 0.05s); motion REPLAYED (value-age 0.05s > heartbeat tolerance ,8,False,blocks_both,False,False,3,3,0.75,report_not_set,report_not_set,False,False,door=on;lock=locked;occupancy=off;schedule=away,False,6fce9b9cbaebe4dc,True,False,
20260812T225016,activepoll:at_source:schedule:D3_pre:s0,S6_snapshot_coherence,0,det_ref,agent_r,activepoll,at_source,schedule,D3_pre,1.0,29.95,False,2.0,min_budget,door,1.0,4,0.0,30.2,30.7,29.95,0.5,29.95,True,30.2,30.7,3,3,door|lock|occupancy,True,True,False,False,contact REPLAYED (value-age 0.05s > heartbeat tolerance 0.05s); lock REPLAYED (value-age 0.05s > heartbeat tolerance 0.05s); motion REPLAYED (value-age 0.05s > heartbeat tolerance ,8,False,blocks_both,False,False,3,3,0.75,defer_report_set,defer_report_set,False,True,door=on;lock=locked;occupancy=off;schedule=away,True,6fce9b9cbaebe4dc,True,False,
20260812T225016,activepoll:at_source:schedule:D3_post:s0,S6_snapshot_coherence,0,det_ref,rule,activepoll,at_source,schedule,D3_post,1.0,30.05,False,2.0,min_budget,door,1.0,4,0.0,30.3,30.8,30.05,0.5,30.05,True,30.3,30.8,3,3,door|lock|occupancy,True,True,False,False,contact REPLAYED (value-age 0.05s > heartbeat tolerance 0.05s); lock REPLAYED (value-age 0.05s > heartbeat tolerance 0.05s); motion REPLAYED (value-age 0.05s > heartbeat tolerance ,8,False,blocks_both,False,False,3,3,0.75,report_not_set,report_not_set,False,False,door=on;lock=locked;occupancy=off;schedule=away,False,6fce9b9cbaebe4dc,True,False,
20260812T225016,activepoll:at_source:schedule:D3_post:s0,S6_snapshot_coherence,0,det_ref,agent_r,activepoll,at_source,schedule,D3_post,1.0,30.05,False,2.0,min_budget,door,1.0,4,0.0,30.3,30.8,30.05,0.5,30.05,True,30.3,30.8,3,3,door|lock|occupancy,True,True,False,False,contact REPLAYED (value-age 0.05s > heartbeat tolerance 0.05s); lock REPLAYED (value-age 0.05s > heartbeat tolerance 0.05s); motion REPLAYED (value-age 0.05s > heartbeat tolerance ,8,False,blocks_both,False,False,3,3,0.75,defer_report_set,defer_report_set,False,True,door=on;lock=locked;occupancy=off;schedule=away,True,6fce9b9cbaebe4dc,True,False,
20260812T225016,activepoll:at_source:schedule:D4_late:s0,S6_snapshot_coherence,0,det_ref,rule,activepoll,at_source,schedule,D4_late,,35.0,False,2.0,min_budget,door,1.0,4,0.0,35.25,35.75,35.0,0.5,35.0,True,35.25,35.75,3,3,door|lock|occupancy,True,True,False,False,contact=on (need off); schedule REPLAYED (value-age 0.75s > heartbeat tolerance 0.05s),8,False,blocks_both,False,False,3,3,0.75,report_not_set,report_not_set,False,False,door=on;lock=locked;occupancy=off;schedule=away,False,6fce9b9cbaebe4dc,True,False,
20260812T225016,activepoll:at_source:schedule:D4_late:s0,S6_snapshot_coherence,0,det_ref,agent_r,activepoll,at_source,schedule,D4_late,,35.0,False,2.0,min_budget,door,1.0,4,0.0,35.25,35.75,35.0,0.5,35.0,True,35.25,35.75,3,3,door|lock|occupancy,True,True,False,False,contact=on (need off); schedule REPLAYED (value-age 0.75s > heartbeat tolerance 0.05s),8,False,blocks_both,False,False,3,3,0.75,defer_report_set,defer_report_set,False,True,door=on;lock=locked;occupancy=off;schedule=away,True,6fce9b9cbaebe4dc,True,False,
20260812T225016,anchored:in_transit:schedule:D0_none:s0,S6_snapshot_coherence,0,det_ref,rule,anchored,in_transit,,D0_none,,0.0,True,2.0,min_budget,door,1.0,4,0.0,0.25,0.75,0.0,0.5,0.0,False,0.25,0.75,0,0,,False,False,True,True,admitted,8,,control,True,True,0,0,0.0,arm_away,,False,False,door=off;lock=locked;occupancy=off;schedule=away,False,6fce9b9cbaebe4dc,True,False,
20260812T225016,anchored:in_transit:schedule:D0_none:s0,S6_snapshot_coherence,0,det_ref,agent_r,anchored,in_transit,,D0_none,,0.0,True,2.0,min_budget,door,1.0,4,0.0,0.25,0.75,0.0,0.5,0.0,False,0.25,0.75,0,0,,False,False,True,True,admitted,8,,control,True,True,0,0,0.0,arm_away,,False,False,door=off;lock=locked;occupancy=off;schedule=away,False,6fce9b9cbaebe4dc,True,False,
20260812T225016,anchored:in_transit:schedule:D1_jitter:s0,S6_snapshot_coherence,0,det_ref,rule,anchored,in_transit,schedule,D1_jitter,,0.0018,False,2.0,min_budget,door,1.0,4,0.0,0.2518,0.7518,0.001794,0.5,0.0,False,0.2518,0.7518,0,0,,False,False,True,False,contact REPLAYED (value-age 0.25s > heartbeat tolerance 0.25s); lock REPLAYED (value-age 0.25s > heartbeat tolerance 0.25s); motion REPLAYED (value-age 0.25s > heartbeat tolerance ,8,True,caught_delay,True,True,0,0,0.0,report_not_set,arm_away,True,False,door=off;lock=locked;occupancy=off;schedule=away,False,6fce9b9cbaebe4dc,True,False,
20260812T225016,anchored:in_transit:schedule:D1_jitter:s0,S6_snapshot_coherence,0,det_ref,agent_r,anchored,in_transit,schedule,D1_jitter,,0.0018,False,2.0,min_budget,door,1.0,4,0.0,0.2518,0.7518,0.001794,0.5,0.0,False,0.2518,0.7518,0,0,,False,False,True,False,contact REPLAYED (value-age 0.25s > heartbeat tolerance 0.25s); lock REPLAYED (value-age 0.25s > heartbeat tolerance 0.25s); motion REPLAYED (value-age 0.25s > heartbeat tolerance ,8,True,caught_delay,True,True,0,0,0.0,defer_report_set,arm_away,True,True,door=off;lock=locked;occupancy=off;schedule=away,False,6fce9b9cbaebe4dc,True,False,
20260812T225016,anchored:in_transit:schedule:D2_25:s0,S6_snapshot_coherence,0,det_ref,rule,anchored,in_transit,schedule,D2_25,0.25,7.5,False,2.0,min_budget,door,1.0,4,0.0,7.75,8.25,7.5,0.5,0.0,False,7.75,8.25,3,3,door|lock|occupancy,False,False,False,False,contact REPLAYED (value-age 7.75s > heartbeat tolerance 0.25s); lock REPLAYED (value-age 7.75s > heartbeat tolerance 0.25s); motion REPLAYED (value-age 7.75s > heartbeat tolerance ,8,True,caught_delay,False,False,3,3,0.75,report_not_set,arm_away,True,False,door=on;lock=locked;occupancy=off;schedule=away,False,6fce9b9cbaebe4dc,True,False,
20260812T225016,anchored:in_transit:schedule:D2_25:s0,S6_snapshot_coherence,0,det_ref,agent_r,anchored,in_transit,schedule,D2_25,0.25,7.5,False,2.0,min_budget,door,1.0,4,0.0,7.75,8.25,7.5,0.5,0.0,False,7.75,8.25,3,3,door|lock|occupancy,False,False,False,False,contact REPLAYED (value-age 7.75s > heartbeat tolerance 0.25s); lock REPLAYED (value-age 7.75s > heartbeat tolerance 0.25s); motion REPLAYED (value-age 7.75s > heartbeat tolerance ,8,True,caught_delay,False,False,3,3,0.75,defer_report_set,arm_away,True,True,door=on;lock=locked;occupancy=off;schedule=away,True,6fce9b9cbaebe4dc,True,False,
20260812T225016,anchored:in_transit:schedule:D2_50:s0,S6_snapshot_coherence,0,det_ref,rule,anchored,in_transit,schedule,D2_50,0.5,15.0,False,2.0,min_budget,door,1.0,4,0.0,15.25,15.75,15.0,0.5,0.0,False,15.25,15.75,3,3,door|lock|occupancy,False,False,False,False,contact REPLAYED (value-age 15.25s > heartbeat tolerance 0.25s); lock REPLAYED (value-age 15.25s > heartbeat tolerance 0.25s); motion REPLAYED (value-age 15.25s > heartbeat toleran,8,True,caught_delay,False,False,3,3,0.75,report_not_set,arm_away,True,False,door=on;lock=locked;occupancy=off;schedule=away,False,6fce9b9cbaebe4dc,True,False,
20260812T225016,anchored:in_transit:schedule:D2_50:s0,S6_snapshot_coherence,0,det_ref,agent_r,anchored,in_transit,schedule,D2_50,0.5,15.0,False,2.0,min_budget,door,1.0,4,0.0,15.25,15.75,15.0,0.5,0.0,False,15.25,15.75,3,3,door|lock|occupancy,False,False,False,False,contact REPLAYED (value-age 15.25s > heartbeat tolerance 0.25s); lock REPLAYED (value-age 15.25s > heartbeat tolerance 0.25s); motion REPLAYED (value-age 15.25s > heartbeat toleran,8,True,caught_delay,False,False,3,3,0.75,defer_report_set,arm_away,True,True,door=on;lock=locked;occupancy=off;schedule=away,True,6fce9b9cbaebe4dc,True,False,
20260812T225016,anchored:in_transit:schedule:D2_90:s0,S6_snapshot_coherence,0,det_ref,rule,anchored,in_transit,schedule,D2_90,0.9,27.0,False,2.0,min_budget,door,1.0,4,0.0,27.25,27.75,27.0,0.5,0.0,False,27.25,27.75,3,3,door|lock|occupancy,False,False,False,False,contact REPLAYED (value-age 27.25s > heartbeat tolerance 0.25s); lock REPLAYED (value-age 27.25s > heartbeat tolerance 0.25s); motion REPLAYED (value-age 27.25s > heartbeat toleran,8,True,caught_delay,False,False,3,3,0.75,report_not_set,arm_away,True,False,door=on;lock=locked;occupancy=off;schedule=away,False,6fce9b9cbaebe4dc,True,False,
20260812T225016,anchored:in_transit:schedule:D2_90:s0,S6_snapshot_coherence,0,det_ref,agent_r,anchored,in_transit,schedule,D2_90,0.9,27.0,False,2.0,min_budget,door,1.0,4,0.0,27.25,27.75,27.0,0.5,0.0,False,27.25,27.75,3,3,door|lock|occupancy,False,False,False,False,contact REPLAYED (value-age 27.25s > heartbeat tolerance 0.25s); lock REPLAYED (value-age 27.25s > heartbeat tolerance 0.25s); motion REPLAYED (value-age 27.25s > heartbeat toleran,8,True,caught_delay,False,False,3,3,0.75,defer_report_set,arm_away,True,True,door=on;lock=locked;occupancy=off;schedule=away,True,6fce9b9cbaebe4dc,True,False,
20260812T225016,anchored:in_transit:schedule:D3_pre:s0,S6_snapshot_coherence,0,det_ref,rule,anchored,in_transit,schedule,D3_pre,1.0,29.95,False,2.0,min_budget,door,1.0,4,0.0,30.2,30.7,29.95,0.5,0.0,False,30.2,30.7,4,4,door|lock|occupancy|schedule,False,False,False,False,contact REPLAYED (value-age 30.20s > heartbeat tolerance 0.25s); lock REPLAYED (value-age 30.20s > heartbeat tolerance 0.25s); motion REPLAYED (value-age 30.20s > heartbeat toleran,8,True,caught_delay,False,False,4,4,1.0,report_not_set,arm_away,True,False,door=on;lock=locked;occupancy=off;schedule=away,False,6fce9b9cbaebe4dc,True,False,
20260812T225016,anchored:in_transit:schedule:D3_pre:s0,S6_snapshot_coherence,0,det_ref,agent_r,anchored,in_transit,schedule,D3_pre,1.0,29.95,False,2.0,min_budget,door,1.0,4,0.0,30.2,30.7,29.95,0.5,0.0,False,30.2,30.7,4,4,door|lock|occupancy|schedule,False,False,False,False,contact REPLAYED (value-age 30.20s > heartbeat tolerance 0.25s); lock REPLAYED (value-age 30.20s > heartbeat tolerance 0.25s); motion REPLAYED (value-age 30.20s > heartbeat toleran,8,True,caught_delay,False,False,4,4,1.0,defer_report_set,arm_away,True,True,door=on;lock=locked;occupancy=off;schedule=away,True,6fce9b9cbaebe4dc,True,False,
20260812T225016,anchored:in_transit:schedule:D3_post:s0,S6_snapshot_coherence,0,det_ref,rule,anchored,in_transit,schedule,D3_post,1.0,30.05,False,2.0,min_budget,door,1.0,4,0.0,30.3,30.8,30.05,0.5,0.0,False,30.3,30.8,4,4,door|lock|occupancy|schedule,False,False,False,False,contact REPLAYED (value-age 30.30s > heartbeat tolerance 0.25s); lock REPLAYED (value-age 30.30s > heartbeat tolerance 0.25s); motion REPLAYED (value-age 30.30s > heartbeat toleran,8,True,caught_delay,False,False,4,4,1.0,report_not_set,arm_away,True,False,door=on;lock=locked;occupancy=off;schedule=away,False,6fce9b9cbaebe4dc,True,False,
20260812T225016,anchored:in_transit:schedule:D3_post:s0,S6_snapshot_coherence,0,det_ref,agent_r,anchored,in_transit,schedule,D3_post,1.0,30.05,False,2.0,min_budget,door,1.0,4,0.0,30.3,30.8,30.05,0.5,0.0,False,30.3,30.8,4,4,door|lock|occupancy|schedule,False,False,False,False,contact REPLAYED (value-age 30.30s > heartbeat tolerance 0.25s); lock REPLAYED (value-age 30.30s > heartbeat tolerance 0.25s); motion REPLAYED (value-age 30.30s > heartbeat toleran,8,True,caught_delay,False,False,4,4,1.0,defer_report_set,arm_away,True,True,door=on;lock=locked;occupancy=off;schedule=away,True,6fce9b9cbaebe4dc,True,False,
20260812T225016,anchored:in_transit:schedule:D4_late:s0,S6_snapshot_coherence,0,det_ref,rule,anchored,in_transit,schedule,D4_late,,35.0,False,2.0,min_budget,door,1.0,4,0.0,35.25,35.75,35.0,0.5,0.0,False,35.25,35.75,4,4,door|lock|occupancy|schedule,False,False,False,False,contact REPLAYED (value-age 35.25s > heartbeat tolerance 0.25s); lock REPLAYED (value-age 35.25s > heartbeat tolerance 0.25s); motion REPLAYED (value-age 35.25s > heartbeat toleran,8,True,caught_delay,False,False,4,4,1.0,report_not_set,arm_away,True,False,door=on;lock=locked;occupancy=off;schedule=away,False,6fce9b9cbaebe4dc,True,False,
20260812T225016,anchored:in_transit:schedule:D4_late:s0,S6_snapshot_coherence,0,det_ref,agent_r,anchored,in_transit,schedule,D4_late,,35.0,False,2.0,min_budget,door,1.0,4,0.0,35.25,35.75,35.0,0.5,0.0,False,35.25,35.75,4,4,door|lock|occupancy|schedule,False,False,False,False,contact REPLAYED (value-age 35.25s > heartbeat tolerance 0.25s); lock REPLAYED (value-age 35.25s > heartbeat tolerance 0.25s); motion REPLAYED (value-age 35.25s > heartbeat toleran,8,True,caught_delay,False,False,4,4,1.0,defer_report_set,arm_away,True,True,door=on;lock=locked;occupancy=off;schedule=away,True,6fce9b9cbaebe4dc,True,False,
20260812T225016,anchored:at_source:schedule:D0_none:s0,S6_snapshot_coherence,0,det_ref,rule,anchored,at_source,,D0_none,,0.0,True,2.0,min_budget,door,1.0,4,0.0,0.25,0.75,0.0,0.5,0.0,False,0.25,0.75,0,0,,False,False,True,True,admitted,8,,control,True,True,0,0,0.0,arm_away,,False,False,door=off;lock=locked;occupancy=off;schedule=away,False,6fce9b9cbaebe4dc,True,False,
20260812T225016,anchored:at_source:schedule:D0_none:s0,S6_snapshot_coherence,0,det_ref,agent_r,anchored,at_source,,D0_none,,0.0,True,2.0,min_budget,door,1.0,4,0.0,0.25,0.75,0.0,0.5,0.0,False,0.25,0.75,0,0,,False,False,True,True,admitted,8,,control,True,True,0,0,0.0,arm_away,,False,False,door=off;lock=locked;occupancy=off;schedule=away,False,6fce9b9cbaebe4dc,True,False,
20260812T225016,anchored:at_source:schedule:D1_jitter:s0,S6_snapshot_coherence,0,det_ref,rule,anchored,at_source,schedule,D1_jitter,,0.0018,False,2.0,min_budget,door,1.0,4,0.0,0.2518,0.7518,0.001794,0.5,0.0018,False,0.2518,0.7518,0,0,,False,False,True,False,contact REPLAYED (value-age 0.25s > heartbeat tolerance 0.25s); lock REPLAYED (value-age 0.25s > heartbeat tolerance 0.25s); motion REPLAYED (value-age 0.25s > heartbeat tolerance ,8,True,caught_delay,True,True,0,0,0.0,report_not_set,arm_away,True,False,door=off;lock=locked;occupancy=off;schedule=away,False,6fce9b9cbaebe4dc,True,False,
20260812T225016,anchored:at_source:schedule:D1_jitter:s0,S6_snapshot_coherence,0,det_ref,agent_r,anchored,at_source,schedule,D1_jitter,,0.0018,False,2.0,min_budget,door,1.0,4,0.0,0.2518,0.7518,0.001794,0.5,0.0018,False,0.2518,0.7518,0,0,,False,False,True,False,contact REPLAYED (value-age 0.25s > heartbeat tolerance 0.25s); lock REPLAYED (value-age 0.25s > heartbeat tolerance 0.25s); motion REPLAYED (value-age 0.25s > heartbeat tolerance ,8,True,caught_delay,True,True,0,0,0.0,defer_report_set,arm_away,True,True,door=off;lock=locked;occupancy=off;schedule=away,False,6fce9b9cbaebe4dc,True,False,
20260812T225016,anchored:at_source:schedule:D2_25:s0,S6_snapshot_coherence,0,det_ref,rule,anchored,at_source,schedule,D2_25,0.25,7.5,False,2.0,min_budget,door,1.0,4,0.0,7.75,8.25,7.5,0.5,7.5,True,7.75,8.25,3,3,door|lock|occupancy,True,True,False,False,contact REPLAYED (value-age 7.75s > heartbeat tolerance 0.25s); lock REPLAYED (value-age 7.75s > heartbeat tolerance 0.25s); motion REPLAYED (value-age 7.75s > heartbeat tolerance ,8,True,caught_delay,False,False,3,3,0.75,report_not_set,arm_away,True,False,door=on;lock=locked;occupancy=off;schedule=away,False,6fce9b9cbaebe4dc,True,False,
20260812T225016,anchored:at_source:schedule:D2_25:s0,S6_snapshot_coherence,0,det_ref,agent_r,anchored,at_source,schedule,D2_25,0.25,7.5,False,2.0,min_budget,door,1.0,4,0.0,7.75,8.25,7.5,0.5,7.5,True,7.75,8.25,3,3,door|lock|occupancy,True,True,False,False,contact REPLAYED (value-age 7.75s > heartbeat tolerance 0.25s); lock REPLAYED (value-age 7.75s > heartbeat tolerance 0.25s); motion REPLAYED (value-age 7.75s > heartbeat tolerance ,8,True,caught_delay,False,False,3,3,0.75,defer_report_set,arm_away,True,True,door=on;lock=locked;occupancy=off;schedule=away,True,6fce9b9cbaebe4dc,True,False,
20260812T225016,anchored:at_source:schedule:D2_50:s0,S6_snapshot_coherence,0,det_ref,rule,anchored,at_source,schedule,D2_50,0.5,15.0,False,2.0,min_budget,door,1.0,4,0.0,15.25,15.75,15.0,0.5,15.0,True,15.25,15.75,3,3,door|lock|occupancy,True,True,False,False,contact REPLAYED (value-age 15.25s > heartbeat tolerance 0.25s); lock REPLAYED (value-age 15.25s > heartbeat tolerance 0.25s); motion REPLAYED (value-age 15.25s > heartbeat toleran,8,True,caught_delay,False,False,3,3,0.75,report_not_set,arm_away,True,False,door=on;lock=locked;occupancy=off;schedule=away,False,6fce9b9cbaebe4dc,True,False,
20260812T225016,anchored:at_source:schedule:D2_50:s0,S6_snapshot_coherence,0,det_ref,agent_r,anchored,at_source,schedule,D2_50,0.5,15.0,False,2.0,min_budget,door,1.0,4,0.0,15.25,15.75,15.0,0.5,15.0,True,15.25,15.75,3,3,door|lock|occupancy,True,True,False,False,contact REPLAYED (value-age 15.25s > heartbeat tolerance 0.25s); lock REPLAYED (value-age 15.25s > heartbeat tolerance 0.25s); motion REPLAYED (value-age 15.25s > heartbeat toleran,8,True,caught_delay,False,False,3,3,0.75,defer_report_set,arm_away,True,True,door=on;lock=locked;occupancy=off;schedule=away,True,6fce9b9cbaebe4dc,True,False,
20260812T225016,anchored:at_source:schedule:D2_90:s0,S6_snapshot_coherence,0,det_ref,rule,anchored,at_source,schedule,D2_90,0.9,27.0,False,2.0,min_budget,door,1.0,4,0.0,27.25,27.75,27.0,0.5,27.0,True,27.25,27.75,3,3,door|lock|occupancy,True,True,False,False,contact REPLAYED (value-age 27.25s > heartbeat tolerance 0.25s); lock REPLAYED (value-age 27.25s > heartbeat tolerance 0.25s); motion REPLAYED (value-age 27.25s > heartbeat toleran,8,True,caught_delay,False,False,3,3,0.75,report_not_set,arm_away,True,False,door=on;lock=locked;occupancy=off;schedule=away,False,6fce9b9cbaebe4dc,True,False,
20260812T225016,anchored:at_source:schedule:D2_90:s0,S6_snapshot_coherence,0,det_ref,agent_r,anchored,at_source,schedule,D2_90,0.9,27.0,False,2.0,min_budget,door,1.0,4,0.0,27.25,27.75,27.0,0.5,27.0,True,27.25,27.75,3,3,door|lock|occupancy,True,True,False,False,contact REPLAYED (value-age 27.25s > heartbeat tolerance 0.25s); lock REPLAYED (value-age 27.25s > heartbeat tolerance 0.25s); motion REPLAYED (value-age 27.25s > heartbeat toleran,8,True,caught_delay,False,False,3,3,0.75,defer_report_set,arm_away,True,True,door=on;lock=locked;occupancy=off;schedule=away,True,6fce9b9cbaebe4dc,True,False,
20260812T225016,anchored:at_source:schedule:D3_pre:s0,S6_snapshot_coherence,0,det_ref,rule,anchored,at_source,schedule,D3_pre,1.0,29.95,False,2.0,min_budget,door,1.0,4,0.0,30.2,30.7,29.95,0.5,29.95,True,30.2,30.7,3,3,door|lock|occupancy,True,True,False,False,contact REPLAYED (value-age 30.20s > heartbeat tolerance 0.25s); lock REPLAYED (value-age 30.20s > heartbeat tolerance 0.25s); motion REPLAYED (value-age 30.20s > heartbeat toleran,8,True,caught_delay,False,False,3,3,0.75,report_not_set,arm_away,True,False,door=on;lock=locked;occupancy=off;schedule=away,False,6fce9b9cbaebe4dc,True,False,
20260812T225016,anchored:at_source:schedule:D3_pre:s0,S6_snapshot_coherence,0,det_ref,agent_r,anchored,at_source,schedule,D3_pre,1.0,29.95,False,2.0,min_budget,door,1.0,4,0.0,30.2,30.7,29.95,0.5,29.95,True,30.2,30.7,3,3,door|lock|occupancy,True,True,False,False,contact REPLAYED (value-age 30.20s > heartbeat tolerance 0.25s); lock REPLAYED (value-age 30.20s > heartbeat tolerance 0.25s); motion REPLAYED (value-age 30.20s > heartbeat toleran,8,True,caught_delay,False,False,3,3,0.75,defer_report_set,arm_away,True,True,door=on;lock=locked;occupancy=off;schedule=away,True,6fce9b9cbaebe4dc,True,False,
20260812T225016,anchored:at_source:schedule:D3_post:s0,S6_snapshot_coherence,0,det_ref,rule,anchored,at_source,schedule,D3_post,1.0,30.05,False,2.0,min_budget,door,1.0,4,0.0,30.3,30.8,30.05,0.5,30.05,True,30.3,30.8,3,3,door|lock|occupancy,True,True,False,False,contact REPLAYED (value-age 30.30s > heartbeat tolerance 0.25s); lock REPLAYED (value-age 30.30s > heartbeat tolerance 0.25s); motion REPLAYED (value-age 30.30s > heartbeat toleran,8,True,caught_delay,False,False,3,3,0.75,report_not_set,arm_away,True,False,door=on;lock=locked;occupancy=off;schedule=away,False,6fce9b9cbaebe4dc,True,False,
20260812T225016,anchored:at_source:schedule:D3_post:s0,S6_snapshot_coherence,0,det_ref,agent_r,anchored,at_source,schedule,D3_post,1.0,30.05,False,2.0,min_budget,door,1.0,4,0.0,30.3,30.8,30.05,0.5,30.05,True,30.3,30.8,3,3,door|lock|occupancy,True,True,False,False,contact REPLAYED (value-age 30.30s > heartbeat tolerance 0.25s); lock REPLAYED (value-age 30.30s > heartbeat tolerance 0.25s); motion REPLAYED (value-age 30.30s > heartbeat toleran,8,True,caught_delay,False,False,3,3,0.75,defer_report_set,arm_away,True,True,door=on;lock=locked;occupancy=off;schedule=away,True,6fce9b9cbaebe4dc,True,False,
20260812T225016,anchored:at_source:schedule:D4_late:s0,S6_snapshot_coherence,0,det_ref,rule,anchored,at_source,schedule,D4_late,,35.0,False,2.0,min_budget,door,1.0,4,0.0,35.25,35.75,35.0,0.5,35.0,True,35.25,35.75,3,3,door|lock|occupancy,True,True,False,False,contact REPLAYED (value-age 35.25s > heartbeat tolerance 0.25s); lock REPLAYED (value-age 35.25s > heartbeat tolerance 0.25s); motion REPLAYED (value-age 35.25s > heartbeat toleran,8,True,caught_delay,False,False,3,3,0.75,report_not_set,arm_away,True,False,door=on;lock=locked;occupancy=off;schedule=away,False,6fce9b9cbaebe4dc,True,False,
20260812T225016,anchored:at_source:schedule:D4_late:s0,S6_snapshot_coherence,0,det_ref,agent_r,anchored,at_source,schedule,D4_late,,35.0,False,2.0,min_budget,door,1.0,4,0.0,35.25,35.75,35.0,0.5,35.0,True,35.25,35.75,3,3,door|lock|occupancy,True,True,False,False,contact REPLAYED (value-age 35.25s > heartbeat tolerance 0.25s); lock REPLAYED (value-age 35.25s > heartbeat tolerance 0.25s); motion REPLAYED (value-age 35.25s > heartbeat toleran,8,True,caught_delay,False,False,3,3,0.75,defer_report_set,arm_away,True,True,door=on;lock=locked;occupancy=off;schedule=away,True,6fce9b9cbaebe4dc,True,False,
